category_ID,product_ID,status,creation_date,last_update
1,1,0,2023-05-16 01:18:52,2025-11-18 08:28:15
4,1,0,2023-05-16 01:18:52,2025-11-18 08:28:15
26,2,1,2025-05-21 20:43:57,2025-10-23 07:20:05
19,2,1,2025-05-21 20:43:57,2025-10-23 07:20:05
21,2,1,2025-05-21 20:43:57,2025-10-23 07:20:05
35,3,1,2025-12-20 12:31:23,2026-06-02 15:34:29
28,3,1,2025-12-20 12:31:23,2026-06-02 15:34:29
1,4,1,2024-07-11 15:43:16,2025-12-27 23:19:11
3,4,1,2024-07-11 15:43:16,2025-12-27 23:19:11
7,4,1,2024-07-11 15:43:16,2025-12-27 23:19:11
15,4,1,2024-07-11 15:43:16,2025-12-27 23:19:11
0,5,1,2023-05-03 09:53:03,2025-09-06 23:27:02
96,6,1,2023-03-13 04:27:24,2026-01-03 10:08:24
1,6,1,2023-03-13 04:27:24,2026-01-03 10:08:24
2,6,1,2023-03-13 04:27:24,2026-01-03 10:08:24
97,6,1,2023-03-13 04:27:24,2026-01-03 10:08:24
14,6,1,2023-03-13 04:27:24,2026-01-03 10:08:24
0,7,1,2024-12-05 08:21:40,2026-04-13 02:22:40
0,8,1,2025-08-04 06:02:59,2025-12-15 04:18:19
99,8,1,2025-08-04 06:02:59,2025-12-15 04:18:19
96,8,1,2025-08-04 06:02:59,2025-12-15 04:18:19
35,9,0,2023-12-08 03:50:49,2025-04-24 21:59:00
28,9,0,2023-12-08 03:50:49,2025-04-24 21:59:00
0,10,1,2025-05-31 02:00:17,2026-01-30 12:01:32
28,11,1,2026-03-03 07:12:08,2026-06-13 08:07:53
31,11,1,2026-03-03 07:12:08,2026-06-13 08:07:53
32,12,0,2025-02-05 15:36:14,2025-04-17 06:16:41
97,12,0,2025-02-05 15:36:14,2025-04-17 06:16:41
28,12,0,2025-02-05 15:36:14,2025-04-17 06:16:41
96,12,0,2025-02-05 15:36:14,2025-04-17 06:16:41
0,13,0,2023-04-09 16:29:04,2024-11-27 09:38:58
19,14,1,2025-11-22 18:48:13,2026-08-29 16:25:04
27,14,1,2025-11-22 18:48:13,2026-08-29 16:25:04
22,14,1,2025-11-22 18:48:13,2026-08-29 16:25:04
1,15,1,2024-03-31 22:28:40,2026-02-05 07:42:04
4,15,1,2024-03-31 22:28:40,2026-02-05 07:42:04
0,16,1,2025-02-27 15:44:40,2025-05-21 07:23:09
99,16,1,2025-02-27 15:44:40,2025-05-21 07:23:09
96,16,1,2025-02-27 15:44:40,2025-05-21 07:23:09
1,17,1,2025-04-17 21:30:27,2026-06-03 20:00:59
2,17,1,2025-04-17 21:30:27,2026-06-03 20:00:59
14,17,1,2025-04-17 21:30:27,2026-06-03 20:00:59
96,18,1,2024-01-07 23:25:45,2024-04-06 23:02:09
1,18,1,2024-01-07 23:25:45,2024-04-06 23:02:09
2,18,1,2024-01-07 23:25:45,2024-04-06 23:02:09
97,18,1,2024-01-07 23:25:45,2024-04-06 23:02:09
13,18,1,2024-01-07 23:25:45,2024-04-06 23:02:09
24,19,1,2026-03-27 13:18:14,2026-07-08 23:53:40
19,19,1,2026-03-27 13:18:14,2026-07-08 23:53:40
20,19,1,2026-03-27 13:18:14,2026-07-08 23:53:40
33,20,0,2024-10-19 07:43:32,2025-04-01 19:55:48
28,20,0,2024-10-19 07:43:32,2025-04-01 19:55:48
35,21,1,2024-11-11 13:33:17,2025-12-18 13:52:03
28,21,1,2024-11-11 13:33:17,2025-12-18 13:52:03
0,22,0,2023-12-24 11:17:56,2026-06-25 13:56:11
0,23,1,2026-08-28 09:31:50,2026-09-05 10:01:08
96,24,0,2025-06-14 02:43:38,2026-06-16 05:57:13
97,24,0,2025-06-14 02:43:38,2026-06-16 05:57:13
19,24,0,2025-06-14 02:43:38,2026-06-16 05:57:13
20,24,0,2025-06-14 02:43:38,2026-06-16 05:57:13
24,24,0,2025-06-14 02:43:38,2026-06-16 05:57:13
0,25,1,2024-07-04 09:10:14,2026-04-23 09:19:34
26,26,1,2026-05-28 16:15:07,2026-06-18 21:28:57
19,26,1,2026-05-28 16:15:07,2026-06-18 21:28:57
21,26,1,2026-05-28 16:15:07,2026-06-18 21:28:57
0,27,1,2024-12-19 16:01:28,2025-07-01 16:45:14
24,28,1,2023-05-25 21:05:17,2026-08-08 12:02:46
19,28,1,2023-05-25 21:05:17,2026-08-08 12:02:46
20,28,1,2023-05-25 21:05:17,2026-08-08 12:02:46
0,29,1,2023-09-13 18:07:00,2025-04-24 11:15:31
96,30,0,2025-10-25 04:21:03,2026-07-31 04:24:04
1,30,0,2025-10-25 04:21:03,2026-07-31 04:24:04
2,30,0,2025-10-25 04:21:03,2026-07-31 04:24:04
97,30,0,2025-10-25 04:21:03,2026-07-31 04:24:04
13,30,0,2025-10-25 04:21:03,2026-07-31 04:24:04
0,31,0,2023-04-05 16:39:46,2026-06-10 15:12:46
96,32,0,2023-09-02 13:31:03,2023-11-29 22:08:30
1,32,0,2023-09-02 13:31:03,2023-11-29 22:08:30
99,32,0,2023-09-02 13:31:03,2023-11-29 22:08:30
3,32,0,2023-09-02 13:31:03,2023-11-29 22:08:30
7,32,0,2023-09-02 13:31:03,2023-11-29 22:08:30
15,32,0,2023-09-02 13:31:03,2023-11-29 22:08:30
28,33,1,2023-07-06 05:41:48,2025-12-07 04:44:07
29,33,1,2023-07-06 05:41:48,2025-12-07 04:44:07
0,34,0,2025-03-23 02:45:08,2025-11-23 20:18:48
0,35,1,2024-12-11 06:34:03,2025-08-13 20:32:15
96,36,0,2024-02-16 23:23:17,2024-09-09 17:43:36
97,36,0,2024-02-16 23:23:17,2024-09-09 17:43:36
19,36,0,2024-02-16 23:23:17,2024-09-09 17:43:36
20,36,0,2024-02-16 23:23:17,2024-09-09 17:43:36
24,36,0,2024-02-16 23:23:17,2024-09-09 17:43:36
24,37,0,2025-12-28 21:52:10,2026-04-25 09:32:00
19,37,0,2025-12-28 21:52:10,2026-04-25 09:32:00
20,37,0,2025-12-28 21:52:10,2026-04-25 09:32:00
0,38,1,2024-02-15 20:00:15,2024-08-13 03:29:48
1,39,1,2023-11-13 06:39:28,2026-07-25 12:45:45
4,39,1,2023-11-13 06:39:28,2026-07-25 12:45:45
0,40,1,2023-03-10 11:40:25,2023-03-15 23:51:59
99,40,1,2023-03-10 11:40:25,2023-03-15 23:51:59
96,40,1,2023-03-10 11:40:25,2023-03-15 23:51:59
1,41,0,2026-01-01 05:11:21,2026-06-16 07:31:12
3,41,0,2026-01-01 05:11:21,2026-06-16 07:31:12
7,41,0,2026-01-01 05:11:21,2026-06-16 07:31:12
15,41,0,2026-01-01 05:11:21,2026-06-16 07:31:12
96,42,1,2025-06-23 21:31:50,2026-08-27 01:20:41
97,42,1,2025-06-23 21:31:50,2026-08-27 01:20:41
35,42,1,2025-06-23 21:31:50,2026-08-27 01:20:41
28,42,1,2025-06-23 21:31:50,2026-08-27 01:20:41
33,43,1,2024-07-09 20:05:42,2025-06-01 04:18:57
28,43,1,2024-07-09 20:05:42,2025-06-01 04:18:57
0,44,1,2024-01-03 18:12:26,2024-09-12 04:42:43
24,45,1,2026-05-31 05:29:37,2026-07-18 10:02:12
19,45,1,2026-05-31 05:29:37,2026-07-18 10:02:12
20,45,1,2026-05-31 05:29:37,2026-07-18 10:02:12
0,46,1,2026-06-22 12:33:18,2026-08-06 05:08:21
0,47,1,2024-03-08 19:04:29,2024-06-24 15:16:04
0,48,1,2023-10-05 09:29:26,2026-03-25 07:26:40
97,48,1,2023-10-05 09:29:26,2026-03-25 07:26:40
96,48,1,2023-10-05 09:29:26,2026-03-25 07:26:40
0,49,1,2024-11-08 21:56:35,2026-02-22 18:29:42
28,50,1,2023-01-03 15:03:19,2025-03-21 07:05:26
29,50,1,2023-01-03 15:03:19,2025-03-21 07:05:26
35,51,1,2025-08-26 00:55:03,2025-12-25 22:49:24
28,51,1,2025-08-26 00:55:03,2025-12-25 22:49:24
1,52,1,2025-12-19 01:48:49,2026-04-12 21:31:11
4,52,1,2025-12-19 01:48:49,2026-04-12 21:31:11
35,53,1,2025-08-14 04:03:33,2026-04-04 22:10:17
28,53,1,2025-08-14 04:03:33,2026-04-04 22:10:17
96,54,0,2025-07-31 09:58:57,2026-04-07 17:08:36
97,54,0,2025-07-31 09:58:57,2026-04-07 17:08:36
19,54,0,2025-07-31 09:58:57,2026-04-07 17:08:36
22,54,0,2025-07-31 09:58:57,2026-04-07 17:08:36
27,54,0,2025-07-31 09:58:57,2026-04-07 17:08:36
0,55,1,2025-10-20 11:44:10,2025-11-22 10:05:16
96,56,1,2025-11-11 03:38:26,2026-03-11 16:57:34
1,56,1,2025-11-11 03:38:26,2026-03-11 16:57:34
2,56,1,2025-11-11 03:38:26,2026-03-11 16:57:34
99,56,1,2025-11-11 03:38:26,2026-03-11 16:57:34
14,56,1,2025-11-11 03:38:26,2026-03-11 16:57:34
0,57,0,2026-08-13 00:31:02,2026-08-16 13:22:05
0,58,1,2025-10-16 03:36:55,2026-07-10 04:43:14
1,59,0,2024-12-22 15:40:30,2025-01-30 15:48:48
2,59,0,2024-12-22 15:40:30,2025-01-30 15:48:48
13,59,0,2024-12-22 15:40:30,2025-01-30 15:48:48
96,60,0,2025-05-18 06:14:42,2026-08-23 18:16:50
97,60,0,2025-05-18 06:14:42,2026-08-23 18:16:50
35,60,0,2025-05-18 06:14:42,2026-08-23 18:16:50
28,60,0,2025-05-18 06:14:42,2026-08-23 18:16:50
1,61,1,2023-09-05 05:50:12,2025-09-11 14:58:56
3,61,1,2023-09-05 05:50:12,2025-09-11 14:58:56
7,61,1,2023-09-05 05:50:12,2025-09-11 14:58:56
15,61,1,2023-09-05 05:50:12,2025-09-11 14:58:56
0,62,1,2025-08-31 14:52:31,2025-12-02 12:48:30
0,63,1,2025-04-19 02:20:04,2025-06-20 16:24:39
96,64,1,2024-09-25 04:24:21,2025-06-09 04:28:55
33,64,1,2024-09-25 04:24:21,2025-06-09 04:28:55
99,64,1,2024-09-25 04:24:21,2025-06-09 04:28:55
28,64,1,2024-09-25 04:24:21,2025-06-09 04:28:55
35,65,0,2025-12-16 10:58:35,2025-12-24 01:01:38
28,65,0,2025-12-16 10:58:35,2025-12-24 01:01:38
32,66,1,2025-04-16 02:19:01,2026-06-14 06:57:39
97,66,1,2025-04-16 02:19:01,2026-06-14 06:57:39
28,66,1,2025-04-16 02:19:01,2026-06-14 06:57:39
96,66,1,2025-04-16 02:19:01,2026-06-14 06:57:39
24,67,1,2024-08-27 01:38:50,2025-05-15 03:33:21
19,67,1,2024-08-27 01:38:50,2025-05-15 03:33:21
20,67,1,2024-08-27 01:38:50,2025-05-15 03:33:21
19,68,0,2023-02-11 21:22:55,2024-10-15 23:31:18
27,68,0,2023-02-11 21:22:55,2024-10-15 23:31:18
22,68,0,2023-02-11 21:22:55,2024-10-15 23:31:18
32,69,1,2023-03-20 02:44:49,2024-04-27 06:04:38
28,69,1,2023-03-20 02:44:49,2024-04-27 06:04:38
19,70,1,2024-03-08 06:09:30,2025-12-23 03:14:03
27,70,1,2024-03-08 06:09:30,2025-12-23 03:14:03
22,70,1,2024-03-08 06:09:30,2025-12-23 03:14:03
0,71,1,2023-12-15 07:36:29,2024-03-30 21:53:10
0,72,1,2024-01-06 13:36:00,2024-07-20 15:27:32
97,72,1,2024-01-06 13:36:00,2024-07-20 15:27:32
96,72,1,2024-01-06 13:36:00,2024-07-20 15:27:32
0,73,1,2023-09-18 15:37:57,2026-04-16 20:56:57
0,74,0,2023-02-09 21:21:39,2024-06-08 11:58:11
32,75,1,2023-06-08 07:09:21,2026-05-26 08:23:41
28,75,1,2023-06-08 07:09:21,2026-05-26 08:23:41
1,76,1,2024-06-23 08:41:40,2026-04-19 19:47:03
2,76,1,2024-06-23 08:41:40,2026-04-19 19:47:03
14,76,1,2024-06-23 08:41:40,2026-04-19 19:47:03
0,77,1,2023-06-13 22:46:27,2025-04-17 09:41:52
0,78,0,2025-10-07 10:48:36,2026-01-20 08:09:37
97,78,0,2025-10-07 10:48:36,2026-01-20 08:09:37
96,78,0,2025-10-07 10:48:36,2026-01-20 08:09:37
0,79,0,2024-02-21 22:30:39,2025-07-06 14:53:47
0,80,0,2025-08-06 02:48:54,2026-05-27 11:41:15
99,80,0,2025-08-06 02:48:54,2026-05-27 11:41:15
96,80,0,2025-08-06 02:48:54,2026-05-27 11:41:15
1,81,1,2026-05-24 09:20:46,2026-07-13 13:21:20
3,81,1,2026-05-24 09:20:46,2026-07-13 13:21:20
7,81,1,2026-05-24 09:20:46,2026-07-13 13:21:20
15,81,1,2026-05-24 09:20:46,2026-07-13 13:21:20
1,82,1,2023-05-13 23:52:57,2024-05-22 22:17:17
3,82,1,2023-05-13 23:52:57,2024-05-22 22:17:17
7,82,1,2023-05-13 23:52:57,2024-05-22 22:17:17
15,82,1,2023-05-13 23:52:57,2024-05-22 22:17:17
26,83,1,2024-11-27 05:09:29,2026-08-05 02:29:53
19,83,1,2024-11-27 05:09:29,2026-08-05 02:29:53
21,83,1,2024-11-27 05:09:29,2026-08-05 02:29:53
96,84,0,2024-07-27 06:04:46,2026-08-01 10:30:33
1,84,0,2024-07-27 06:04:46,2026-08-01 10:30:33
2,84,0,2024-07-27 06:04:46,2026-08-01 10:30:33
97,84,0,2024-07-27 06:04:46,2026-08-01 10:30:33
13,84,0,2024-07-27 06:04:46,2026-08-01 10:30:33
35,85,1,2024-04-21 07:44:01,2025-05-16 20:44:31
28,85,1,2024-04-21 07:44:01,2025-05-16 20:44:31
0,86,1,2023-10-25 13:09:54,2024-09-25 16:34:08
0,87,1,2024-04-05 04:52:07,2025-03-24 14:03:20
0,88,1,2025-05-09 14:43:03,2025-12-22 12:32:21
99,88,1,2025-05-09 14:43:03,2025-12-22 12:32:21
96,88,1,2025-05-09 14:43:03,2025-12-22 12:32:21
33,89,1,2024-11-15 05:52:01,2025-08-06 21:05:09
28,89,1,2024-11-15 05:52:01,2025-08-06 21:05:09
0,90,1,2025-02-02 21:38:26,2025-04-01 10:37:56
97,90,1,2025-02-02 21:38:26,2025-04-01 10:37:56
96,90,1,2025-02-02 21:38:26,2025-04-01 10:37:56
32,91,1,2023-05-13 07:46:27,2024-06-01 21:00:13
28,91,1,2023-05-13 07:46:27,2024-06-01 21:00:13
1,92,1,2024-11-18 17:50:07,2025-07-07 16:53:57
4,92,1,2024-11-18 17:50:07,2025-07-07 16:53:57
32,93,1,2026-03-30 20:54:01,2026-05-10 05:15:43
28,93,1,2026-03-30 20:54:01,2026-05-10 05:15:43
28,94,1,2023-01-05 03:45:29,2024-09-30 18:23:49
31,94,1,2023-01-05 03:45:29,2024-09-30 18:23:49
0,95,1,2025-12-28 01:16:32,2026-06-22 09:09:15
96,96,1,2025-10-03 01:34:21,2025-11-29 22:15:15
97,96,1,2025-10-03 01:34:21,2025-11-29 22:15:15
19,96,1,2025-10-03 01:34:21,2025-11-29 22:15:15
20,96,1,2025-10-03 01:34:21,2025-11-29 22:15:15
24,96,1,2025-10-03 01:34:21,2025-11-29 22:15:15
0,97,0,2026-03-09 11:10:03,2026-08-16 12:24:20
24,98,1,2024-02-27 22:04:25,2026-04-15 09:01:43
19,98,1,2024-02-27 22:04:25,2026-04-15 09:01:43
20,98,1,2024-02-27 22:04:25,2026-04-15 09:01:43
35,99,1,2025-07-26 20:04:33,2026-02-06 07:16:18
28,99,1,2025-07-26 20:04:33,2026-02-06 07:16:18
1,100,1,2025-06-14 04:02:41,2025-07-15 10:01:02
2,100,1,2025-06-14 04:02:41,2025-07-15 10:01:02
13,100,1,2025-06-14 04:02:41,2025-07-15 10:01:02
0,101,0,2024-11-08 02:58:12,2026-03-16 04:12:53
0,102,1,2026-08-25 10:36:27,2026-08-29 08:17:41
97,102,1,2026-08-25 10:36:27,2026-08-29 08:17:41
96,102,1,2026-08-25 10:36:27,2026-08-29 08:17:41
1,103,1,2024-12-07 13:08:20,2025-02-13 22:41:32
3,103,1,2024-12-07 13:08:20,2025-02-13 22:41:32
7,103,1,2024-12-07 13:08:20,2025-02-13 22:41:32
15,103,1,2024-12-07 13:08:20,2025-02-13 22:41:32
96,104,1,2025-10-18 15:21:22,2026-05-17 08:41:41
1,104,1,2025-10-18 15:21:22,2026-05-17 08:41:41
99,104,1,2025-10-18 15:21:22,2026-05-17 08:41:41
3,104,1,2025-10-18 15:21:22,2026-05-17 08:41:41
7,104,1,2025-10-18 15:21:22,2026-05-17 08:41:41
15,104,1,2025-10-18 15:21:22,2026-05-17 08:41:41
0,105,1,2026-03-26 14:30:03,2026-04-05 15:01:44
28,106,1,2023-07-08 15:05:33,2023-08-22 11:25:23
31,106,1,2023-07-08 15:05:33,2023-08-22 11:25:23
0,107,0,2024-09-25 18:59:43,2024-12-07 04:32:26
0,108,1,2026-01-18 04:54:30,2026-05-11 13:15:18
97,108,1,2026-01-18 04:54:30,2026-05-11 13:15:18
96,108,1,2026-01-18 04:54:30,2026-05-11 13:15:18
28,109,1,2025-05-06 08:39:06,2025-08-26 16:58:24
29,109,1,2025-05-06 08:39:06,2025-08-26 16:58:24
19,110,1,2024-06-11 23:28:02,2026-08-09 17:17:59
27,110,1,2024-06-11 23:28:02,2026-08-09 17:17:59
22,110,1,2024-06-11 23:28:02,2026-08-09 17:17:59
0,111,1,2026-09-06 03:15:11,2026-09-07 22:32:04
0,112,1,2024-12-08 08:28:39,2025-08-15 06:50:31
99,112,1,2024-12-08 08:28:39,2025-08-15 06:50:31
96,112,1,2024-12-08 08:28:39,2025-08-15 06:50:31
28,113,1,2023-03-09 19:17:21,2024-07-16 01:45:44
31,113,1,2023-03-09 19:17:21,2024-07-16 01:45:44
0,114,1,2025-02-19 06:46:16,2026-05-23 16:31:54
97,114,1,2025-02-19 06:46:16,2026-05-23 16:31:54
96,114,1,2025-02-19 06:46:16,2026-05-23 16:31:54
1,115,1,2023-01-24 20:11:59,2026-02-20 02:51:28
3,115,1,2023-01-24 20:11:59,2026-02-20 02:51:28
7,115,1,2023-01-24 20:11:59,2026-02-20 02:51:28
15,115,1,2023-01-24 20:11:59,2026-02-20 02:51:28
33,116,1,2025-08-26 04:47:40,2026-05-22 05:16:09
28,116,1,2025-08-26 04:47:40,2026-05-22 05:16:09
19,117,0,2024-08-13 07:46:37,2026-08-24 10:13:41
27,117,0,2024-08-13 07:46:37,2026-08-24 10:13:41
22,117,0,2024-08-13 07:46:37,2026-08-24 10:13:41
1,118,1,2023-12-20 09:18:11,2024-05-08 18:53:19
3,118,1,2023-12-20 09:18:11,2024-05-08 18:53:19
7,118,1,2023-12-20 09:18:11,2024-05-08 18:53:19
15,118,1,2023-12-20 09:18:11,2024-05-08 18:53:19
26,119,1,2023-03-13 10:40:03,2024-07-29 08:13:53
19,119,1,2023-03-13 10:40:03,2024-07-29 08:13:53
21,119,1,2023-03-13 10:40:03,2024-07-29 08:13:53
0,120,1,2025-05-29 03:19:38,2025-10-15 23:49:51
97,120,1,2025-05-29 03:19:38,2025-10-15 23:49:51
96,120,1,2025-05-29 03:19:38,2025-10-15 23:49:51
0,121,1,2025-06-24 21:40:25,2025-10-14 01:34:52
0,122,1,2024-03-22 19:41:08,2026-07-19 22:20:28
0,123,1,2024-12-10 16:04:24,2025-08-02 08:01:46
28,124,0,2024-04-04 14:55:19,2025-07-07 05:55:20
31,124,0,2024-04-04 14:55:19,2025-07-07 05:55:20
1,125,1,2025-07-31 00:28:21,2026-08-20 20:08:24
2,125,1,2025-07-31 00:28:21,2026-08-20 20:08:24
13,125,1,2025-07-31 00:28:21,2026-08-20 20:08:24
96,126,0,2024-01-25 08:02:39,2024-08-24 19:32:37
1,126,0,2024-01-25 08:02:39,2024-08-24 19:32:37
2,126,0,2024-01-25 08:02:39,2024-08-24 19:32:37
97,126,0,2024-01-25 08:02:39,2024-08-24 19:32:37
14,126,0,2024-01-25 08:02:39,2024-08-24 19:32:37
1,127,1,2023-05-21 00:24:56,2024-08-21 10:55:50
4,127,1,2023-05-21 00:24:56,2024-08-21 10:55:50
96,128,1,2025-04-04 15:36:39,2026-04-29 09:44:35
1,128,1,2025-04-04 15:36:39,2026-04-29 09:44:35
99,128,1,2025-04-04 15:36:39,2026-04-29 09:44:35
3,128,1,2025-04-04 15:36:39,2026-04-29 09:44:35
7,128,1,2025-04-04 15:36:39,2026-04-29 09:44:35
15,128,1,2025-04-04 15:36:39,2026-04-29 09:44:35
0,129,1,2026-06-03 07:57:44,2026-06-25 16:41:31
0,130,1,2026-08-06 19:38:22,2026-09-14 21:03:07
35,131,1,2024-12-07 11:39:07,2025-09-19 18:35:11
28,131,1,2024-12-07 11:39:07,2025-09-19 18:35:11
0,132,1,2023-02-08 20:59:11,2025-09-28 07:22:03
97,132,1,2023-02-08 20:59:11,2025-09-28 07:22:03
96,132,1,2023-02-08 20:59:11,2025-09-28 07:22:03
35,133,1,2025-10-05 13:24:03,2026-03-13 02:59:38
28,133,1,2025-10-05 13:24:03,2026-03-13 02:59:38
1,134,1,2023-12-31 17:58:46,2026-04-14 19:10:10
4,134,1,2023-12-31 17:58:46,2026-04-14 19:10:10
33,135,1,2024-10-06 12:00:58,2026-02-27 04:38:42
28,135,1,2024-10-06 12:00:58,2026-02-27 04:38:42
96,136,1,2025-12-08 07:31:42,2026-05-01 05:07:04
1,136,1,2025-12-08 07:31:42,2026-05-01 05:07:04
99,136,1,2025-12-08 07:31:42,2026-05-01 05:07:04
4,136,1,2025-12-08 07:31:42,2026-05-01 05:07:04
28,137,1,2025-04-25 19:09:30,2026-09-08 15:36:04
31,137,1,2025-04-25 19:09:30,2026-09-08 15:36:04
0,138,1,2023-05-23 09:49:58,2026-03-17 23:38:32
97,138,1,2023-05-23 09:49:58,2026-03-17 23:38:32
96,138,1,2023-05-23 09:49:58,2026-03-17 23:38:32
28,139,1,2026-05-07 12:40:12,2026-08-25 03:47:38
31,139,1,2026-05-07 12:40:12,2026-08-25 03:47:38
28,140,1,2026-04-17 22:33:11,2026-05-16 14:12:19
31,140,1,2026-04-17 22:33:11,2026-05-16 14:12:19
0,141,1,2026-05-25 10:45:11,2026-06-28 07:58:06
1,142,1,2025-07-03 18:01:41,2026-03-12 05:33:56
4,142,1,2025-07-03 18:01:41,2026-03-12 05:33:56
1,143,1,2026-03-04 08:24:59,2026-03-29 00:49:12
2,143,1,2026-03-04 08:24:59,2026-03-29 00:49:12
13,143,1,2026-03-04 08:24:59,2026-03-29 00:49:12
0,144,0,2023-03-09 08:45:56,2026-04-12 02:20:58
97,144,0,2023-03-09 08:45:56,2026-04-12 02:20:58
96,144,0,2023-03-09 08:45:56,2026-04-12 02:20:58
28,145,1,2024-10-24 04:37:56,2026-04-10 02:24:59
29,145,1,2024-10-24 04:37:56,2026-04-10 02:24:59
1,146,1,2023-07-16 00:45:48,2024-09-15 06:06:10
4,146,1,2023-07-16 00:45:48,2024-09-15 06:06:10
0,147,0,2024-04-03 02:35:05,2026-03-08 22:19:17
28,148,0,2026-01-24 18:51:35,2026-04-18 07:01:11
29,148,0,2026-01-24 18:51:35,2026-04-18 07:01:11
26,149,1,2026-02-07 09:55:33,2026-03-16 08:11:24
19,149,1,2026-02-07 09:55:33,2026-03-16 08:11:24
21,149,1,2026-02-07 09:55:33,2026-03-16 08:11:24
96,150,1,2023-04-15 06:54:40,2023-09-04 00:01:03
1,150,1,2023-04-15 06:54:40,2023-09-04 00:01:03
97,150,1,2023-04-15 06:54:40,2023-09-04 00:01:03
3,150,1,2023-04-15 06:54:40,2023-09-04 00:01:03
7,150,1,2023-04-15 06:54:40,2023-09-04 00:01:03
15,150,1,2023-04-15 06:54:40,2023-09-04 00:01:03
24,151,1,2025-06-30 01:00:10,2026-09-09 05:43:56
19,151,1,2025-06-30 01:00:10,2026-09-09 05:43:56
20,151,1,2025-06-30 01:00:10,2026-09-09 05:43:56
99,152,1,2026-09-10 12:49:15,2026-09-11 03:48:20
35,152,1,2026-09-10 12:49:15,2026-09-11 03:48:20
28,152,1,2026-09-10 12:49:15,2026-09-11 03:48:20
96,152,1,2026-09-10 12:49:15,2026-09-11 03:48:20
1,153,1,2025-10-17 04:54:14,2026-04-22 11:14:05
2,153,1,2025-10-17 04:54:14,2026-04-22 11:14:05
14,153,1,2025-10-17 04:54:14,2026-04-22 11:14:05
0,154,0,2023-12-18 07:49:19,2025-10-14 22:17:31
35,155,1,2023-02-14 23:27:10,2023-11-22 05:51:05
28,155,1,2023-02-14 23:27:10,2023-11-22 05:51:05
0,156,1,2025-05-29 17:58:50,2026-04-06 01:08:32
97,156,1,2025-05-29 17:58:50,2026-04-06 01:08:32
96,156,1,2025-05-29 17:58:50,2026-04-06 01:08:32
24,157,1,2023-09-02 12:38:35,2025-03-30 09:13:20
19,157,1,2023-09-02 12:38:35,2025-03-30 09:13:20
20,157,1,2023-09-02 12:38:35,2025-03-30 09:13:20
1,158,1,2026-03-17 23:24:29,2026-07-15 22:44:33
2,158,1,2026-03-17 23:24:29,2026-07-15 22:44:33
14,158,1,2026-03-17 23:24:29,2026-07-15 22:44:33
0,159,0,2024-11-17 16:36:06,2025-10-05 09:32:46
0,160,0,2025-01-25 22:59:02,2026-03-11 05:44:51
99,160,0,2025-01-25 22:59:02,2026-03-11 05:44:51
96,160,0,2025-01-25 22:59:02,2026-03-11 05:44:51
1,161,1,2026-04-07 00:51:50,2026-05-03 16:25:27
2,161,1,2026-04-07 00:51:50,2026-05-03 16:25:27
14,161,1,2026-04-07 00:51:50,2026-05-03 16:25:27
0,162,1,2023-07-20 16:23:31,2025-03-02 07:33:10
97,162,1,2023-07-20 16:23:31,2025-03-02 07:33:10
96,162,1,2023-07-20 16:23:31,2025-03-02 07:33:10
35,163,1,2024-11-08 15:26:43,2024-11-23 04:48:46
28,163,1,2024-11-08 15:26:43,2024-11-23 04:48:46
24,164,1,2026-01-07 04:02:18,2026-09-12 18:35:28
19,164,1,2026-01-07 04:02:18,2026-09-12 18:35:28
20,164,1,2026-01-07 04:02:18,2026-09-12 18:35:28
26,165,0,2024-12-15 17:39:20,2026-06-04 08:55:06
19,165,0,2024-12-15 17:39:20,2026-06-04 08:55:06
21,165,0,2024-12-15 17:39:20,2026-06-04 08:55:06
0,166,1,2025-03-24 22:44:22,2025-05-25 00:49:38
19,167,1,2023-04-29 15:37:46,2025-06-30 15:49:32
27,167,1,2023-04-29 15:37:46,2025-06-30 15:49:32
22,167,1,2023-04-29 15:37:46,2025-06-30 15:49:32
96,168,1,2024-01-03 00:44:28,2024-06-10 17:34:18
1,168,1,2024-01-03 00:44:28,2024-06-10 17:34:18
4,168,1,2024-01-03 00:44:28,2024-06-10 17:34:18
97,168,1,2024-01-03 00:44:28,2024-06-10 17:34:18
33,169,1,2023-10-03 04:29:10,2026-06-04 16:06:47
28,169,1,2023-10-03 04:29:10,2026-06-04 16:06:47
0,170,0,2025-09-25 20:28:22,2026-05-30 13:52:56
0,171,1,2026-05-22 01:19:20,2026-07-14 09:23:39
32,172,1,2023-03-30 09:00:53,2024-10-23 04:32:55
28,172,1,2023-03-30 09:00:53,2024-10-23 04:32:55
1,173,1,2024-11-29 15:17:15,2026-08-20 15:21:01
2,173,1,2024-11-29 15:17:15,2026-08-20 15:21:01
14,173,1,2024-11-29 15:17:15,2026-08-20 15:21:01
32,174,1,2024-11-30 20:43:08,2025-02-19 06:08:01
97,174,1,2024-11-30 20:43:08,2025-02-19 06:08:01
28,174,1,2024-11-30 20:43:08,2025-02-19 06:08:01
96,174,1,2024-11-30 20:43:08,2025-02-19 06:08:01
1,175,1,2024-11-13 14:49:54,2025-12-25 16:10:39
3,175,1,2024-11-13 14:49:54,2025-12-25 16:10:39
7,175,1,2024-11-13 14:49:54,2025-12-25 16:10:39
15,175,1,2024-11-13 14:49:54,2025-12-25 16:10:39
96,176,1,2026-04-18 02:08:24,2026-06-22 19:02:42
99,176,1,2026-04-18 02:08:24,2026-06-22 19:02:42
28,176,1,2026-04-18 02:08:24,2026-06-22 19:02:42
29,176,1,2026-04-18 02:08:24,2026-06-22 19:02:42
0,177,1,2024-03-17 09:46:01,2025-04-12 20:51:02
0,178,1,2024-04-26 22:16:38,2025-12-26 19:31:48
33,179,1,2025-11-06 23:45:00,2026-08-06 22:36:30
28,179,1,2025-11-06 23:45:00,2026-08-06 22:36:30
96,180,1,2023-11-29 17:40:52,2025-05-13 14:23:10
97,180,1,2023-11-29 17:40:52,2025-05-13 14:23:10
28,180,1,2023-11-29 17:40:52,2025-05-13 14:23:10
29,180,1,2023-11-29 17:40:52,2025-05-13 14:23:10
0,181,1,2025-02-27 16:02:39,2026-04-22 22:06:01
28,182,1,2023-10-08 22:25:34,2026-06-05 10:26:21
29,182,1,2023-10-08 22:25:34,2026-06-05 10:26:21
0,183,1,2024-11-21 00:55:41,2026-03-10 07:15:06
96,184,1,2026-07-21 07:17:02,2026-08-09 03:22:27
1,184,1,2026-07-21 07:17:02,2026-08-09 03:22:27
2,184,1,2026-07-21 07:17:02,2026-08-09 03:22:27
99,184,1,2026-07-21 07:17:02,2026-08-09 03:22:27
14,184,1,2026-07-21 07:17:02,2026-08-09 03:22:27
0,185,1,2025-02-20 05:43:13,2026-04-05 22:17:00
96,186,1,2024-07-30 15:47:25,2025-01-06 00:36:45
97,186,1,2024-07-30 15:47:25,2025-01-06 00:36:45
19,186,1,2024-07-30 15:47:25,2025-01-06 00:36:45
21,186,1,2024-07-30 15:47:25,2025-01-06 00:36:45
26,186,1,2024-07-30 15:47:25,2025-01-06 00:36:45
28,187,1,2025-03-08 11:10:38,2025-06-30 21:57:18
29,187,1,2025-03-08 11:10:38,2025-06-30 21:57:18
26,188,1,2024-10-06 12:28:40,2024-11-16 21:15:29
19,188,1,2024-10-06 12:28:40,2024-11-16 21:15:29
21,188,1,2024-10-06 12:28:40,2024-11-16 21:15:29
19,189,1,2023-02-13 18:54:28,2024-06-22 20:20:27
27,189,1,2023-02-13 18:54:28,2024-06-22 20:20:27
22,189,1,2023-02-13 18:54:28,2024-06-22 20:20:27
1,190,1,2025-12-17 07:26:40,2026-02-09 05:05:09
4,190,1,2025-12-17 07:26:40,2026-02-09 05:05:09
0,191,1,2025-05-02 12:54:18,2026-08-18 11:15:09
96,192,1,2024-01-06 09:40:08,2025-10-19 13:53:58
97,192,1,2024-01-06 09:40:08,2025-10-19 13:53:58
28,192,1,2024-01-06 09:40:08,2025-10-19 13:53:58
29,192,1,2024-01-06 09:40:08,2025-10-19 13:53:58
0,193,0,2025-06-12 07:19:23,2025-12-17 05:22:36
33,194,1,2025-10-29 01:33:26,2026-07-15 13:46:17
28,194,1,2025-10-29 01:33:26,2026-07-15 13:46:17
24,195,1,2025-09-14 11:31:29,2026-02-11 17:31:11
19,195,1,2025-09-14 11:31:29,2026-02-11 17:31:11
20,195,1,2025-09-14 11:31:29,2026-02-11 17:31:11
0,196,1,2026-04-13 11:39:21,2026-08-04 11:31:18
1,197,1,2025-12-16 05:59:25,2026-06-20 02:13:26
3,197,1,2025-12-16 05:59:25,2026-06-20 02:13:26
7,197,1,2025-12-16 05:59:25,2026-06-20 02:13:26
15,197,1,2025-12-16 05:59:25,2026-06-20 02:13:26
0,198,1,2026-05-13 22:41:21,2026-06-21 16:17:09
97,198,1,2026-05-13 22:41:21,2026-06-21 16:17:09
96,198,1,2026-05-13 22:41:21,2026-06-21 16:17:09
0,199,1,2024-01-29 12:13:18,2024-03-26 09:32:34
96,200,1,2023-07-13 08:45:52,2025-02-04 01:30:49
99,200,1,2023-07-13 08:45:52,2025-02-04 01:30:49
28,200,1,2023-07-13 08:45:52,2025-02-04 01:30:49
31,200,1,2023-07-13 08:45:52,2025-02-04 01:30:49
26,201,1,2023-10-18 05:03:02,2025-11-27 00:50:51
19,201,1,2023-10-18 05:03:02,2025-11-27 00:50:51
21,201,1,2023-10-18 05:03:02,2025-11-27 00:50:51
0,202,1,2025-07-24 21:05:12,2025-12-12 01:02:21
35,203,1,2024-11-23 16:56:40,2026-03-06 18:37:32
28,203,1,2024-11-23 16:56:40,2026-03-06 18:37:32
96,204,1,2025-08-13 03:19:28,2026-07-16 23:12:11
97,204,1,2025-08-13 03:19:28,2026-07-16 23:12:11
19,204,1,2025-08-13 03:19:28,2026-07-16 23:12:11
21,204,1,2025-08-13 03:19:28,2026-07-16 23:12:11
26,204,1,2025-08-13 03:19:28,2026-07-16 23:12:11
0,205,1,2023-02-18 09:00:23,2023-09-28 04:12:38
0,206,1,2024-07-16 13:57:08,2026-03-03 07:47:55
32,207,1,2026-03-31 09:51:04,2026-04-15 08:09:47
28,207,1,2026-03-31 09:51:04,2026-04-15 08:09:47
32,208,1,2023-06-26 05:40:15,2023-08-05 11:47:24
99,208,1,2023-06-26 05:40:15,2023-08-05 11:47:24
28,208,1,2023-06-26 05:40:15,2023-08-05 11:47:24
96,208,1,2023-06-26 05:40:15,2023-08-05 11:47:24
0,209,1,2023-11-30 07:45:54,2026-07-07 20:11:59
96,210,1,2023-09-26 05:05:44,2025-08-17 16:02:36
1,210,1,2023-09-26 05:05:44,2025-08-17 16:02:36
2,210,1,2023-09-26 05:05:44,2025-08-17 16:02:36
97,210,1,2023-09-26 05:05:44,2025-08-17 16:02:36
14,210,1,2023-09-26 05:05:44,2025-08-17 16:02:36
24,211,0,2024-03-27 01:29:25,2025-07-06 00:41:08
19,211,0,2024-03-27 01:29:25,2025-07-06 00:41:08
20,211,0,2024-03-27 01:29:25,2025-07-06 00:41:08
0,212,1,2026-05-15 10:20:55,2026-06-11 09:33:42
0,213,1,2026-06-02 10:40:50,2026-06-27 15:27:29
24,214,1,2025-03-27 15:21:16,2026-02-09 17:07:49
19,214,1,2025-03-27 15:21:16,2026-02-09 17:07:49
20,214,1,2025-03-27 15:21:16,2026-02-09 17:07:49
26,215,1,2024-11-30 00:15:54,2025-11-26 20:01:30
19,215,1,2024-11-30 00:15:54,2025-11-26 20:01:30
21,215,1,2024-11-30 00:15:54,2025-11-26 20:01:30
96,216,1,2025-02-20 04:07:14,2025-04-04 05:05:27
97,216,1,2025-02-20 04:07:14,2025-04-04 05:05:27
28,216,1,2025-02-20 04:07:14,2025-04-04 05:05:27
29,216,1,2025-02-20 04:07:14,2025-04-04 05:05:27
1,217,1,2024-06-21 12:40:31,2026-09-05 14:35:13
4,217,1,2024-06-21 12:40:31,2026-09-05 14:35:13
1,218,1,2023-07-14 10:41:12,2026-03-11 09:12:33
2,218,1,2023-07-14 10:41:12,2026-03-11 09:12:33
14,218,1,2023-07-14 10:41:12,2026-03-11 09:12:33
1,219,1,2023-09-23 22:49:18,2026-07-13 06:09:47
2,219,1,2023-09-23 22:49:18,2026-07-13 06:09:47
14,219,1,2023-09-23 22:49:18,2026-07-13 06:09:47
0,220,1,2023-03-12 14:56:19,2025-12-03 02:04:01
32,221,1,2025-09-01 06:22:08,2026-04-01 03:31:10
28,221,1,2025-09-01 06:22:08,2026-04-01 03:31:10
96,222,1,2024-04-07 01:08:18,2026-03-12 14:29:21
1,222,1,2024-04-07 01:08:18,2026-03-12 14:29:21
2,222,1,2024-04-07 01:08:18,2026-03-12 14:29:21
97,222,1,2024-04-07 01:08:18,2026-03-12 14:29:21
14,222,1,2024-04-07 01:08:18,2026-03-12 14:29:21
24,223,1,2024-06-12 11:17:53,2025-01-21 15:39:18
19,223,1,2024-06-12 11:17:53,2025-01-21 15:39:18
20,223,1,2024-06-12 11:17:53,2025-01-21 15:39:18
96,224,1,2025-03-10 23:51:03,2026-05-21 05:47:18
1,224,1,2025-03-10 23:51:03,2026-05-21 05:47:18
99,224,1,2025-03-10 23:51:03,2026-05-21 05:47:18
3,224,1,2025-03-10 23:51:03,2026-05-21 05:47:18
7,224,1,2025-03-10 23:51:03,2026-05-21 05:47:18
15,224,1,2025-03-10 23:51:03,2026-05-21 05:47:18
1,225,1,2023-05-31 09:24:00,2023-08-18 00:06:07
4,225,1,2023-05-31 09:24:00,2023-08-18 00:06:07
1,226,1,2026-06-17 16:39:08,2026-07-19 11:37:58
2,226,1,2026-06-17 16:39:08,2026-07-19 11:37:58
14,226,1,2026-06-17 16:39:08,2026-07-19 11:37:58
32,227,1,2025-02-13 19:06:34,2025-10-11 10:43:15
28,227,1,2025-02-13 19:06:34,2025-10-11 10:43:15
0,228,0,2024-07-02 04:52:57,2024-09-15 18:59:21
97,228,0,2024-07-02 04:52:57,2024-09-15 18:59:21
96,228,0,2024-07-02 04:52:57,2024-09-15 18:59:21
0,229,1,2024-10-31 10:09:06,2025-02-12 10:52:47
0,230,1,2025-06-04 21:38:26,2026-08-15 06:39:57
28,231,0,2024-03-10 12:44:33,2024-09-11 02:20:18
31,231,0,2024-03-10 12:44:33,2024-09-11 02:20:18
96,232,1,2023-11-06 05:24:56,2026-05-30 02:51:44
33,232,1,2023-11-06 05:24:56,2026-05-30 02:51:44
99,232,1,2023-11-06 05:24:56,2026-05-30 02:51:44
28,232,1,2023-11-06 05:24:56,2026-05-30 02:51:44
28,233,1,2026-06-02 22:01:10,2026-09-02 21:49:37
29,233,1,2026-06-02 22:01:10,2026-09-02 21:49:37
96,234,1,2023-09-10 10:30:55,2025-05-12 20:55:26
97,234,1,2023-09-10 10:30:55,2025-05-12 20:55:26
28,234,1,2023-09-10 10:30:55,2025-05-12 20:55:26
29,234,1,2023-09-10 10:30:55,2025-05-12 20:55:26
0,235,0,2025-01-30 22:48:24,2026-08-04 10:40:27
32,236,1,2024-10-09 01:44:48,2026-01-05 10:44:35
28,236,1,2024-10-09 01:44:48,2026-01-05 10:44:35
1,237,0,2025-06-16 07:46:16,2025-12-10 01:29:03
2,237,0,2025-06-16 07:46:16,2025-12-10 01:29:03
14,237,0,2025-06-16 07:46:16,2025-12-10 01:29:03
0,238,1,2023-02-19 01:02:02,2025-07-27 12:00:02
1,239,1,2024-09-29 11:58:43,2025-10-24 06:34:19
4,239,1,2024-09-29 11:58:43,2025-10-24 06:34:19
96,240,1,2025-05-21 07:22:28,2026-01-28 18:44:12
97,240,1,2025-05-21 07:22:28,2026-01-28 18:44:12
19,240,1,2025-05-21 07:22:28,2026-01-28 18:44:12
20,240,1,2025-05-21 07:22:28,2026-01-28 18:44:12
24,240,1,2025-05-21 07:22:28,2026-01-28 18:44:12
0,241,1,2025-04-28 14:32:30,2026-01-28 18:55:47
0,242,1,2024-04-07 07:52:30,2025-06-30 06:43:48
28,243,1,2024-03-23 01:33:56,2024-09-28 09:21:41
31,243,1,2024-03-23 01:33:56,2024-09-28 09:21:41
32,244,1,2024-03-27 04:51:35,2024-05-31 13:12:43
28,244,1,2024-03-27 04:51:35,2024-05-31 13:12:43
1,245,1,2023-11-29 10:00:23,2024-10-08 07:38:51
2,245,1,2023-11-29 10:00:23,2024-10-08 07:38:51
14,245,1,2023-11-29 10:00:23,2024-10-08 07:38:51
96,246,0,2024-01-07 17:04:55,2025-01-18 08:34:22
97,246,0,2024-01-07 17:04:55,2025-01-18 08:34:22
35,246,0,2024-01-07 17:04:55,2025-01-18 08:34:22
28,246,0,2024-01-07 17:04:55,2025-01-18 08:34:22
0,247,1,2026-01-19 09:02:48,2026-07-21 20:10:12
96,248,1,2025-01-11 16:34:15,2026-05-31 23:29:27
1,248,1,2025-01-11 16:34:15,2026-05-31 23:29:27
99,248,1,2025-01-11 16:34:15,2026-05-31 23:29:27
4,248,1,2025-01-11 16:34:15,2026-05-31 23:29:27
28,249,1,2025-10-10 07:27:33,2026-05-21 06:46:11
31,249,1,2025-10-10 07:27:33,2026-05-21 06:46:11
0,250,1,2026-07-22 23:54:53,2026-08-30 12:58:44
0,251,0,2023-06-16 16:27:34,2024-11-18 03:44:05
96,252,0,2024-12-28 01:04:44,2025-07-27 23:07:50
1,252,0,2024-12-28 01:04:44,2025-07-27 23:07:50
2,252,0,2024-12-28 01:04:44,2025-07-27 23:07:50
97,252,0,2024-12-28 01:04:44,2025-07-27 23:07:50
14,252,0,2024-12-28 01:04:44,2025-07-27 23:07:50
28,253,1,2026-01-21 07:16:54,2026-04-03 14:46:58
31,253,1,2026-01-21 07:16:54,2026-04-03 14:46:58
1,254,1,2023-09-30 14:55:28,2026-05-06 16:57:32
2,254,1,2023-09-30 14:55:28,2026-05-06 16:57:32
13,254,1,2023-09-30 14:55:28,2026-05-06 16:57:32
19,255,1,2023-10-15 01:08:32,2024-05-20 11:31:58
27,255,1,2023-10-15 01:08:32,2024-05-20 11:31:58
22,255,1,2023-10-15 01:08:32,2024-05-20 11:31:58
0,256,1,2024-05-27 01:19:19,2025-09-08 02:40:43
99,256,1,2024-05-27 01:19:19,2025-09-08 02:40:43
96,256,1,2024-05-27 01:19:19,2025-09-08 02:40:43
32,257,1,2023-04-07 12:09:46,2026-02-07 21:02:01
28,257,1,2023-04-07 12:09:46,2026-02-07 21:02:01
96,258,1,2025-12-08 07:53:26,2026-01-22 22:17:04
1,258,1,2025-12-08 07:53:26,2026-01-22 22:17:04
4,258,1,2025-12-08 07:53:26,2026-01-22 22:17:04
97,258,1,2025-12-08 07:53:26,2026-01-22 22:17:04
1,259,1,2024-12-07 18:50:03,2026-07-11 13:37:18
2,259,1,2024-12-07 18:50:03,2026-07-11 13:37:18
14,259,1,2024-12-07 18:50:03,2026-07-11 13:37:18
0,260,1,2026-03-29 12:11:07,2026-05-16 13:27:27
0,261,1,2025-05-26 09:44:04,2025-08-21 13:27:28
0,262,1,2024-05-24 17:06:43,2026-08-11 00:51:02
0,263,1,2026-06-10 06:13:34,2026-06-21 01:30:27
0,264,1,2025-11-11 02:35:53,2026-03-10 18:56:47
97,264,1,2025-11-11 02:35:53,2026-03-10 18:56:47
96,264,1,2025-11-11 02:35:53,2026-03-10 18:56:47
1,265,1,2023-03-12 08:31:34,2024-12-29 13:06:34
2,265,1,2023-03-12 08:31:34,2024-12-29 13:06:34
13,265,1,2023-03-12 08:31:34,2024-12-29 13:06:34
0,266,1,2023-02-19 07:09:42,2024-05-10 06:40:44
26,267,1,2024-11-27 18:40:34,2025-09-16 23:43:05
19,267,1,2024-11-27 18:40:34,2025-09-16 23:43:05
21,267,1,2024-11-27 18:40:34,2025-09-16 23:43:05
19,268,1,2025-04-01 12:40:44,2025-07-09 10:36:02
27,268,1,2025-04-01 12:40:44,2025-07-09 10:36:02
22,268,1,2025-04-01 12:40:44,2025-07-09 10:36:02
0,269,0,2024-10-20 20:38:20,2025-12-08 00:36:00
96,270,1,2026-01-31 06:51:06,2026-03-16 02:38:23
97,270,1,2026-01-31 06:51:06,2026-03-16 02:38:23
19,270,1,2026-01-31 06:51:06,2026-03-16 02:38:23
22,270,1,2026-01-31 06:51:06,2026-03-16 02:38:23
27,270,1,2026-01-31 06:51:06,2026-03-16 02:38:23
0,271,1,2025-07-11 15:50:34,2025-08-06 17:44:59
0,272,0,2023-12-04 12:22:59,2024-03-01 04:46:09
99,272,0,2023-12-04 12:22:59,2024-03-01 04:46:09
96,272,0,2023-12-04 12:22:59,2024-03-01 04:46:09
33,273,1,2024-01-04 00:25:21,2025-04-16 19:00:57
28,273,1,2024-01-04 00:25:21,2025-04-16 19:00:57
33,274,0,2025-07-08 02:56:56,2025-11-21 03:40:05
28,274,0,2025-07-08 02:56:56,2025-11-21 03:40:05
26,275,1,2026-05-05 16:55:07,2026-08-15 13:05:37
19,275,1,2026-05-05 16:55:07,2026-08-15 13:05:37
21,275,1,2026-05-05 16:55:07,2026-08-15 13:05:37
96,276,0,2025-01-05 14:03:40,2025-07-11 18:02:01
1,276,0,2025-01-05 14:03:40,2025-07-11 18:02:01
97,276,0,2025-01-05 14:03:40,2025-07-11 18:02:01
3,276,0,2025-01-05 14:03:40,2025-07-11 18:02:01
7,276,0,2025-01-05 14:03:40,2025-07-11 18:02:01
15,276,0,2025-01-05 14:03:40,2025-07-11 18:02:01
0,277,1,2024-10-09 00:32:19,2025-12-15 21:07:00
28,278,1,2024-11-29 17:16:05,2025-09-13 22:39:14
29,278,1,2024-11-29 17:16:05,2025-09-13 22:39:14
24,279,0,2023-03-03 10:26:22,2023-06-24 12:02:09
19,279,0,2023-03-03 10:26:22,2023-06-24 12:02:09
20,279,0,2023-03-03 10:26:22,2023-06-24 12:02:09
96,280,1,2024-04-15 23:40:07,2024-05-09 19:21:02
99,280,1,2024-04-15 23:40:07,2024-05-09 19:21:02
28,280,1,2024-04-15 23:40:07,2024-05-09 19:21:02
31,280,1,2024-04-15 23:40:07,2024-05-09 19:21:02
24,281,1,2024-01-12 20:31:45,2026-08-08 18:15:05
19,281,1,2024-01-12 20:31:45,2026-08-08 18:15:05
20,281,1,2024-01-12 20:31:45,2026-08-08 18:15:05
96,282,1,2025-04-08 23:55:07,2026-08-25 20:57:39
97,282,1,2025-04-08 23:55:07,2026-08-25 20:57:39
28,282,1,2025-04-08 23:55:07,2026-08-25 20:57:39
31,282,1,2025-04-08 23:55:07,2026-08-25 20:57:39
0,283,1,2026-03-29 03:35:09,2026-09-08 05:01:00
1,284,1,2026-02-25 11:53:30,2026-04-23 03:59:23
3,284,1,2026-02-25 11:53:30,2026-04-23 03:59:23
7,284,1,2026-02-25 11:53:30,2026-04-23 03:59:23
15,284,1,2026-02-25 11:53:30,2026-04-23 03:59:23
1,285,1,2023-12-24 07:42:57,2025-08-05 09:10:08
2,285,1,2023-12-24 07:42:57,2025-08-05 09:10:08
13,285,1,2023-12-24 07:42:57,2025-08-05 09:10:08
32,286,1,2026-01-29 00:11:43,2026-08-07 12:52:39
28,286,1,2026-01-29 00:11:43,2026-08-07 12:52:39
0,287,1,2025-04-22 04:19:36,2026-09-02 16:31:19
0,288,1,2026-04-02 08:37:03,2026-04-03 14:22:05
97,288,1,2026-04-02 08:37:03,2026-04-03 14:22:05
96,288,1,2026-04-02 08:37:03,2026-04-03 14:22:05
26,289,1,2024-08-02 17:55:49,2024-09-18 16:48:07
19,289,1,2024-08-02 17:55:49,2024-09-18 16:48:07
21,289,1,2024-08-02 17:55:49,2024-09-18 16:48:07
0,290,0,2024-09-30 23:48:40,2024-10-10 04:43:45
1,291,1,2026-06-06 08:06:36,2026-07-11 03:33:14
2,291,1,2026-06-06 08:06:36,2026-07-11 03:33:14
13,291,1,2026-06-06 08:06:36,2026-07-11 03:33:14
1,292,0,2024-01-28 02:49:56,2025-07-31 17:21:15
4,292,0,2024-01-28 02:49:56,2025-07-31 17:21:15
0,293,0,2024-01-13 19:26:50,2024-12-29 16:00:57
96,294,1,2025-05-08 14:12:11,2026-05-13 07:34:52
1,294,1,2025-05-08 14:12:11,2026-05-13 07:34:52
2,294,1,2025-05-08 14:12:11,2026-05-13 07:34:52
97,294,1,2025-05-08 14:12:11,2026-05-13 07:34:52
14,294,1,2025-05-08 14:12:11,2026-05-13 07:34:52
0,295,1,2025-09-28 19:53:04,2026-07-30 10:48:05
96,296,0,2025-01-08 15:56:08,2025-08-07 05:30:49
1,296,0,2025-01-08 15:56:08,2025-08-07 05:30:49
99,296,0,2025-01-08 15:56:08,2025-08-07 05:30:49
3,296,0,2025-01-08 15:56:08,2025-08-07 05:30:49
7,296,0,2025-01-08 15:56:08,2025-08-07 05:30:49
15,296,0,2025-01-08 15:56:08,2025-08-07 05:30:49
24,297,1,2023-10-06 14:49:13,2025-02-06 03:39:34
19,297,1,2023-10-06 14:49:13,2025-02-06 03:39:34
20,297,1,2023-10-06 14:49:13,2025-02-06 03:39:34
1,298,1,2025-05-26 01:53:08,2025-11-28 20:36:43
2,298,1,2025-05-26 01:53:08,2025-11-28 20:36:43
13,298,1,2025-05-26 01:53:08,2025-11-28 20:36:43
32,299,1,2026-05-12 23:54:16,2026-05-28 05:24:14
28,299,1,2026-05-12 23:54:16,2026-05-28 05:24:14
96,300,1,2024-06-13 02:13:04,2026-02-19 08:22:45
97,300,1,2024-06-13 02:13:04,2026-02-19 08:22:45
28,300,1,2024-06-13 02:13:04,2026-02-19 08:22:45
29,300,1,2024-06-13 02:13:04,2026-02-19 08:22:45
1,301,0,2024-08-06 04:55:58,2025-07-07 15:09:43
3,301,0,2024-08-06 04:55:58,2025-07-07 15:09:43
7,301,0,2024-08-06 04:55:58,2025-07-07 15:09:43
15,301,0,2024-08-06 04:55:58,2025-07-07 15:09:43
0,302,1,2026-05-24 17:39:12,2026-07-11 14:11:33
24,303,1,2026-02-23 00:20:52,2026-07-24 07:53:16
19,303,1,2026-02-23 00:20:52,2026-07-24 07:53:16
20,303,1,2026-02-23 00:20:52,2026-07-24 07:53:16
96,304,1,2026-03-28 17:03:16,2026-05-20 02:15:25
1,304,1,2026-03-28 17:03:16,2026-05-20 02:15:25
99,304,1,2026-03-28 17:03:16,2026-05-20 02:15:25
3,304,1,2026-03-28 17:03:16,2026-05-20 02:15:25
7,304,1,2026-03-28 17:03:16,2026-05-20 02:15:25
15,304,1,2026-03-28 17:03:16,2026-05-20 02:15:25
1,305,0,2024-09-25 20:59:22,2024-12-15 02:30:33
4,305,0,2024-09-25 20:59:22,2024-12-15 02:30:33
96,306,1,2026-09-03 17:44:51,2026-09-13 02:09:53
1,306,1,2026-09-03 17:44:51,2026-09-13 02:09:53
2,306,1,2026-09-03 17:44:51,2026-09-13 02:09:53
97,306,1,2026-09-03 17:44:51,2026-09-13 02:09:53
13,306,1,2026-09-03 17:44:51,2026-09-13 02:09:53
1,307,1,2025-06-07 12:13:49,2026-07-17 06:19:22
2,307,1,2025-06-07 12:13:49,2026-07-17 06:19:22
13,307,1,2025-06-07 12:13:49,2026-07-17 06:19:22
0,308,1,2023-08-15 16:50:40,2023-11-21 23:36:53
0,309,1,2024-01-27 00:02:46,2025-02-13 01:35:24
0,310,1,2024-09-06 16:27:58,2025-05-22 17:26:37
0,311,0,2023-07-31 11:05:17,2024-11-09 04:07:38
96,312,1,2024-03-28 17:58:28,2026-04-30 12:03:13
1,312,1,2024-03-28 17:58:28,2026-04-30 12:03:13
97,312,1,2024-03-28 17:58:28,2026-04-30 12:03:13
3,312,1,2024-03-28 17:58:28,2026-04-30 12:03:13
7,312,1,2024-03-28 17:58:28,2026-04-30 12:03:13
15,312,1,2024-03-28 17:58:28,2026-04-30 12:03:13
32,313,1,2024-07-21 00:45:56,2025-01-13 22:48:40
28,313,1,2024-07-21 00:45:56,2025-01-13 22:48:40
32,314,1,2026-02-03 16:28:45,2026-08-01 23:06:36
28,314,1,2026-02-03 16:28:45,2026-08-01 23:06:36
28,315,1,2025-11-11 10:25:31,2026-05-24 08:16:06
31,315,1,2025-11-11 10:25:31,2026-05-24 08:16:06
33,316,1,2026-05-10 18:54:50,2026-07-22 23:49:06
28,316,1,2026-05-10 18:54:50,2026-07-22 23:49:06
24,317,1,2025-04-24 12:33:44,2025-05-23 01:54:52
19,317,1,2025-04-24 12:33:44,2025-05-23 01:54:52
20,317,1,2025-04-24 12:33:44,2025-05-23 01:54:52
0,318,1,2023-09-16 09:32:54,2026-06-17 11:27:03
97,318,1,2023-09-16 09:32:54,2026-06-17 11:27:03
96,318,1,2023-09-16 09:32:54,2026-06-17 11:27:03
0,319,1,2023-06-14 13:53:57,2023-06-30 23:08:55
96,320,1,2026-04-14 19:00:19,2026-08-24 17:57:48
1,320,1,2026-04-14 19:00:19,2026-08-24 17:57:48
99,320,1,2026-04-14 19:00:19,2026-08-24 17:57:48
4,320,1,2026-04-14 19:00:19,2026-08-24 17:57:48
32,321,1,2024-04-03 22:30:41,2026-01-10 03:11:57
28,321,1,2024-04-03 22:30:41,2026-01-10 03:11:57
24,322,1,2025-03-20 12:34:08,2026-03-30 14:57:43
19,322,1,2025-03-20 12:34:08,2026-03-30 14:57:43
20,322,1,2025-03-20 12:34:08,2026-03-30 14:57:43
0,323,1,2026-06-12 13:55:15,2026-08-20 14:09:21
96,324,1,2025-03-12 13:38:49,2025-07-26 01:41:27
1,324,1,2025-03-12 13:38:49,2025-07-26 01:41:27
4,324,1,2025-03-12 13:38:49,2025-07-26 01:41:27
97,324,1,2025-03-12 13:38:49,2025-07-26 01:41:27
35,325,1,2025-09-05 07:09:59,2025-11-15 22:22:53
28,325,1,2025-09-05 07:09:59,2025-11-15 22:22:53
0,326,1,2024-11-29 09:22:16,2026-03-04 08:50:17
26,327,1,2025-06-15 21:05:24,2025-09-02 21:53:08
19,327,1,2025-06-15 21:05:24,2025-09-02 21:53:08
21,327,1,2025-06-15 21:05:24,2025-09-02 21:53:08
99,328,1,2025-03-30 18:38:30,2026-08-09 04:29:21
35,328,1,2025-03-30 18:38:30,2026-08-09 04:29:21
28,328,1,2025-03-30 18:38:30,2026-08-09 04:29:21
96,328,1,2025-03-30 18:38:30,2026-08-09 04:29:21
1,329,1,2026-08-06 11:11:18,2026-08-28 16:38:04
3,329,1,2026-08-06 11:11:18,2026-08-28 16:38:04
7,329,1,2026-08-06 11:11:18,2026-08-28 16:38:04
15,329,1,2026-08-06 11:11:18,2026-08-28 16:38:04
0,330,1,2024-01-06 14:38:09,2025-04-25 00:01:39
97,330,1,2024-01-06 14:38:09,2025-04-25 00:01:39
96,330,1,2024-01-06 14:38:09,2025-04-25 00:01:39
1,331,0,2023-08-03 04:03:55,2026-01-12 02:23:16
4,331,0,2023-08-03 04:03:55,2026-01-12 02:23:16
19,332,1,2023-08-06 22:38:02,2024-05-23 14:10:28
27,332,1,2023-08-06 22:38:02,2024-05-23 14:10:28
22,332,1,2023-08-06 22:38:02,2024-05-23 14:10:28
1,333,1,2025-01-22 19:31:48,2025-05-08 20:43:17
3,333,1,2025-01-22 19:31:48,2025-05-08 20:43:17
7,333,1,2025-01-22 19:31:48,2025-05-08 20:43:17
15,333,1,2025-01-22 19:31:48,2025-05-08 20:43:17
28,334,1,2026-01-08 04:01:35,2026-06-29 13:01:28
31,334,1,2026-01-08 04:01:35,2026-06-29 13:01:28
0,335,1,2023-02-20 18:57:40,2024-04-22 18:13:14
0,336,1,2025-05-03 23:16:39,2026-06-04 17:23:28
97,336,1,2025-05-03 23:16:39,2026-06-04 17:23:28
96,336,1,2025-05-03 23:16:39,2026-06-04 17:23:28
1,337,1,2026-03-26 15:00:27,2026-08-13 05:41:53
4,337,1,2026-03-26 15:00:27,2026-08-13 05:41:53
0,338,1,2024-04-07 11:23:36,2024-05-27 13:01:46
0,339,1,2023-11-23 00:49:30,2026-05-24 08:12:59
0,340,1,2026-06-17 18:35:30,2026-07-07 20:48:11
0,341,1,2025-12-29 17:01:36,2026-04-22 08:34:47
96,342,1,2023-04-03 02:20:16,2024-06-06 21:42:30
1,342,1,2023-04-03 02:20:16,2024-06-06 21:42:30
2,342,1,2023-04-03 02:20:16,2024-06-06 21:42:30
97,342,1,2023-04-03 02:20:16,2024-06-06 21:42:30
14,342,1,2023-04-03 02:20:16,2024-06-06 21:42:30
33,343,1,2026-03-28 21:47:34,2026-09-08 17:02:49
28,343,1,2026-03-28 21:47:34,2026-09-08 17:02:49
96,344,1,2023-04-28 07:27:02,2026-01-06 14:48:20
99,344,1,2023-04-28 07:27:02,2026-01-06 14:48:20
19,344,1,2023-04-28 07:27:02,2026-01-06 14:48:20
22,344,1,2023-04-28 07:27:02,2026-01-06 14:48:20
27,344,1,2023-04-28 07:27:02,2026-01-06 14:48:20
24,345,1,2024-12-07 08:16:56,2025-12-21 10:05:26
19,345,1,2024-12-07 08:16:56,2025-12-21 10:05:26
20,345,1,2024-12-07 08:16:56,2025-12-21 10:05:26
1,346,1,2026-08-13 14:15:28,2026-08-16 16:02:36
3,346,1,2026-08-13 14:15:28,2026-08-16 16:02:36
7,346,1,2026-08-13 14:15:28,2026-08-16 16:02:36
15,346,1,2026-08-13 14:15:28,2026-08-16 16:02:36
35,347,1,2024-06-08 16:25:29,2024-12-28 13:19:52
28,347,1,2024-06-08 16:25:29,2024-12-28 13:19:52
32,348,1,2023-03-13 08:52:35,2023-08-15 01:17:30
97,348,1,2023-03-13 08:52:35,2023-08-15 01:17:30
28,348,1,2023-03-13 08:52:35,2023-08-15 01:17:30
96,348,1,2023-03-13 08:52:35,2023-08-15 01:17:30
0,349,1,2023-11-11 06:58:09,2024-06-03 05:02:43
1,350,1,2023-03-22 10:46:10,2024-11-27 03:27:14
2,350,1,2023-03-22 10:46:10,2024-11-27 03:27:14
14,350,1,2023-03-22 10:46:10,2024-11-27 03:27:14
1,351,1,2025-01-10 16:38:33,2025-03-12 05:31:32
2,351,1,2025-01-10 16:38:33,2025-03-12 05:31:32
14,351,1,2025-01-10 16:38:33,2025-03-12 05:31:32
96,352,1,2026-06-23 08:01:57,2026-07-05 01:02:10
33,352,1,2026-06-23 08:01:57,2026-07-05 01:02:10
99,352,1,2026-06-23 08:01:57,2026-07-05 01:02:10
28,352,1,2026-06-23 08:01:57,2026-07-05 01:02:10
26,353,1,2023-06-10 07:37:55,2024-10-09 02:13:18
19,353,1,2023-06-10 07:37:55,2024-10-09 02:13:18
21,353,1,2023-06-10 07:37:55,2024-10-09 02:13:18
96,354,1,2025-09-23 15:41:32,2026-06-13 15:04:02
97,354,1,2025-09-23 15:41:32,2026-06-13 15:04:02
19,354,1,2025-09-23 15:41:32,2026-06-13 15:04:02
20,354,1,2025-09-23 15:41:32,2026-06-13 15:04:02
24,354,1,2025-09-23 15:41:32,2026-06-13 15:04:02
33,355,1,2024-06-29 13:13:37,2025-05-26 12:30:35
28,355,1,2024-06-29 13:13:37,2025-05-26 12:30:35
24,356,1,2023-08-06 12:04:05,2024-02-13 19:42:07
19,356,1,2023-08-06 12:04:05,2024-02-13 19:42:07
20,356,1,2023-08-06 12:04:05,2024-02-13 19:42:07
32,357,1,2024-03-06 06:06:09,2024-07-15 03:07:20
28,357,1,2024-03-06 06:06:09,2024-07-15 03:07:20
0,358,1,2026-08-10 03:42:31,2026-09-11 02:48:23
1,359,1,2026-05-02 14:14:29,2026-06-18 01:39:05
2,359,1,2026-05-02 14:14:29,2026-06-18 01:39:05
14,359,1,2026-05-02 14:14:29,2026-06-18 01:39:05
0,360,0,2023-01-19 17:53:26,2024-08-02 16:36:26
97,360,0,2023-01-19 17:53:26,2024-08-02 16:36:26
96,360,0,2023-01-19 17:53:26,2024-08-02 16:36:26
1,361,1,2026-03-30 20:29:02,2026-06-30 07:34:16
3,361,1,2026-03-30 20:29:02,2026-06-30 07:34:16
7,361,1,2026-03-30 20:29:02,2026-06-30 07:34:16
15,361,1,2026-03-30 20:29:02,2026-06-30 07:34:16
24,362,1,2026-05-11 02:51:50,2026-07-27 09:33:42
19,362,1,2026-05-11 02:51:50,2026-07-27 09:33:42
20,362,1,2026-05-11 02:51:50,2026-07-27 09:33:42
28,363,1,2025-09-22 00:57:39,2026-04-18 10:06:26
29,363,1,2025-09-22 00:57:39,2026-04-18 10:06:26
35,364,1,2026-06-09 06:39:48,2026-07-09 10:46:23
28,364,1,2026-06-09 06:39:48,2026-07-09 10:46:23
35,365,1,2023-03-31 22:53:24,2024-04-14 17:45:21
28,365,1,2023-03-31 22:53:24,2024-04-14 17:45:21
96,366,1,2025-10-31 17:14:47,2026-08-15 18:19:51
97,366,1,2025-10-31 17:14:47,2026-08-15 18:19:51
19,366,1,2025-10-31 17:14:47,2026-08-15 18:19:51
20,366,1,2025-10-31 17:14:47,2026-08-15 18:19:51
24,366,1,2025-10-31 17:14:47,2026-08-15 18:19:51
0,367,1,2024-06-22 14:06:14,2026-09-13 01:09:25
96,368,1,2026-02-12 13:49:42,2026-03-30 10:11:48
99,368,1,2026-02-12 13:49:42,2026-03-30 10:11:48
28,368,1,2026-02-12 13:49:42,2026-03-30 10:11:48
29,368,1,2026-02-12 13:49:42,2026-03-30 10:11:48
1,369,0,2025-09-01 20:07:11,2025-10-01 18:27:52
2,369,0,2025-09-01 20:07:11,2025-10-01 18:27:52
13,369,0,2025-09-01 20:07:11,2025-10-01 18:27:52
0,370,1,2024-07-25 04:23:38,2025-03-26 13:20:06
0,371,1,2023-03-10 09:51:07,2023-03-29 11:59:04
0,372,1,2025-05-08 20:17:35,2026-03-30 13:54:12
97,372,1,2025-05-08 20:17:35,2026-03-30 13:54:12
96,372,1,2025-05-08 20:17:35,2026-03-30 13:54:12
0,373,0,2024-08-02 03:17:45,2024-11-02 21:05:25
28,374,1,2023-04-18 01:45:49,2025-04-09 13:43:52
29,374,1,2023-04-18 01:45:49,2025-04-09 13:43:52
1,375,1,2023-11-08 17:33:46,2025-02-03 17:00:56
2,375,1,2023-11-08 17:33:46,2025-02-03 17:00:56
14,375,1,2023-11-08 17:33:46,2025-02-03 17:00:56
32,376,1,2026-04-15 05:06:36,2026-09-12 21:00:02
99,376,1,2026-04-15 05:06:36,2026-09-12 21:00:02
28,376,1,2026-04-15 05:06:36,2026-09-12 21:00:02
96,376,1,2026-04-15 05:06:36,2026-09-12 21:00:02
28,377,1,2023-02-07 03:26:20,2024-02-04 02:13:27
31,377,1,2023-02-07 03:26:20,2024-02-04 02:13:27
96,378,1,2023-06-11 11:30:01,2024-04-25 05:42:03
97,378,1,2023-06-11 11:30:01,2024-04-25 05:42:03
35,378,1,2023-06-11 11:30:01,2024-04-25 05:42:03
28,378,1,2023-06-11 11:30:01,2024-04-25 05:42:03
28,379,1,2023-05-25 12:17:04,2023-08-01 17:00:17
29,379,1,2023-05-25 12:17:04,2023-08-01 17:00:17
24,380,1,2025-06-21 04:41:54,2025-09-03 10:22:58
19,380,1,2025-06-21 04:41:54,2025-09-03 10:22:58
20,380,1,2025-06-21 04:41:54,2025-09-03 10:22:58
28,381,1,2024-01-03 19:29:24,2025-03-31 21:57:37
29,381,1,2024-01-03 19:29:24,2025-03-31 21:57:37
0,382,1,2024-05-09 02:03:04,2026-04-12 10:05:14
0,383,1,2023-08-30 10:07:31,2024-02-10 13:19:54
0,384,1,2024-12-03 00:41:23,2025-07-30 11:57:43
97,384,1,2024-12-03 00:41:23,2025-07-30 11:57:43
96,384,1,2024-12-03 00:41:23,2025-07-30 11:57:43
0,385,0,2023-03-04 15:36:15,2024-02-01 16:09:36
1,386,0,2023-03-18 01:00:40,2026-02-02 00:14:14
3,386,0,2023-03-18 01:00:40,2026-02-02 00:14:14
7,386,0,2023-03-18 01:00:40,2026-02-02 00:14:14
15,386,0,2023-03-18 01:00:40,2026-02-02 00:14:14
1,387,0,2024-01-24 03:10:52,2024-06-19 06:47:43
2,387,0,2024-01-24 03:10:52,2024-06-19 06:47:43
14,387,0,2024-01-24 03:10:52,2024-06-19 06:47:43
0,388,1,2023-07-23 01:25:02,2024-05-25 20:21:07
19,389,1,2023-04-11 03:41:30,2024-02-12 08:21:30
27,389,1,2023-04-11 03:41:30,2024-02-12 08:21:30
22,389,1,2023-04-11 03:41:30,2024-02-12 08:21:30
0,390,1,2023-03-20 15:54:37,2023-12-06 15:00:06
97,390,1,2023-03-20 15:54:37,2023-12-06 15:00:06
96,390,1,2023-03-20 15:54:37,2023-12-06 15:00:06
32,391,1,2024-07-03 19:57:39,2025-06-02 09:09:26
28,391,1,2024-07-03 19:57:39,2025-06-02 09:09:26
0,392,0,2024-01-17 19:31:14,2025-04-20 05:50:18
99,392,0,2024-01-17 19:31:14,2025-04-20 05:50:18
96,392,0,2024-01-17 19:31:14,2025-04-20 05:50:18
0,393,1,2024-10-13 06:12:25,2025-03-17 04:22:11
28,394,1,2025-01-15 03:55:55,2026-03-14 02:28:46
29,394,1,2025-01-15 03:55:55,2026-03-14 02:28:46
0,395,1,2024-05-10 08:37:02,2025-04-15 14:16:54
96,396,0,2023-12-28 14:00:03,2024-09-01 13:14:42
1,396,0,2023-12-28 14:00:03,2024-09-01 13:14:42
2,396,0,2023-12-28 14:00:03,2024-09-01 13:14:42
97,396,0,2023-12-28 14:00:03,2024-09-01 13:14:42
13,396,0,2023-12-28 14:00:03,2024-09-01 13:14:42
1,397,1,2025-06-13 07:21:26,2026-04-11 00:04:40
4,397,1,2025-06-13 07:21:26,2026-04-11 00:04:40
24,398,1,2025-07-07 23:02:54,2025-07-29 20:51:24
19,398,1,2025-07-07 23:02:54,2025-07-29 20:51:24
20,398,1,2025-07-07 23:02:54,2025-07-29 20:51:24
0,399,1,2025-04-22 03:52:12,2025-12-18 05:02:12
0,400,1,2025-03-28 19:25:23,2026-04-04 01:47:01
99,400,1,2025-03-28 19:25:23,2026-04-04 01:47:01
96,400,1,2025-03-28 19:25:23,2026-04-04 01:47:01
1,401,1,2023-04-03 12:24:26,2023-05-07 13:22:45
2,401,1,2023-04-03 12:24:26,2023-05-07 13:22:45
13,401,1,2023-04-03 12:24:26,2023-05-07 13:22:45
96,402,1,2023-04-23 16:10:27,2024-11-24 00:38:52
33,402,1,2023-04-23 16:10:27,2024-11-24 00:38:52
28,402,1,2023-04-23 16:10:27,2024-11-24 00:38:52
97,402,1,2023-04-23 16:10:27,2024-11-24 00:38:52
19,403,1,2026-02-11 16:03:44,2026-07-31 07:58:14
27,403,1,2026-02-11 16:03:44,2026-07-31 07:58:14
22,403,1,2026-02-11 16:03:44,2026-07-31 07:58:14
0,404,1,2024-08-10 19:10:55,2025-04-06 02:46:53
1,405,0,2024-08-31 07:57:33,2026-06-23 03:13:06
2,405,0,2024-08-31 07:57:33,2026-06-23 03:13:06
14,405,0,2024-08-31 07:57:33,2026-06-23 03:13:06
32,406,0,2023-12-10 03:34:18,2026-08-29 19:19:54
28,406,0,2023-12-10 03:34:18,2026-08-29 19:19:54
32,407,1,2024-05-11 08:31:11,2025-01-27 03:48:58
28,407,1,2024-05-11 08:31:11,2025-01-27 03:48:58
96,408,1,2024-06-28 10:53:05,2025-08-01 03:47:10
97,408,1,2024-06-28 10:53:05,2025-08-01 03:47:10
19,408,1,2024-06-28 10:53:05,2025-08-01 03:47:10
20,408,1,2024-06-28 10:53:05,2025-08-01 03:47:10
24,408,1,2024-06-28 10:53:05,2025-08-01 03:47:10
1,409,1,2024-10-05 03:45:11,2025-10-23 03:28:03
4,409,1,2024-10-05 03:45:11,2025-10-23 03:28:03
19,410,0,2025-10-08 05:54:15,2026-07-29 17:14:46
27,410,0,2025-10-08 05:54:15,2026-07-29 17:14:46
22,410,0,2025-10-08 05:54:15,2026-07-29 17:14:46
0,411,1,2023-06-12 16:25:58,2023-10-05 22:49:27
1,412,1,2024-06-08 23:42:39,2026-06-28 21:26:33
3,412,1,2024-06-08 23:42:39,2026-06-28 21:26:33
7,412,1,2024-06-08 23:42:39,2026-06-28 21:26:33
15,412,1,2024-06-08 23:42:39,2026-06-28 21:26:33
1,413,1,2023-11-16 07:28:37,2024-09-06 10:36:12
2,413,1,2023-11-16 07:28:37,2024-09-06 10:36:12
13,413,1,2023-11-16 07:28:37,2024-09-06 10:36:12
96,414,1,2023-05-30 00:00:17,2023-08-15 02:32:53
97,414,1,2023-05-30 00:00:17,2023-08-15 02:32:53
19,414,1,2023-05-30 00:00:17,2023-08-15 02:32:53
21,414,1,2023-05-30 00:00:17,2023-08-15 02:32:53
26,414,1,2023-05-30 00:00:17,2023-08-15 02:32:53
19,415,1,2024-10-26 06:18:20,2025-01-02 07:48:59
27,415,1,2024-10-26 06:18:20,2025-01-02 07:48:59
22,415,1,2024-10-26 06:18:20,2025-01-02 07:48:59
96,416,1,2025-09-18 09:28:20,2026-01-09 17:21:07
1,416,1,2025-09-18 09:28:20,2026-01-09 17:21:07
2,416,1,2025-09-18 09:28:20,2026-01-09 17:21:07
99,416,1,2025-09-18 09:28:20,2026-01-09 17:21:07
14,416,1,2025-09-18 09:28:20,2026-01-09 17:21:07
24,417,1,2023-05-22 13:49:44,2026-02-12 16:20:31
19,417,1,2023-05-22 13:49:44,2026-02-12 16:20:31
20,417,1,2023-05-22 13:49:44,2026-02-12 16:20:31
35,418,1,2024-02-14 00:23:06,2025-12-28 03:05:46
28,418,1,2024-02-14 00:23:06,2025-12-28 03:05:46
0,419,1,2023-05-14 03:24:00,2026-03-17 01:30:30
0,420,1,2026-06-25 08:21:28,2026-08-15 02:03:45
97,420,1,2026-06-25 08:21:28,2026-08-15 02:03:45
96,420,1,2026-06-25 08:21:28,2026-08-15 02:03:45
26,421,1,2026-08-19 13:11:02,2026-08-21 05:38:43
19,421,1,2026-08-19 13:11:02,2026-08-21 05:38:43
21,421,1,2026-08-19 13:11:02,2026-08-21 05:38:43
28,422,1,2023-09-26 13:23:42,2024-06-12 05:44:59
29,422,1,2023-09-26 13:23:42,2024-06-12 05:44:59
28,423,1,2023-11-10 16:05:46,2026-07-12 00:47:03
31,423,1,2023-11-10 16:05:46,2026-07-12 00:47:03
96,424,1,2023-05-16 04:37:05,2025-01-08 02:00:11
33,424,1,2023-05-16 04:37:05,2025-01-08 02:00:11
99,424,1,2023-05-16 04:37:05,2025-01-08 02:00:11
28,424,1,2023-05-16 04:37:05,2025-01-08 02:00:11
35,425,1,2026-05-06 20:43:59,2026-09-04 20:23:36
28,425,1,2026-05-06 20:43:59,2026-09-04 20:23:36
32,426,0,2025-06-24 03:46:34,2025-09-09 23:42:50
97,426,0,2025-06-24 03:46:34,2025-09-09 23:42:50
28,426,0,2025-06-24 03:46:34,2025-09-09 23:42:50
96,426,0,2025-06-24 03:46:34,2025-09-09 23:42:50
1,427,1,2024-09-30 07:05:27,2025-04-23 10:57:16
4,427,1,2024-09-30 07:05:27,2025-04-23 10:57:16
19,428,1,2023-08-12 11:12:58,2026-03-29 21:02:28
27,428,1,2023-08-12 11:12:58,2026-03-29 21:02:28
22,428,1,2023-08-12 11:12:58,2026-03-29 21:02:28
0,429,1,2023-03-18 13:42:02,2026-05-20 01:16:08
24,430,1,2024-04-28 01:01:48,2025-07-07 13:06:38
19,430,1,2024-04-28 01:01:48,2025-07-07 13:06:38
20,430,1,2024-04-28 01:01:48,2025-07-07 13:06:38
0,431,1,2026-04-17 09:57:48,2026-06-18 17:19:05
0,432,1,2026-02-25 00:25:27,2026-09-01 03:55:18
97,432,1,2026-02-25 00:25:27,2026-09-01 03:55:18
96,432,1,2026-02-25 00:25:27,2026-09-01 03:55:18
28,433,1,2024-04-28 07:30:34,2026-06-24 14:12:24
29,433,1,2024-04-28 07:30:34,2026-06-24 14:12:24
19,434,1,2026-07-24 04:45:08,2026-07-29 19:02:02
27,434,1,2026-07-24 04:45:08,2026-07-29 19:02:02
22,434,1,2026-07-24 04:45:08,2026-07-29 19:02:02
0,435,1,2026-07-03 06:32:23,2026-08-17 08:14:49
28,436,0,2024-11-23 23:56:29,2025-04-10 22:20:28
29,436,0,2024-11-23 23:56:29,2025-04-10 22:20:28
0,437,1,2026-03-09 11:17:41,2026-08-17 19:25:49
96,438,1,2026-08-24 11:25:16,2026-08-29 20:22:02
97,438,1,2026-08-24 11:25:16,2026-08-29 20:22:02
19,438,1,2026-08-24 11:25:16,2026-08-29 20:22:02
20,438,1,2026-08-24 11:25:16,2026-08-29 20:22:02
24,438,1,2026-08-24 11:25:16,2026-08-29 20:22:02
0,439,1,2025-01-06 11:37:29,2025-04-19 06:08:17
0,440,1,2026-01-12 04:53:28,2026-04-29 03:36:19
99,440,1,2026-01-12 04:53:28,2026-04-29 03:36:19
96,440,1,2026-01-12 04:53:28,2026-04-29 03:36:19
26,441,1,2024-04-14 08:47:07,2026-07-02 03:34:22
19,441,1,2024-04-14 08:47:07,2026-07-02 03:34:22
21,441,1,2024-04-14 08:47:07,2026-07-02 03:34:22
0,442,1,2025-05-22 04:38:18,2026-08-26 09:21:38
0,443,1,2025-09-22 03:06:11,2026-01-26 09:36:00
0,444,1,2026-06-05 04:36:00,2026-08-22 15:50:06
97,444,1,2026-06-05 04:36:00,2026-08-22 15:50:06
96,444,1,2026-06-05 04:36:00,2026-08-22 15:50:06
1,445,1,2024-10-12 05:15:35,2025-08-22 11:31:47
3,445,1,2024-10-12 05:15:35,2025-08-22 11:31:47
7,445,1,2024-10-12 05:15:35,2025-08-22 11:31:47
15,445,1,2024-10-12 05:15:35,2025-08-22 11:31:47
19,446,1,2025-12-02 03:47:37,2026-06-27 18:57:14
27,446,1,2025-12-02 03:47:37,2026-06-27 18:57:14
22,446,1,2025-12-02 03:47:37,2026-06-27 18:57:14
24,447,0,2023-10-09 09:14:03,2025-01-07 18:17:51
19,447,0,2023-10-09 09:14:03,2025-01-07 18:17:51
20,447,0,2023-10-09 09:14:03,2025-01-07 18:17:51
96,448,1,2025-11-21 21:30:49,2026-04-01 05:50:05
1,448,1,2025-11-21 21:30:49,2026-04-01 05:50:05
99,448,1,2025-11-21 21:30:49,2026-04-01 05:50:05
4,448,1,2025-11-21 21:30:49,2026-04-01 05:50:05
24,449,1,2024-07-31 09:19:31,2025-09-09 03:40:39
19,449,1,2024-07-31 09:19:31,2025-09-09 03:40:39
20,449,1,2024-07-31 09:19:31,2025-09-09 03:40:39
32,450,0,2025-06-20 11:38:26,2025-08-14 19:11:53
97,450,0,2025-06-20 11:38:26,2025-08-14 19:11:53
28,450,0,2025-06-20 11:38:26,2025-08-14 19:11:53
96,450,0,2025-06-20 11:38:26,2025-08-14 19:11:53
24,451,0,2024-04-08 11:30:31,2026-01-10 05:15:48
19,451,0,2024-04-08 11:30:31,2026-01-10 05:15:48
20,451,0,2024-04-08 11:30:31,2026-01-10 05:15:48
0,452,1,2023-08-11 11:47:00,2024-12-14 23:24:48
0,453,1,2025-09-12 15:50:10,2025-10-05 04:33:43
1,454,1,2026-05-04 18:47:03,2026-05-21 21:05:11
2,454,1,2026-05-04 18:47:03,2026-05-21 21:05:11
13,454,1,2026-05-04 18:47:03,2026-05-21 21:05:11
33,455,1,2024-08-18 11:04:19,2024-08-22 02:06:39
28,455,1,2024-08-18 11:04:19,2024-08-22 02:06:39
0,456,1,2026-03-21 17:19:43,2026-08-30 12:27:20
97,456,1,2026-03-21 17:19:43,2026-08-30 12:27:20
96,456,1,2026-03-21 17:19:43,2026-08-30 12:27:20
28,457,1,2025-12-13 08:28:35,2026-04-26 02:02:56
29,457,1,2025-12-13 08:28:35,2026-04-26 02:02:56
1,458,1,2024-04-08 05:47:08,2025-07-04 00:37:53
2,458,1,2024-04-08 05:47:08,2025-07-04 00:37:53
14,458,1,2024-04-08 05:47:08,2025-07-04 00:37:53
0,459,1,2024-06-16 10:00:22,2026-07-17 21:11:31
0,460,1,2023-11-25 01:44:32,2023-12-29 02:43:41
32,461,1,2024-08-05 20:11:15,2026-06-17 16:09:16
28,461,1,2024-08-05 20:11:15,2026-06-17 16:09:16
0,462,1,2025-10-12 06:46:00,2026-09-01 23:58:12
97,462,1,2025-10-12 06:46:00,2026-09-01 23:58:12
96,462,1,2025-10-12 06:46:00,2026-09-01 23:58:12
1,463,1,2025-01-06 22:46:38,2026-07-06 02:32:56
2,463,1,2025-01-06 22:46:38,2026-07-06 02:32:56
13,463,1,2025-01-06 22:46:38,2026-07-06 02:32:56
96,464,0,2024-02-24 09:28:39,2024-09-24 11:18:15
33,464,0,2024-02-24 09:28:39,2024-09-24 11:18:15
99,464,0,2024-02-24 09:28:39,2024-09-24 11:18:15
28,464,0,2024-02-24 09:28:39,2024-09-24 11:18:15
26,465,1,2025-02-12 05:03:26,2025-07-16 12:05:57
19,465,1,2025-02-12 05:03:26,2025-07-16 12:05:57
21,465,1,2025-02-12 05:03:26,2025-07-16 12:05:57
0,466,1,2023-09-07 03:09:40,2023-11-07 08:18:44
35,467,1,2025-11-09 08:17:53,2025-12-13 21:51:52
28,467,1,2025-11-09 08:17:53,2025-12-13 21:51:52
96,468,0,2023-04-27 14:00:00,2026-05-25 14:24:24
1,468,0,2023-04-27 14:00:00,2026-05-25 14:24:24
4,468,0,2023-04-27 14:00:00,2026-05-25 14:24:24
97,468,0,2023-04-27 14:00:00,2026-05-25 14:24:24
1,469,1,2024-02-15 07:17:40,2026-02-05 12:48:32
4,469,1,2024-02-15 07:17:40,2026-02-05 12:48:32
0,470,1,2024-10-23 18:15:08,2026-05-20 09:38:21
1,471,1,2024-07-09 09:35:15,2026-05-20 08:46:02
4,471,1,2024-07-09 09:35:15,2026-05-20 08:46:02
0,472,1,2024-12-10 04:59:45,2025-07-09 08:19:54
99,472,1,2024-12-10 04:59:45,2025-07-09 08:19:54
96,472,1,2024-12-10 04:59:45,2025-07-09 08:19:54
19,473,1,2023-06-25 15:03:14,2024-01-17 11:26:36
27,473,1,2023-06-25 15:03:14,2024-01-17 11:26:36
22,473,1,2023-06-25 15:03:14,2024-01-17 11:26:36
0,474,0,2025-11-19 20:19:45,2026-05-09 00:18:09
97,474,0,2025-11-19 20:19:45,2026-05-09 00:18:09
96,474,0,2025-11-19 20:19:45,2026-05-09 00:18:09
0,475,1,2025-01-20 10:30:53,2026-02-03 13:46:58
1,476,1,2023-01-20 04:49:19,2026-01-18 17:01:38
4,476,1,2023-01-20 04:49:19,2026-01-18 17:01:38
28,477,1,2025-03-17 09:26:19,2026-04-27 16:47:18
29,477,1,2025-03-17 09:26:19,2026-04-27 16:47:18
0,478,1,2023-08-19 22:14:22,2026-01-03 06:49:16
0,479,1,2026-09-12 14:09:51,2026-09-13 14:15:10
96,480,1,2025-02-26 11:41:43,2025-08-18 11:14:44
97,480,1,2025-02-26 11:41:43,2025-08-18 11:14:44
19,480,1,2025-02-26 11:41:43,2025-08-18 11:14:44
20,480,1,2025-02-26 11:41:43,2025-08-18 11:14:44
24,480,1,2025-02-26 11:41:43,2025-08-18 11:14:44
35,481,0,2024-11-27 02:19:34,2025-02-03 11:08:06
28,481,0,2024-11-27 02:19:34,2025-02-03 11:08:06
0,482,1,2024-09-18 17:19:14,2025-08-04 23:52:05
0,483,0,2025-09-17 09:08:38,2026-01-13 16:12:09
28,484,1,2026-06-22 12:37:58,2026-07-14 04:04:10
29,484,1,2026-06-22 12:37:58,2026-07-14 04:04:10
0,485,1,2023-06-27 03:05:56,2023-11-25 11:48:51
0,486,1,2023-03-13 02:43:53,2023-11-23 02:53:13
97,486,1,2023-03-13 02:43:53,2023-11-23 02:53:13
96,486,1,2023-03-13 02:43:53,2023-11-23 02:53:13
0,487,1,2026-08-16 20:06:32,2026-09-04 21:51:59
96,488,1,2025-09-10 16:54:56,2026-08-01 22:39:59
99,488,1,2025-09-10 16:54:56,2026-08-01 22:39:59
28,488,1,2025-09-10 16:54:56,2026-08-01 22:39:59
31,488,1,2025-09-10 16:54:56,2026-08-01 22:39:59
32,489,0,2026-02-17 16:02:41,2026-03-08 12:45:53
28,489,0,2026-02-17 16:02:41,2026-03-08 12:45:53
24,490,1,2025-12-10 16:50:01,2026-07-23 09:21:04
19,490,1,2025-12-10 16:50:01,2026-07-23 09:21:04
20,490,1,2025-12-10 16:50:01,2026-07-23 09:21:04
0,491,1,2025-02-22 02:35:14,2025-12-17 21:13:06
96,492,1,2024-12-04 11:18:41,2026-08-21 13:48:42
97,492,1,2024-12-04 11:18:41,2026-08-21 13:48:42
19,492,1,2024-12-04 11:18:41,2026-08-21 13:48:42
21,492,1,2024-12-04 11:18:41,2026-08-21 13:48:42
26,492,1,2024-12-04 11:18:41,2026-08-21 13:48:42
33,493,1,2026-01-10 20:35:58,2026-08-13 20:21:12
28,493,1,2026-01-10 20:35:58,2026-08-13 20:21:12
28,494,1,2026-01-08 13:29:56,2026-03-18 14:50:00
31,494,1,2026-01-08 13:29:56,2026-03-18 14:50:00
28,495,1,2025-06-24 08:35:33,2026-09-10 14:03:33
29,495,1,2025-06-24 08:35:33,2026-09-10 14:03:33
96,496,1,2023-02-09 06:12:49,2024-09-22 22:05:17
99,496,1,2023-02-09 06:12:49,2024-09-22 22:05:17
19,496,1,2023-02-09 06:12:49,2024-09-22 22:05:17
21,496,1,2023-02-09 06:12:49,2024-09-22 22:05:17
26,496,1,2023-02-09 06:12:49,2024-09-22 22:05:17
33,497,1,2025-11-27 14:38:17,2026-03-04 22:02:09
28,497,1,2025-11-27 14:38:17,2026-03-04 22:02:09
96,498,1,2024-07-11 04:39:01,2026-06-14 06:35:47
33,498,1,2024-07-11 04:39:01,2026-06-14 06:35:47
28,498,1,2024-07-11 04:39:01,2026-06-14 06:35:47
97,498,1,2024-07-11 04:39:01,2026-06-14 06:35:47
1,499,1,2024-01-05 02:12:04,2026-03-08 18:45:54
4,499,1,2024-01-05 02:12:04,2026-03-08 18:45:54
1,500,1,2025-05-07 16:41:49,2025-06-18 11:38:33
2,500,1,2025-05-07 16:41:49,2025-06-18 11:38:33
14,500,1,2025-05-07 16:41:49,2025-06-18 11:38:33
1,501,1,2026-03-19 00:27:20,2026-07-11 06:31:47
2,501,1,2026-03-19 00:27:20,2026-07-11 06:31:47
13,501,1,2026-03-19 00:27:20,2026-07-11 06:31:47
35,502,1,2023-10-18 10:59:31,2024-07-14 10:32:38
28,502,1,2023-10-18 10:59:31,2024-07-14 10:32:38
28,503,1,2023-09-07 23:51:44,2026-03-03 04:26:25
29,503,1,2023-09-07 23:51:44,2026-03-03 04:26:25
0,504,1,2025-07-16 05:18:42,2025-08-24 17:19:32
97,504,1,2025-07-16 05:18:42,2025-08-24 17:19:32
96,504,1,2025-07-16 05:18:42,2025-08-24 17:19:32
0,505,1,2025-03-27 04:08:52,2025-09-14 00:32:12
0,506,1,2023-05-23 19:58:43,2024-11-16 14:39:53
24,507,1,2026-03-15 05:02:16,2026-07-13 06:26:03
19,507,1,2026-03-15 05:02:16,2026-07-13 06:26:03
20,507,1,2026-03-15 05:02:16,2026-07-13 06:26:03
28,508,1,2024-01-09 08:49:05,2026-08-19 17:15:11
29,508,1,2024-01-09 08:49:05,2026-08-19 17:15:11
0,509,1,2024-08-22 10:29:51,2025-03-09 17:41:31
96,510,1,2025-01-26 05:23:42,2025-03-01 06:50:57
97,510,1,2025-01-26 05:23:42,2025-03-01 06:50:57
35,510,1,2025-01-26 05:23:42,2025-03-01 06:50:57
28,510,1,2025-01-26 05:23:42,2025-03-01 06:50:57
1,511,0,2025-04-08 07:21:14,2025-04-14 00:00:21
2,511,0,2025-04-08 07:21:14,2025-04-14 00:00:21
14,511,0,2025-04-08 07:21:14,2025-04-14 00:00:21
96,512,0,2026-07-11 09:59:23,2026-08-22 16:10:01
99,512,0,2026-07-11 09:59:23,2026-08-22 16:10:01
19,512,0,2026-07-11 09:59:23,2026-08-22 16:10:01
20,512,0,2026-07-11 09:59:23,2026-08-22 16:10:01
24,512,0,2026-07-11 09:59:23,2026-08-22 16:10:01
24,513,1,2023-04-24 18:53:04,2023-07-18 02:08:41
19,513,1,2023-04-24 18:53:04,2023-07-18 02:08:41
20,513,1,2023-04-24 18:53:04,2023-07-18 02:08:41
0,514,1,2024-09-25 05:39:05,2025-07-23 15:06:12
0,515,1,2025-04-10 20:04:14,2025-04-15 10:02:04
0,516,1,2024-03-26 05:53:29,2025-07-07 09:03:36
97,516,1,2024-03-26 05:53:29,2025-07-07 09:03:36
96,516,1,2024-03-26 05:53:29,2025-07-07 09:03:36
0,517,1,2025-01-06 07:32:29,2025-05-07 17:37:19
35,518,0,2024-04-03 05:35:39,2024-11-13 01:07:10
28,518,0,2024-04-03 05:35:39,2024-11-13 01:07:10
1,519,0,2025-07-15 20:54:23,2026-05-17 23:07:18
2,519,0,2025-07-15 20:54:23,2026-05-17 23:07:18
14,519,0,2025-07-15 20:54:23,2026-05-17 23:07:18
99,520,1,2023-11-25 22:07:31,2025-08-27 22:59:59
35,520,1,2023-11-25 22:07:31,2025-08-27 22:59:59
28,520,1,2023-11-25 22:07:31,2025-08-27 22:59:59
96,520,1,2023-11-25 22:07:31,2025-08-27 22:59:59
28,521,1,2023-06-28 01:26:17,2024-04-04 18:57:13
29,521,1,2023-06-28 01:26:17,2024-04-04 18:57:13
32,522,1,2025-11-09 10:14:28,2025-12-05 14:06:27
97,522,1,2025-11-09 10:14:28,2025-12-05 14:06:27
28,522,1,2025-11-09 10:14:28,2025-12-05 14:06:27
96,522,1,2025-11-09 10:14:28,2025-12-05 14:06:27
0,523,1,2025-11-08 19:42:45,2026-07-21 09:09:48
0,524,1,2024-12-01 01:17:59,2025-08-13 02:06:51
0,525,1,2024-10-27 08:27:25,2025-03-07 08:07:31
1,526,1,2024-03-05 19:22:18,2025-09-15 05:58:52
2,526,1,2024-03-05 19:22:18,2025-09-15 05:58:52
13,526,1,2024-03-05 19:22:18,2025-09-15 05:58:52
33,527,1,2025-01-26 11:36:32,2026-03-30 23:31:01
28,527,1,2025-01-26 11:36:32,2026-03-30 23:31:01
96,528,0,2023-11-02 03:30:47,2024-12-15 01:36:43
1,528,0,2023-11-02 03:30:47,2024-12-15 01:36:43
4,528,0,2023-11-02 03:30:47,2024-12-15 01:36:43
97,528,0,2023-11-02 03:30:47,2024-12-15 01:36:43
24,529,1,2026-04-09 21:51:50,2026-08-02 11:37:56
19,529,1,2026-04-09 21:51:50,2026-08-02 11:37:56
20,529,1,2026-04-09 21:51:50,2026-08-02 11:37:56
24,530,1,2025-10-12 19:27:44,2026-08-09 20:49:27
19,530,1,2025-10-12 19:27:44,2026-08-09 20:49:27
20,530,1,2025-10-12 19:27:44,2026-08-09 20:49:27
33,531,0,2023-05-21 16:05:55,2025-01-27 01:19:17
28,531,0,2023-05-21 16:05:55,2025-01-27 01:19:17
0,532,0,2025-11-28 19:23:43,2026-02-01 05:10:09
28,533,1,2026-02-17 05:04:44,2026-08-23 23:39:26
29,533,1,2026-02-17 05:04:44,2026-08-23 23:39:26
0,534,1,2023-12-30 12:50:54,2024-03-06 00:51:45
97,534,1,2023-12-30 12:50:54,2024-03-06 00:51:45
96,534,1,2023-12-30 12:50:54,2024-03-06 00:51:45
28,535,1,2023-03-03 23:45:17,2025-12-05 10:30:35
31,535,1,2023-03-03 23:45:17,2025-12-05 10:30:35
96,536,0,2025-04-25 14:50:28,2026-07-12 11:23:48
1,536,0,2025-04-25 14:50:28,2026-07-12 11:23:48
99,536,0,2025-04-25 14:50:28,2026-07-12 11:23:48
3,536,0,2025-04-25 14:50:28,2026-07-12 11:23:48
7,536,0,2025-04-25 14:50:28,2026-07-12 11:23:48
15,536,0,2025-04-25 14:50:28,2026-07-12 11:23:48
0,537,1,2025-03-13 03:44:07,2026-01-22 09:10:56
0,538,0,2023-08-04 21:06:50,2025-06-18 05:43:34
0,539,1,2024-07-16 16:39:00,2025-01-16 12:19:13
0,540,1,2023-11-24 07:36:45,2026-05-30 01:53:37
97,540,1,2023-11-24 07:36:45,2026-05-30 01:53:37
96,540,1,2023-11-24 07:36:45,2026-05-30 01:53:37
0,541,0,2023-09-08 07:19:47,2024-04-04 14:12:22
28,542,1,2025-03-13 13:45:39,2026-01-22 12:00:51
29,542,1,2025-03-13 13:45:39,2026-01-22 12:00:51
0,543,1,2025-07-31 04:55:27,2026-08-01 08:42:28
0,544,0,2026-06-28 12:42:41,2026-09-11 01:05:34
99,544,0,2026-06-28 12:42:41,2026-09-11 01:05:34
96,544,0,2026-06-28 12:42:41,2026-09-11 01:05:34
0,545,1,2025-07-15 16:22:32,2025-09-07 03:42:00
0,546,0,2025-11-29 03:04:55,2026-05-11 03:51:18
97,546,0,2025-11-29 03:04:55,2026-05-11 03:51:18
96,546,0,2025-11-29 03:04:55,2026-05-11 03:51:18
33,547,1,2026-05-02 16:43:33,2026-08-13 21:22:08
28,547,1,2026-05-02 16:43:33,2026-08-13 21:22:08
28,548,0,2025-04-17 18:02:19,2025-04-18 16:24:43
29,548,0,2025-04-17 18:02:19,2025-04-18 16:24:43
26,549,1,2026-05-31 07:55:09,2026-09-01 22:46:38
19,549,1,2026-05-31 07:55:09,2026-09-01 22:46:38
21,549,1,2026-05-31 07:55:09,2026-09-01 22:46:38
19,550,1,2026-04-04 17:17:20,2026-05-19 20:52:38
27,550,1,2026-04-04 17:17:20,2026-05-19 20:52:38
22,550,1,2026-04-04 17:17:20,2026-05-19 20:52:38
24,551,1,2025-06-16 20:55:21,2026-07-27 17:47:09
19,551,1,2025-06-16 20:55:21,2026-07-27 17:47:09
20,551,1,2025-06-16 20:55:21,2026-07-27 17:47:09
96,552,1,2024-07-16 18:23:48,2024-12-29 08:06:25
1,552,1,2024-07-16 18:23:48,2024-12-29 08:06:25
4,552,1,2024-07-16 18:23:48,2024-12-29 08:06:25
97,552,1,2024-07-16 18:23:48,2024-12-29 08:06:25
33,553,0,2024-07-22 00:11:59,2025-09-23 01:50:28
28,553,0,2024-07-22 00:11:59,2025-09-23 01:50:28
19,554,0,2025-01-21 11:53:09,2025-08-06 14:38:38
27,554,0,2025-01-21 11:53:09,2025-08-06 14:38:38
22,554,0,2025-01-21 11:53:09,2025-08-06 14:38:38
1,555,1,2026-03-07 16:32:02,2026-04-21 07:20:44
2,555,1,2026-03-07 16:32:02,2026-04-21 07:20:44
14,555,1,2026-03-07 16:32:02,2026-04-21 07:20:44
0,556,1,2026-05-29 01:59:28,2026-09-12 23:51:44
0,557,1,2026-07-02 21:11:18,2026-07-16 23:49:41
96,558,1,2023-05-05 08:05:51,2025-12-06 10:20:21
97,558,1,2023-05-05 08:05:51,2025-12-06 10:20:21
19,558,1,2023-05-05 08:05:51,2025-12-06 10:20:21
20,558,1,2023-05-05 08:05:51,2025-12-06 10:20:21
24,558,1,2023-05-05 08:05:51,2025-12-06 10:20:21
0,559,1,2026-04-16 18:12:48,2026-05-20 19:02:09
0,560,0,2025-03-04 02:36:12,2026-04-08 18:03:58
99,560,0,2025-03-04 02:36:12,2026-04-08 18:03:58
96,560,0,2025-03-04 02:36:12,2026-04-08 18:03:58
0,561,1,2023-09-02 13:57:58,2024-01-15 11:42:02
0,562,0,2023-01-24 20:54:19,2026-03-14 15:28:50
24,563,0,2024-06-24 17:55:53,2025-12-16 12:44:29
19,563,0,2024-06-24 17:55:53,2025-12-16 12:44:29
20,563,0,2024-06-24 17:55:53,2025-12-16 12:44:29
0,564,1,2024-02-10 14:47:36,2024-11-08 12:33:47
97,564,1,2024-02-10 14:47:36,2024-11-08 12:33:47
96,564,1,2024-02-10 14:47:36,2024-11-08 12:33:47
26,565,1,2026-06-01 07:51:23,2026-09-08 23:56:44
19,565,1,2026-06-01 07:51:23,2026-09-08 23:56:44
21,565,1,2026-06-01 07:51:23,2026-09-08 23:56:44
24,566,1,2025-05-24 20:26:50,2026-06-04 11:57:42
19,566,1,2025-05-24 20:26:50,2026-06-04 11:57:42
20,566,1,2025-05-24 20:26:50,2026-06-04 11:57:42
0,567,0,2026-09-01 02:33:26,2026-09-01 18:29:24
0,568,1,2026-05-28 00:10:44,2026-07-28 07:35:26
99,568,1,2026-05-28 00:10:44,2026-07-28 07:35:26
96,568,1,2026-05-28 00:10:44,2026-07-28 07:35:26
26,569,1,2024-03-22 06:55:55,2024-08-13 18:34:29
19,569,1,2024-03-22 06:55:55,2024-08-13 18:34:29
21,569,1,2024-03-22 06:55:55,2024-08-13 18:34:29
96,570,1,2025-06-10 05:33:24,2026-01-05 05:29:34
97,570,1,2025-06-10 05:33:24,2026-01-05 05:29:34
19,570,1,2025-06-10 05:33:24,2026-01-05 05:29:34
22,570,1,2025-06-10 05:33:24,2026-01-05 05:29:34
27,570,1,2025-06-10 05:33:24,2026-01-05 05:29:34
0,571,1,2023-11-18 05:15:58,2024-11-08 06:44:32
28,572,1,2023-05-02 22:13:43,2026-03-17 18:19:50
31,572,1,2023-05-02 22:13:43,2026-03-17 18:19:50
0,573,0,2024-05-04 23:35:40,2026-06-08 19:22:26
32,574,0,2024-03-11 09:05:49,2025-11-19 11:07:11
28,574,0,2024-03-11 09:05:49,2025-11-19 11:07:11
0,575,1,2025-04-20 01:17:25,2025-05-15 08:18:07
96,576,0,2024-12-15 16:40:29,2025-08-17 20:50:26
97,576,0,2024-12-15 16:40:29,2025-08-17 20:50:26
28,576,0,2024-12-15 16:40:29,2025-08-17 20:50:26
29,576,0,2024-12-15 16:40:29,2025-08-17 20:50:26
1,577,1,2023-10-18 17:32:55,2026-02-16 21:28:28
2,577,1,2023-10-18 17:32:55,2026-02-16 21:28:28
13,577,1,2023-10-18 17:32:55,2026-02-16 21:28:28
0,578,1,2023-11-24 01:13:11,2025-09-05 02:08:13
0,579,0,2025-12-01 16:22:40,2026-02-28 10:46:27
1,580,1,2023-11-01 13:45:59,2024-06-15 03:12:53
4,580,1,2023-11-01 13:45:59,2024-06-15 03:12:53
33,581,0,2025-04-09 12:18:49,2025-12-10 17:53:45
28,581,0,2025-04-09 12:18:49,2025-12-10 17:53:45
0,582,1,2023-04-04 06:19:06,2024-03-03 23:31:20
97,582,1,2023-04-04 06:19:06,2024-03-03 23:31:20
96,582,1,2023-04-04 06:19:06,2024-03-03 23:31:20
0,583,0,2025-05-16 00:47:20,2025-12-02 04:56:29
0,584,0,2023-11-06 01:41:45,2026-04-20 04:21:45
99,584,0,2023-11-06 01:41:45,2026-04-20 04:21:45
96,584,0,2023-11-06 01:41:45,2026-04-20 04:21:45
32,585,0,2025-01-27 07:05:02,2026-08-22 08:55:36
28,585,0,2025-01-27 07:05:02,2026-08-22 08:55:36
24,586,1,2026-09-10 18:59:29,2026-09-12 19:48:04
19,586,1,2026-09-10 18:59:29,2026-09-12 19:48:04
20,586,1,2026-09-10 18:59:29,2026-09-12 19:48:04
1,587,1,2023-09-09 15:46:43,2025-02-24 11:03:55
3,587,1,2023-09-09 15:46:43,2025-02-24 11:03:55
7,587,1,2023-09-09 15:46:43,2025-02-24 11:03:55
15,587,1,2023-09-09 15:46:43,2025-02-24 11:03:55
0,588,1,2024-02-26 08:51:43,2026-01-17 11:52:33
97,588,1,2024-02-26 08:51:43,2026-01-17 11:52:33
96,588,1,2024-02-26 08:51:43,2026-01-17 11:52:33
0,589,1,2023-07-14 05:49:32,2026-08-17 19:08:52
0,590,1,2023-05-29 10:30:03,2023-09-05 12:51:13
0,591,1,2024-02-12 16:55:46,2024-10-10 21:58:38
96,592,1,2025-08-31 04:53:34,2025-10-19 07:08:07
99,592,1,2025-08-31 04:53:34,2025-10-19 07:08:07
19,592,1,2025-08-31 04:53:34,2025-10-19 07:08:07
20,592,1,2025-08-31 04:53:34,2025-10-19 07:08:07
24,592,1,2025-08-31 04:53:34,2025-10-19 07:08:07
33,593,1,2026-09-04 13:14:42,2026-09-16 02:37:30
28,593,1,2026-09-04 13:14:42,2026-09-16 02:37:30
0,594,0,2023-10-03 00:24:15,2026-04-07 20:10:39
97,594,0,2023-10-03 00:24:15,2026-04-07 20:10:39
96,594,0,2023-10-03 00:24:15,2026-04-07 20:10:39
0,595,0,2023-12-19 19:57:43,2024-05-06 22:46:40
0,596,1,2025-03-23 22:38:36,2025-07-07 19:28:04
0,597,1,2024-04-10 10:17:23,2024-04-24 14:46:39
26,598,1,2023-10-20 22:26:08,2025-07-21 13:03:40
19,598,1,2023-10-20 22:26:08,2025-07-21 13:03:40
21,598,1,2023-10-20 22:26:08,2025-07-21 13:03:40
35,599,1,2026-07-10 21:59:30,2026-08-16 15:37:47
28,599,1,2026-07-10 21:59:30,2026-08-16 15:37:47
0,600,0,2026-06-08 12:34:33,2026-07-31 07:33:32
97,600,0,2026-06-08 12:34:33,2026-07-31 07:33:32
96,600,0,2026-06-08 12:34:33,2026-07-31 07:33:32
1,601,1,2023-10-11 08:37:57,2024-05-10 14:20:44
2,601,1,2023-10-11 08:37:57,2024-05-10 14:20:44
14,601,1,2023-10-11 08:37:57,2024-05-10 14:20:44
1,602,1,2023-10-19 17:17:52,2025-02-28 19:45:44
2,602,1,2023-10-19 17:17:52,2025-02-28 19:45:44
14,602,1,2023-10-19 17:17:52,2025-02-28 19:45:44
1,603,1,2024-02-23 04:19:19,2024-09-04 10:07:16
2,603,1,2024-02-23 04:19:19,2024-09-04 10:07:16
13,603,1,2024-02-23 04:19:19,2024-09-04 10:07:16
0,604,1,2024-06-15 03:26:06,2026-03-29 23:13:50
1,605,1,2023-05-05 14:56:01,2026-07-14 14:11:44
2,605,1,2023-05-05 14:56:01,2026-07-14 14:11:44
14,605,1,2023-05-05 14:56:01,2026-07-14 14:11:44
96,606,1,2023-10-26 13:26:52,2024-11-18 01:05:09
33,606,1,2023-10-26 13:26:52,2024-11-18 01:05:09
28,606,1,2023-10-26 13:26:52,2024-11-18 01:05:09
97,606,1,2023-10-26 13:26:52,2024-11-18 01:05:09
19,607,1,2024-01-19 22:52:27,2024-03-12 00:13:42
27,607,1,2024-01-19 22:52:27,2024-03-12 00:13:42
22,607,1,2024-01-19 22:52:27,2024-03-12 00:13:42
96,608,1,2024-05-16 20:40:07,2025-01-18 06:07:53
99,608,1,2024-05-16 20:40:07,2025-01-18 06:07:53
28,608,1,2024-05-16 20:40:07,2025-01-18 06:07:53
31,608,1,2024-05-16 20:40:07,2025-01-18 06:07:53
0,609,1,2023-11-05 16:57:14,2025-05-18 14:38:00
0,610,1,2023-09-17 23:38:46,2024-11-19 21:24:06
32,611,0,2026-05-02 02:04:26,2026-09-13 05:12:31
28,611,0,2026-05-02 02:04:26,2026-09-13 05:12:31
0,612,1,2025-02-15 14:20:20,2025-04-27 14:11:14
97,612,1,2025-02-15 14:20:20,2025-04-27 14:11:14
96,612,1,2025-02-15 14:20:20,2025-04-27 14:11:14
0,613,0,2026-05-14 12:00:01,2026-06-04 08:28:54
33,614,1,2023-02-03 04:05:28,2026-01-08 21:11:34
28,614,1,2023-02-03 04:05:28,2026-01-08 21:11:34
19,615,0,2024-04-02 19:45:23,2026-07-24 22:20:57
27,615,0,2024-04-02 19:45:23,2026-07-24 22:20:57
22,615,0,2024-04-02 19:45:23,2026-07-24 22:20:57
0,616,1,2026-09-09 20:46:40,2026-09-16 14:17:36
99,616,1,2026-09-09 20:46:40,2026-09-16 14:17:36
96,616,1,2026-09-09 20:46:40,2026-09-16 14:17:36
0,617,0,2024-07-24 06:57:13,2026-06-29 16:14:42
96,618,1,2026-04-20 11:59:40,2026-08-18 22:19:24
1,618,1,2026-04-20 11:59:40,2026-08-18 22:19:24
2,618,1,2026-04-20 11:59:40,2026-08-18 22:19:24
97,618,1,2026-04-20 11:59:40,2026-08-18 22:19:24
13,618,1,2026-04-20 11:59:40,2026-08-18 22:19:24
0,619,1,2026-04-04 12:38:10,2026-07-20 14:39:44
33,620,1,2025-03-23 18:19:47,2026-08-17 12:56:55
28,620,1,2025-03-23 18:19:47,2026-08-17 12:56:55
24,621,1,2023-06-03 09:48:02,2023-07-22 20:01:47
19,621,1,2023-06-03 09:48:02,2023-07-22 20:01:47
20,621,1,2023-06-03 09:48:02,2023-07-22 20:01:47
32,622,0,2024-02-02 14:04:48,2024-04-18 20:07:29
28,622,0,2024-02-02 14:04:48,2024-04-18 20:07:29
0,623,1,2025-10-15 16:06:29,2026-04-24 12:20:21
96,624,1,2026-07-03 11:38:07,2026-09-01 09:11:38
97,624,1,2026-07-03 11:38:07,2026-09-01 09:11:38
19,624,1,2026-07-03 11:38:07,2026-09-01 09:11:38
20,624,1,2026-07-03 11:38:07,2026-09-01 09:11:38
24,624,1,2026-07-03 11:38:07,2026-09-01 09:11:38
0,625,1,2025-03-17 23:48:53,2025-06-01 10:14:55
1,626,1,2025-06-04 12:10:18,2025-10-21 11:04:12
4,626,1,2025-06-04 12:10:18,2025-10-21 11:04:12
35,627,1,2025-11-13 18:54:19,2026-05-10 22:29:27
28,627,1,2025-11-13 18:54:19,2026-05-10 22:29:27
26,628,1,2025-10-18 10:33:55,2025-12-18 20:52:36
19,628,1,2025-10-18 10:33:55,2025-12-18 20:52:36
21,628,1,2025-10-18 10:33:55,2025-12-18 20:52:36
35,629,1,2024-10-02 13:16:19,2026-05-19 02:42:03
28,629,1,2024-10-02 13:16:19,2026-05-19 02:42:03
96,630,1,2026-04-04 11:40:17,2026-07-20 07:58:10
97,630,1,2026-04-04 11:40:17,2026-07-20 07:58:10
19,630,1,2026-04-04 11:40:17,2026-07-20 07:58:10
21,630,1,2026-04-04 11:40:17,2026-07-20 07:58:10
26,630,1,2026-04-04 11:40:17,2026-07-20 07:58:10
0,631,1,2025-07-14 11:38:53,2025-07-27 03:32:51
96,632,1,2023-02-03 17:05:08,2026-05-17 05:33:01
99,632,1,2023-02-03 17:05:08,2026-05-17 05:33:01
28,632,1,2023-02-03 17:05:08,2026-05-17 05:33:01
29,632,1,2023-02-03 17:05:08,2026-05-17 05:33:01
24,633,1,2023-08-31 12:05:41,2024-04-02 12:19:34
19,633,1,2023-08-31 12:05:41,2024-04-02 12:19:34
20,633,1,2023-08-31 12:05:41,2024-04-02 12:19:34
0,634,1,2025-06-05 05:18:10,2026-04-11 18:04:56
24,635,1,2023-09-26 14:16:19,2025-10-24 02:32:07
19,635,1,2023-09-26 14:16:19,2025-10-24 02:32:07
20,635,1,2023-09-26 14:16:19,2025-10-24 02:32:07
32,636,0,2024-08-15 17:04:12,2024-10-15 15:59:40
97,636,0,2024-08-15 17:04:12,2024-10-15 15:59:40
28,636,0,2024-08-15 17:04:12,2024-10-15 15:59:40
96,636,0,2024-08-15 17:04:12,2024-10-15 15:59:40
24,637,1,2026-09-13 03:59:29,2026-09-14 13:00:34
19,637,1,2026-09-13 03:59:29,2026-09-14 13:00:34
20,637,1,2026-09-13 03:59:29,2026-09-14 13:00:34
24,638,1,2024-05-11 00:59:00,2026-08-27 19:01:21
19,638,1,2024-05-11 00:59:00,2026-08-27 19:01:21
20,638,1,2024-05-11 00:59:00,2026-08-27 19:01:21
32,639,1,2024-11-23 05:46:38,2026-06-30 23:44:08
28,639,1,2024-11-23 05:46:38,2026-06-30 23:44:08
0,640,1,2023-08-18 22:18:08,2024-03-11 06:40:01
99,640,1,2023-08-18 22:18:08,2024-03-11 06:40:01
96,640,1,2023-08-18 22:18:08,2024-03-11 06:40:01
1,641,1,2024-09-11 02:09:53,2025-10-05 20:49:32
3,641,1,2024-09-11 02:09:53,2025-10-05 20:49:32
7,641,1,2024-09-11 02:09:53,2025-10-05 20:49:32
15,641,1,2024-09-11 02:09:53,2025-10-05 20:49:32
96,642,1,2024-09-06 02:33:11,2026-01-25 17:20:42
97,642,1,2024-09-06 02:33:11,2026-01-25 17:20:42
19,642,1,2024-09-06 02:33:11,2026-01-25 17:20:42
21,642,1,2024-09-06 02:33:11,2026-01-25 17:20:42
26,642,1,2024-09-06 02:33:11,2026-01-25 17:20:42
32,643,1,2024-05-17 09:39:35,2024-10-03 13:59:25
28,643,1,2024-05-17 09:39:35,2024-10-03 13:59:25
1,644,1,2025-07-11 13:20:41,2025-07-30 08:35:33
4,644,1,2025-07-11 13:20:41,2025-07-30 08:35:33
1,645,1,2026-06-24 23:39:36,2026-07-17 15:43:48
2,645,1,2026-06-24 23:39:36,2026-07-17 15:43:48
14,645,1,2026-06-24 23:39:36,2026-07-17 15:43:48
28,646,1,2025-08-22 16:38:56,2025-12-15 09:32:56
31,646,1,2025-08-22 16:38:56,2025-12-15 09:32:56
1,647,1,2024-05-30 13:15:39,2025-04-20 05:42:04
2,647,1,2024-05-30 13:15:39,2025-04-20 05:42:04
14,647,1,2024-05-30 13:15:39,2025-04-20 05:42:04
96,648,1,2025-12-15 18:07:49,2026-09-13 03:00:03
97,648,1,2025-12-15 18:07:49,2026-09-13 03:00:03
35,648,1,2025-12-15 18:07:49,2026-09-13 03:00:03
28,648,1,2025-12-15 18:07:49,2026-09-13 03:00:03
1,649,1,2023-11-08 18:29:28,2026-06-25 17:53:16
2,649,1,2023-11-08 18:29:28,2026-06-25 17:53:16
13,649,1,2023-11-08 18:29:28,2026-06-25 17:53:16
0,650,1,2025-10-26 21:44:48,2026-07-10 06:19:41
0,651,1,2023-12-26 02:35:26,2025-08-08 12:09:36
28,652,1,2023-10-17 14:08:38,2024-08-21 12:44:55
29,652,1,2023-10-17 14:08:38,2024-08-21 12:44:55
28,653,0,2024-04-18 16:31:19,2025-09-18 20:53:57
29,653,0,2024-04-18 16:31:19,2025-09-18 20:53:57
0,654,1,2024-01-02 22:21:06,2026-02-19 14:21:38
97,654,1,2024-01-02 22:21:06,2026-02-19 14:21:38
96,654,1,2024-01-02 22:21:06,2026-02-19 14:21:38
0,655,1,2025-05-12 01:38:18,2025-12-15 16:49:48
0,656,0,2025-11-19 05:28:54,2026-07-15 01:54:51
99,656,0,2025-11-19 05:28:54,2026-07-15 01:54:51
96,656,0,2025-11-19 05:28:54,2026-07-15 01:54:51
0,657,0,2024-05-26 12:37:29,2026-04-24 06:51:56
35,658,1,2026-09-01 23:35:56,2026-09-05 08:03:12
28,658,1,2026-09-01 23:35:56,2026-09-05 08:03:12
1,659,1,2025-10-16 10:05:34,2026-05-23 18:49:23
2,659,1,2025-10-16 10:05:34,2026-05-23 18:49:23
14,659,1,2025-10-16 10:05:34,2026-05-23 18:49:23
0,660,1,2026-02-03 11:29:23,2026-02-14 22:17:39
97,660,1,2026-02-03 11:29:23,2026-02-14 22:17:39
96,660,1,2026-02-03 11:29:23,2026-02-14 22:17:39
1,661,1,2023-08-25 01:22:10,2024-06-12 00:02:31
3,661,1,2023-08-25 01:22:10,2024-06-12 00:02:31
7,661,1,2023-08-25 01:22:10,2024-06-12 00:02:31
15,661,1,2023-08-25 01:22:10,2024-06-12 00:02:31
1,662,1,2025-07-15 09:56:17,2026-01-11 18:08:03
4,662,1,2025-07-15 09:56:17,2026-01-11 18:08:03
0,663,1,2025-02-19 08:01:04,2026-06-04 00:39:43
0,664,1,2023-10-28 05:14:55,2024-10-13 17:19:11
99,664,1,2023-10-28 05:14:55,2024-10-13 17:19:11
96,664,1,2023-10-28 05:14:55,2024-10-13 17:19:11
0,665,1,2026-03-23 03:57:32,2026-05-01 21:17:14
96,666,1,2024-01-19 08:46:06,2025-11-13 13:11:58
97,666,1,2024-01-19 08:46:06,2025-11-13 13:11:58
19,666,1,2024-01-19 08:46:06,2025-11-13 13:11:58
20,666,1,2024-01-19 08:46:06,2025-11-13 13:11:58
24,666,1,2024-01-19 08:46:06,2025-11-13 13:11:58
19,667,0,2026-02-27 09:12:28,2026-03-14 08:09:55
27,667,0,2026-02-27 09:12:28,2026-03-14 08:09:55
22,667,0,2026-02-27 09:12:28,2026-03-14 08:09:55
28,668,0,2025-04-15 13:12:54,2026-02-16 19:56:31
29,668,0,2025-04-15 13:12:54,2026-02-16 19:56:31
0,669,1,2024-04-18 02:36:05,2025-07-06 06:16:11
0,670,1,2024-12-21 03:28:33,2026-05-06 23:40:51
0,671,0,2023-07-30 04:35:54,2025-03-31 19:11:15
96,672,1,2024-12-07 07:49:07,2025-02-15 08:53:21
97,672,1,2024-12-07 07:49:07,2025-02-15 08:53:21
19,672,1,2024-12-07 07:49:07,2025-02-15 08:53:21
21,672,1,2024-12-07 07:49:07,2025-02-15 08:53:21
26,672,1,2024-12-07 07:49:07,2025-02-15 08:53:21
0,673,1,2025-09-11 23:55:59,2026-01-30 22:48:38
24,674,1,2026-04-08 10:49:15,2026-05-11 15:12:09
19,674,1,2026-04-08 10:49:15,2026-05-11 15:12:09
20,674,1,2026-04-08 10:49:15,2026-05-11 15:12:09
1,675,1,2024-10-13 19:08:21,2025-06-10 01:50:05
3,675,1,2024-10-13 19:08:21,2025-06-10 01:50:05
7,675,1,2024-10-13 19:08:21,2025-06-10 01:50:05
15,675,1,2024-10-13 19:08:21,2025-06-10 01:50:05
1,676,1,2023-01-06 11:42:57,2025-08-30 14:26:49
2,676,1,2023-01-06 11:42:57,2025-08-30 14:26:49
14,676,1,2023-01-06 11:42:57,2025-08-30 14:26:49
0,677,0,2025-02-05 13:46:32,2025-08-09 08:08:58
96,678,0,2023-01-11 05:03:36,2024-01-26 08:37:41
97,678,0,2023-01-11 05:03:36,2024-01-26 08:37:41
28,678,0,2023-01-11 05:03:36,2024-01-26 08:37:41
31,678,0,2023-01-11 05:03:36,2024-01-26 08:37:41
35,679,1,2025-10-11 19:55:38,2026-02-24 09:01:40
28,679,1,2025-10-11 19:55:38,2026-02-24 09:01:40
0,680,1,2023-06-19 03:37:32,2025-03-27 20:54:22
99,680,1,2023-06-19 03:37:32,2025-03-27 20:54:22
96,680,1,2023-06-19 03:37:32,2025-03-27 20:54:22
0,681,0,2024-07-13 12:48:21,2024-09-07 05:01:10
24,682,1,2026-03-24 04:46:00,2026-06-15 04:14:24
19,682,1,2026-03-24 04:46:00,2026-06-15 04:14:24
20,682,1,2026-03-24 04:46:00,2026-06-15 04:14:24
35,683,1,2024-05-26 09:47:00,2026-08-23 03:44:00
28,683,1,2024-05-26 09:47:00,2026-08-23 03:44:00
96,684,0,2026-02-07 14:15:03,2026-09-01 00:23:26
97,684,0,2026-02-07 14:15:03,2026-09-01 00:23:26
19,684,0,2026-02-07 14:15:03,2026-09-01 00:23:26
21,684,0,2026-02-07 14:15:03,2026-09-01 00:23:26
26,684,0,2026-02-07 14:15:03,2026-09-01 00:23:26
24,685,1,2024-02-08 08:49:40,2026-05-04 12:49:56
19,685,1,2024-02-08 08:49:40,2026-05-04 12:49:56
20,685,1,2024-02-08 08:49:40,2026-05-04 12:49:56
32,686,1,2025-02-04 01:53:48,2025-06-23 19:36:37
28,686,1,2025-02-04 01:53:48,2025-06-23 19:36:37
0,687,1,2026-02-19 14:48:49,2026-05-11 03:16:37
0,688,1,2023-01-18 13:11:33,2025-10-09 17:10:27
99,688,1,2023-01-18 13:11:33,2025-10-09 17:10:27
96,688,1,2023-01-18 13:11:33,2025-10-09 17:10:27
28,689,0,2024-05-18 04:45:21,2024-05-27 17:20:45
31,689,0,2024-05-18 04:45:21,2024-05-27 17:20:45
96,690,1,2026-07-16 12:48:10,2026-08-02 14:02:53
1,690,1,2026-07-16 12:48:10,2026-08-02 14:02:53
4,690,1,2026-07-16 12:48:10,2026-08-02 14:02:53
97,690,1,2026-07-16 12:48:10,2026-08-02 14:02:53
28,691,1,2025-09-29 23:39:34,2025-11-21 16:58:38
31,691,1,2025-09-29 23:39:34,2025-11-21 16:58:38
0,692,1,2026-02-27 13:33:44,2026-03-21 07:43:39
28,693,1,2025-06-15 22:56:39,2026-02-28 14:38:23
29,693,1,2025-06-15 22:56:39,2026-02-28 14:38:23
0,694,0,2026-08-01 15:09:49,2026-08-09 16:31:55
32,695,1,2025-12-31 14:13:44,2026-05-02 17:34:32
28,695,1,2025-12-31 14:13:44,2026-05-02 17:34:32
0,696,1,2026-07-12 12:24:56,2026-08-10 21:35:29
97,696,1,2026-07-12 12:24:56,2026-08-10 21:35:29
96,696,1,2026-07-12 12:24:56,2026-08-10 21:35:29
28,697,1,2023-05-24 20:31:54,2025-04-13 05:37:44
31,697,1,2023-05-24 20:31:54,2025-04-13 05:37:44
28,698,1,2026-02-11 19:22:55,2026-09-03 03:56:53
29,698,1,2026-02-11 19:22:55,2026-09-03 03:56:53
1,699,0,2025-11-17 05:50:56,2026-01-07 18:51:44
2,699,0,2025-11-17 05:50:56,2026-01-07 18:51:44
14,699,0,2025-11-17 05:50:56,2026-01-07 18:51:44
28,700,1,2023-01-07 09:13:37,2024-05-04 11:27:02
31,700,1,2023-01-07 09:13:37,2024-05-04 11:27:02
0,701,1,2023-06-10 03:57:07,2025-08-26 20:29:44
96,702,1,2023-11-08 13:15:05,2024-09-02 15:52:23
1,702,1,2023-11-08 13:15:05,2024-09-02 15:52:23
2,702,1,2023-11-08 13:15:05,2024-09-02 15:52:23
97,702,1,2023-11-08 13:15:05,2024-09-02 15:52:23
14,702,1,2023-11-08 13:15:05,2024-09-02 15:52:23
1,703,1,2023-09-02 15:52:37,2024-10-31 17:47:58
2,703,1,2023-09-02 15:52:37,2024-10-31 17:47:58
14,703,1,2023-09-02 15:52:37,2024-10-31 17:47:58
96,704,0,2024-05-09 17:58:41,2025-07-04 19:31:58
1,704,0,2024-05-09 17:58:41,2025-07-04 19:31:58
99,704,0,2024-05-09 17:58:41,2025-07-04 19:31:58
4,704,0,2024-05-09 17:58:41,2025-07-04 19:31:58
33,705,0,2024-06-10 05:06:04,2026-04-30 09:29:02
28,705,0,2024-06-10 05:06:04,2026-04-30 09:29:02
0,706,1,2024-10-24 11:47:43,2025-08-24 21:39:11
0,707,1,2026-06-23 20:26:45,2026-07-13 02:09:43
96,708,1,2023-06-01 02:13:38,2025-05-08 19:38:10
97,708,1,2023-06-01 02:13:38,2025-05-08 19:38:10
35,708,1,2023-06-01 02:13:38,2025-05-08 19:38:10
28,708,1,2023-06-01 02:13:38,2025-05-08 19:38:10
1,709,0,2024-02-05 20:54:15,2025-08-23 11:16:40
2,709,0,2024-02-05 20:54:15,2025-08-23 11:16:40
14,709,0,2024-02-05 20:54:15,2025-08-23 11:16:40
19,710,1,2025-01-08 09:44:58,2025-04-06 02:07:00
27,710,1,2025-01-08 09:44:58,2025-04-06 02:07:00
22,710,1,2025-01-08 09:44:58,2025-04-06 02:07:00
0,711,0,2025-06-11 17:33:30,2025-09-18 16:21:16
96,712,1,2026-05-15 23:58:00,2026-07-13 15:56:21
99,712,1,2026-05-15 23:58:00,2026-07-13 15:56:21
28,712,1,2026-05-15 23:58:00,2026-07-13 15:56:21
29,712,1,2026-05-15 23:58:00,2026-07-13 15:56:21
35,713,0,2023-09-05 00:42:21,2025-09-23 08:56:11
28,713,0,2023-09-05 00:42:21,2025-09-23 08:56:11
96,714,0,2026-05-08 01:40:10,2026-07-13 12:26:27
97,714,0,2026-05-08 01:40:10,2026-07-13 12:26:27
19,714,0,2026-05-08 01:40:10,2026-07-13 12:26:27
22,714,0,2026-05-08 01:40:10,2026-07-13 12:26:27
27,714,0,2026-05-08 01:40:10,2026-07-13 12:26:27
35,715,0,2026-07-23 20:14:01,2026-09-09 02:09:51
28,715,0,2026-07-23 20:14:01,2026-09-09 02:09:51
1,716,1,2023-10-01 16:14:34,2025-01-22 04:38:48
4,716,1,2023-10-01 16:14:34,2025-01-22 04:38:48
19,717,1,2023-05-21 15:18:54,2024-04-23 16:28:11
27,717,1,2023-05-21 15:18:54,2024-04-23 16:28:11
22,717,1,2023-05-21 15:18:54,2024-04-23 16:28:11
24,718,1,2024-12-04 16:06:37,2026-01-21 07:26:11
19,718,1,2024-12-04 16:06:37,2026-01-21 07:26:11
20,718,1,2024-12-04 16:06:37,2026-01-21 07:26:11
1,719,1,2024-04-10 14:56:35,2026-09-13 12:23:18
2,719,1,2024-04-10 14:56:35,2026-09-13 12:23:18
14,719,1,2024-04-10 14:56:35,2026-09-13 12:23:18
96,720,1,2025-08-07 22:01:39,2026-09-08 09:01:05
1,720,1,2025-08-07 22:01:39,2026-09-08 09:01:05
2,720,1,2025-08-07 22:01:39,2026-09-08 09:01:05
97,720,1,2025-08-07 22:01:39,2026-09-08 09:01:05
14,720,1,2025-08-07 22:01:39,2026-09-08 09:01:05
19,721,0,2023-03-24 12:43:47,2023-03-25 20:10:14
27,721,0,2023-03-24 12:43:47,2023-03-25 20:10:14
22,721,0,2023-03-24 12:43:47,2023-03-25 20:10:14
35,722,1,2025-12-26 20:43:45,2026-08-13 01:27:18
28,722,1,2025-12-26 20:43:45,2026-08-13 01:27:18
19,723,0,2023-11-25 02:42:21,2024-08-20 11:54:11
27,723,0,2023-11-25 02:42:21,2024-08-20 11:54:11
22,723,0,2023-11-25 02:42:21,2024-08-20 11:54:11
0,724,1,2023-08-28 15:30:05,2024-11-18 18:28:29
33,725,1,2025-10-19 01:17:06,2026-04-06 15:57:04
28,725,1,2025-10-19 01:17:06,2026-04-06 15:57:04
96,726,0,2024-10-23 07:24:06,2026-02-19 09:35:43
33,726,0,2024-10-23 07:24:06,2026-02-19 09:35:43
28,726,0,2024-10-23 07:24:06,2026-02-19 09:35:43
97,726,0,2024-10-23 07:24:06,2026-02-19 09:35:43
0,727,1,2024-10-21 20:38:33,2026-02-03 10:42:17
96,728,1,2025-04-28 10:33:14,2026-07-20 02:32:25
1,728,1,2025-04-28 10:33:14,2026-07-20 02:32:25
2,728,1,2025-04-28 10:33:14,2026-07-20 02:32:25
99,728,1,2025-04-28 10:33:14,2026-07-20 02:32:25
13,728,1,2025-04-28 10:33:14,2026-07-20 02:32:25
0,729,0,2025-01-18 00:50:52,2026-07-08 08:38:59
24,730,0,2025-08-05 17:04:51,2025-10-13 09:50:25
19,730,0,2025-08-05 17:04:51,2025-10-13 09:50:25
20,730,0,2025-08-05 17:04:51,2025-10-13 09:50:25
0,731,1,2025-04-11 03:29:08,2025-04-19 12:30:09
0,732,1,2024-03-25 06:28:20,2024-12-10 11:37:45
97,732,1,2024-03-25 06:28:20,2024-12-10 11:37:45
96,732,1,2024-03-25 06:28:20,2024-12-10 11:37:45
0,733,1,2023-04-06 09:49:12,2025-12-08 23:49:35
0,734,0,2023-02-12 09:44:47,2024-05-02 23:00:32
0,735,1,2023-07-25 21:24:11,2026-03-08 12:00:27
0,736,0,2026-02-21 22:41:43,2026-04-21 15:22:52
99,736,0,2026-02-21 22:41:43,2026-04-21 15:22:52
96,736,0,2026-02-21 22:41:43,2026-04-21 15:22:52
0,737,0,2026-09-01 02:13:38,2026-09-01 21:30:13
96,738,1,2026-04-11 17:23:34,2026-06-25 03:04:49
1,738,1,2026-04-11 17:23:34,2026-06-25 03:04:49
97,738,1,2026-04-11 17:23:34,2026-06-25 03:04:49
3,738,1,2026-04-11 17:23:34,2026-06-25 03:04:49
7,738,1,2026-04-11 17:23:34,2026-06-25 03:04:49
15,738,1,2026-04-11 17:23:34,2026-06-25 03:04:49
0,739,1,2023-03-26 09:24:43,2025-12-18 02:38:28
0,740,1,2025-01-09 20:29:32,2026-08-12 09:44:47
35,741,0,2026-09-13 22:18:20,2026-09-16 13:37:05
28,741,0,2026-09-13 22:18:20,2026-09-16 13:37:05
1,742,1,2023-06-01 06:00:17,2025-09-03 14:03:23
2,742,1,2023-06-01 06:00:17,2025-09-03 14:03:23
13,742,1,2023-06-01 06:00:17,2025-09-03 14:03:23
0,743,1,2024-02-01 15:54:40,2026-07-28 03:36:07
96,744,1,2024-05-01 15:32:44,2026-08-30 08:01:17
97,744,1,2024-05-01 15:32:44,2026-08-30 08:01:17
19,744,1,2024-05-01 15:32:44,2026-08-30 08:01:17
22,744,1,2024-05-01 15:32:44,2026-08-30 08:01:17
27,744,1,2024-05-01 15:32:44,2026-08-30 08:01:17
1,745,0,2023-06-11 09:56:39,2026-05-11 07:13:11
2,745,0,2023-06-11 09:56:39,2026-05-11 07:13:11
13,745,0,2023-06-11 09:56:39,2026-05-11 07:13:11
0,746,1,2025-08-20 04:48:08,2025-10-30 14:42:43
0,747,1,2026-08-23 10:25:41,2026-08-29 17:46:51
19,748,1,2024-01-29 13:02:27,2025-05-01 03:21:17
27,748,1,2024-01-29 13:02:27,2025-05-01 03:21:17
22,748,1,2024-01-29 13:02:27,2025-05-01 03:21:17
0,749,1,2025-12-11 07:53:15,2026-08-27 14:10:35
96,750,1,2024-08-26 15:42:04,2025-05-12 00:50:05
1,750,1,2024-08-26 15:42:04,2025-05-12 00:50:05
97,750,1,2024-08-26 15:42:04,2025-05-12 00:50:05
3,750,1,2024-08-26 15:42:04,2025-05-12 00:50:05
7,750,1,2024-08-26 15:42:04,2025-05-12 00:50:05
15,750,1,2024-08-26 15:42:04,2025-05-12 00:50:05
0,751,1,2025-08-06 01:42:12,2026-06-07 00:56:23
0,752,1,2025-08-11 18:19:20,2025-11-02 06:57:37
99,752,1,2025-08-11 18:19:20,2025-11-02 06:57:37
96,752,1,2025-08-11 18:19:20,2025-11-02 06:57:37
0,753,1,2026-04-22 09:30:06,2026-07-17 23:27:45
1,754,1,2024-02-18 21:28:19,2024-10-11 09:48:29
2,754,1,2024-02-18 21:28:19,2024-10-11 09:48:29
13,754,1,2024-02-18 21:28:19,2024-10-11 09:48:29
1,755,1,2025-01-12 18:19:47,2025-12-17 11:02:01
3,755,1,2025-01-12 18:19:47,2025-12-17 11:02:01
7,755,1,2025-01-12 18:19:47,2025-12-17 11:02:01
15,755,1,2025-01-12 18:19:47,2025-12-17 11:02:01
96,756,1,2023-07-08 06:47:58,2025-12-05 11:11:03
97,756,1,2023-07-08 06:47:58,2025-12-05 11:11:03
19,756,1,2023-07-08 06:47:58,2025-12-05 11:11:03
22,756,1,2023-07-08 06:47:58,2025-12-05 11:11:03
27,756,1,2023-07-08 06:47:58,2025-12-05 11:11:03
24,757,1,2024-07-21 13:26:06,2025-12-31 19:53:41
19,757,1,2024-07-21 13:26:06,2025-12-31 19:53:41
20,757,1,2024-07-21 13:26:06,2025-12-31 19:53:41
24,758,0,2023-03-03 02:22:21,2024-10-19 21:01:56
19,758,0,2023-03-03 02:22:21,2024-10-19 21:01:56
20,758,0,2023-03-03 02:22:21,2024-10-19 21:01:56
28,759,1,2026-02-16 06:52:21,2026-04-30 20:48:34
31,759,1,2026-02-16 06:52:21,2026-04-30 20:48:34
96,760,0,2025-09-26 11:58:31,2026-01-24 00:14:05
33,760,0,2025-09-26 11:58:31,2026-01-24 00:14:05
99,760,0,2025-09-26 11:58:31,2026-01-24 00:14:05
28,760,0,2025-09-26 11:58:31,2026-01-24 00:14:05
0,761,1,2024-09-21 22:25:43,2024-12-22 17:35:45
96,762,1,2023-02-27 06:53:56,2026-04-14 18:49:29
97,762,1,2023-02-27 06:53:56,2026-04-14 18:49:29
28,762,1,2023-02-27 06:53:56,2026-04-14 18:49:29
31,762,1,2023-02-27 06:53:56,2026-04-14 18:49:29
33,763,1,2023-01-23 07:34:25,2023-10-17 21:28:55
28,763,1,2023-01-23 07:34:25,2023-10-17 21:28:55
24,764,0,2023-04-10 08:30:45,2023-09-22 12:49:37
19,764,0,2023-04-10 08:30:45,2023-09-22 12:49:37
20,764,0,2023-04-10 08:30:45,2023-09-22 12:49:37
1,765,1,2024-06-08 01:03:45,2026-02-22 13:01:47
4,765,1,2024-06-08 01:03:45,2026-02-22 13:01:47
1,766,1,2026-04-02 04:28:50,2026-04-11 00:55:45
3,766,1,2026-04-02 04:28:50,2026-04-11 00:55:45
7,766,1,2026-04-02 04:28:50,2026-04-11 00:55:45
15,766,1,2026-04-02 04:28:50,2026-04-11 00:55:45
32,767,1,2023-09-19 01:23:23,2026-09-04 17:10:41
28,767,1,2023-09-19 01:23:23,2026-09-04 17:10:41
0,768,1,2023-06-05 07:04:17,2026-02-11 08:59:41
97,768,1,2023-06-05 07:04:17,2026-02-11 08:59:41
96,768,1,2023-06-05 07:04:17,2026-02-11 08:59:41
0,769,1,2023-05-19 11:25:34,2026-05-21 08:38:58
24,770,1,2025-09-20 22:25:52,2026-01-04 03:51:56
19,770,1,2025-09-20 22:25:52,2026-01-04 03:51:56
20,770,1,2025-09-20 22:25:52,2026-01-04 03:51:56
28,771,0,2023-10-07 14:54:13,2025-11-22 04:03:55
29,771,0,2023-10-07 14:54:13,2025-11-22 04:03:55
0,772,1,2023-07-02 13:00:32,2025-10-03 04:15:39
1,773,1,2024-03-05 09:55:48,2024-05-26 20:29:11
4,773,1,2024-03-05 09:55:48,2024-05-26 20:29:11
96,774,1,2023-03-25 22:17:43,2025-12-21 16:26:59
97,774,1,2023-03-25 22:17:43,2025-12-21 16:26:59
28,774,1,2023-03-25 22:17:43,2025-12-21 16:26:59
31,774,1,2023-03-25 22:17:43,2025-12-21 16:26:59
0,775,1,2023-03-09 06:59:34,2023-08-18 12:05:36
96,776,0,2023-06-30 07:13:12,2023-10-18 09:03:12
99,776,0,2023-06-30 07:13:12,2023-10-18 09:03:12
19,776,0,2023-06-30 07:13:12,2023-10-18 09:03:12
20,776,0,2023-06-30 07:13:12,2023-10-18 09:03:12
24,776,0,2023-06-30 07:13:12,2023-10-18 09:03:12
0,777,1,2023-12-24 09:22:44,2024-06-12 11:25:47
1,778,1,2023-04-25 05:23:11,2025-04-25 21:10:33
3,778,1,2023-04-25 05:23:11,2025-04-25 21:10:33
7,778,1,2023-04-25 05:23:11,2025-04-25 21:10:33
15,778,1,2023-04-25 05:23:11,2025-04-25 21:10:33
32,779,1,2023-10-04 14:35:11,2025-05-28 07:18:24
28,779,1,2023-10-04 14:35:11,2025-05-28 07:18:24
0,780,1,2023-11-11 02:58:06,2025-04-15 21:54:18
97,780,1,2023-11-11 02:58:06,2025-04-15 21:54:18
96,780,1,2023-11-11 02:58:06,2025-04-15 21:54:18
33,781,1,2024-12-13 09:03:41,2025-11-03 05:19:07
28,781,1,2024-12-13 09:03:41,2025-11-03 05:19:07
0,782,0,2023-09-21 23:39:14,2026-03-08 01:35:00
35,783,1,2025-07-07 23:44:00,2026-07-10 18:12:28
28,783,1,2025-07-07 23:44:00,2026-07-10 18:12:28
0,784,1,2024-05-23 10:28:38,2026-03-29 00:26:34
99,784,1,2024-05-23 10:28:38,2026-03-29 00:26:34
96,784,1,2024-05-23 10:28:38,2026-03-29 00:26:34
32,785,1,2025-01-01 03:12:06,2026-07-24 20:11:27
28,785,1,2025-01-01 03:12:06,2026-07-24 20:11:27
96,786,1,2024-12-03 20:14:12,2025-12-23 13:01:08
97,786,1,2024-12-03 20:14:12,2025-12-23 13:01:08
28,786,1,2024-12-03 20:14:12,2025-12-23 13:01:08
29,786,1,2024-12-03 20:14:12,2025-12-23 13:01:08
0,787,1,2023-07-26 03:51:43,2025-02-01 22:11:39
1,788,1,2026-08-25 17:39:16,2026-09-08 13:55:31
2,788,1,2026-08-25 17:39:16,2026-09-08 13:55:31
14,788,1,2026-08-25 17:39:16,2026-09-08 13:55:31
32,789,1,2026-05-12 00:04:01,2026-07-22 22:21:05
28,789,1,2026-05-12 00:04:01,2026-07-22 22:21:05
0,790,1,2025-04-04 18:08:40,2025-04-30 03:58:51
1,791,0,2024-06-05 11:36:16,2024-08-29 15:07:54
2,791,0,2024-06-05 11:36:16,2024-08-29 15:07:54
14,791,0,2024-06-05 11:36:16,2024-08-29 15:07:54
96,792,0,2023-03-05 11:54:20,2024-09-23 09:23:08
97,792,0,2023-03-05 11:54:20,2024-09-23 09:23:08
19,792,0,2023-03-05 11:54:20,2024-09-23 09:23:08
20,792,0,2023-03-05 11:54:20,2024-09-23 09:23:08
24,792,0,2023-03-05 11:54:20,2024-09-23 09:23:08
0,793,1,2023-08-04 00:08:32,2025-01-05 07:13:32
0,794,0,2026-09-15 06:07:54,2026-09-15 21:24:30
0,795,1,2024-06-20 06:58:47,2026-05-24 02:04:16
0,796,0,2024-03-30 00:24:17,2026-03-02 03:22:48
0,797,1,2024-03-23 23:18:46,2024-07-21 12:06:59
96,798,1,2025-03-19 20:38:31,2026-07-20 01:55:04
1,798,1,2025-03-19 20:38:31,2026-07-20 01:55:04
4,798,1,2025-03-19 20:38:31,2026-07-20 01:55:04
97,798,1,2025-03-19 20:38:31,2026-07-20 01:55:04
1,799,1,2026-02-19 23:47:38,2026-02-28 08:01:24
2,799,1,2026-02-19 23:47:38,2026-02-28 08:01:24
13,799,1,2026-02-19 23:47:38,2026-02-28 08:01:24
96,800,1,2024-10-01 12:58:48,2025-12-25 00:48:56
1,800,1,2024-10-01 12:58:48,2025-12-25 00:48:56
2,800,1,2024-10-01 12:58:48,2025-12-25 00:48:56
99,800,1,2024-10-01 12:58:48,2025-12-25 00:48:56
14,800,1,2024-10-01 12:58:48,2025-12-25 00:48:56
1,801,1,2026-05-11 05:02:10,2026-07-09 17:24:22
3,801,1,2026-05-11 05:02:10,2026-07-09 17:24:22
7,801,1,2026-05-11 05:02:10,2026-07-09 17:24:22
15,801,1,2026-05-11 05:02:10,2026-07-09 17:24:22
0,802,1,2023-08-19 10:27:14,2025-02-17 23:45:18
1,803,1,2023-09-30 09:52:12,2026-09-10 17:32:08
2,803,1,2023-09-30 09:52:12,2026-09-10 17:32:08
14,803,1,2023-09-30 09:52:12,2026-09-10 17:32:08
96,804,1,2024-11-15 21:31:11,2025-06-06 03:51:42
33,804,1,2024-11-15 21:31:11,2025-06-06 03:51:42
28,804,1,2024-11-15 21:31:11,2025-06-06 03:51:42
97,804,1,2024-11-15 21:31:11,2025-06-06 03:51:42
0,805,1,2023-08-18 19:45:36,2025-03-20 03:02:11
0,806,1,2025-02-14 19:36:43,2025-06-07 17:45:50
24,807,0,2024-05-29 15:02:15,2025-08-31 18:11:46
19,807,0,2024-05-29 15:02:15,2025-08-31 18:11:46
20,807,0,2024-05-29 15:02:15,2025-08-31 18:11:46
96,808,1,2024-06-10 03:04:14,2024-12-01 14:30:01
99,808,1,2024-06-10 03:04:14,2024-12-01 14:30:01
19,808,1,2024-06-10 03:04:14,2024-12-01 14:30:01
20,808,1,2024-06-10 03:04:14,2024-12-01 14:30:01
24,808,1,2024-06-10 03:04:14,2024-12-01 14:30:01
24,809,0,2026-07-30 06:09:49,2026-08-20 15:39:02
19,809,0,2026-07-30 06:09:49,2026-08-20 15:39:02
20,809,0,2026-07-30 06:09:49,2026-08-20 15:39:02
0,810,0,2025-03-28 18:52:34,2025-09-17 07:56:15
97,810,0,2025-03-28 18:52:34,2025-09-17 07:56:15
96,810,0,2025-03-28 18:52:34,2025-09-17 07:56:15
0,811,1,2025-03-06 00:49:18,2026-01-06 09:24:38
28,812,1,2023-08-18 19:49:27,2026-09-04 00:53:17
31,812,1,2023-08-18 19:49:27,2026-09-04 00:53:17
26,813,1,2024-11-23 04:16:43,2026-02-01 22:41:31
19,813,1,2024-11-23 04:16:43,2026-02-01 22:41:31
21,813,1,2024-11-23 04:16:43,2026-02-01 22:41:31
24,814,1,2026-06-05 13:39:30,2026-08-26 20:51:34
19,814,1,2026-06-05 13:39:30,2026-08-26 20:51:34
20,814,1,2026-06-05 13:39:30,2026-08-26 20:51:34
26,815,1,2026-09-09 15:42:24,2026-09-16 00:42:42
19,815,1,2026-09-09 15:42:24,2026-09-16 00:42:42
21,815,1,2026-09-09 15:42:24,2026-09-16 00:42:42
96,816,1,2024-10-05 22:12:09,2025-02-18 18:26:40
1,816,1,2024-10-05 22:12:09,2025-02-18 18:26:40
97,816,1,2024-10-05 22:12:09,2025-02-18 18:26:40
3,816,1,2024-10-05 22:12:09,2025-02-18 18:26:40
7,816,1,2024-10-05 22:12:09,2025-02-18 18:26:40
15,816,1,2024-10-05 22:12:09,2025-02-18 18:26:40
35,817,1,2024-03-25 15:58:08,2026-08-03 01:37:28
28,817,1,2024-03-25 15:58:08,2026-08-03 01:37:28
0,818,1,2023-12-15 18:43:14,2024-01-26 11:23:19
1,819,1,2024-10-10 00:43:54,2025-02-26 08:28:25
2,819,1,2024-10-10 00:43:54,2025-02-26 08:28:25
13,819,1,2024-10-10 00:43:54,2025-02-26 08:28:25
24,820,1,2025-07-19 08:17:12,2026-04-26 07:58:21
19,820,1,2025-07-19 08:17:12,2026-04-26 07:58:21
20,820,1,2025-07-19 08:17:12,2026-04-26 07:58:21
32,821,1,2024-08-02 17:59:13,2025-09-04 20:09:41
28,821,1,2024-08-02 17:59:13,2025-09-04 20:09:41
32,822,1,2024-07-09 04:17:45,2025-03-19 20:53:28
97,822,1,2024-07-09 04:17:45,2025-03-19 20:53:28
28,822,1,2024-07-09 04:17:45,2025-03-19 20:53:28
96,822,1,2024-07-09 04:17:45,2025-03-19 20:53:28
0,823,0,2025-09-19 13:39:10,2025-10-19 09:43:45
96,824,0,2024-05-16 03:39:19,2025-09-19 08:50:04
99,824,0,2024-05-16 03:39:19,2025-09-19 08:50:04
28,824,0,2024-05-16 03:39:19,2025-09-19 08:50:04
29,824,0,2024-05-16 03:39:19,2025-09-19 08:50:04
1,825,1,2025-03-15 22:48:20,2025-10-20 12:48:46
2,825,1,2025-03-15 22:48:20,2025-10-20 12:48:46
14,825,1,2025-03-15 22:48:20,2025-10-20 12:48:46
0,826,1,2023-12-05 11:00:50,2024-08-01 13:14:19
28,827,1,2023-07-01 01:52:56,2024-01-20 22:34:17
29,827,1,2023-07-01 01:52:56,2024-01-20 22:34:17
96,828,0,2025-03-23 15:22:06,2025-12-14 07:33:06
1,828,0,2025-03-23 15:22:06,2025-12-14 07:33:06
2,828,0,2025-03-23 15:22:06,2025-12-14 07:33:06
97,828,0,2025-03-23 15:22:06,2025-12-14 07:33:06
13,828,0,2025-03-23 15:22:06,2025-12-14 07:33:06
0,829,1,2025-12-04 20:15:26,2026-03-02 20:05:02
1,830,1,2023-05-01 18:10:55,2023-05-30 23:20:08
2,830,1,2023-05-01 18:10:55,2023-05-30 23:20:08
14,830,1,2023-05-01 18:10:55,2023-05-30 23:20:08
0,831,0,2025-07-10 11:12:38,2025-08-25 11:59:40
0,832,1,2026-04-30 08:53:53,2026-05-24 09:49:04
99,832,1,2026-04-30 08:53:53,2026-05-24 09:49:04
96,832,1,2026-04-30 08:53:53,2026-05-24 09:49:04
0,833,1,2023-08-15 02:45:26,2024-10-19 00:04:16
32,834,1,2026-06-27 04:23:58,2026-08-22 07:32:54
97,834,1,2026-06-27 04:23:58,2026-08-22 07:32:54
28,834,1,2026-06-27 04:23:58,2026-08-22 07:32:54
96,834,1,2026-06-27 04:23:58,2026-08-22 07:32:54
1,835,0,2023-01-07 17:23:38,2026-02-07 12:22:40
2,835,0,2023-01-07 17:23:38,2026-02-07 12:22:40
13,835,0,2023-01-07 17:23:38,2026-02-07 12:22:40
1,836,1,2024-11-13 23:55:48,2026-04-21 03:21:32
4,836,1,2024-11-13 23:55:48,2026-04-21 03:21:32
1,837,1,2023-06-25 07:11:03,2024-10-25 12:24:07
4,837,1,2023-06-25 07:11:03,2024-10-25 12:24:07
1,838,1,2025-05-15 11:23:27,2025-06-16 00:23:21
4,838,1,2025-05-15 11:23:27,2025-06-16 00:23:21
24,839,1,2025-12-03 06:57:07,2026-05-24 16:55:14
19,839,1,2025-12-03 06:57:07,2026-05-24 16:55:14
20,839,1,2025-12-03 06:57:07,2026-05-24 16:55:14
0,840,1,2025-11-20 23:50:34,2026-04-12 16:38:41
97,840,1,2025-11-20 23:50:34,2026-04-12 16:38:41
96,840,1,2025-11-20 23:50:34,2026-04-12 16:38:41
0,841,1,2023-07-05 04:45:48,2024-02-12 21:53:36
19,842,1,2024-06-10 01:06:10,2025-04-17 03:28:01
27,842,1,2024-06-10 01:06:10,2025-04-17 03:28:01
22,842,1,2024-06-10 01:06:10,2025-04-17 03:28:01
0,843,1,2024-03-08 15:54:57,2026-08-29 15:24:52
32,844,1,2025-01-22 16:41:39,2026-02-23 22:09:06
28,844,1,2025-01-22 16:41:39,2026-02-23 22:09:06
0,845,1,2025-09-03 03:22:11,2026-09-04 03:12:08
96,846,1,2023-10-06 05:10:16,2025-05-22 14:45:45
33,846,1,2023-10-06 05:10:16,2025-05-22 14:45:45
28,846,1,2023-10-06 05:10:16,2025-05-22 14:45:45
97,846,1,2023-10-06 05:10:16,2025-05-22 14:45:45
0,847,1,2025-10-23 22:52:16,2026-08-11 20:22:54
96,848,1,2025-01-31 13:51:29,2026-02-27 15:54:51
99,848,1,2025-01-31 13:51:29,2026-02-27 15:54:51
28,848,1,2025-01-31 13:51:29,2026-02-27 15:54:51
29,848,1,2025-01-31 13:51:29,2026-02-27 15:54:51
0,849,1,2023-07-05 01:38:29,2025-02-20 00:23:59
0,850,0,2025-10-21 08:37:29,2026-08-20 00:59:45
1,851,1,2025-01-27 05:38:12,2026-09-12 15:50:11
2,851,1,2025-01-27 05:38:12,2026-09-12 15:50:11
14,851,1,2025-01-27 05:38:12,2026-09-12 15:50:11
96,852,1,2025-02-26 02:35:16,2025-04-10 09:36:11
1,852,1,2025-02-26 02:35:16,2025-04-10 09:36:11
4,852,1,2025-02-26 02:35:16,2025-04-10 09:36:11
97,852,1,2025-02-26 02:35:16,2025-04-10 09:36:11
19,853,1,2024-05-12 20:27:51,2024-08-16 06:30:57
27,853,1,2024-05-12 20:27:51,2024-08-16 06:30:57
22,853,1,2024-05-12 20:27:51,2024-08-16 06:30:57
1,854,0,2023-02-11 18:53:55,2026-05-15 11:23:57
2,854,0,2023-02-11 18:53:55,2026-05-15 11:23:57
13,854,0,2023-02-11 18:53:55,2026-05-15 11:23:57
1,855,1,2023-03-29 16:34:49,2026-01-19 21:23:40
3,855,1,2023-03-29 16:34:49,2026-01-19 21:23:40
7,855,1,2023-03-29 16:34:49,2026-01-19 21:23:40
15,855,1,2023-03-29 16:34:49,2026-01-19 21:23:40
0,856,1,2026-09-11 20:25:47,2026-09-13 16:50:08
99,856,1,2026-09-11 20:25:47,2026-09-13 16:50:08
96,856,1,2026-09-11 20:25:47,2026-09-13 16:50:08
1,857,1,2025-06-01 10:25:00,2026-07-06 06:14:06
4,857,1,2025-06-01 10:25:00,2026-07-06 06:14:06
96,858,1,2025-06-05 00:19:16,2026-04-04 04:03:18
97,858,1,2025-06-05 00:19:16,2026-04-04 04:03:18
19,858,1,2025-06-05 00:19:16,2026-04-04 04:03:18
21,858,1,2025-06-05 00:19:16,2026-04-04 04:03:18
26,858,1,2025-06-05 00:19:16,2026-04-04 04:03:18
1,859,1,2024-06-05 21:46:29,2026-07-17 13:15:48
3,859,1,2024-06-05 21:46:29,2026-07-17 13:15:48
7,859,1,2024-06-05 21:46:29,2026-07-17 13:15:48
15,859,1,2024-06-05 21:46:29,2026-07-17 13:15:48
28,860,1,2025-02-10 23:42:09,2026-06-19 13:14:27
29,860,1,2025-02-10 23:42:09,2026-06-19 13:14:27
24,861,0,2024-09-16 12:39:57,2026-06-03 11:33:11
19,861,0,2024-09-16 12:39:57,2026-06-03 11:33:11
20,861,0,2024-09-16 12:39:57,2026-06-03 11:33:11
0,862,1,2025-05-29 21:58:38,2026-07-16 09:43:16
0,863,0,2026-06-03 04:01:00,2026-07-31 09:41:38
96,864,0,2025-03-11 14:21:27,2026-02-26 15:09:03
97,864,0,2025-03-11 14:21:27,2026-02-26 15:09:03
19,864,0,2025-03-11 14:21:27,2026-02-26 15:09:03
21,864,0,2025-03-11 14:21:27,2026-02-26 15:09:03
26,864,0,2025-03-11 14:21:27,2026-02-26 15:09:03
35,865,1,2024-02-21 05:22:34,2026-05-28 18:35:32
28,865,1,2024-02-21 05:22:34,2026-05-28 18:35:32
0,866,1,2023-08-18 12:17:02,2024-08-25 22:04:27
33,867,1,2025-09-11 18:31:47,2025-11-29 19:49:41
28,867,1,2025-09-11 18:31:47,2025-11-29 19:49:41
26,868,1,2024-09-22 11:46:44,2025-03-26 17:25:55
19,868,1,2024-09-22 11:46:44,2025-03-26 17:25:55
21,868,1,2024-09-22 11:46:44,2025-03-26 17:25:55
1,869,1,2025-01-24 00:21:56,2026-04-03 20:15:36
4,869,1,2025-01-24 00:21:56,2026-04-03 20:15:36
96,870,1,2026-05-11 17:01:31,2026-07-04 15:32:11
97,870,1,2026-05-11 17:01:31,2026-07-04 15:32:11
19,870,1,2026-05-11 17:01:31,2026-07-04 15:32:11
21,870,1,2026-05-11 17:01:31,2026-07-04 15:32:11
26,870,1,2026-05-11 17:01:31,2026-07-04 15:32:11
35,871,1,2024-05-02 15:13:05,2025-08-08 12:41:12
28,871,1,2024-05-02 15:13:05,2025-08-08 12:41:12
96,872,1,2024-01-02 16:15:07,2024-06-24 13:23:34
99,872,1,2024-01-02 16:15:07,2024-06-24 13:23:34
19,872,1,2024-01-02 16:15:07,2024-06-24 13:23:34
20,872,1,2024-01-02 16:15:07,2024-06-24 13:23:34
24,872,1,2024-01-02 16:15:07,2024-06-24 13:23:34
32,873,1,2025-07-20 18:57:34,2025-10-23 18:21:53
28,873,1,2025-07-20 18:57:34,2025-10-23 18:21:53
1,874,1,2024-10-18 21:41:56,2025-04-06 05:40:11
3,874,1,2024-10-18 21:41:56,2025-04-06 05:40:11
7,874,1,2024-10-18 21:41:56,2025-04-06 05:40:11
15,874,1,2024-10-18 21:41:56,2025-04-06 05:40:11
33,875,0,2023-03-28 21:03:00,2025-04-28 14:56:34
28,875,0,2023-03-28 21:03:00,2025-04-28 14:56:34
96,876,1,2026-05-03 07:49:33,2026-05-31 11:09:45
97,876,1,2026-05-03 07:49:33,2026-05-31 11:09:45
35,876,1,2026-05-03 07:49:33,2026-05-31 11:09:45
28,876,1,2026-05-03 07:49:33,2026-05-31 11:09:45
0,877,0,2023-02-24 01:47:22,2026-04-17 18:28:22
0,878,1,2026-06-15 18:53:09,2026-08-21 07:37:48
1,879,1,2024-02-01 22:59:11,2025-05-14 08:54:35
4,879,1,2024-02-01 22:59:11,2025-05-14 08:54:35
96,880,1,2025-09-07 18:32:05,2026-01-08 22:54:25
99,880,1,2025-09-07 18:32:05,2026-01-08 22:54:25
19,880,1,2025-09-07 18:32:05,2026-01-08 22:54:25
20,880,1,2025-09-07 18:32:05,2026-01-08 22:54:25
24,880,1,2025-09-07 18:32:05,2026-01-08 22:54:25
26,881,1,2025-01-01 19:33:21,2026-07-28 05:08:59
19,881,1,2025-01-01 19:33:21,2026-07-28 05:08:59
21,881,1,2025-01-01 19:33:21,2026-07-28 05:08:59
96,882,1,2026-07-04 15:53:31,2026-07-20 05:31:08
97,882,1,2026-07-04 15:53:31,2026-07-20 05:31:08
19,882,1,2026-07-04 15:53:31,2026-07-20 05:31:08
21,882,1,2026-07-04 15:53:31,2026-07-20 05:31:08
26,882,1,2026-07-04 15:53:31,2026-07-20 05:31:08
0,883,0,2026-02-20 02:38:16,2026-06-27 00:20:22
0,884,1,2026-05-13 19:20:15,2026-09-15 07:04:28
33,885,1,2023-09-03 04:02:49,2024-09-24 21:56:32
28,885,1,2023-09-03 04:02:49,2024-09-24 21:56:32
28,886,1,2025-01-13 02:45:27,2026-08-07 03:21:32
29,886,1,2025-01-13 02:45:27,2026-08-07 03:21:32
33,887,1,2024-10-05 21:32:48,2025-07-18 10:05:57
28,887,1,2024-10-05 21:32:48,2025-07-18 10:05:57
0,888,0,2025-10-02 05:53:09,2026-05-27 22:10:07
97,888,0,2025-10-02 05:53:09,2026-05-27 22:10:07
96,888,0,2025-10-02 05:53:09,2026-05-27 22:10:07
24,889,1,2023-03-19 08:02:36,2024-12-01 07:42:30
19,889,1,2023-03-19 08:02:36,2024-12-01 07:42:30
20,889,1,2023-03-19 08:02:36,2024-12-01 07:42:30
0,890,1,2025-05-31 04:20:53,2025-08-30 07:55:13
1,891,1,2023-12-15 17:22:05,2024-10-26 07:10:34
2,891,1,2023-12-15 17:22:05,2024-10-26 07:10:34
13,891,1,2023-12-15 17:22:05,2024-10-26 07:10:34
28,892,1,2025-07-21 04:42:28,2026-01-04 15:09:37
31,892,1,2025-07-21 04:42:28,2026-01-04 15:09:37
1,893,1,2024-03-26 19:10:39,2025-05-07 11:46:08
2,893,1,2024-03-26 19:10:39,2025-05-07 11:46:08
14,893,1,2024-03-26 19:10:39,2025-05-07 11:46:08
0,894,1,2023-05-14 04:34:10,2023-05-30 05:20:09
97,894,1,2023-05-14 04:34:10,2023-05-30 05:20:09
96,894,1,2023-05-14 04:34:10,2023-05-30 05:20:09
0,895,1,2026-01-05 13:02:54,2026-06-18 22:24:21
0,896,1,2025-01-01 13:37:59,2025-10-03 18:17:42
99,896,1,2025-01-01 13:37:59,2025-10-03 18:17:42
96,896,1,2025-01-01 13:37:59,2025-10-03 18:17:42
0,897,0,2024-08-14 18:23:09,2025-04-06 17:31:53
19,898,1,2025-02-21 13:02:20,2026-03-11 08:14:20
27,898,1,2025-02-21 13:02:20,2026-03-11 08:14:20
22,898,1,2025-02-21 13:02:20,2026-03-11 08:14:20
1,899,1,2023-08-09 06:31:41,2024-09-16 19:10:04
3,899,1,2023-08-09 06:31:41,2024-09-16 19:10:04
7,899,1,2023-08-09 06:31:41,2024-09-16 19:10:04
15,899,1,2023-08-09 06:31:41,2024-09-16 19:10:04
96,900,1,2026-03-07 16:52:33,2026-05-16 17:21:26
1,900,1,2026-03-07 16:52:33,2026-05-16 17:21:26
4,900,1,2026-03-07 16:52:33,2026-05-16 17:21:26
97,900,1,2026-03-07 16:52:33,2026-05-16 17:21:26
26,901,1,2024-05-05 04:17:33,2026-06-07 08:20:37
19,901,1,2024-05-05 04:17:33,2026-06-07 08:20:37
21,901,1,2024-05-05 04:17:33,2026-06-07 08:20:37
33,902,1,2023-02-25 17:02:29,2025-02-25 05:08:24
28,902,1,2023-02-25 17:02:29,2025-02-25 05:08:24
0,903,1,2023-03-05 08:49:30,2025-01-19 05:52:19
0,904,1,2023-07-12 02:09:50,2025-01-05 04:21:25
99,904,1,2023-07-12 02:09:50,2025-01-05 04:21:25
96,904,1,2023-07-12 02:09:50,2025-01-05 04:21:25
24,905,1,2025-05-24 23:23:04,2026-08-22 21:12:09
19,905,1,2025-05-24 23:23:04,2026-08-22 21:12:09
20,905,1,2025-05-24 23:23:04,2026-08-22 21:12:09
96,906,1,2026-04-08 10:33:49,2026-07-14 03:55:41
97,906,1,2026-04-08 10:33:49,2026-07-14 03:55:41
28,906,1,2026-04-08 10:33:49,2026-07-14 03:55:41
31,906,1,2026-04-08 10:33:49,2026-07-14 03:55:41
1,907,1,2024-09-04 07:42:55,2025-06-21 11:20:48
4,907,1,2024-09-04 07:42:55,2025-06-21 11:20:48
24,908,1,2026-07-14 10:42:42,2026-09-16 11:32:58
19,908,1,2026-07-14 10:42:42,2026-09-16 11:32:58
20,908,1,2026-07-14 10:42:42,2026-09-16 11:32:58
0,909,0,2024-12-04 20:52:00,2025-08-14 05:43:47
32,910,1,2026-05-24 21:04:33,2026-06-04 15:53:16
28,910,1,2026-05-24 21:04:33,2026-06-04 15:53:16
24,911,1,2026-04-12 12:23:44,2026-06-28 23:29:05
19,911,1,2026-04-12 12:23:44,2026-06-28 23:29:05
20,911,1,2026-04-12 12:23:44,2026-06-28 23:29:05
96,912,1,2023-07-07 08:22:04,2024-10-13 02:59:38
97,912,1,2023-07-07 08:22:04,2024-10-13 02:59:38
19,912,1,2023-07-07 08:22:04,2024-10-13 02:59:38
20,912,1,2023-07-07 08:22:04,2024-10-13 02:59:38
24,912,1,2023-07-07 08:22:04,2024-10-13 02:59:38
0,913,1,2024-07-11 18:08:24,2024-12-08 01:26:10
0,914,1,2025-05-24 16:17:21,2026-09-02 23:27:06
26,915,1,2023-05-25 09:19:57,2023-07-27 04:58:25
19,915,1,2023-05-25 09:19:57,2023-07-27 04:58:25
21,915,1,2023-05-25 09:19:57,2023-07-27 04:58:25
28,916,1,2025-02-08 10:57:07,2026-03-25 00:08:22
29,916,1,2025-02-08 10:57:07,2026-03-25 00:08:22
28,917,1,2024-04-11 15:28:20,2024-11-28 11:55:31
29,917,1,2024-04-11 15:28:20,2024-11-28 11:55:31
96,918,0,2023-03-16 03:26:20,2025-07-19 01:59:47
33,918,0,2023-03-16 03:26:20,2025-07-19 01:59:47
28,918,0,2023-03-16 03:26:20,2025-07-19 01:59:47
97,918,0,2023-03-16 03:26:20,2025-07-19 01:59:47
24,919,1,2024-12-22 19:38:58,2026-05-20 02:53:03
19,919,1,2024-12-22 19:38:58,2026-05-20 02:53:03
20,919,1,2024-12-22 19:38:58,2026-05-20 02:53:03
32,920,0,2023-01-26 06:32:27,2023-07-22 06:21:49
99,920,0,2023-01-26 06:32:27,2023-07-22 06:21:49
28,920,0,2023-01-26 06:32:27,2023-07-22 06:21:49
96,920,0,2023-01-26 06:32:27,2023-07-22 06:21:49
0,921,1,2024-05-02 16:46:06,2026-04-09 12:19:43
0,922,0,2024-02-07 20:03:48,2024-07-22 00:21:27
26,923,1,2024-12-15 20:07:14,2026-06-06 04:19:24
19,923,1,2024-12-15 20:07:14,2026-06-06 04:19:24
21,923,1,2024-12-15 20:07:14,2026-06-06 04:19:24
96,924,0,2024-07-14 08:56:37,2026-03-19 23:30:28
97,924,0,2024-07-14 08:56:37,2026-03-19 23:30:28
19,924,0,2024-07-14 08:56:37,2026-03-19 23:30:28
22,924,0,2024-07-14 08:56:37,2026-03-19 23:30:28
27,924,0,2024-07-14 08:56:37,2026-03-19 23:30:28
1,925,1,2025-12-17 05:58:12,2026-02-28 08:19:04
2,925,1,2025-12-17 05:58:12,2026-02-28 08:19:04
14,925,1,2025-12-17 05:58:12,2026-02-28 08:19:04
1,926,0,2023-10-24 13:48:24,2024-03-06 07:36:24
2,926,0,2023-10-24 13:48:24,2024-03-06 07:36:24
13,926,0,2023-10-24 13:48:24,2024-03-06 07:36:24
1,927,1,2023-08-25 18:42:46,2026-08-21 05:28:07
2,927,1,2023-08-25 18:42:46,2026-08-21 05:28:07
14,927,1,2023-08-25 18:42:46,2026-08-21 05:28:07
0,928,1,2025-06-03 13:54:22,2026-04-03 20:20:45
99,928,1,2025-06-03 13:54:22,2026-04-03 20:20:45
96,928,1,2025-06-03 13:54:22,2026-04-03 20:20:45
0,929,1,2026-02-19 00:16:16,2026-06-11 22:29:10
0,930,0,2023-01-30 13:06:15,2024-11-16 02:34:26
97,930,0,2023-01-30 13:06:15,2024-11-16 02:34:26
96,930,0,2023-01-30 13:06:15,2024-11-16 02:34:26
32,931,1,2023-07-01 15:52:00,2025-08-08 06:55:48
28,931,1,2023-07-01 15:52:00,2025-08-08 06:55:48
0,932,1,2024-12-29 22:33:05,2025-09-23 00:19:52
0,933,1,2023-07-23 17:56:44,2024-10-21 12:28:05
19,934,1,2025-08-23 23:57:51,2026-01-31 22:36:44
27,934,1,2025-08-23 23:57:51,2026-01-31 22:36:44
22,934,1,2025-08-23 23:57:51,2026-01-31 22:36:44
1,935,1,2025-07-29 23:57:35,2026-08-16 06:58:00
2,935,1,2025-07-29 23:57:35,2026-08-16 06:58:00
14,935,1,2025-07-29 23:57:35,2026-08-16 06:58:00
96,936,1,2023-01-29 03:57:27,2024-08-08 12:29:49
1,936,1,2023-01-29 03:57:27,2024-08-08 12:29:49
4,936,1,2023-01-29 03:57:27,2024-08-08 12:29:49
97,936,1,2023-01-29 03:57:27,2024-08-08 12:29:49
0,937,1,2023-06-27 01:04:59,2026-02-10 09:29:51
0,938,1,2026-04-10 04:20:17,2026-04-19 05:51:56
35,939,1,2026-05-26 04:23:24,2026-08-22 22:47:47
28,939,1,2026-05-26 04:23:24,2026-08-22 22:47:47
1,940,0,2023-06-13 18:00:36,2024-02-28 05:56:50
4,940,0,2023-06-13 18:00:36,2024-02-28 05:56:50
1,941,1,2026-03-29 16:06:09,2026-07-05 21:45:05
4,941,1,2026-03-29 16:06:09,2026-07-05 21:45:05
0,942,1,2026-08-11 05:55:05,2026-08-21 01:08:14
97,942,1,2026-08-11 05:55:05,2026-08-21 01:08:14
96,942,1,2026-08-11 05:55:05,2026-08-21 01:08:14
0,943,1,2023-05-13 09:44:55,2024-06-29 15:31:48
0,944,0,2024-10-17 02:56:36,2026-06-20 13:42:30
99,944,0,2024-10-17 02:56:36,2026-06-20 13:42:30
96,944,0,2024-10-17 02:56:36,2026-06-20 13:42:30
0,945,0,2026-05-19 09:06:32,2026-07-28 15:05:58
1,946,1,2023-05-12 16:45:39,2024-10-19 05:38:03
2,946,1,2023-05-12 16:45:39,2024-10-19 05:38:03
13,946,1,2023-05-12 16:45:39,2024-10-19 05:38:03
1,947,1,2025-06-11 13:02:50,2025-07-26 10:42:01
3,947,1,2025-06-11 13:02:50,2025-07-26 10:42:01
7,947,1,2025-06-11 13:02:50,2025-07-26 10:42:01
15,947,1,2025-06-11 13:02:50,2025-07-26 10:42:01
96,948,1,2023-01-13 06:36:59,2026-07-20 23:32:37
97,948,1,2023-01-13 06:36:59,2026-07-20 23:32:37
28,948,1,2023-01-13 06:36:59,2026-07-20 23:32:37
29,948,1,2023-01-13 06:36:59,2026-07-20 23:32:37
24,949,1,2025-04-25 17:38:45,2026-08-23 16:33:13
19,949,1,2025-04-25 17:38:45,2026-08-23 16:33:13
20,949,1,2025-04-25 17:38:45,2026-08-23 16:33:13
0,950,1,2026-04-19 13:01:11,2026-05-27 20:29:04
1,951,1,2025-03-19 12:31:00,2026-05-13 13:34:37
2,951,1,2025-03-19 12:31:00,2026-05-13 13:34:37
14,951,1,2025-03-19 12:31:00,2026-05-13 13:34:37
96,952,1,2023-02-06 09:13:33,2023-03-21 17:05:09
1,952,1,2023-02-06 09:13:33,2023-03-21 17:05:09
2,952,1,2023-02-06 09:13:33,2023-03-21 17:05:09
99,952,1,2023-02-06 09:13:33,2023-03-21 17:05:09
14,952,1,2023-02-06 09:13:33,2023-03-21 17:05:09
35,953,1,2026-02-11 02:25:20,2026-03-06 09:09:25
28,953,1,2026-02-11 02:25:20,2026-03-06 09:09:25
0,954,1,2024-11-28 02:07:25,2025-07-17 12:31:16
97,954,1,2024-11-28 02:07:25,2025-07-17 12:31:16
96,954,1,2024-11-28 02:07:25,2025-07-17 12:31:16
32,955,0,2025-05-28 14:59:34,2026-07-16 20:12:49
28,955,0,2025-05-28 14:59:34,2026-07-16 20:12:49
0,956,0,2025-11-10 14:08:57,2026-01-03 22:46:40
19,957,1,2024-12-06 17:53:21,2025-02-20 20:30:53
27,957,1,2024-12-06 17:53:21,2025-02-20 20:30:53
22,957,1,2024-12-06 17:53:21,2025-02-20 20:30:53
33,958,1,2023-07-22 01:06:43,2025-07-30 21:06:48
28,958,1,2023-07-22 01:06:43,2025-07-30 21:06:48
28,959,1,2026-09-16 15:04:04,2026-09-16 17:28:04
31,959,1,2026-09-16 15:04:04,2026-09-16 17:28:04
32,960,1,2023-08-13 05:36:56,2025-10-06 22:40:49
97,960,1,2023-08-13 05:36:56,2025-10-06 22:40:49
28,960,1,2023-08-13 05:36:56,2025-10-06 22:40:49
96,960,1,2023-08-13 05:36:56,2025-10-06 22:40:49
33,961,1,2023-02-20 15:41:29,2026-04-25 07:05:27
28,961,1,2023-02-20 15:41:29,2026-04-25 07:05:27
0,962,0,2024-03-25 20:43:09,2024-05-27 10:32:46
28,963,1,2025-01-24 20:37:02,2025-02-15 14:09:39
29,963,1,2025-01-24 20:37:02,2025-02-15 14:09:39
33,964,1,2023-12-01 21:27:33,2024-09-11 07:04:09
28,964,1,2023-12-01 21:27:33,2024-09-11 07:04:09
0,965,1,2025-01-17 11:33:27,2026-04-07 14:09:11
96,966,0,2023-07-26 07:30:03,2024-02-26 11:59:09
1,966,0,2023-07-26 07:30:03,2024-02-26 11:59:09
2,966,0,2023-07-26 07:30:03,2024-02-26 11:59:09
97,966,0,2023-07-26 07:30:03,2024-02-26 11:59:09
14,966,0,2023-07-26 07:30:03,2024-02-26 11:59:09
28,967,1,2023-05-19 17:54:13,2026-01-14 07:02:00
29,967,1,2023-05-19 17:54:13,2026-01-14 07:02:00
0,968,1,2026-02-17 04:49:03,2026-06-04 22:08:26
99,968,1,2026-02-17 04:49:03,2026-06-04 22:08:26
96,968,1,2026-02-17 04:49:03,2026-06-04 22:08:26
24,969,1,2025-05-21 13:14:58,2025-08-25 16:42:21
19,969,1,2025-05-21 13:14:58,2025-08-25 16:42:21
20,969,1,2025-05-21 13:14:58,2025-08-25 16:42:21
35,970,1,2026-03-11 22:51:06,2026-06-12 08:24:24
28,970,1,2026-03-11 22:51:06,2026-06-12 08:24:24
24,971,1,2024-01-17 00:57:02,2026-07-05 08:14:35
19,971,1,2024-01-17 00:57:02,2026-07-05 08:14:35
20,971,1,2024-01-17 00:57:02,2026-07-05 08:14:35
0,972,1,2026-09-01 00:43:56,2026-09-01 14:17:02
97,972,1,2026-09-01 00:43:56,2026-09-01 14:17:02
96,972,1,2026-09-01 00:43:56,2026-09-01 14:17:02
1,973,1,2024-02-04 12:16:59,2024-06-24 21:56:39
3,973,1,2024-02-04 12:16:59,2024-06-24 21:56:39
7,973,1,2024-02-04 12:16:59,2024-06-24 21:56:39
15,973,1,2024-02-04 12:16:59,2024-06-24 21:56:39
1,974,1,2023-08-28 14:00:47,2024-12-17 04:07:49
4,974,1,2023-08-28 14:00:47,2024-12-17 04:07:49
26,975,1,2024-04-07 23:09:09,2025-12-04 17:09:31
19,975,1,2024-04-07 23:09:09,2025-12-04 17:09:31
21,975,1,2024-04-07 23:09:09,2025-12-04 17:09:31
96,976,1,2023-03-22 14:09:23,2024-01-31 06:07:13
1,976,1,2023-03-22 14:09:23,2024-01-31 06:07:13
99,976,1,2023-03-22 14:09:23,2024-01-31 06:07:13
4,976,1,2023-03-22 14:09:23,2024-01-31 06:07:13
0,977,0,2024-08-21 03:39:18,2026-08-28 12:57:11
96,978,1,2023-02-14 21:42:36,2024-11-08 22:10:46
1,978,1,2023-02-14 21:42:36,2024-11-08 22:10:46
4,978,1,2023-02-14 21:42:36,2024-11-08 22:10:46
97,978,1,2023-02-14 21:42:36,2024-11-08 22:10:46
24,979,1,2024-04-18 04:47:23,2026-01-10 01:22:36
19,979,1,2024-04-18 04:47:23,2026-01-10 01:22:36
20,979,1,2024-04-18 04:47:23,2026-01-10 01:22:36
0,980,1,2025-04-15 00:46:50,2026-03-10 04:05:55
35,981,1,2025-10-11 11:47:54,2025-12-15 11:54:31
28,981,1,2025-10-11 11:47:54,2025-12-15 11:54:31
1,982,1,2026-08-01 16:23:24,2026-09-01 08:57:52
2,982,1,2026-08-01 16:23:24,2026-09-01 08:57:52
13,982,1,2026-08-01 16:23:24,2026-09-01 08:57:52
28,983,0,2023-04-19 15:22:26,2024-07-29 15:59:02
31,983,0,2023-04-19 15:22:26,2024-07-29 15:59:02
96,984,1,2023-11-24 13:03:51,2026-06-29 20:06:53
97,984,1,2023-11-24 13:03:51,2026-06-29 20:06:53
19,984,1,2023-11-24 13:03:51,2026-06-29 20:06:53
20,984,1,2023-11-24 13:03:51,2026-06-29 20:06:53
24,984,1,2023-11-24 13:03:51,2026-06-29 20:06:53
28,985,1,2024-02-29 02:40:03,2025-03-17 03:32:18
29,985,1,2024-02-29 02:40:03,2025-03-17 03:32:18
1,986,1,2025-10-01 05:09:09,2025-10-02 00:14:12
3,986,1,2025-10-01 05:09:09,2025-10-02 00:14:12
7,986,1,2025-10-01 05:09:09,2025-10-02 00:14:12
15,986,1,2025-10-01 05:09:09,2025-10-02 00:14:12
0,987,1,2026-03-30 10:45:52,2026-06-14 17:18:12
35,988,1,2025-11-10 07:08:39,2025-12-28 05:27:39
28,988,1,2025-11-10 07:08:39,2025-12-28 05:27:39
0,989,1,2023-07-13 19:32:02,2025-07-01 13:57:42
96,990,1,2025-11-23 04:54:18,2026-08-25 15:06:26
97,990,1,2025-11-23 04:54:18,2026-08-25 15:06:26
19,990,1,2025-11-23 04:54:18,2026-08-25 15:06:26
20,990,1,2025-11-23 04:54:18,2026-08-25 15:06:26
24,990,1,2025-11-23 04:54:18,2026-08-25 15:06:26
0,991,1,2025-02-06 02:31:17,2025-11-15 01:18:59
0,992,1,2023-06-22 08:23:10,2024-08-26 04:39:08
99,992,1,2023-06-22 08:23:10,2024-08-26 04:39:08
96,992,1,2023-06-22 08:23:10,2024-08-26 04:39:08
32,993,0,2025-05-27 21:57:18,2025-10-11 06:02:59
28,993,0,2025-05-27 21:57:18,2025-10-11 06:02:59
24,994,0,2026-08-21 22:34:02,2026-09-02 00:09:57
19,994,0,2026-08-21 22:34:02,2026-09-02 00:09:57
20,994,0,2026-08-21 22:34:02,2026-09-02 00:09:57
28,995,0,2025-08-12 12:36:02,2026-02-24 23:23:27
29,995,0,2025-08-12 12:36:02,2026-02-24 23:23:27
96,996,1,2026-08-19 10:12:03,2026-09-04 02:31:20
97,996,1,2026-08-19 10:12:03,2026-09-04 02:31:20
19,996,1,2026-08-19 10:12:03,2026-09-04 02:31:20
20,996,1,2026-08-19 10:12:03,2026-09-04 02:31:20
24,996,1,2026-08-19 10:12:03,2026-09-04 02:31:20
26,997,1,2024-07-15 12:38:49,2024-09-21 01:07:38
19,997,1,2024-07-15 12:38:49,2024-09-21 01:07:38
21,997,1,2024-07-15 12:38:49,2024-09-21 01:07:38
0,998,1,2024-06-03 22:44:14,2024-10-09 00:47:38
32,999,1,2024-01-24 08:05:06,2024-11-25 04:11:05
28,999,1,2024-01-24 08:05:06,2024-11-25 04:11:05
0,1000,1,2025-07-09 11:08:53,2026-03-26 02:59:56
99,1000,1,2025-07-09 11:08:53,2026-03-26 02:59:56
96,1000,1,2025-07-09 11:08:53,2026-03-26 02:59:56
0,1001,1,2026-06-30 08:43:41,2026-08-01 18:02:43
96,1002,1,2025-06-18 08:14:29,2025-09-23 07:10:25
97,1002,1,2025-06-18 08:14:29,2025-09-23 07:10:25
28,1002,1,2025-06-18 08:14:29,2025-09-23 07:10:25
29,1002,1,2025-06-18 08:14:29,2025-09-23 07:10:25
24,1003,1,2026-04-30 19:10:00,2026-05-25 13:31:35
19,1003,1,2026-04-30 19:10:00,2026-05-25 13:31:35
20,1003,1,2026-04-30 19:10:00,2026-05-25 13:31:35
24,1004,1,2023-06-08 04:24:26,2026-04-25 17:50:28
19,1004,1,2023-06-08 04:24:26,2026-04-25 17:50:28
20,1004,1,2023-06-08 04:24:26,2026-04-25 17:50:28
0,1005,1,2023-12-29 03:02:40,2026-07-17 12:51:08
0,1006,0,2025-08-19 22:35:18,2025-11-06 14:32:44
1,1007,1,2023-01-20 02:09:05,2025-08-01 15:53:15
3,1007,1,2023-01-20 02:09:05,2025-08-01 15:53:15
7,1007,1,2023-01-20 02:09:05,2025-08-01 15:53:15
15,1007,1,2023-01-20 02:09:05,2025-08-01 15:53:15
96,1008,1,2024-10-16 00:16:43,2025-10-24 22:12:43
97,1008,1,2024-10-16 00:16:43,2025-10-24 22:12:43
19,1008,1,2024-10-16 00:16:43,2025-10-24 22:12:43
20,1008,1,2024-10-16 00:16:43,2025-10-24 22:12:43
24,1008,1,2024-10-16 00:16:43,2025-10-24 22:12:43
0,1009,1,2024-04-29 03:46:57,2026-03-07 05:22:42
28,1010,0,2024-06-16 16:15:01,2025-09-11 19:54:02
29,1010,0,2024-06-16 16:15:01,2025-09-11 19:54:02
0,1011,0,2026-08-26 22:44:19,2026-08-28 06:32:58
26,1012,1,2025-11-03 11:37:50,2026-05-07 05:42:34
19,1012,1,2025-11-03 11:37:50,2026-05-07 05:42:34
21,1012,1,2025-11-03 11:37:50,2026-05-07 05:42:34
0,1013,1,2023-09-10 02:14:11,2024-02-19 23:14:57
96,1014,1,2025-12-12 21:08:08,2026-03-12 07:26:41
97,1014,1,2025-12-12 21:08:08,2026-03-12 07:26:41
19,1014,1,2025-12-12 21:08:08,2026-03-12 07:26:41
20,1014,1,2025-12-12 21:08:08,2026-03-12 07:26:41
24,1014,1,2025-12-12 21:08:08,2026-03-12 07:26:41
0,1015,1,2026-06-08 01:15:20,2026-08-20 01:07:53
96,1016,1,2023-02-16 15:08:12,2025-06-27 07:32:19
99,1016,1,2023-02-16 15:08:12,2025-06-27 07:32:19
28,1016,1,2023-02-16 15:08:12,2025-06-27 07:32:19
31,1016,1,2023-02-16 15:08:12,2025-06-27 07:32:19
1,1017,1,2023-03-10 04:53:25,2023-04-25 07:38:55
4,1017,1,2023-03-10 04:53:25,2023-04-25 07:38:55
28,1018,1,2024-06-11 21:18:51,2025-06-28 23:31:35
31,1018,1,2024-06-11 21:18:51,2025-06-28 23:31:35
0,1019,1,2024-08-11 15:15:51,2026-01-02 06:54:38
96,1020,1,2025-10-23 16:27:46,2025-12-29 05:39:06
1,1020,1,2025-10-23 16:27:46,2025-12-29 05:39:06
4,1020,1,2025-10-23 16:27:46,2025-12-29 05:39:06
97,1020,1,2025-10-23 16:27:46,2025-12-29 05:39:06
28,1021,1,2026-05-19 19:56:59,2026-06-25 15:44:29
29,1021,1,2026-05-19 19:56:59,2026-06-25 15:44:29
28,1022,1,2023-03-13 18:16:53,2026-06-11 04:03:15
31,1022,1,2023-03-13 18:16:53,2026-06-11 04:03:15
0,1023,1,2023-03-24 17:38:18,2025-11-26 13:34:33
0,1024,1,2026-05-13 18:30:49,2026-09-10 04:05:31
99,1024,1,2026-05-13 18:30:49,2026-09-10 04:05:31
96,1024,1,2026-05-13 18:30:49,2026-09-10 04:05:31
24,1025,1,2024-05-14 22:26:09,2025-12-16 17:38:41
19,1025,1,2024-05-14 22:26:09,2025-12-16 17:38:41
20,1025,1,2024-05-14 22:26:09,2025-12-16 17:38:41
96,1026,1,2025-09-18 06:18:03,2026-09-11 00:22:09
97,1026,1,2025-09-18 06:18:03,2026-09-11 00:22:09
28,1026,1,2025-09-18 06:18:03,2026-09-11 00:22:09
29,1026,1,2025-09-18 06:18:03,2026-09-11 00:22:09
32,1027,1,2024-09-07 00:13:15,2025-02-23 19:06:11
28,1027,1,2024-09-07 00:13:15,2025-02-23 19:06:11
1,1028,1,2025-05-05 06:03:55,2025-07-10 02:05:09
2,1028,1,2025-05-05 06:03:55,2025-07-10 02:05:09
14,1028,1,2025-05-05 06:03:55,2025-07-10 02:05:09
33,1029,0,2023-03-05 21:55:09,2025-02-25 15:48:44
28,1029,0,2023-03-05 21:55:09,2025-02-25 15:48:44
28,1030,1,2026-06-03 18:06:01,2026-09-08 08:49:08
29,1030,1,2026-06-03 18:06:01,2026-09-08 08:49:08
1,1031,1,2024-07-11 19:57:17,2024-11-16 20:44:22
3,1031,1,2024-07-11 19:57:17,2024-11-16 20:44:22
7,1031,1,2024-07-11 19:57:17,2024-11-16 20:44:22
15,1031,1,2024-07-11 19:57:17,2024-11-16 20:44:22
96,1032,1,2023-06-02 20:57:27,2023-12-04 02:14:03
1,1032,1,2023-06-02 20:57:27,2023-12-04 02:14:03
2,1032,1,2023-06-02 20:57:27,2023-12-04 02:14:03
97,1032,1,2023-06-02 20:57:27,2023-12-04 02:14:03
14,1032,1,2023-06-02 20:57:27,2023-12-04 02:14:03
24,1033,1,2024-01-24 09:33:25,2025-05-08 15:36:42
19,1033,1,2024-01-24 09:33:25,2025-05-08 15:36:42
20,1033,1,2024-01-24 09:33:25,2025-05-08 15:36:42
0,1034,1,2026-07-01 09:53:46,2026-08-04 01:36:28
19,1035,1,2026-09-06 10:54:56,2026-09-11 06:41:50
27,1035,1,2026-09-06 10:54:56,2026-09-11 06:41:50
22,1035,1,2026-09-06 10:54:56,2026-09-11 06:41:50
0,1036,0,2026-03-22 22:10:09,2026-06-21 22:38:53
0,1037,1,2023-11-22 13:53:09,2025-10-04 01:05:29
0,1038,1,2024-04-19 16:32:50,2024-05-04 17:29:12
97,1038,1,2024-04-19 16:32:50,2024-05-04 17:29:12
96,1038,1,2024-04-19 16:32:50,2024-05-04 17:29:12
0,1039,1,2026-03-31 00:47:43,2026-08-29 05:32:11
99,1040,1,2023-08-27 18:01:28,2025-01-21 18:39:23
35,1040,1,2023-08-27 18:01:28,2025-01-21 18:39:23
28,1040,1,2023-08-27 18:01:28,2025-01-21 18:39:23
96,1040,1,2023-08-27 18:01:28,2025-01-21 18:39:23
32,1041,1,2023-04-09 23:15:10,2025-07-18 06:30:21
28,1041,1,2023-04-09 23:15:10,2025-07-18 06:30:21
19,1042,1,2023-05-25 20:17:43,2024-02-16 03:25:57
27,1042,1,2023-05-25 20:17:43,2024-02-16 03:25:57
22,1042,1,2023-05-25 20:17:43,2024-02-16 03:25:57
1,1043,1,2023-02-11 16:36:43,2023-11-28 16:59:53
4,1043,1,2023-02-11 16:36:43,2023-11-28 16:59:53
96,1044,0,2023-04-19 17:01:20,2025-03-26 00:06:47
97,1044,0,2023-04-19 17:01:20,2025-03-26 00:06:47
28,1044,0,2023-04-19 17:01:20,2025-03-26 00:06:47
31,1044,0,2023-04-19 17:01:20,2025-03-26 00:06:47
0,1045,1,2024-08-30 13:27:41,2024-12-30 12:48:51
1,1046,1,2023-07-21 20:13:35,2024-06-05 08:25:15
4,1046,1,2023-07-21 20:13:35,2024-06-05 08:25:15
1,1047,1,2024-03-03 21:11:02,2025-01-11 05:12:24
2,1047,1,2024-03-03 21:11:02,2025-01-11 05:12:24
14,1047,1,2024-03-03 21:11:02,2025-01-11 05:12:24
96,1048,0,2024-05-25 21:57:44,2026-06-27 14:13:35
1,1048,0,2024-05-25 21:57:44,2026-06-27 14:13:35
2,1048,0,2024-05-25 21:57:44,2026-06-27 14:13:35
99,1048,0,2024-05-25 21:57:44,2026-06-27 14:13:35
13,1048,0,2024-05-25 21:57:44,2026-06-27 14:13:35
0,1049,1,2024-06-22 16:57:50,2025-09-27 18:39:22
96,1050,1,2024-12-12 05:04:14,2025-10-06 23:44:44
97,1050,1,2024-12-12 05:04:14,2025-10-06 23:44:44
19,1050,1,2024-12-12 05:04:14,2025-10-06 23:44:44
22,1050,1,2024-12-12 05:04:14,2025-10-06 23:44:44
27,1050,1,2024-12-12 05:04:14,2025-10-06 23:44:44
0,1051,1,2026-09-14 08:04:06,2026-09-14 19:34:06
24,1052,1,2025-02-05 14:33:01,2025-12-22 01:19:50
19,1052,1,2025-02-05 14:33:01,2025-12-22 01:19:50
20,1052,1,2025-02-05 14:33:01,2025-12-22 01:19:50
35,1053,1,2024-09-29 01:29:22,2025-09-14 07:32:43
28,1053,1,2024-09-29 01:29:22,2025-09-14 07:32:43
0,1054,1,2024-08-15 02:30:34,2025-05-09 00:45:12
19,1055,1,2024-05-23 03:33:29,2026-05-14 07:53:11
27,1055,1,2024-05-23 03:33:29,2026-05-14 07:53:11
22,1055,1,2024-05-23 03:33:29,2026-05-14 07:53:11
0,1056,1,2025-01-01 08:14:19,2025-08-06 03:49:13
97,1056,1,2025-01-01 08:14:19,2025-08-06 03:49:13
96,1056,1,2025-01-01 08:14:19,2025-08-06 03:49:13
0,1057,0,2026-02-25 19:07:42,2026-07-27 14:06:35
0,1058,1,2023-12-03 14:08:01,2024-01-26 02:19:49
35,1059,0,2025-09-22 18:39:59,2026-06-07 01:59:10
28,1059,0,2025-09-22 18:39:59,2026-06-07 01:59:10
1,1060,1,2026-04-06 16:05:30,2026-05-15 20:15:32
4,1060,1,2026-04-06 16:05:30,2026-05-15 20:15:32
0,1061,1,2024-06-07 16:37:09,2025-04-02 04:33:29
96,1062,1,2025-03-07 03:23:19,2025-05-29 18:45:38
97,1062,1,2025-03-07 03:23:19,2025-05-29 18:45:38
19,1062,1,2025-03-07 03:23:19,2025-05-29 18:45:38
20,1062,1,2025-03-07 03:23:19,2025-05-29 18:45:38
24,1062,1,2025-03-07 03:23:19,2025-05-29 18:45:38
1,1063,0,2024-09-05 17:03:01,2026-09-04 23:50:52
3,1063,0,2024-09-05 17:03:01,2026-09-04 23:50:52
7,1063,0,2024-09-05 17:03:01,2026-09-04 23:50:52
15,1063,0,2024-09-05 17:03:01,2026-09-04 23:50:52
96,1064,1,2024-09-16 16:50:48,2026-02-06 16:09:19
99,1064,1,2024-09-16 16:50:48,2026-02-06 16:09:19
19,1064,1,2024-09-16 16:50:48,2026-02-06 16:09:19
21,1064,1,2024-09-16 16:50:48,2026-02-06 16:09:19
26,1064,1,2024-09-16 16:50:48,2026-02-06 16:09:19
1,1065,1,2025-10-06 15:42:20,2026-06-05 22:57:45
3,1065,1,2025-10-06 15:42:20,2026-06-05 22:57:45
7,1065,1,2025-10-06 15:42:20,2026-06-05 22:57:45
15,1065,1,2025-10-06 15:42:20,2026-06-05 22:57:45
0,1066,1,2023-06-08 03:53:08,2026-06-19 00:58:14
35,1067,1,2025-09-07 00:41:04,2026-06-04 10:48:50
28,1067,1,2025-09-07 00:41:04,2026-06-04 10:48:50
96,1068,1,2026-08-15 20:14:31,2026-09-08 05:57:52
97,1068,1,2026-08-15 20:14:31,2026-09-08 05:57:52
19,1068,1,2026-08-15 20:14:31,2026-09-08 05:57:52
22,1068,1,2026-08-15 20:14:31,2026-09-08 05:57:52
27,1068,1,2026-08-15 20:14:31,2026-09-08 05:57:52
24,1069,1,2025-02-21 00:51:34,2026-05-23 08:04:00
19,1069,1,2025-02-21 00:51:34,2026-05-23 08:04:00
20,1069,1,2025-02-21 00:51:34,2026-05-23 08:04:00
1,1070,1,2026-03-22 08:10:03,2026-05-08 15:10:22
2,1070,1,2026-03-22 08:10:03,2026-05-08 15:10:22
13,1070,1,2026-03-22 08:10:03,2026-05-08 15:10:22
0,1071,1,2024-08-06 16:53:55,2025-01-12 10:55:02
0,1072,1,2025-03-20 03:32:51,2026-02-05 09:43:15
99,1072,1,2025-03-20 03:32:51,2026-02-05 09:43:15
96,1072,1,2025-03-20 03:32:51,2026-02-05 09:43:15
1,1073,0,2023-03-26 00:01:26,2026-01-22 01:14:42
2,1073,0,2023-03-26 00:01:26,2026-01-22 01:14:42
14,1073,0,2023-03-26 00:01:26,2026-01-22 01:14:42
0,1074,1,2025-09-05 07:59:38,2025-09-07 16:18:56
97,1074,1,2025-09-05 07:59:38,2025-09-07 16:18:56
96,1074,1,2025-09-05 07:59:38,2025-09-07 16:18:56
24,1075,1,2023-07-15 01:15:12,2023-12-04 14:17:29
19,1075,1,2023-07-15 01:15:12,2023-12-04 14:17:29
20,1075,1,2023-07-15 01:15:12,2023-12-04 14:17:29
0,1076,1,2026-01-31 05:33:10,2026-07-31 15:00:01
1,1077,1,2024-03-19 06:43:36,2026-08-31 17:17:24
2,1077,1,2024-03-19 06:43:36,2026-08-31 17:17:24
14,1077,1,2024-03-19 06:43:36,2026-08-31 17:17:24
0,1078,1,2024-09-10 15:37:48,2025-07-01 00:47:39
0,1079,1,2023-01-31 18:36:37,2026-04-29 09:23:36
96,1080,0,2026-02-02 19:24:35,2026-04-12 01:02:45
97,1080,0,2026-02-02 19:24:35,2026-04-12 01:02:45
19,1080,0,2026-02-02 19:24:35,2026-04-12 01:02:45
22,1080,0,2026-02-02 19:24:35,2026-04-12 01:02:45
27,1080,0,2026-02-02 19:24:35,2026-04-12 01:02:45
0,1081,0,2025-01-16 23:10:34,2025-03-13 20:13:42
1,1082,1,2026-08-31 12:49:53,2026-09-12 16:30:36
3,1082,1,2026-08-31 12:49:53,2026-09-12 16:30:36
7,1082,1,2026-08-31 12:49:53,2026-09-12 16:30:36
15,1082,1,2026-08-31 12:49:53,2026-09-12 16:30:36
0,1083,1,2025-01-30 11:47:18,2025-09-26 13:47:52
32,1084,1,2023-10-29 17:21:07,2025-09-06 11:43:05
28,1084,1,2023-10-29 17:21:07,2025-09-06 11:43:05
0,1085,1,2025-10-08 03:32:49,2026-03-06 19:06:44
96,1086,1,2025-09-07 03:37:19,2026-06-08 13:13:43
97,1086,1,2025-09-07 03:37:19,2026-06-08 13:13:43
19,1086,1,2025-09-07 03:37:19,2026-06-08 13:13:43
21,1086,1,2025-09-07 03:37:19,2026-06-08 13:13:43
26,1086,1,2025-09-07 03:37:19,2026-06-08 13:13:43
1,1087,1,2024-01-20 08:17:32,2026-08-12 18:02:46
2,1087,1,2024-01-20 08:17:32,2026-08-12 18:02:46
13,1087,1,2024-01-20 08:17:32,2026-08-12 18:02:46
32,1088,1,2024-09-09 18:05:50,2026-03-12 04:11:30
99,1088,1,2024-09-09 18:05:50,2026-03-12 04:11:30
28,1088,1,2024-09-09 18:05:50,2026-03-12 04:11:30
96,1088,1,2024-09-09 18:05:50,2026-03-12 04:11:30
24,1089,1,2024-01-28 19:43:22,2025-05-12 07:17:05
19,1089,1,2024-01-28 19:43:22,2025-05-12 07:17:05
20,1089,1,2024-01-28 19:43:22,2025-05-12 07:17:05
28,1090,1,2023-06-19 18:01:57,2026-03-04 00:33:04
29,1090,1,2023-06-19 18:01:57,2026-03-04 00:33:04
32,1091,1,2025-12-21 20:56:39,2026-04-20 12:38:51
28,1091,1,2025-12-21 20:56:39,2026-04-20 12:38:51
96,1092,1,2025-03-26 12:00:05,2026-02-13 06:30:19
1,1092,1,2025-03-26 12:00:05,2026-02-13 06:30:19
2,1092,1,2025-03-26 12:00:05,2026-02-13 06:30:19
97,1092,1,2025-03-26 12:00:05,2026-02-13 06:30:19
13,1092,1,2025-03-26 12:00:05,2026-02-13 06:30:19
1,1093,1,2023-11-04 14:44:25,2025-11-29 07:42:12
2,1093,1,2023-11-04 14:44:25,2025-11-29 07:42:12
14,1093,1,2023-11-04 14:44:25,2025-11-29 07:42:12
0,1094,1,2026-06-11 00:21:56,2026-07-18 06:36:49
24,1095,1,2024-03-31 08:30:50,2024-08-11 11:54:17
19,1095,1,2024-03-31 08:30:50,2024-08-11 11:54:17
20,1095,1,2024-03-31 08:30:50,2024-08-11 11:54:17
96,1096,1,2025-01-23 17:21:23,2026-06-30 07:20:34
99,1096,1,2025-01-23 17:21:23,2026-06-30 07:20:34
19,1096,1,2025-01-23 17:21:23,2026-06-30 07:20:34
22,1096,1,2025-01-23 17:21:23,2026-06-30 07:20:34
27,1096,1,2025-01-23 17:21:23,2026-06-30 07:20:34
1,1097,1,2023-05-31 10:31:33,2024-04-23 07:43:28
4,1097,1,2023-05-31 10:31:33,2024-04-23 07:43:28
96,1098,1,2025-07-27 20:36:16,2026-06-26 10:12:00
97,1098,1,2025-07-27 20:36:16,2026-06-26 10:12:00
28,1098,1,2025-07-27 20:36:16,2026-06-26 10:12:00
29,1098,1,2025-07-27 20:36:16,2026-06-26 10:12:00
1,1099,1,2024-08-10 21:06:19,2025-11-28 07:24:41
3,1099,1,2024-08-10 21:06:19,2025-11-28 07:24:41
7,1099,1,2024-08-10 21:06:19,2025-11-28 07:24:41
15,1099,1,2024-08-10 21:06:19,2025-11-28 07:24:41
0,1100,1,2026-01-31 14:10:05,2026-03-26 12:27:55
1,1101,1,2024-07-26 08:03:43,2026-06-28 08:47:20
2,1101,1,2024-07-26 08:03:43,2026-06-28 08:47:20
13,1101,1,2024-07-26 08:03:43,2026-06-28 08:47:20
0,1102,1,2023-01-26 20:01:21,2025-10-07 08:57:10
0,1103,0,2025-01-22 16:49:00,2025-11-29 12:26:11
0,1104,1,2025-10-19 16:39:25,2026-07-18 08:28:01
97,1104,1,2025-10-19 16:39:25,2026-07-18 08:28:01
96,1104,1,2025-10-19 16:39:25,2026-07-18 08:28:01
1,1105,0,2025-06-07 09:42:08,2026-07-04 08:48:38
4,1105,0,2025-06-07 09:42:08,2026-07-04 08:48:38
0,1106,0,2024-12-26 03:40:44,2025-05-05 16:24:39
0,1107,1,2023-06-13 20:11:40,2025-04-19 10:11:44
1,1108,1,2025-11-07 17:49:39,2025-12-25 13:11:06
2,1108,1,2025-11-07 17:49:39,2025-12-25 13:11:06
13,1108,1,2025-11-07 17:49:39,2025-12-25 13:11:06
24,1109,1,2026-09-16 12:18:07,2026-09-16 16:22:34
19,1109,1,2026-09-16 12:18:07,2026-09-16 16:22:34
20,1109,1,2026-09-16 12:18:07,2026-09-16 16:22:34
32,1110,1,2025-10-12 19:53:29,2026-06-19 04:43:03
97,1110,1,2025-10-12 19:53:29,2026-06-19 04:43:03
28,1110,1,2025-10-12 19:53:29,2026-06-19 04:43:03
96,1110,1,2025-10-12 19:53:29,2026-06-19 04:43:03
35,1111,1,2023-05-17 04:57:36,2023-11-06 05:36:05
28,1111,1,2023-05-17 04:57:36,2023-11-06 05:36:05
96,1112,1,2024-08-13 14:42:03,2025-11-04 17:12:36
99,1112,1,2024-08-13 14:42:03,2025-11-04 17:12:36
19,1112,1,2024-08-13 14:42:03,2025-11-04 17:12:36
20,1112,1,2024-08-13 14:42:03,2025-11-04 17:12:36
24,1112,1,2024-08-13 14:42:03,2025-11-04 17:12:36
1,1113,1,2026-04-13 03:26:10,2026-06-23 00:34:13
2,1113,1,2026-04-13 03:26:10,2026-06-23 00:34:13
13,1113,1,2026-04-13 03:26:10,2026-06-23 00:34:13
33,1114,0,2026-08-17 02:21:34,2026-09-08 11:00:02
28,1114,0,2026-08-17 02:21:34,2026-09-08 11:00:02
1,1115,1,2025-07-23 08:15:21,2026-02-28 11:04:51
3,1115,1,2025-07-23 08:15:21,2026-02-28 11:04:51
7,1115,1,2025-07-23 08:15:21,2026-02-28 11:04:51
15,1115,1,2025-07-23 08:15:21,2026-02-28 11:04:51
96,1116,1,2024-02-29 19:02:58,2026-08-09 10:16:29
33,1116,1,2024-02-29 19:02:58,2026-08-09 10:16:29
28,1116,1,2024-02-29 19:02:58,2026-08-09 10:16:29
97,1116,1,2024-02-29 19:02:58,2026-08-09 10:16:29
0,1117,1,2026-06-12 14:49:29,2026-07-14 23:06:28
33,1118,1,2026-08-23 23:01:43,2026-09-04 19:01:14
28,1118,1,2026-08-23 23:01:43,2026-09-04 19:01:14
19,1119,1,2024-06-25 01:49:55,2026-02-23 00:53:29
27,1119,1,2024-06-25 01:49:55,2026-02-23 00:53:29
22,1119,1,2024-06-25 01:49:55,2026-02-23 00:53:29
96,1120,1,2025-12-25 03:13:32,2026-07-25 23:02:57
99,1120,1,2025-12-25 03:13:32,2026-07-25 23:02:57
19,1120,1,2025-12-25 03:13:32,2026-07-25 23:02:57
22,1120,1,2025-12-25 03:13:32,2026-07-25 23:02:57
27,1120,1,2025-12-25 03:13:32,2026-07-25 23:02:57
19,1121,1,2024-12-11 18:02:52,2026-05-04 05:18:35
27,1121,1,2024-12-11 18:02:52,2026-05-04 05:18:35
22,1121,1,2024-12-11 18:02:52,2026-05-04 05:18:35
0,1122,1,2023-12-05 20:43:01,2024-10-04 19:15:59
97,1122,1,2023-12-05 20:43:01,2024-10-04 19:15:59
96,1122,1,2023-12-05 20:43:01,2024-10-04 19:15:59
1,1123,1,2023-03-29 12:11:27,2023-08-25 17:06:35
2,1123,1,2023-03-29 12:11:27,2023-08-25 17:06:35
13,1123,1,2023-03-29 12:11:27,2023-08-25 17:06:35
0,1124,1,2025-07-10 19:16:18,2026-06-12 18:17:21
33,1125,1,2024-04-15 05:05:11,2025-01-08 03:52:04
28,1125,1,2024-04-15 05:05:11,2025-01-08 03:52:04
19,1126,1,2024-03-03 12:47:51,2026-01-24 00:00:35
27,1126,1,2024-03-03 12:47:51,2026-01-24 00:00:35
22,1126,1,2024-03-03 12:47:51,2026-01-24 00:00:35
0,1127,0,2023-12-16 10:11:10,2024-01-21 04:41:09
32,1128,0,2023-10-09 07:46:13,2025-05-27 18:49:55
97,1128,0,2023-10-09 07:46:13,2025-05-27 18:49:55
28,1128,0,2023-10-09 07:46:13,2025-05-27 18:49:55
96,1128,0,2023-10-09 07:46:13,2025-05-27 18:49:55
0,1129,0,2023-10-15 05:11:35,2025-07-05 21:00:35
1,1130,0,2025-04-17 06:41:50,2026-09-05 11:16:41
2,1130,0,2025-04-17 06:41:50,2026-09-05 11:16:41
13,1130,0,2025-04-17 06:41:50,2026-09-05 11:16:41
1,1131,1,2023-01-09 06:29:35,2025-05-20 00:01:10
4,1131,1,2023-01-09 06:29:35,2025-05-20 00:01:10
0,1132,1,2023-05-17 10:12:05,2025-10-07 05:34:48
0,1133,0,2023-09-24 13:49:51,2025-07-12 18:19:38
96,1134,1,2025-06-15 10:47:01,2026-07-01 09:18:01
1,1134,1,2025-06-15 10:47:01,2026-07-01 09:18:01
2,1134,1,2025-06-15 10:47:01,2026-07-01 09:18:01
97,1134,1,2025-06-15 10:47:01,2026-07-01 09:18:01
13,1134,1,2025-06-15 10:47:01,2026-07-01 09:18:01
1,1135,1,2024-01-04 07:44:31,2024-03-01 09:16:58
3,1135,1,2024-01-04 07:44:31,2024-03-01 09:16:58
7,1135,1,2024-01-04 07:44:31,2024-03-01 09:16:58
15,1135,1,2024-01-04 07:44:31,2024-03-01 09:16:58
96,1136,0,2023-12-02 14:33:13,2026-06-08 21:49:41
99,1136,0,2023-12-02 14:33:13,2026-06-08 21:49:41
28,1136,0,2023-12-02 14:33:13,2026-06-08 21:49:41
31,1136,0,2023-12-02 14:33:13,2026-06-08 21:49:41
0,1137,1,2024-08-16 01:52:34,2026-01-02 18:26:49
0,1138,1,2025-04-12 11:57:40,2025-09-17 18:22:36
24,1139,0,2025-07-28 17:58:22,2025-12-03 03:57:26
19,1139,0,2025-07-28 17:58:22,2025-12-03 03:57:26
20,1139,0,2025-07-28 17:58:22,2025-12-03 03:57:26
96,1140,0,2024-01-20 11:22:57,2024-05-19 21:42:32
97,1140,0,2024-01-20 11:22:57,2024-05-19 21:42:32
19,1140,0,2024-01-20 11:22:57,2024-05-19 21:42:32
21,1140,0,2024-01-20 11:22:57,2024-05-19 21:42:32
26,1140,0,2024-01-20 11:22:57,2024-05-19 21:42:32
0,1141,1,2024-07-17 14:53:26,2025-12-17 17:19:06
0,1142,1,2024-08-11 04:26:13,2026-08-20 10:57:19
1,1143,1,2023-05-29 10:00:36,2025-08-28 03:04:21
4,1143,1,2023-05-29 10:00:36,2025-08-28 03:04:21
0,1144,1,2023-03-16 12:12:03,2023-12-06 18:07:33
99,1144,1,2023-03-16 12:12:03,2023-12-06 18:07:33
96,1144,1,2023-03-16 12:12:03,2023-12-06 18:07:33
1,1145,0,2025-05-06 23:48:41,2026-08-11 20:16:30
3,1145,0,2025-05-06 23:48:41,2026-08-11 20:16:30
7,1145,0,2025-05-06 23:48:41,2026-08-11 20:16:30
15,1145,0,2025-05-06 23:48:41,2026-08-11 20:16:30
96,1146,1,2025-10-18 11:43:23,2025-12-06 13:33:41
97,1146,1,2025-10-18 11:43:23,2025-12-06 13:33:41
19,1146,1,2025-10-18 11:43:23,2025-12-06 13:33:41
22,1146,1,2025-10-18 11:43:23,2025-12-06 13:33:41
27,1146,1,2025-10-18 11:43:23,2025-12-06 13:33:41
33,1147,1,2026-01-04 01:36:06,2026-04-10 19:29:25
28,1147,1,2026-01-04 01:36:06,2026-04-10 19:29:25
0,1148,1,2025-02-19 04:27:48,2025-09-29 23:10:09
0,1149,1,2024-04-19 19:53:12,2026-01-11 07:51:22
1,1150,1,2023-09-14 11:51:48,2026-02-24 05:13:28
3,1150,1,2023-09-14 11:51:48,2026-02-24 05:13:28
7,1150,1,2023-09-14 11:51:48,2026-02-24 05:13:28
15,1150,1,2023-09-14 11:51:48,2026-02-24 05:13:28
0,1151,1,2025-11-17 17:37:19,2026-06-03 06:53:06
96,1152,1,2026-07-15 12:44:32,2026-07-16 05:43:47
33,1152,1,2026-07-15 12:44:32,2026-07-16 05:43:47
28,1152,1,2026-07-15 12:44:32,2026-07-16 05:43:47
97,1152,1,2026-07-15 12:44:32,2026-07-16 05:43:47
26,1153,0,2025-11-28 16:16:48,2026-07-23 06:22:33
19,1153,0,2025-11-28 16:16:48,2026-07-23 06:22:33
21,1153,0,2025-11-28 16:16:48,2026-07-23 06:22:33
0,1154,1,2025-03-08 23:32:44,2025-12-08 09:22:37
0,1155,1,2025-11-20 21:18:36,2026-02-25 21:17:26
35,1156,1,2023-01-04 11:18:03,2026-02-23 22:53:38
28,1156,1,2023-01-04 11:18:03,2026-02-23 22:53:38
32,1157,0,2026-08-10 20:50:48,2026-09-03 13:43:05
28,1157,0,2026-08-10 20:50:48,2026-09-03 13:43:05
0,1158,1,2023-01-09 00:10:13,2024-07-05 06:44:24
97,1158,1,2023-01-09 00:10:13,2024-07-05 06:44:24
96,1158,1,2023-01-09 00:10:13,2024-07-05 06:44:24
0,1159,1,2025-04-01 22:08:58,2026-05-06 09:44:34
96,1160,1,2023-12-18 05:26:28,2025-12-18 10:21:35
33,1160,1,2023-12-18 05:26:28,2025-12-18 10:21:35
99,1160,1,2023-12-18 05:26:28,2025-12-18 10:21:35
28,1160,1,2023-12-18 05:26:28,2025-12-18 10:21:35
19,1161,1,2023-06-18 20:26:34,2025-04-30 03:35:40
27,1161,1,2023-06-18 20:26:34,2025-04-30 03:35:40
22,1161,1,2023-06-18 20:26:34,2025-04-30 03:35:40
0,1162,1,2023-06-21 21:54:51,2024-04-11 09:29:12
1,1163,1,2023-09-07 00:52:59,2026-07-07 22:47:56
2,1163,1,2023-09-07 00:52:59,2026-07-07 22:47:56
14,1163,1,2023-09-07 00:52:59,2026-07-07 22:47:56
96,1164,1,2024-05-19 16:41:28,2026-01-30 21:08:59
97,1164,1,2024-05-19 16:41:28,2026-01-30 21:08:59
28,1164,1,2024-05-19 16:41:28,2026-01-30 21:08:59
31,1164,1,2024-05-19 16:41:28,2026-01-30 21:08:59
28,1165,1,2023-07-15 22:13:40,2024-03-13 13:15:12
29,1165,1,2023-07-15 22:13:40,2024-03-13 13:15:12
0,1166,1,2024-10-29 11:04:26,2026-02-05 05:34:44
1,1167,1,2024-01-20 20:41:19,2026-09-06 06:58:34
2,1167,1,2024-01-20 20:41:19,2026-09-06 06:58:34
13,1167,1,2024-01-20 20:41:19,2026-09-06 06:58:34
96,1168,1,2025-12-24 21:31:30,2026-03-30 23:02:05
33,1168,1,2025-12-24 21:31:30,2026-03-30 23:02:05
99,1168,1,2025-12-24 21:31:30,2026-03-30 23:02:05
28,1168,1,2025-12-24 21:31:30,2026-03-30 23:02:05
26,1169,0,2023-10-09 11:11:15,2024-07-28 13:16:38
19,1169,0,2023-10-09 11:11:15,2024-07-28 13:16:38
21,1169,0,2023-10-09 11:11:15,2024-07-28 13:16:38
32,1170,1,2023-10-26 12:53:32,2024-06-09 15:57:49
97,1170,1,2023-10-26 12:53:32,2024-06-09 15:57:49
28,1170,1,2023-10-26 12:53:32,2024-06-09 15:57:49
96,1170,1,2023-10-26 12:53:32,2024-06-09 15:57:49
26,1171,1,2025-03-26 12:20:39,2025-11-19 12:54:38
19,1171,1,2025-03-26 12:20:39,2025-11-19 12:54:38
21,1171,1,2025-03-26 12:20:39,2025-11-19 12:54:38
0,1172,1,2024-04-17 16:45:11,2024-10-05 15:53:56
0,1173,1,2023-10-10 08:11:30,2023-12-12 20:38:56
1,1174,0,2023-06-06 12:40:06,2025-04-05 22:03:55
2,1174,0,2023-06-06 12:40:06,2025-04-05 22:03:55
13,1174,0,2023-06-06 12:40:06,2025-04-05 22:03:55
0,1175,1,2025-11-26 22:39:02,2026-06-29 05:30:11
96,1176,0,2025-07-28 09:21:53,2026-05-13 00:20:49
33,1176,0,2025-07-28 09:21:53,2026-05-13 00:20:49
28,1176,0,2025-07-28 09:21:53,2026-05-13 00:20:49
97,1176,0,2025-07-28 09:21:53,2026-05-13 00:20:49
0,1177,1,2025-09-04 23:38:48,2026-06-20 09:03:47
0,1178,1,2023-04-27 07:42:49,2025-08-23 09:39:23
0,1179,0,2026-01-24 16:14:00,2026-03-25 08:33:48
0,1180,0,2024-06-23 13:45:22,2026-01-13 03:40:24
0,1181,0,2026-05-13 14:20:11,2026-05-17 20:16:50
0,1182,0,2023-04-05 10:32:30,2026-08-21 11:33:41
97,1182,0,2023-04-05 10:32:30,2026-08-21 11:33:41
96,1182,0,2023-04-05 10:32:30,2026-08-21 11:33:41
28,1183,0,2024-08-19 18:09:56,2025-10-30 15:53:57
31,1183,0,2024-08-19 18:09:56,2025-10-30 15:53:57
96,1184,0,2023-12-05 08:27:37,2026-06-12 04:01:25
99,1184,0,2023-12-05 08:27:37,2026-06-12 04:01:25
19,1184,0,2023-12-05 08:27:37,2026-06-12 04:01:25
22,1184,0,2023-12-05 08:27:37,2026-06-12 04:01:25
27,1184,0,2023-12-05 08:27:37,2026-06-12 04:01:25
1,1185,1,2026-01-05 05:38:57,2026-04-19 12:23:13
2,1185,1,2026-01-05 05:38:57,2026-04-19 12:23:13
13,1185,1,2026-01-05 05:38:57,2026-04-19 12:23:13
35,1186,1,2025-09-20 14:35:18,2025-11-17 03:20:53
28,1186,1,2025-09-20 14:35:18,2025-11-17 03:20:53
24,1187,1,2025-04-10 11:08:36,2025-07-09 16:59:08
19,1187,1,2025-04-10 11:08:36,2025-07-09 16:59:08
20,1187,1,2025-04-10 11:08:36,2025-07-09 16:59:08
96,1188,0,2024-02-15 04:03:24,2024-09-09 17:27:29
1,1188,0,2024-02-15 04:03:24,2024-09-09 17:27:29
2,1188,0,2024-02-15 04:03:24,2024-09-09 17:27:29
97,1188,0,2024-02-15 04:03:24,2024-09-09 17:27:29
13,1188,0,2024-02-15 04:03:24,2024-09-09 17:27:29
26,1189,1,2026-07-03 22:24:12,2026-08-07 10:44:20
19,1189,1,2026-07-03 22:24:12,2026-08-07 10:44:20
21,1189,1,2026-07-03 22:24:12,2026-08-07 10:44:20
0,1190,0,2023-06-15 08:28:21,2026-07-11 21:02:05
19,1191,1,2024-02-22 13:20:53,2025-01-04 07:59:08
27,1191,1,2024-02-22 13:20:53,2025-01-04 07:59:08
22,1191,1,2024-02-22 13:20:53,2025-01-04 07:59:08
32,1192,1,2024-07-26 15:53:44,2025-03-14 02:11:41
99,1192,1,2024-07-26 15:53:44,2025-03-14 02:11:41
28,1192,1,2024-07-26 15:53:44,2025-03-14 02:11:41
96,1192,1,2024-07-26 15:53:44,2025-03-14 02:11:41
0,1193,1,2023-10-21 09:12:29,2026-03-24 07:35:49
0,1194,1,2026-06-23 22:34:45,2026-08-01 05:07:31
97,1194,1,2026-06-23 22:34:45,2026-08-01 05:07:31
96,1194,1,2026-06-23 22:34:45,2026-08-01 05:07:31
0,1195,1,2023-06-05 16:59:12,2026-07-04 21:06:21
28,1196,1,2026-07-08 00:28:27,2026-07-09 08:03:09
29,1196,1,2026-07-08 00:28:27,2026-07-09 08:03:09
0,1197,0,2023-01-21 23:12:03,2026-06-05 22:01:48
1,1198,1,2023-08-05 06:52:27,2025-08-20 14:25:56
2,1198,1,2023-08-05 06:52:27,2025-08-20 14:25:56
13,1198,1,2023-08-05 06:52:27,2025-08-20 14:25:56
24,1199,1,2024-01-14 17:51:11,2024-04-10 13:02:34
19,1199,1,2024-01-14 17:51:11,2024-04-10 13:02:34
20,1199,1,2024-01-14 17:51:11,2024-04-10 13:02:34
96,1200,1,2025-04-26 01:43:45,2025-12-12 13:20:08
97,1200,1,2025-04-26 01:43:45,2025-12-12 13:20:08
35,1200,1,2025-04-26 01:43:45,2025-12-12 13:20:08
28,1200,1,2025-04-26 01:43:45,2025-12-12 13:20:08
1,1201,1,2024-10-25 12:45:47,2025-08-20 20:49:26
4,1201,1,2024-10-25 12:45:47,2025-08-20 20:49:26
33,1202,1,2025-02-03 00:24:00,2025-06-14 17:12:35
28,1202,1,2025-02-03 00:24:00,2025-06-14 17:12:35
1,1203,1,2024-07-14 00:10:19,2024-11-22 17:54:20
4,1203,1,2024-07-14 00:10:19,2024-11-22 17:54:20
0,1204,1,2025-11-21 11:06:35,2026-05-05 14:40:34
24,1205,1,2025-02-14 13:25:05,2026-07-13 12:59:28
19,1205,1,2025-02-14 13:25:05,2026-07-13 12:59:28
20,1205,1,2025-02-14 13:25:05,2026-07-13 12:59:28
96,1206,1,2026-04-23 05:53:26,2026-08-28 14:23:32
97,1206,1,2026-04-23 05:53:26,2026-08-28 14:23:32
19,1206,1,2026-04-23 05:53:26,2026-08-28 14:23:32
20,1206,1,2026-04-23 05:53:26,2026-08-28 14:23:32
24,1206,1,2026-04-23 05:53:26,2026-08-28 14:23:32
33,1207,1,2026-06-19 12:20:40,2026-06-26 01:11:47
28,1207,1,2026-06-19 12:20:40,2026-06-26 01:11:47
96,1208,1,2023-10-10 12:41:31,2025-05-30 15:10:51
1,1208,1,2023-10-10 12:41:31,2025-05-30 15:10:51
99,1208,1,2023-10-10 12:41:31,2025-05-30 15:10:51
4,1208,1,2023-10-10 12:41:31,2025-05-30 15:10:51
0,1209,0,2026-05-17 15:53:00,2026-07-21 09:56:36
33,1210,0,2025-02-04 05:30:41,2026-03-24 19:33:15
28,1210,0,2025-02-04 05:30:41,2026-03-24 19:33:15
35,1211,0,2025-06-16 16:47:42,2025-12-04 01:28:36
28,1211,0,2025-06-16 16:47:42,2025-12-04 01:28:36
96,1212,1,2025-05-17 09:42:32,2026-05-20 12:20:10
97,1212,1,2025-05-17 09:42:32,2026-05-20 12:20:10
19,1212,1,2025-05-17 09:42:32,2026-05-20 12:20:10
20,1212,1,2025-05-17 09:42:32,2026-05-20 12:20:10
24,1212,1,2025-05-17 09:42:32,2026-05-20 12:20:10
24,1213,1,2024-04-02 19:06:40,2026-03-18 23:38:03
19,1213,1,2024-04-02 19:06:40,2026-03-18 23:38:03
20,1213,1,2024-04-02 19:06:40,2026-03-18 23:38:03
33,1214,1,2026-03-06 10:00:20,2026-04-28 22:24:24
28,1214,1,2026-03-06 10:00:20,2026-04-28 22:24:24
1,1215,1,2023-03-26 00:22:23,2026-03-19 14:31:34
4,1215,1,2023-03-26 00:22:23,2026-03-19 14:31:34
96,1216,1,2023-02-16 21:24:20,2023-10-03 01:44:15
1,1216,1,2023-02-16 21:24:20,2023-10-03 01:44:15
99,1216,1,2023-02-16 21:24:20,2023-10-03 01:44:15
4,1216,1,2023-02-16 21:24:20,2023-10-03 01:44:15
0,1217,1,2023-08-21 13:51:45,2024-05-30 23:08:28
0,1218,1,2024-11-20 16:32:12,2026-07-20 14:49:50
97,1218,1,2024-11-20 16:32:12,2026-07-20 14:49:50
96,1218,1,2024-11-20 16:32:12,2026-07-20 14:49:50
1,1219,0,2026-03-12 20:15:55,2026-04-15 13:12:27
2,1219,0,2026-03-12 20:15:55,2026-04-15 13:12:27
13,1219,0,2026-03-12 20:15:55,2026-04-15 13:12:27
28,1220,1,2025-05-10 20:25:48,2025-11-27 06:54:42
29,1220,1,2025-05-10 20:25:48,2025-11-27 06:54:42
32,1221,1,2023-05-23 19:38:31,2025-08-10 22:36:36
28,1221,1,2023-05-23 19:38:31,2025-08-10 22:36:36
19,1222,0,2025-07-28 23:08:39,2025-09-26 22:25:43
27,1222,0,2025-07-28 23:08:39,2025-09-26 22:25:43
22,1222,0,2025-07-28 23:08:39,2025-09-26 22:25:43
0,1223,1,2026-06-01 22:39:30,2026-08-13 01:52:18
96,1224,1,2023-02-13 13:44:14,2024-02-20 16:03:35
97,1224,1,2023-02-13 13:44:14,2024-02-20 16:03:35
19,1224,1,2023-02-13 13:44:14,2024-02-20 16:03:35
21,1224,1,2023-02-13 13:44:14,2024-02-20 16:03:35
26,1224,1,2023-02-13 13:44:14,2024-02-20 16:03:35
1,1225,1,2023-10-19 15:35:47,2026-02-22 16:08:30
2,1225,1,2023-10-19 15:35:47,2026-02-22 16:08:30
14,1225,1,2023-10-19 15:35:47,2026-02-22 16:08:30
28,1226,0,2023-03-11 17:02:38,2025-08-03 10:46:08
31,1226,0,2023-03-11 17:02:38,2025-08-03 10:46:08
0,1227,1,2026-03-13 16:38:25,2026-05-07 12:43:47
19,1228,1,2025-12-27 12:56:40,2026-09-15 13:28:39
27,1228,1,2025-12-27 12:56:40,2026-09-15 13:28:39
22,1228,1,2025-12-27 12:56:40,2026-09-15 13:28:39
1,1229,1,2023-02-06 19:03:08,2025-08-06 22:32:30
4,1229,1,2023-02-06 19:03:08,2025-08-06 22:32:30
96,1230,1,2023-05-03 08:07:09,2025-12-30 17:19:41
97,1230,1,2023-05-03 08:07:09,2025-12-30 17:19:41
19,1230,1,2023-05-03 08:07:09,2025-12-30 17:19:41
22,1230,1,2023-05-03 08:07:09,2025-12-30 17:19:41
27,1230,1,2023-05-03 08:07:09,2025-12-30 17:19:41
24,1231,0,2025-03-13 01:05:19,2026-06-28 20:48:16
19,1231,0,2025-03-13 01:05:19,2026-06-28 20:48:16
20,1231,0,2025-03-13 01:05:19,2026-06-28 20:48:16
96,1232,0,2026-08-22 16:13:26,2026-09-12 14:15:37
99,1232,0,2026-08-22 16:13:26,2026-09-12 14:15:37
19,1232,0,2026-08-22 16:13:26,2026-09-12 14:15:37
20,1232,0,2026-08-22 16:13:26,2026-09-12 14:15:37
24,1232,0,2026-08-22 16:13:26,2026-09-12 14:15:37
24,1233,1,2023-08-25 17:56:10,2026-01-22 09:31:55
19,1233,1,2023-08-25 17:56:10,2026-01-22 09:31:55
20,1233,1,2023-08-25 17:56:10,2026-01-22 09:31:55
0,1234,1,2025-02-14 00:47:50,2025-04-28 03:12:33
0,1235,1,2024-07-02 22:31:54,2024-11-18 13:14:20
96,1236,1,2025-10-07 04:38:45,2025-11-30 17:42:32
97,1236,1,2025-10-07 04:38:45,2025-11-30 17:42:32
19,1236,1,2025-10-07 04:38:45,2025-11-30 17:42:32
20,1236,1,2025-10-07 04:38:45,2025-11-30 17:42:32
24,1236,1,2025-10-07 04:38:45,2025-11-30 17:42:32
1,1237,1,2026-08-24 07:18:41,2026-09-08 08:18:11
4,1237,1,2026-08-24 07:18:41,2026-09-08 08:18:11
33,1238,1,2025-02-24 22:54:03,2026-02-09 13:13:44
28,1238,1,2025-02-24 22:54:03,2026-02-09 13:13:44
24,1239,0,2023-01-13 08:08:04,2023-09-10 10:37:55
19,1239,0,2023-01-13 08:08:04,2023-09-10 10:37:55
20,1239,0,2023-01-13 08:08:04,2023-09-10 10:37:55
96,1240,1,2024-12-19 02:59:39,2026-05-22 20:51:53
1,1240,1,2024-12-19 02:59:39,2026-05-22 20:51:53
99,1240,1,2024-12-19 02:59:39,2026-05-22 20:51:53
4,1240,1,2024-12-19 02:59:39,2026-05-22 20:51:53
24,1241,1,2024-09-08 15:10:39,2026-04-28 07:46:25
19,1241,1,2024-09-08 15:10:39,2026-04-28 07:46:25
20,1241,1,2024-09-08 15:10:39,2026-04-28 07:46:25
96,1242,1,2023-11-27 07:36:51,2025-12-06 02:21:46
97,1242,1,2023-11-27 07:36:51,2025-12-06 02:21:46
19,1242,1,2023-11-27 07:36:51,2025-12-06 02:21:46
21,1242,1,2023-11-27 07:36:51,2025-12-06 02:21:46
26,1242,1,2023-11-27 07:36:51,2025-12-06 02:21:46
1,1243,1,2024-05-12 09:25:20,2024-06-30 01:14:15
4,1243,1,2024-05-12 09:25:20,2024-06-30 01:14:15
0,1244,1,2023-03-26 00:09:21,2024-02-17 13:10:55
1,1245,1,2023-04-18 14:09:52,2024-06-17 02:05:41
2,1245,1,2023-04-18 14:09:52,2024-06-17 02:05:41
13,1245,1,2023-04-18 14:09:52,2024-06-17 02:05:41
19,1246,1,2025-11-06 06:09:09,2026-02-15 00:22:33
27,1246,1,2025-11-06 06:09:09,2026-02-15 00:22:33
22,1246,1,2025-11-06 06:09:09,2026-02-15 00:22:33
0,1247,1,2023-09-13 14:14:43,2024-07-18 02:47:16
0,1248,1,2025-12-12 09:14:16,2026-07-21 20:58:34
97,1248,1,2025-12-12 09:14:16,2026-07-21 20:58:34
96,1248,1,2025-12-12 09:14:16,2026-07-21 20:58:34
19,1249,0,2025-08-15 17:14:50,2025-12-06 01:06:28
27,1249,0,2025-08-15 17:14:50,2025-12-06 01:06:28
22,1249,0,2025-08-15 17:14:50,2025-12-06 01:06:28
1,1250,1,2025-02-14 20:41:02,2025-10-18 14:57:12
3,1250,1,2025-02-14 20:41:02,2025-10-18 14:57:12
7,1250,1,2025-02-14 20:41:02,2025-10-18 14:57:12
15,1250,1,2025-02-14 20:41:02,2025-10-18 14:57:12
1,1251,1,2025-09-12 08:09:32,2026-03-05 20:12:19
4,1251,1,2025-09-12 08:09:32,2026-03-05 20:12:19
32,1252,1,2025-07-22 12:47:32,2026-05-11 18:57:24
28,1252,1,2025-07-22 12:47:32,2026-05-11 18:57:24
28,1253,1,2024-04-14 01:18:20,2025-08-03 21:48:21
31,1253,1,2024-04-14 01:18:20,2025-08-03 21:48:21
96,1254,1,2024-09-29 12:19:45,2025-06-29 17:01:57
97,1254,1,2024-09-29 12:19:45,2025-06-29 17:01:57
28,1254,1,2024-09-29 12:19:45,2025-06-29 17:01:57
29,1254,1,2024-09-29 12:19:45,2025-06-29 17:01:57
0,1255,1,2024-10-27 11:17:55,2025-08-13 06:47:14
0,1256,1,2025-09-12 01:13:52,2025-12-31 01:17:49
99,1256,1,2025-09-12 01:13:52,2025-12-31 01:17:49
96,1256,1,2025-09-12 01:13:52,2025-12-31 01:17:49
24,1257,0,2024-09-30 21:37:02,2024-12-20 10:15:53
19,1257,0,2024-09-30 21:37:02,2024-12-20 10:15:53
20,1257,0,2024-09-30 21:37:02,2024-12-20 10:15:53
0,1258,0,2026-06-05 21:02:07,2026-06-12 05:07:40
1,1259,1,2023-06-27 20:54:38,2024-04-26 15:55:28
2,1259,1,2023-06-27 20:54:38,2024-04-26 15:55:28
14,1259,1,2023-06-27 20:54:38,2024-04-26 15:55:28
0,1260,1,2023-01-12 19:32:23,2024-08-16 19:16:22
97,1260,1,2023-01-12 19:32:23,2024-08-16 19:16:22
96,1260,1,2023-01-12 19:32:23,2024-08-16 19:16:22
0,1261,1,2025-11-11 22:28:25,2026-02-13 17:55:27
1,1262,1,2026-07-30 02:09:48,2026-08-29 21:55:27
2,1262,1,2026-07-30 02:09:48,2026-08-29 21:55:27
13,1262,1,2026-07-30 02:09:48,2026-08-29 21:55:27
1,1263,1,2025-08-15 08:07:59,2026-06-16 20:06:25
3,1263,1,2025-08-15 08:07:59,2026-06-16 20:06:25
7,1263,1,2025-08-15 08:07:59,2026-06-16 20:06:25
15,1263,1,2025-08-15 08:07:59,2026-06-16 20:06:25
0,1264,1,2024-09-18 05:21:58,2026-08-21 12:20:31
99,1264,1,2024-09-18 05:21:58,2026-08-21 12:20:31
96,1264,1,2024-09-18 05:21:58,2026-08-21 12:20:31
1,1265,1,2025-02-22 08:03:55,2025-05-25 06:41:34
3,1265,1,2025-02-22 08:03:55,2025-05-25 06:41:34
7,1265,1,2025-02-22 08:03:55,2025-05-25 06:41:34
15,1265,1,2025-02-22 08:03:55,2025-05-25 06:41:34
32,1266,1,2023-11-13 12:49:10,2024-04-06 09:35:47
97,1266,1,2023-11-13 12:49:10,2024-04-06 09:35:47
28,1266,1,2023-11-13 12:49:10,2024-04-06 09:35:47
96,1266,1,2023-11-13 12:49:10,2024-04-06 09:35:47
24,1267,0,2023-05-03 08:51:06,2025-10-07 14:52:15
19,1267,0,2023-05-03 08:51:06,2025-10-07 14:52:15
20,1267,0,2023-05-03 08:51:06,2025-10-07 14:52:15
19,1268,1,2024-04-06 06:04:24,2025-02-01 08:32:20
27,1268,1,2024-04-06 06:04:24,2025-02-01 08:32:20
22,1268,1,2024-04-06 06:04:24,2025-02-01 08:32:20
35,1269,1,2024-03-03 03:25:54,2024-07-10 00:31:48
28,1269,1,2024-03-03 03:25:54,2024-07-10 00:31:48
33,1270,0,2023-07-10 14:00:11,2023-12-23 22:06:36
28,1270,0,2023-07-10 14:00:11,2023-12-23 22:06:36
33,1271,1,2026-07-26 06:40:53,2026-08-15 11:17:32
28,1271,1,2026-07-26 06:40:53,2026-08-15 11:17:32
96,1272,1,2023-11-23 16:24:07,2025-09-05 23:40:26
97,1272,1,2023-11-23 16:24:07,2025-09-05 23:40:26
19,1272,1,2023-11-23 16:24:07,2025-09-05 23:40:26
22,1272,1,2023-11-23 16:24:07,2025-09-05 23:40:26
27,1272,1,2023-11-23 16:24:07,2025-09-05 23:40:26
24,1273,1,2023-01-16 18:03:26,2023-10-21 07:37:16
19,1273,1,2023-01-16 18:03:26,2023-10-21 07:37:16
20,1273,1,2023-01-16 18:03:26,2023-10-21 07:37:16
32,1274,1,2025-01-21 17:30:33,2026-05-13 15:23:30
28,1274,1,2025-01-21 17:30:33,2026-05-13 15:23:30
0,1275,0,2023-02-15 21:53:57,2025-05-28 11:43:09
1,1276,1,2023-12-04 00:46:21,2024-01-18 20:31:24
2,1276,1,2023-12-04 00:46:21,2024-01-18 20:31:24
13,1276,1,2023-12-04 00:46:21,2024-01-18 20:31:24
1,1277,1,2023-05-23 20:53:03,2024-11-15 07:53:45
3,1277,1,2023-05-23 20:53:03,2024-11-15 07:53:45
7,1277,1,2023-05-23 20:53:03,2024-11-15 07:53:45
15,1277,1,2023-05-23 20:53:03,2024-11-15 07:53:45
96,1278,1,2023-10-27 21:35:01,2024-11-19 09:43:55
97,1278,1,2023-10-27 21:35:01,2024-11-19 09:43:55
35,1278,1,2023-10-27 21:35:01,2024-11-19 09:43:55
28,1278,1,2023-10-27 21:35:01,2024-11-19 09:43:55
0,1279,0,2024-04-29 00:44:08,2025-01-11 08:43:52
96,1280,1,2026-06-21 10:39:57,2026-07-22 09:24:14
99,1280,1,2026-06-21 10:39:57,2026-07-22 09:24:14
28,1280,1,2026-06-21 10:39:57,2026-07-22 09:24:14
31,1280,1,2026-06-21 10:39:57,2026-07-22 09:24:14
0,1281,1,2025-09-09 20:42:30,2026-07-25 01:31:35
24,1282,0,2026-07-08 05:06:12,2026-09-08 20:17:25
19,1282,0,2026-07-08 05:06:12,2026-09-08 20:17:25
20,1282,0,2026-07-08 05:06:12,2026-09-08 20:17:25
28,1283,1,2026-05-13 14:45:14,2026-06-18 17:10:48
29,1283,1,2026-05-13 14:45:14,2026-06-18 17:10:48
0,1284,1,2023-07-09 23:48:32,2023-07-24 22:57:11
97,1284,1,2023-07-09 23:48:32,2023-07-24 22:57:11
96,1284,1,2023-07-09 23:48:32,2023-07-24 22:57:11
1,1285,1,2023-12-28 09:46:25,2026-05-18 21:15:08
3,1285,1,2023-12-28 09:46:25,2026-05-18 21:15:08
7,1285,1,2023-12-28 09:46:25,2026-05-18 21:15:08
15,1285,1,2023-12-28 09:46:25,2026-05-18 21:15:08
24,1286,0,2024-03-07 22:23:53,2024-07-02 04:02:46
19,1286,0,2024-03-07 22:23:53,2024-07-02 04:02:46
20,1286,0,2024-03-07 22:23:53,2024-07-02 04:02:46
24,1287,1,2023-11-03 05:17:15,2024-01-19 08:44:12
19,1287,1,2023-11-03 05:17:15,2024-01-19 08:44:12
20,1287,1,2023-11-03 05:17:15,2024-01-19 08:44:12
0,1288,1,2025-07-23 06:57:39,2026-04-03 04:20:52
99,1288,1,2025-07-23 06:57:39,2026-04-03 04:20:52
96,1288,1,2025-07-23 06:57:39,2026-04-03 04:20:52
32,1289,0,2023-01-08 05:15:11,2024-12-25 13:21:19
28,1289,0,2023-01-08 05:15:11,2024-12-25 13:21:19
96,1290,1,2024-12-30 22:53:38,2025-03-14 20:03:20
1,1290,1,2024-12-30 22:53:38,2025-03-14 20:03:20
2,1290,1,2024-12-30 22:53:38,2025-03-14 20:03:20
97,1290,1,2024-12-30 22:53:38,2025-03-14 20:03:20
14,1290,1,2024-12-30 22:53:38,2025-03-14 20:03:20
26,1291,1,2025-05-14 09:58:01,2026-01-12 15:57:56
19,1291,1,2025-05-14 09:58:01,2026-01-12 15:57:56
21,1291,1,2025-05-14 09:58:01,2026-01-12 15:57:56
0,1292,1,2026-08-11 08:47:49,2026-09-11 11:43:45
1,1293,1,2023-08-04 12:23:39,2024-01-14 20:08:12
4,1293,1,2023-08-04 12:23:39,2024-01-14 20:08:12
1,1294,1,2026-06-21 20:11:18,2026-08-13 00:47:24
3,1294,1,2026-06-21 20:11:18,2026-08-13 00:47:24
7,1294,1,2026-06-21 20:11:18,2026-08-13 00:47:24
15,1294,1,2026-06-21 20:11:18,2026-08-13 00:47:24
1,1295,1,2023-04-27 13:46:30,2024-06-10 06:14:06
2,1295,1,2023-04-27 13:46:30,2024-06-10 06:14:06
13,1295,1,2023-04-27 13:46:30,2024-06-10 06:14:06
96,1296,1,2025-06-25 08:42:43,2026-06-18 04:39:58
1,1296,1,2025-06-25 08:42:43,2026-06-18 04:39:58
97,1296,1,2025-06-25 08:42:43,2026-06-18 04:39:58
3,1296,1,2025-06-25 08:42:43,2026-06-18 04:39:58
7,1296,1,2025-06-25 08:42:43,2026-06-18 04:39:58
15,1296,1,2025-06-25 08:42:43,2026-06-18 04:39:58
1,1297,1,2025-09-16 09:29:20,2026-03-08 21:46:40
4,1297,1,2025-09-16 09:29:20,2026-03-08 21:46:40
1,1298,1,2024-05-15 01:43:31,2026-06-03 22:19:15
4,1298,1,2024-05-15 01:43:31,2026-06-03 22:19:15
0,1299,0,2026-07-21 23:16:01,2026-08-14 12:02:40
28,1300,1,2024-12-28 05:54:41,2025-10-23 07:57:15
31,1300,1,2024-12-28 05:54:41,2025-10-23 07:57:15
28,1301,0,2025-03-09 08:35:56,2025-11-07 18:02:04
31,1301,0,2025-03-09 08:35:56,2025-11-07 18:02:04
96,1302,1,2023-12-06 20:53:22,2025-06-23 18:30:44
1,1302,1,2023-12-06 20:53:22,2025-06-23 18:30:44
2,1302,1,2023-12-06 20:53:22,2025-06-23 18:30:44
97,1302,1,2023-12-06 20:53:22,2025-06-23 18:30:44
14,1302,1,2023-12-06 20:53:22,2025-06-23 18:30:44
19,1303,1,2024-03-07 14:34:03,2025-12-24 20:39:16
27,1303,1,2024-03-07 14:34:03,2025-12-24 20:39:16
22,1303,1,2024-03-07 14:34:03,2025-12-24 20:39:16
0,1304,1,2026-03-03 08:34:56,2026-04-15 03:42:46
99,1304,1,2026-03-03 08:34:56,2026-04-15 03:42:46
96,1304,1,2026-03-03 08:34:56,2026-04-15 03:42:46
0,1305,0,2024-12-04 03:40:35,2025-09-03 12:37:37
0,1306,1,2025-02-19 03:00:53,2026-01-19 18:36:41
28,1307,1,2026-02-11 02:59:52,2026-07-25 05:48:24
29,1307,1,2026-02-11 02:59:52,2026-07-25 05:48:24
96,1308,0,2025-02-05 19:20:48,2026-03-15 15:05:43
97,1308,0,2025-02-05 19:20:48,2026-03-15 15:05:43
28,1308,0,2025-02-05 19:20:48,2026-03-15 15:05:43
31,1308,0,2025-02-05 19:20:48,2026-03-15 15:05:43
26,1309,1,2023-03-24 13:07:10,2023-05-18 23:39:46
19,1309,1,2023-03-24 13:07:10,2023-05-18 23:39:46
21,1309,1,2023-03-24 13:07:10,2023-05-18 23:39:46
32,1310,0,2025-12-22 15:42:28,2026-05-28 18:28:28
28,1310,0,2025-12-22 15:42:28,2026-05-28 18:28:28
19,1311,1,2024-06-24 00:42:06,2025-09-14 09:50:31
27,1311,1,2024-06-24 00:42:06,2025-09-14 09:50:31
22,1311,1,2024-06-24 00:42:06,2025-09-14 09:50:31
0,1312,0,2025-01-10 14:50:19,2026-08-07 16:29:19
99,1312,0,2025-01-10 14:50:19,2026-08-07 16:29:19
96,1312,0,2025-01-10 14:50:19,2026-08-07 16:29:19
1,1313,1,2024-05-30 23:38:51,2026-05-08 03:20:31
2,1313,1,2024-05-30 23:38:51,2026-05-08 03:20:31
14,1313,1,2024-05-30 23:38:51,2026-05-08 03:20:31
96,1314,1,2023-04-30 13:54:47,2024-01-20 19:00:23
33,1314,1,2023-04-30 13:54:47,2024-01-20 19:00:23
28,1314,1,2023-04-30 13:54:47,2024-01-20 19:00:23
97,1314,1,2023-04-30 13:54:47,2024-01-20 19:00:23
1,1315,1,2023-06-19 22:12:20,2023-08-29 02:30:29
2,1315,1,2023-06-19 22:12:20,2023-08-29 02:30:29
13,1315,1,2023-06-19 22:12:20,2023-08-29 02:30:29
1,1316,1,2026-04-19 07:39:33,2026-05-07 13:18:43
2,1316,1,2026-04-19 07:39:33,2026-05-07 13:18:43
13,1316,1,2026-04-19 07:39:33,2026-05-07 13:18:43
1,1317,1,2025-10-27 13:39:44,2026-05-04 12:06:30
4,1317,1,2025-10-27 13:39:44,2026-05-04 12:06:30
0,1318,0,2026-04-18 04:25:59,2026-08-25 02:36:13
0,1319,1,2025-10-21 06:58:48,2025-12-15 07:05:47
0,1320,1,2023-10-29 02:57:27,2025-06-06 23:33:06
97,1320,1,2023-10-29 02:57:27,2025-06-06 23:33:06
96,1320,1,2023-10-29 02:57:27,2025-06-06 23:33:06
1,1321,1,2024-05-29 11:52:10,2026-01-26 22:23:01
4,1321,1,2024-05-29 11:52:10,2026-01-26 22:23:01
32,1322,1,2026-07-19 20:10:12,2026-07-31 18:41:25
28,1322,1,2026-07-19 20:10:12,2026-07-31 18:41:25
26,1323,1,2025-02-14 01:20:50,2026-07-31 12:29:28
19,1323,1,2025-02-14 01:20:50,2026-07-31 12:29:28
21,1323,1,2025-02-14 01:20:50,2026-07-31 12:29:28
33,1324,1,2024-04-16 16:43:42,2026-05-12 22:52:20
28,1324,1,2024-04-16 16:43:42,2026-05-12 22:52:20
1,1325,0,2023-07-11 18:01:08,2023-10-02 09:12:29
2,1325,0,2023-07-11 18:01:08,2023-10-02 09:12:29
14,1325,0,2023-07-11 18:01:08,2023-10-02 09:12:29
0,1326,1,2024-01-26 14:07:08,2024-08-27 12:38:50
97,1326,1,2024-01-26 14:07:08,2024-08-27 12:38:50
96,1326,1,2024-01-26 14:07:08,2024-08-27 12:38:50
24,1327,1,2023-08-10 14:09:47,2024-06-11 04:41:33
19,1327,1,2023-08-10 14:09:47,2024-06-11 04:41:33
20,1327,1,2023-08-10 14:09:47,2024-06-11 04:41:33
96,1328,1,2024-01-22 09:16:14,2025-09-13 09:22:21
99,1328,1,2024-01-22 09:16:14,2025-09-13 09:22:21
19,1328,1,2024-01-22 09:16:14,2025-09-13 09:22:21
21,1328,1,2024-01-22 09:16:14,2025-09-13 09:22:21
26,1328,1,2024-01-22 09:16:14,2025-09-13 09:22:21
26,1329,0,2024-11-08 00:24:29,2026-04-19 08:27:14
19,1329,0,2024-11-08 00:24:29,2026-04-19 08:27:14
21,1329,0,2024-11-08 00:24:29,2026-04-19 08:27:14
1,1330,0,2023-11-06 22:45:47,2025-02-16 15:10:40
3,1330,0,2023-11-06 22:45:47,2025-02-16 15:10:40
7,1330,0,2023-11-06 22:45:47,2025-02-16 15:10:40
15,1330,0,2023-11-06 22:45:47,2025-02-16 15:10:40
1,1331,1,2023-05-30 04:42:59,2023-12-31 12:28:01
2,1331,1,2023-05-30 04:42:59,2023-12-31 12:28:01
14,1331,1,2023-05-30 04:42:59,2023-12-31 12:28:01
96,1332,1,2024-10-15 05:35:14,2025-08-29 21:21:44
97,1332,1,2024-10-15 05:35:14,2025-08-29 21:21:44
28,1332,1,2024-10-15 05:35:14,2025-08-29 21:21:44
29,1332,1,2024-10-15 05:35:14,2025-08-29 21:21:44
0,1333,0,2024-04-14 17:54:56,2025-04-26 16:24:04
32,1334,1,2023-07-15 15:13:42,2025-04-01 13:59:58
28,1334,1,2023-07-15 15:13:42,2025-04-01 13:59:58
1,1335,1,2024-06-02 01:09:51,2024-10-31 08:27:51
2,1335,1,2024-06-02 01:09:51,2024-10-31 08:27:51
13,1335,1,2024-06-02 01:09:51,2024-10-31 08:27:51
96,1336,0,2025-11-13 15:56:20,2026-05-31 01:08:04
1,1336,0,2025-11-13 15:56:20,2026-05-31 01:08:04
2,1336,0,2025-11-13 15:56:20,2026-05-31 01:08:04
99,1336,0,2025-11-13 15:56:20,2026-05-31 01:08:04
14,1336,0,2025-11-13 15:56:20,2026-05-31 01:08:04
0,1337,1,2023-07-31 21:27:47,2024-07-13 03:46:18
96,1338,1,2023-06-28 04:39:23,2023-10-10 11:53:38
33,1338,1,2023-06-28 04:39:23,2023-10-10 11:53:38
28,1338,1,2023-06-28 04:39:23,2023-10-10 11:53:38
97,1338,1,2023-06-28 04:39:23,2023-10-10 11:53:38
1,1339,1,2023-02-08 07:15:23,2026-08-24 21:32:55
2,1339,1,2023-02-08 07:15:23,2026-08-24 21:32:55
13,1339,1,2023-02-08 07:15:23,2026-08-24 21:32:55
28,1340,1,2026-06-28 05:55:04,2026-07-21 01:20:21
29,1340,1,2026-06-28 05:55:04,2026-07-21 01:20:21
35,1341,1,2024-11-02 15:18:51,2025-02-24 05:32:38
28,1341,1,2024-11-02 15:18:51,2025-02-24 05:32:38
1,1342,0,2023-11-08 05:37:41,2025-11-16 22:05:59
2,1342,0,2023-11-08 05:37:41,2025-11-16 22:05:59
13,1342,0,2023-11-08 05:37:41,2025-11-16 22:05:59
0,1343,1,2025-11-03 05:38:51,2026-02-18 02:31:24
96,1344,1,2024-03-16 06:44:46,2026-02-24 08:00:31
97,1344,1,2024-03-16 06:44:46,2026-02-24 08:00:31
19,1344,1,2024-03-16 06:44:46,2026-02-24 08:00:31
22,1344,1,2024-03-16 06:44:46,2026-02-24 08:00:31
27,1344,1,2024-03-16 06:44:46,2026-02-24 08:00:31
1,1345,0,2024-11-21 11:23:33,2024-12-24 14:06:24
4,1345,0,2024-11-21 11:23:33,2024-12-24 14:06:24
0,1346,1,2025-02-16 17:09:05,2026-03-14 13:35:02
28,1347,1,2025-10-15 22:58:08,2026-07-22 06:29:01
31,1347,1,2025-10-15 22:58:08,2026-07-22 06:29:01
32,1348,1,2024-09-03 22:43:39,2024-10-26 22:15:21
28,1348,1,2024-09-03 22:43:39,2024-10-26 22:15:21
0,1349,0,2026-04-19 12:55:57,2026-08-25 11:39:10
96,1350,1,2025-06-26 23:29:12,2026-05-06 14:22:36
97,1350,1,2025-06-26 23:29:12,2026-05-06 14:22:36
28,1350,1,2025-06-26 23:29:12,2026-05-06 14:22:36
29,1350,1,2025-06-26 23:29:12,2026-05-06 14:22:36
24,1351,1,2025-02-14 20:14:43,2026-07-27 11:43:49
19,1351,1,2025-02-14 20:14:43,2026-07-27 11:43:49
20,1351,1,2025-02-14 20:14:43,2026-07-27 11:43:49
0,1352,1,2026-02-05 03:53:24,2026-07-04 07:48:26
99,1352,1,2026-02-05 03:53:24,2026-07-04 07:48:26
96,1352,1,2026-02-05 03:53:24,2026-07-04 07:48:26
26,1353,1,2024-11-16 21:22:25,2026-07-02 19:17:07
19,1353,1,2024-11-16 21:22:25,2026-07-02 19:17:07
21,1353,1,2024-11-16 21:22:25,2026-07-02 19:17:07
0,1354,1,2023-07-26 22:40:34,2026-04-12 02:30:46
32,1355,1,2023-12-17 07:07:13,2024-10-24 20:07:45
28,1355,1,2023-12-17 07:07:13,2024-10-24 20:07:45
0,1356,1,2023-11-13 04:30:24,2024-01-03 19:45:12
97,1356,1,2023-11-13 04:30:24,2024-01-03 19:45:12
96,1356,1,2023-11-13 04:30:24,2024-01-03 19:45:12
24,1357,1,2024-06-13 06:38:18,2025-03-28 03:17:07
19,1357,1,2024-06-13 06:38:18,2025-03-28 03:17:07
20,1357,1,2024-06-13 06:38:18,2025-03-28 03:17:07
28,1358,0,2024-06-30 23:27:54,2026-01-05 18:11:46
29,1358,0,2024-06-30 23:27:54,2026-01-05 18:11:46
24,1359,1,2025-08-29 15:14:16,2026-01-22 16:54:49
19,1359,1,2025-08-29 15:14:16,2026-01-22 16:54:49
20,1359,1,2025-08-29 15:14:16,2026-01-22 16:54:49
96,1360,1,2023-03-21 23:16:35,2025-10-11 08:26:00
99,1360,1,2023-03-21 23:16:35,2025-10-11 08:26:00
19,1360,1,2023-03-21 23:16:35,2025-10-11 08:26:00
20,1360,1,2023-03-21 23:16:35,2025-10-11 08:26:00
24,1360,1,2023-03-21 23:16:35,2025-10-11 08:26:00
35,1361,1,2025-12-28 11:55:46,2026-05-16 11:50:51
28,1361,1,2025-12-28 11:55:46,2026-05-16 11:50:51
96,1362,0,2025-08-07 12:57:11,2026-08-30 22:30:17
97,1362,0,2025-08-07 12:57:11,2026-08-30 22:30:17
19,1362,0,2025-08-07 12:57:11,2026-08-30 22:30:17
20,1362,0,2025-08-07 12:57:11,2026-08-30 22:30:17
24,1362,0,2025-08-07 12:57:11,2026-08-30 22:30:17
1,1363,1,2025-10-11 18:15:15,2025-10-23 09:40:10
2,1363,1,2025-10-11 18:15:15,2025-10-23 09:40:10
14,1363,1,2025-10-11 18:15:15,2025-10-23 09:40:10
0,1364,1,2023-08-05 09:03:23,2024-06-17 15:25:33
35,1365,0,2025-08-05 14:30:43,2025-09-02 01:42:31
28,1365,0,2025-08-05 14:30:43,2025-09-02 01:42:31
0,1366,1,2024-02-25 05:17:03,2024-04-30 01:30:02
1,1367,1,2024-04-16 08:15:21,2025-04-05 03:34:58
4,1367,1,2024-04-16 08:15:21,2025-04-05 03:34:58
96,1368,1,2025-11-25 08:36:40,2026-08-17 20:10:44
1,1368,1,2025-11-25 08:36:40,2026-08-17 20:10:44
2,1368,1,2025-11-25 08:36:40,2026-08-17 20:10:44
97,1368,1,2025-11-25 08:36:40,2026-08-17 20:10:44
13,1368,1,2025-11-25 08:36:40,2026-08-17 20:10:44
1,1369,1,2024-10-29 13:04:20,2026-04-27 06:57:22
2,1369,1,2024-10-29 13:04:20,2026-04-27 06:57:22
13,1369,1,2024-10-29 13:04:20,2026-04-27 06:57:22
26,1370,1,2024-06-30 11:38:53,2025-04-27 07:16:49
19,1370,1,2024-06-30 11:38:53,2025-04-27 07:16:49
21,1370,1,2024-06-30 11:38:53,2025-04-27 07:16:49
1,1371,1,2024-10-03 16:11:50,2026-05-07 06:09:14
3,1371,1,2024-10-03 16:11:50,2026-05-07 06:09:14
7,1371,1,2024-10-03 16:11:50,2026-05-07 06:09:14
15,1371,1,2024-10-03 16:11:50,2026-05-07 06:09:14
35,1372,1,2023-04-30 00:17:25,2023-07-27 00:31:35
28,1372,1,2023-04-30 00:17:25,2023-07-27 00:31:35
33,1373,1,2024-03-30 05:56:11,2024-10-17 18:06:30
28,1373,1,2024-03-30 05:56:11,2024-10-17 18:06:30
0,1374,1,2025-04-24 12:35:57,2025-10-01 10:07:32
97,1374,1,2025-04-24 12:35:57,2025-10-01 10:07:32
96,1374,1,2025-04-24 12:35:57,2025-10-01 10:07:32
0,1375,1,2026-04-27 00:16:39,2026-08-12 02:00:53
96,1376,0,2023-06-12 03:30:01,2023-09-04 00:40:27
1,1376,0,2023-06-12 03:30:01,2023-09-04 00:40:27
2,1376,0,2023-06-12 03:30:01,2023-09-04 00:40:27
99,1376,0,2023-06-12 03:30:01,2023-09-04 00:40:27
14,1376,0,2023-06-12 03:30:01,2023-09-04 00:40:27
24,1377,1,2026-07-31 02:36:38,2026-09-16 11:39:40
19,1377,1,2026-07-31 02:36:38,2026-09-16 11:39:40
20,1377,1,2026-07-31 02:36:38,2026-09-16 11:39:40
28,1378,1,2023-02-25 17:14:37,2024-02-25 22:36:08
29,1378,1,2023-02-25 17:14:37,2024-02-25 22:36:08
0,1379,1,2024-03-07 19:22:23,2026-09-07 14:33:20
96,1380,1,2023-01-30 06:43:19,2024-09-15 14:38:35
97,1380,1,2023-01-30 06:43:19,2024-09-15 14:38:35
19,1380,1,2023-01-30 06:43:19,2024-09-15 14:38:35
22,1380,1,2023-01-30 06:43:19,2024-09-15 14:38:35
27,1380,1,2023-01-30 06:43:19,2024-09-15 14:38:35
19,1381,1,2025-04-07 04:44:18,2025-05-17 18:55:43
27,1381,1,2025-04-07 04:44:18,2025-05-17 18:55:43
22,1381,1,2025-04-07 04:44:18,2025-05-17 18:55:43
1,1382,0,2026-03-18 00:58:52,2026-09-07 11:27:07
2,1382,0,2026-03-18 00:58:52,2026-09-07 11:27:07
14,1382,0,2026-03-18 00:58:52,2026-09-07 11:27:07
1,1383,0,2024-11-05 07:31:35,2026-09-08 18:07:56
3,1383,0,2024-11-05 07:31:35,2026-09-08 18:07:56
7,1383,0,2024-11-05 07:31:35,2026-09-08 18:07:56
15,1383,0,2024-11-05 07:31:35,2026-09-08 18:07:56
96,1384,1,2026-08-26 15:43:30,2026-09-08 15:14:45
99,1384,1,2026-08-26 15:43:30,2026-09-08 15:14:45
19,1384,1,2026-08-26 15:43:30,2026-09-08 15:14:45
21,1384,1,2026-08-26 15:43:30,2026-09-08 15:14:45
26,1384,1,2026-08-26 15:43:30,2026-09-08 15:14:45
0,1385,1,2026-03-04 07:14:43,2026-06-04 19:40:51
96,1386,0,2024-04-04 13:09:08,2025-09-10 21:16:13
97,1386,0,2024-04-04 13:09:08,2025-09-10 21:16:13
19,1386,0,2024-04-04 13:09:08,2025-09-10 21:16:13
20,1386,0,2024-04-04 13:09:08,2025-09-10 21:16:13
24,1386,0,2024-04-04 13:09:08,2025-09-10 21:16:13
32,1387,1,2026-04-30 10:57:58,2026-09-04 06:18:41
28,1387,1,2026-04-30 10:57:58,2026-09-04 06:18:41
0,1388,1,2024-11-20 10:23:13,2025-11-14 20:11:33
1,1389,0,2023-12-05 09:45:25,2025-08-31 03:52:30
2,1389,0,2023-12-05 09:45:25,2025-08-31 03:52:30
13,1389,0,2023-12-05 09:45:25,2025-08-31 03:52:30
0,1390,1,2024-02-05 19:11:47,2025-04-09 18:36:13
0,1391,0,2025-10-16 00:38:17,2025-11-04 06:45:14
0,1392,0,2026-01-19 09:02:00,2026-04-17 21:42:14
97,1392,0,2026-01-19 09:02:00,2026-04-17 21:42:14
96,1392,0,2026-01-19 09:02:00,2026-04-17 21:42:14
0,1393,1,2025-04-19 13:06:50,2025-05-24 06:59:55
0,1394,0,2023-05-01 07:33:13,2024-05-03 10:45:37
28,1395,1,2023-08-11 06:23:23,2023-09-18 15:04:16
31,1395,1,2023-08-11 06:23:23,2023-09-18 15:04:16
1,1396,1,2024-04-01 19:27:52,2024-05-20 05:05:48
3,1396,1,2024-04-01 19:27:52,2024-05-20 05:05:48
7,1396,1,2024-04-01 19:27:52,2024-05-20 05:05:48
15,1396,1,2024-04-01 19:27:52,2024-05-20 05:05:48
0,1397,1,2025-08-04 02:35:16,2026-01-15 08:51:14
96,1398,0,2023-02-20 15:23:54,2025-12-07 08:20:44
1,1398,0,2023-02-20 15:23:54,2025-12-07 08:20:44
97,1398,0,2023-02-20 15:23:54,2025-12-07 08:20:44
3,1398,0,2023-02-20 15:23:54,2025-12-07 08:20:44
7,1398,0,2023-02-20 15:23:54,2025-12-07 08:20:44
15,1398,0,2023-02-20 15:23:54,2025-12-07 08:20:44
33,1399,0,2026-02-14 03:41:09,2026-07-26 12:28:29
28,1399,0,2026-02-14 03:41:09,2026-07-26 12:28:29
99,1400,0,2025-03-19 07:31:55,2026-02-24 20:41:32
35,1400,0,2025-03-19 07:31:55,2026-02-24 20:41:32
28,1400,0,2025-03-19 07:31:55,2026-02-24 20:41:32
96,1400,0,2025-03-19 07:31:55,2026-02-24 20:41:32
1,1401,1,2026-05-26 05:06:03,2026-08-04 11:58:47
3,1401,1,2026-05-26 05:06:03,2026-08-04 11:58:47
7,1401,1,2026-05-26 05:06:03,2026-08-04 11:58:47
15,1401,1,2026-05-26 05:06:03,2026-08-04 11:58:47
0,1402,1,2024-07-16 03:54:27,2024-11-16 22:58:07
0,1403,1,2024-11-28 10:44:27,2026-08-01 04:30:44
96,1404,1,2025-11-13 04:27:38,2026-06-28 06:46:31
97,1404,1,2025-11-13 04:27:38,2026-06-28 06:46:31
19,1404,1,2025-11-13 04:27:38,2026-06-28 06:46:31
21,1404,1,2025-11-13 04:27:38,2026-06-28 06:46:31
26,1404,1,2025-11-13 04:27:38,2026-06-28 06:46:31
33,1405,1,2024-09-26 14:05:16,2025-08-19 14:31:03
28,1405,1,2024-09-26 14:05:16,2025-08-19 14:31:03
28,1406,1,2023-01-25 02:20:19,2023-10-11 04:00:36
29,1406,1,2023-01-25 02:20:19,2023-10-11 04:00:36
1,1407,1,2026-07-19 08:30:01,2026-08-30 05:46:53
4,1407,1,2026-07-19 08:30:01,2026-08-30 05:46:53
96,1408,1,2024-10-18 02:40:23,2025-07-20 08:34:01
1,1408,1,2024-10-18 02:40:23,2025-07-20 08:34:01
2,1408,1,2024-10-18 02:40:23,2025-07-20 08:34:01
99,1408,1,2024-10-18 02:40:23,2025-07-20 08:34:01
13,1408,1,2024-10-18 02:40:23,2025-07-20 08:34:01
33,1409,1,2025-07-07 19:53:53,2025-09-29 12:54:35
28,1409,1,2025-07-07 19:53:53,2025-09-29 12:54:35
0,1410,1,2024-03-25 09:33:19,2026-04-05 13:21:28
97,1410,1,2024-03-25 09:33:19,2026-04-05 13:21:28
96,1410,1,2024-03-25 09:33:19,2026-04-05 13:21:28
33,1411,0,2025-07-10 06:26:32,2026-04-23 13:23:29
28,1411,0,2025-07-10 06:26:32,2026-04-23 13:23:29
0,1412,1,2026-04-15 19:45:52,2026-05-04 15:20:40
0,1413,0,2025-06-19 17:33:44,2026-07-19 11:37:00
26,1414,1,2023-03-07 03:25:43,2026-08-22 15:04:12
19,1414,1,2023-03-07 03:25:43,2026-08-22 15:04:12
21,1414,1,2023-03-07 03:25:43,2026-08-22 15:04:12
28,1415,1,2023-07-04 03:54:16,2024-09-23 07:28:31
31,1415,1,2023-07-04 03:54:16,2024-09-23 07:28:31
0,1416,1,2025-07-30 15:39:44,2025-10-21 01:52:19
97,1416,1,2025-07-30 15:39:44,2025-10-21 01:52:19
96,1416,1,2025-07-30 15:39:44,2025-10-21 01:52:19
0,1417,0,2026-03-18 15:23:50,2026-04-20 10:18:23
1,1418,1,2024-07-28 01:28:14,2025-06-08 15:06:49
2,1418,1,2024-07-28 01:28:14,2025-06-08 15:06:49
13,1418,1,2024-07-28 01:28:14,2025-06-08 15:06:49
1,1419,1,2024-04-03 04:13:08,2024-09-20 10:57:27
2,1419,1,2024-04-03 04:13:08,2024-09-20 10:57:27
14,1419,1,2024-04-03 04:13:08,2024-09-20 10:57:27
1,1420,1,2026-02-10 13:16:58,2026-03-27 18:47:35
4,1420,1,2026-02-10 13:16:58,2026-03-27 18:47:35
0,1421,1,2025-02-26 16:34:24,2025-11-14 03:42:40
0,1422,1,2024-11-04 05:29:20,2025-01-21 05:48:13
97,1422,1,2024-11-04 05:29:20,2025-01-21 05:48:13
96,1422,1,2024-11-04 05:29:20,2025-01-21 05:48:13
28,1423,1,2024-01-18 00:19:42,2024-08-17 15:23:09
29,1423,1,2024-01-18 00:19:42,2024-08-17 15:23:09
32,1424,1,2026-06-18 07:13:48,2026-07-06 11:12:57
99,1424,1,2026-06-18 07:13:48,2026-07-06 11:12:57
28,1424,1,2026-06-18 07:13:48,2026-07-06 11:12:57
96,1424,1,2026-06-18 07:13:48,2026-07-06 11:12:57
0,1425,1,2023-01-05 23:13:09,2024-11-10 15:47:49
24,1426,1,2025-12-04 17:48:55,2026-03-16 21:50:27
19,1426,1,2025-12-04 17:48:55,2026-03-16 21:50:27
20,1426,1,2025-12-04 17:48:55,2026-03-16 21:50:27
0,1427,1,2024-04-11 04:33:36,2025-04-06 10:10:12
96,1428,1,2024-04-03 21:57:08,2024-08-31 20:58:19
1,1428,1,2024-04-03 21:57:08,2024-08-31 20:58:19
2,1428,1,2024-04-03 21:57:08,2024-08-31 20:58:19
97,1428,1,2024-04-03 21:57:08,2024-08-31 20:58:19
14,1428,1,2024-04-03 21:57:08,2024-08-31 20:58:19
0,1429,1,2023-06-29 22:03:07,2024-03-29 15:03:24
0,1430,1,2026-07-29 01:58:28,2026-09-14 13:50:00
0,1431,1,2023-04-05 10:54:35,2025-08-25 21:22:53
96,1432,1,2024-02-09 23:34:38,2024-05-04 20:27:24
1,1432,1,2024-02-09 23:34:38,2024-05-04 20:27:24
99,1432,1,2024-02-09 23:34:38,2024-05-04 20:27:24
3,1432,1,2024-02-09 23:34:38,2024-05-04 20:27:24
7,1432,1,2024-02-09 23:34:38,2024-05-04 20:27:24
15,1432,1,2024-02-09 23:34:38,2024-05-04 20:27:24
0,1433,1,2025-06-08 08:33:33,2025-10-15 16:59:57
96,1434,1,2026-01-26 22:38:18,2026-02-04 03:28:10
97,1434,1,2026-01-26 22:38:18,2026-02-04 03:28:10
35,1434,1,2026-01-26 22:38:18,2026-02-04 03:28:10
28,1434,1,2026-01-26 22:38:18,2026-02-04 03:28:10
19,1435,1,2024-07-16 11:58:57,2025-05-20 18:21:17
27,1435,1,2024-07-16 11:58:57,2025-05-20 18:21:17
22,1435,1,2024-07-16 11:58:57,2025-05-20 18:21:17
0,1436,1,2024-05-29 23:17:40,2026-03-03 03:47:15
28,1437,0,2023-06-09 06:14:59,2025-07-27 07:29:58
31,1437,0,2023-06-09 06:14:59,2025-07-27 07:29:58
19,1438,1,2025-09-08 02:05:44,2026-07-05 01:29:37
27,1438,1,2025-09-08 02:05:44,2026-07-05 01:29:37
22,1438,1,2025-09-08 02:05:44,2026-07-05 01:29:37
0,1439,1,2023-07-23 19:14:11,2026-09-16 04:02:12
0,1440,1,2023-02-01 07:24:08,2023-02-24 05:00:56
97,1440,1,2023-02-01 07:24:08,2023-02-24 05:00:56
96,1440,1,2023-02-01 07:24:08,2023-02-24 05:00:56
35,1441,1,2026-05-04 02:24:42,2026-07-05 23:05:15
28,1441,1,2026-05-04 02:24:42,2026-07-05 23:05:15
26,1442,1,2025-10-16 03:20:35,2026-05-27 21:55:38
19,1442,1,2025-10-16 03:20:35,2026-05-27 21:55:38
21,1442,1,2025-10-16 03:20:35,2026-05-27 21:55:38
0,1443,0,2024-03-08 17:23:28,2026-03-29 13:58:02
1,1444,1,2024-08-02 00:40:02,2026-03-17 10:25:58
2,1444,1,2024-08-02 00:40:02,2026-03-17 10:25:58
14,1444,1,2024-08-02 00:40:02,2026-03-17 10:25:58
35,1445,1,2026-04-13 00:38:09,2026-05-28 02:22:21
28,1445,1,2026-04-13 00:38:09,2026-05-28 02:22:21
0,1446,1,2026-06-11 19:05:15,2026-06-28 00:51:09
97,1446,1,2026-06-11 19:05:15,2026-06-28 00:51:09
96,1446,1,2026-06-11 19:05:15,2026-06-28 00:51:09
1,1447,1,2024-09-18 08:12:06,2026-01-10 04:22:46
4,1447,1,2024-09-18 08:12:06,2026-01-10 04:22:46
0,1448,1,2024-10-01 19:12:03,2025-05-31 17:08:31
99,1448,1,2024-10-01 19:12:03,2025-05-31 17:08:31
96,1448,1,2024-10-01 19:12:03,2025-05-31 17:08:31
1,1449,1,2026-09-15 17:11:15,2026-09-15 17:23:25
3,1449,1,2026-09-15 17:11:15,2026-09-15 17:23:25
7,1449,1,2026-09-15 17:11:15,2026-09-15 17:23:25
15,1449,1,2026-09-15 17:11:15,2026-09-15 17:23:25
0,1450,1,2024-05-14 22:59:19,2026-05-01 16:11:04
0,1451,1,2024-08-06 14:35:28,2024-11-13 11:18:30
96,1452,1,2023-03-02 16:20:05,2024-12-20 14:59:39
1,1452,1,2023-03-02 16:20:05,2024-12-20 14:59:39
2,1452,1,2023-03-02 16:20:05,2024-12-20 14:59:39
97,1452,1,2023-03-02 16:20:05,2024-12-20 14:59:39
13,1452,1,2023-03-02 16:20:05,2024-12-20 14:59:39
0,1453,1,2024-09-12 10:55:20,2024-09-19 15:30:49
1,1454,1,2025-05-25 20:22:28,2025-10-01 17:49:33
2,1454,1,2025-05-25 20:22:28,2025-10-01 17:49:33
14,1454,1,2025-05-25 20:22:28,2025-10-01 17:49:33
33,1455,1,2025-03-17 19:52:54,2026-06-30 08:54:35
28,1455,1,2025-03-17 19:52:54,2026-06-30 08:54:35
0,1456,1,2023-09-13 03:14:39,2025-12-05 17:29:23
99,1456,1,2023-09-13 03:14:39,2025-12-05 17:29:23
96,1456,1,2023-09-13 03:14:39,2025-12-05 17:29:23
0,1457,1,2024-04-29 10:15:24,2025-02-14 23:15:59
96,1458,0,2024-12-29 02:10:57,2026-04-04 19:37:00
97,1458,0,2024-12-29 02:10:57,2026-04-04 19:37:00
28,1458,0,2024-12-29 02:10:57,2026-04-04 19:37:00
31,1458,0,2024-12-29 02:10:57,2026-04-04 19:37:00
0,1459,1,2024-03-02 13:06:26,2025-05-18 00:23:16
26,1460,0,2025-09-23 16:33:27,2026-06-06 18:18:31
19,1460,0,2025-09-23 16:33:27,2026-06-06 18:18:31
21,1460,0,2025-09-23 16:33:27,2026-06-06 18:18:31
28,1461,1,2024-02-13 11:01:29,2026-07-08 01:47:02
31,1461,1,2024-02-13 11:01:29,2026-07-08 01:47:02
1,1462,0,2025-07-28 11:39:14,2026-02-28 19:44:07
4,1462,0,2025-07-28 11:39:14,2026-02-28 19:44:07
0,1463,1,2023-05-22 21:20:14,2026-01-02 03:21:15
96,1464,1,2023-08-01 18:47:43,2025-10-04 16:33:00
33,1464,1,2023-08-01 18:47:43,2025-10-04 16:33:00
28,1464,1,2023-08-01 18:47:43,2025-10-04 16:33:00
97,1464,1,2023-08-01 18:47:43,2025-10-04 16:33:00
0,1465,1,2025-05-20 03:43:27,2026-03-21 14:22:23
19,1466,0,2024-05-07 09:34:11,2026-08-09 18:57:34
27,1466,0,2024-05-07 09:34:11,2026-08-09 18:57:34
22,1466,0,2024-05-07 09:34:11,2026-08-09 18:57:34
24,1467,1,2026-01-10 00:57:49,2026-03-06 12:44:20
19,1467,1,2026-01-10 00:57:49,2026-03-06 12:44:20
20,1467,1,2026-01-10 00:57:49,2026-03-06 12:44:20
26,1468,1,2025-10-09 23:45:23,2026-02-22 05:02:01
19,1468,1,2025-10-09 23:45:23,2026-02-22 05:02:01
21,1468,1,2025-10-09 23:45:23,2026-02-22 05:02:01
0,1469,1,2023-11-29 02:17:40,2026-07-14 12:45:34
96,1470,1,2023-11-01 05:17:54,2025-09-17 23:15:23
97,1470,1,2023-11-01 05:17:54,2025-09-17 23:15:23
19,1470,1,2023-11-01 05:17:54,2025-09-17 23:15:23
20,1470,1,2023-11-01 05:17:54,2025-09-17 23:15:23
24,1470,1,2023-11-01 05:17:54,2025-09-17 23:15:23
0,1471,1,2024-01-30 04:52:14,2026-03-21 06:21:55
96,1472,1,2025-12-16 10:05:05,2026-09-15 22:18:19
1,1472,1,2025-12-16 10:05:05,2026-09-15 22:18:19
2,1472,1,2025-12-16 10:05:05,2026-09-15 22:18:19
99,1472,1,2025-12-16 10:05:05,2026-09-15 22:18:19
13,1472,1,2025-12-16 10:05:05,2026-09-15 22:18:19
0,1473,1,2025-08-01 18:57:59,2026-07-20 19:06:03
0,1474,0,2026-01-13 02:08:28,2026-03-13 13:59:30
0,1475,1,2024-11-19 18:19:48,2026-03-29 21:47:02
0,1476,0,2026-02-19 14:15:51,2026-02-26 01:40:52
97,1476,0,2026-02-19 14:15:51,2026-02-26 01:40:52
96,1476,0,2026-02-19 14:15:51,2026-02-26 01:40:52
1,1477,1,2025-03-13 02:34:02,2025-03-24 02:44:15
3,1477,1,2025-03-13 02:34:02,2025-03-24 02:44:15
7,1477,1,2025-03-13 02:34:02,2025-03-24 02:44:15
15,1477,1,2025-03-13 02:34:02,2025-03-24 02:44:15
19,1478,1,2026-02-06 09:29:21,2026-05-20 22:42:58
27,1478,1,2026-02-06 09:29:21,2026-05-20 22:42:58
22,1478,1,2026-02-06 09:29:21,2026-05-20 22:42:58
24,1479,0,2024-09-27 18:00:08,2025-02-09 02:21:48
19,1479,0,2024-09-27 18:00:08,2025-02-09 02:21:48
20,1479,0,2024-09-27 18:00:08,2025-02-09 02:21:48
96,1480,0,2026-07-22 20:16:37,2026-07-31 04:53:36
1,1480,0,2026-07-22 20:16:37,2026-07-31 04:53:36
2,1480,0,2026-07-22 20:16:37,2026-07-31 04:53:36
99,1480,0,2026-07-22 20:16:37,2026-07-31 04:53:36
13,1480,0,2026-07-22 20:16:37,2026-07-31 04:53:36
24,1481,1,2023-10-16 09:51:54,2025-02-20 15:10:15
19,1481,1,2023-10-16 09:51:54,2025-02-20 15:10:15
20,1481,1,2023-10-16 09:51:54,2025-02-20 15:10:15
32,1482,1,2024-12-16 03:03:30,2025-02-17 06:07:58
97,1482,1,2024-12-16 03:03:30,2025-02-17 06:07:58
28,1482,1,2024-12-16 03:03:30,2025-02-17 06:07:58
96,1482,1,2024-12-16 03:03:30,2025-02-17 06:07:58
0,1483,1,2023-10-04 12:28:17,2024-12-10 20:58:50
33,1484,1,2023-10-03 03:13:01,2025-01-03 07:05:30
28,1484,1,2023-10-03 03:13:01,2025-01-03 07:05:30
0,1485,1,2024-06-25 22:24:48,2026-09-16 10:51:35
0,1486,1,2025-12-26 19:26:46,2026-06-13 07:15:10
0,1487,0,2026-07-13 03:20:12,2026-08-08 06:02:09
96,1488,1,2025-03-14 04:16:07,2026-08-07 12:28:11
97,1488,1,2025-03-14 04:16:07,2026-08-07 12:28:11
19,1488,1,2025-03-14 04:16:07,2026-08-07 12:28:11
20,1488,1,2025-03-14 04:16:07,2026-08-07 12:28:11
24,1488,1,2025-03-14 04:16:07,2026-08-07 12:28:11
0,1489,0,2023-02-22 14:00:41,2024-07-07 08:54:44
1,1490,1,2024-06-07 00:02:09,2024-11-09 16:02:57
4,1490,1,2024-06-07 00:02:09,2024-11-09 16:02:57
24,1491,1,2024-11-12 23:25:51,2026-08-03 12:24:35
19,1491,1,2024-11-12 23:25:51,2026-08-03 12:24:35
20,1491,1,2024-11-12 23:25:51,2026-08-03 12:24:35
0,1492,1,2024-01-28 08:40:11,2025-08-30 03:07:30
0,1493,1,2026-03-31 13:09:04,2026-07-07 23:45:34
96,1494,0,2023-02-14 08:36:50,2023-10-27 03:56:42
1,1494,0,2023-02-14 08:36:50,2023-10-27 03:56:42
4,1494,0,2023-02-14 08:36:50,2023-10-27 03:56:42
97,1494,0,2023-02-14 08:36:50,2023-10-27 03:56:42
28,1495,1,2023-07-21 18:40:51,2026-05-17 08:15:53
29,1495,1,2023-07-21 18:40:51,2026-05-17 08:15:53
96,1496,1,2024-12-13 14:04:46,2025-10-17 03:56:24
1,1496,1,2024-12-13 14:04:46,2025-10-17 03:56:24
99,1496,1,2024-12-13 14:04:46,2025-10-17 03:56:24
3,1496,1,2024-12-13 14:04:46,2025-10-17 03:56:24
7,1496,1,2024-12-13 14:04:46,2025-10-17 03:56:24
15,1496,1,2024-12-13 14:04:46,2025-10-17 03:56:24
0,1497,1,2024-04-22 17:25:42,2024-08-25 14:02:08
0,1498,0,2026-08-06 16:48:10,2026-09-13 08:27:07
0,1499,1,2025-12-21 12:23:50,2026-03-14 00:57:54
0,1500,1,2024-08-25 01:48:10,2024-12-02 21:15:39
97,1500,1,2024-08-25 01:48:10,2024-12-02 21:15:39
96,1500,1,2024-08-25 01:48:10,2024-12-02 21:15:39
1,1501,1,2025-07-16 07:29:39,2026-05-18 05:23:49
3,1501,1,2025-07-16 07:29:39,2026-05-18 05:23:49
7,1501,1,2025-07-16 07:29:39,2026-05-18 05:23:49
15,1501,1,2025-07-16 07:29:39,2026-05-18 05:23:49
35,1502,1,2026-04-07 19:17:47,2026-05-23 11:12:36
28,1502,1,2026-04-07 19:17:47,2026-05-23 11:12:36
0,1503,1,2023-05-01 00:49:14,2026-01-27 21:41:08
0,1504,1,2024-06-11 12:42:29,2026-01-29 03:44:46
99,1504,1,2024-06-11 12:42:29,2026-01-29 03:44:46
96,1504,1,2024-06-11 12:42:29,2026-01-29 03:44:46
0,1505,1,2023-02-24 02:25:55,2024-04-04 13:56:38
96,1506,1,2025-12-01 18:22:48,2026-09-12 07:21:55
97,1506,1,2025-12-01 18:22:48,2026-09-12 07:21:55
19,1506,1,2025-12-01 18:22:48,2026-09-12 07:21:55
21,1506,1,2025-12-01 18:22:48,2026-09-12 07:21:55
26,1506,1,2025-12-01 18:22:48,2026-09-12 07:21:55
1,1507,0,2025-02-26 13:13:39,2025-12-21 19:19:30
4,1507,0,2025-02-26 13:13:39,2025-12-21 19:19:30
0,1508,1,2024-10-22 04:26:51,2025-05-11 02:00:54
1,1509,1,2026-08-04 08:52:45,2026-08-30 08:13:38
4,1509,1,2026-08-04 08:52:45,2026-08-30 08:13:38
0,1510,1,2023-01-11 19:21:56,2024-06-18 11:56:57
32,1511,1,2023-03-03 21:30:31,2023-09-08 17:16:29
28,1511,1,2023-03-03 21:30:31,2023-09-08 17:16:29
0,1512,1,2026-04-06 05:38:03,2026-09-12 07:14:24
97,1512,1,2026-04-06 05:38:03,2026-09-12 07:14:24
96,1512,1,2026-04-06 05:38:03,2026-09-12 07:14:24
1,1513,1,2024-05-19 07:10:43,2025-08-24 17:37:05
2,1513,1,2024-05-19 07:10:43,2025-08-24 17:37:05
13,1513,1,2024-05-19 07:10:43,2025-08-24 17:37:05
0,1514,1,2023-09-30 05:11:02,2024-02-07 18:40:40
35,1515,1,2024-06-20 12:56:01,2026-06-02 01:33:44
28,1515,1,2024-06-20 12:56:01,2026-06-02 01:33:44
0,1516,1,2023-03-01 11:27:25,2023-10-15 10:42:36
0,1517,1,2024-10-18 09:03:24,2025-08-25 15:23:02
96,1518,1,2026-05-17 21:13:21,2026-06-24 02:20:47
1,1518,1,2026-05-17 21:13:21,2026-06-24 02:20:47
2,1518,1,2026-05-17 21:13:21,2026-06-24 02:20:47
97,1518,1,2026-05-17 21:13:21,2026-06-24 02:20:47
13,1518,1,2026-05-17 21:13:21,2026-06-24 02:20:47
32,1519,1,2025-06-09 15:30:57,2026-06-11 23:21:13
28,1519,1,2025-06-09 15:30:57,2026-06-11 23:21:13
96,1520,1,2025-07-28 05:57:47,2026-06-02 21:43:20
99,1520,1,2025-07-28 05:57:47,2026-06-02 21:43:20
28,1520,1,2025-07-28 05:57:47,2026-06-02 21:43:20
31,1520,1,2025-07-28 05:57:47,2026-06-02 21:43:20
0,1521,1,2025-10-17 22:40:07,2025-12-07 08:11:03
0,1522,1,2026-01-06 09:45:11,2026-05-12 11:19:36
0,1523,0,2024-05-25 16:45:48,2026-09-13 19:46:40
96,1524,1,2023-08-24 18:43:02,2025-08-11 09:22:12
97,1524,1,2023-08-24 18:43:02,2025-08-11 09:22:12
19,1524,1,2023-08-24 18:43:02,2025-08-11 09:22:12
22,1524,1,2023-08-24 18:43:02,2025-08-11 09:22:12
27,1524,1,2023-08-24 18:43:02,2025-08-11 09:22:12
0,1525,1,2023-02-20 02:58:57,2025-12-12 11:36:27
32,1526,0,2024-07-27 12:27:18,2025-11-11 19:37:00
28,1526,0,2024-07-27 12:27:18,2025-11-11 19:37:00
1,1527,0,2023-09-17 00:18:19,2026-05-13 18:35:47
2,1527,0,2023-09-17 00:18:19,2026-05-13 18:35:47
14,1527,0,2023-09-17 00:18:19,2026-05-13 18:35:47
0,1528,0,2026-03-01 20:16:11,2026-09-08 10:27:19
99,1528,0,2026-03-01 20:16:11,2026-09-08 10:27:19
96,1528,0,2026-03-01 20:16:11,2026-09-08 10:27:19
0,1529,1,2023-05-31 15:40:11,2025-02-04 10:17:16
96,1530,1,2025-05-04 12:06:33,2026-03-17 19:24:10
97,1530,1,2025-05-04 12:06:33,2026-03-17 19:24:10
28,1530,1,2025-05-04 12:06:33,2026-03-17 19:24:10
31,1530,1,2025-05-04 12:06:33,2026-03-17 19:24:10
0,1531,1,2025-10-28 20:27:35,2026-07-22 14:18:31
1,1532,1,2026-03-21 16:35:59,2026-06-19 18:35:43
3,1532,1,2026-03-21 16:35:59,2026-06-19 18:35:43
7,1532,1,2026-03-21 16:35:59,2026-06-19 18:35:43
15,1532,1,2026-03-21 16:35:59,2026-06-19 18:35:43
1,1533,0,2026-07-13 03:39:29,2026-08-14 14:03:44
2,1533,0,2026-07-13 03:39:29,2026-08-14 14:03:44
14,1533,0,2026-07-13 03:39:29,2026-08-14 14:03:44
0,1534,1,2024-10-11 18:13:12,2025-08-26 10:39:03
28,1535,0,2023-05-06 01:28:27,2025-11-22 10:59:44
31,1535,0,2023-05-06 01:28:27,2025-11-22 10:59:44
32,1536,0,2025-08-29 16:08:54,2026-02-28 22:42:04
97,1536,0,2025-08-29 16:08:54,2026-02-28 22:42:04
28,1536,0,2025-08-29 16:08:54,2026-02-28 22:42:04
96,1536,0,2025-08-29 16:08:54,2026-02-28 22:42:04
24,1537,1,2026-08-13 21:49:03,2026-08-21 17:50:16
19,1537,1,2026-08-13 21:49:03,2026-08-21 17:50:16
20,1537,1,2026-08-13 21:49:03,2026-08-21 17:50:16
0,1538,1,2024-05-16 08:01:49,2024-12-08 09:34:58
1,1539,0,2024-11-20 04:35:23,2025-05-27 01:37:39
2,1539,0,2024-11-20 04:35:23,2025-05-27 01:37:39
14,1539,0,2024-11-20 04:35:23,2025-05-27 01:37:39
0,1540,1,2026-09-16 17:42:08,2026-09-16 19:09:06
0,1541,0,2024-12-31 10:40:13,2025-10-26 17:28:24
96,1542,0,2026-01-15 08:20:29,2026-01-24 13:25:44
97,1542,0,2026-01-15 08:20:29,2026-01-24 13:25:44
19,1542,0,2026-01-15 08:20:29,2026-01-24 13:25:44
20,1542,0,2026-01-15 08:20:29,2026-01-24 13:25:44
24,1542,0,2026-01-15 08:20:29,2026-01-24 13:25:44
0,1543,1,2024-07-18 11:32:14,2026-03-30 23:20:45
96,1544,1,2026-03-23 10:04:01,2026-08-30 15:54:39
99,1544,1,2026-03-23 10:04:01,2026-08-30 15:54:39
28,1544,1,2026-03-23 10:04:01,2026-08-30 15:54:39
29,1544,1,2026-03-23 10:04:01,2026-08-30 15:54:39
32,1545,1,2023-08-09 12:16:59,2024-08-21 02:32:23
28,1545,1,2023-08-09 12:16:59,2024-08-21 02:32:23
0,1546,1,2026-01-06 12:31:33,2026-07-16 10:21:17
0,1547,1,2025-12-22 17:32:58,2026-04-01 21:33:16
32,1548,1,2023-12-10 08:16:48,2025-07-08 10:36:42
97,1548,1,2023-12-10 08:16:48,2025-07-08 10:36:42
28,1548,1,2023-12-10 08:16:48,2025-07-08 10:36:42
96,1548,1,2023-12-10 08:16:48,2025-07-08 10:36:42
32,1549,1,2026-01-12 17:30:21,2026-07-02 13:19:12
28,1549,1,2026-01-12 17:30:21,2026-07-02 13:19:12
1,1550,1,2023-02-13 12:05:27,2024-01-08 07:25:25
2,1550,1,2023-02-13 12:05:27,2024-01-08 07:25:25
14,1550,1,2023-02-13 12:05:27,2024-01-08 07:25:25
32,1551,0,2026-03-04 00:39:36,2026-08-08 15:24:22
28,1551,0,2026-03-04 00:39:36,2026-08-08 15:24:22
0,1552,1,2025-03-23 23:25:59,2026-01-08 18:03:26
99,1552,1,2025-03-23 23:25:59,2026-01-08 18:03:26
96,1552,1,2025-03-23 23:25:59,2026-01-08 18:03:26
19,1553,1,2025-01-21 20:46:08,2025-11-12 22:06:11
27,1553,1,2025-01-21 20:46:08,2025-11-12 22:06:11
22,1553,1,2025-01-21 20:46:08,2025-11-12 22:06:11
96,1554,1,2024-03-08 08:21:20,2024-09-10 03:02:48
1,1554,1,2024-03-08 08:21:20,2024-09-10 03:02:48
2,1554,1,2024-03-08 08:21:20,2024-09-10 03:02:48
97,1554,1,2024-03-08 08:21:20,2024-09-10 03:02:48
13,1554,1,2024-03-08 08:21:20,2024-09-10 03:02:48
28,1555,0,2023-12-21 18:17:59,2024-10-31 09:09:53
31,1555,0,2023-12-21 18:17:59,2024-10-31 09:09:53
0,1556,1,2024-02-26 17:16:04,2026-07-05 05:12:29
35,1557,1,2025-05-30 08:11:16,2026-07-10 12:39:35
28,1557,1,2025-05-30 08:11:16,2026-07-10 12:39:35
0,1558,1,2023-12-21 17:07:46,2025-11-29 04:30:15
0,1559,1,2023-07-25 21:46:57,2025-10-14 16:08:44
96,1560,1,2024-12-22 05:17:18,2025-03-08 13:10:41
1,1560,1,2024-12-22 05:17:18,2025-03-08 13:10:41
2,1560,1,2024-12-22 05:17:18,2025-03-08 13:10:41
97,1560,1,2024-12-22 05:17:18,2025-03-08 13:10:41
14,1560,1,2024-12-22 05:17:18,2025-03-08 13:10:41
24,1561,1,2023-05-10 12:51:47,2025-05-19 00:45:51
19,1561,1,2023-05-10 12:51:47,2025-05-19 00:45:51
20,1561,1,2023-05-10 12:51:47,2025-05-19 00:45:51
28,1562,0,2023-01-15 22:00:22,2025-07-07 13:51:32
31,1562,0,2023-01-15 22:00:22,2025-07-07 13:51:32
26,1563,0,2026-06-05 17:07:43,2026-09-02 07:25:42
19,1563,0,2026-06-05 17:07:43,2026-09-02 07:25:42
21,1563,0,2026-06-05 17:07:43,2026-09-02 07:25:42
1,1564,1,2025-02-27 01:15:11,2026-03-09 10:14:19
2,1564,1,2025-02-27 01:15:11,2026-03-09 10:14:19
13,1564,1,2025-02-27 01:15:11,2026-03-09 10:14:19
28,1565,0,2025-02-20 11:31:16,2025-10-18 08:02:42
29,1565,0,2025-02-20 11:31:16,2025-10-18 08:02:42
0,1566,0,2024-12-31 21:44:50,2026-01-20 23:54:14
97,1566,0,2024-12-31 21:44:50,2026-01-20 23:54:14
96,1566,0,2024-12-31 21:44:50,2026-01-20 23:54:14
0,1567,1,2024-06-15 22:46:47,2025-03-26 16:40:36
96,1568,1,2024-05-12 03:03:21,2026-08-14 01:46:59
99,1568,1,2024-05-12 03:03:21,2026-08-14 01:46:59
28,1568,1,2024-05-12 03:03:21,2026-08-14 01:46:59
31,1568,1,2024-05-12 03:03:21,2026-08-14 01:46:59
0,1569,1,2023-08-31 22:33:25,2024-06-25 01:15:32
19,1570,1,2025-03-13 07:15:32,2026-03-16 07:04:07
27,1570,1,2025-03-13 07:15:32,2026-03-16 07:04:07
22,1570,1,2025-03-13 07:15:32,2026-03-16 07:04:07
0,1571,1,2026-08-23 02:50:56,2026-09-06 20:35:22
0,1572,1,2024-04-23 11:42:06,2026-02-13 03:57:25
97,1572,1,2024-04-23 11:42:06,2026-02-13 03:57:25
96,1572,1,2024-04-23 11:42:06,2026-02-13 03:57:25
32,1573,1,2025-09-30 04:53:50,2026-08-08 23:29:48
28,1573,1,2025-09-30 04:53:50,2026-08-08 23:29:48
33,1574,1,2024-04-02 22:49:28,2025-11-04 02:59:19
28,1574,1,2024-04-02 22:49:28,2025-11-04 02:59:19
1,1575,1,2026-05-23 20:00:31,2026-07-04 13:53:14
2,1575,1,2026-05-23 20:00:31,2026-07-04 13:53:14
13,1575,1,2026-05-23 20:00:31,2026-07-04 13:53:14
0,1576,1,2024-05-20 14:53:13,2026-06-04 18:45:14
99,1576,1,2024-05-20 14:53:13,2026-06-04 18:45:14
96,1576,1,2024-05-20 14:53:13,2026-06-04 18:45:14
32,1577,1,2024-01-24 02:56:19,2025-04-03 07:24:43
28,1577,1,2024-01-24 02:56:19,2025-04-03 07:24:43
0,1578,1,2025-04-15 14:12:20,2026-01-27 13:13:51
97,1578,1,2025-04-15 14:12:20,2026-01-27 13:13:51
96,1578,1,2025-04-15 14:12:20,2026-01-27 13:13:51
24,1579,1,2024-05-19 03:56:01,2026-02-20 22:40:20
19,1579,1,2024-05-19 03:56:01,2026-02-20 22:40:20
20,1579,1,2024-05-19 03:56:01,2026-02-20 22:40:20
33,1580,1,2024-11-11 19:33:42,2025-05-21 06:55:05
28,1580,1,2024-11-11 19:33:42,2025-05-21 06:55:05
1,1581,1,2025-12-07 05:02:16,2025-12-15 16:42:41
3,1581,1,2025-12-07 05:02:16,2025-12-15 16:42:41
7,1581,1,2025-12-07 05:02:16,2025-12-15 16:42:41
15,1581,1,2025-12-07 05:02:16,2025-12-15 16:42:41
33,1582,1,2026-03-06 20:21:50,2026-08-25 14:49:47
28,1582,1,2026-03-06 20:21:50,2026-08-25 14:49:47
28,1583,1,2025-11-18 17:19:26,2026-08-19 03:38:29
31,1583,1,2025-11-18 17:19:26,2026-08-19 03:38:29
0,1584,1,2024-10-25 20:03:06,2025-08-29 15:46:04
97,1584,1,2024-10-25 20:03:06,2025-08-29 15:46:04
96,1584,1,2024-10-25 20:03:06,2025-08-29 15:46:04
0,1585,1,2023-01-26 04:01:37,2025-06-22 23:23:44
26,1586,1,2025-06-11 22:40:26,2026-02-26 04:16:21
19,1586,1,2025-06-11 22:40:26,2026-02-26 04:16:21
21,1586,1,2025-06-11 22:40:26,2026-02-26 04:16:21
24,1587,1,2025-04-06 01:32:26,2025-08-06 23:02:53
19,1587,1,2025-04-06 01:32:26,2025-08-06 23:02:53
20,1587,1,2025-04-06 01:32:26,2025-08-06 23:02:53
28,1588,1,2026-04-06 16:07:50,2026-08-17 11:34:59
29,1588,1,2026-04-06 16:07:50,2026-08-17 11:34:59
26,1589,1,2025-10-07 10:17:55,2026-02-12 18:07:27
19,1589,1,2025-10-07 10:17:55,2026-02-12 18:07:27
21,1589,1,2025-10-07 10:17:55,2026-02-12 18:07:27
96,1590,1,2023-02-03 08:57:50,2024-10-19 00:42:13
97,1590,1,2023-02-03 08:57:50,2024-10-19 00:42:13
19,1590,1,2023-02-03 08:57:50,2024-10-19 00:42:13
20,1590,1,2023-02-03 08:57:50,2024-10-19 00:42:13
24,1590,1,2023-02-03 08:57:50,2024-10-19 00:42:13
32,1591,1,2024-10-25 13:17:35,2025-02-19 10:43:18
28,1591,1,2024-10-25 13:17:35,2025-02-19 10:43:18
0,1592,1,2026-04-11 00:59:23,2026-07-31 14:04:00
99,1592,1,2026-04-11 00:59:23,2026-07-31 14:04:00
96,1592,1,2026-04-11 00:59:23,2026-07-31 14:04:00
24,1593,1,2023-10-10 02:02:37,2024-03-14 19:44:15
19,1593,1,2023-10-10 02:02:37,2024-03-14 19:44:15
20,1593,1,2023-10-10 02:02:37,2024-03-14 19:44:15
1,1594,1,2023-04-18 14:27:23,2024-09-08 07:05:20
2,1594,1,2023-04-18 14:27:23,2024-09-08 07:05:20
13,1594,1,2023-04-18 14:27:23,2024-09-08 07:05:20
1,1595,1,2024-02-26 02:31:05,2025-02-22 00:35:56
3,1595,1,2024-02-26 02:31:05,2025-02-22 00:35:56
7,1595,1,2024-02-26 02:31:05,2025-02-22 00:35:56
15,1595,1,2024-02-26 02:31:05,2025-02-22 00:35:56
96,1596,1,2023-07-11 05:52:37,2025-02-12 23:08:18
97,1596,1,2023-07-11 05:52:37,2025-02-12 23:08:18
28,1596,1,2023-07-11 05:52:37,2025-02-12 23:08:18
31,1596,1,2023-07-11 05:52:37,2025-02-12 23:08:18
1,1597,1,2023-11-16 10:31:35,2025-06-29 12:46:36
2,1597,1,2023-11-16 10:31:35,2025-06-29 12:46:36
13,1597,1,2023-11-16 10:31:35,2025-06-29 12:46:36
32,1598,0,2023-07-09 01:26:41,2024-03-18 02:09:46
28,1598,0,2023-07-09 01:26:41,2024-03-18 02:09:46
28,1599,1,2023-10-24 16:17:35,2024-09-15 09:52:08
31,1599,1,2023-10-24 16:17:35,2024-09-15 09:52:08
96,1600,1,2023-01-26 01:56:47,2023-02-06 08:27:16
99,1600,1,2023-01-26 01:56:47,2023-02-06 08:27:16
19,1600,1,2023-01-26 01:56:47,2023-02-06 08:27:16
20,1600,1,2023-01-26 01:56:47,2023-02-06 08:27:16
24,1600,1,2023-01-26 01:56:47,2023-02-06 08:27:16
19,1601,1,2026-07-23 12:16:18,2026-07-29 20:26:41
27,1601,1,2026-07-23 12:16:18,2026-07-29 20:26:41
22,1601,1,2026-07-23 12:16:18,2026-07-29 20:26:41
96,1602,1,2025-01-02 05:37:44,2025-01-14 13:05:41
97,1602,1,2025-01-02 05:37:44,2025-01-14 13:05:41
19,1602,1,2025-01-02 05:37:44,2025-01-14 13:05:41
21,1602,1,2025-01-02 05:37:44,2025-01-14 13:05:41
26,1602,1,2025-01-02 05:37:44,2025-01-14 13:05:41
0,1603,0,2023-01-15 09:45:28,2023-08-02 04:00:58
28,1604,0,2026-05-31 10:54:17,2026-07-11 04:45:46
29,1604,0,2026-05-31 10:54:17,2026-07-11 04:45:46
1,1605,0,2023-08-24 03:52:26,2026-06-27 21:37:00
2,1605,0,2023-08-24 03:52:26,2026-06-27 21:37:00
14,1605,0,2023-08-24 03:52:26,2026-06-27 21:37:00
0,1606,1,2024-09-19 01:19:22,2026-01-17 17:59:32
24,1607,1,2023-02-14 06:26:27,2025-02-14 04:02:20
19,1607,1,2023-02-14 06:26:27,2025-02-14 04:02:20
20,1607,1,2023-02-14 06:26:27,2025-02-14 04:02:20
0,1608,0,2026-01-27 09:35:57,2026-08-19 08:51:39
97,1608,0,2026-01-27 09:35:57,2026-08-19 08:51:39
96,1608,0,2026-01-27 09:35:57,2026-08-19 08:51:39
0,1609,1,2023-04-14 00:48:08,2023-10-05 15:46:21
0,1610,1,2024-04-28 18:59:05,2026-05-08 14:37:41
24,1611,0,2025-11-04 08:56:57,2026-08-09 13:29:29
19,1611,0,2025-11-04 08:56:57,2026-08-09 13:29:29
20,1611,0,2025-11-04 08:56:57,2026-08-09 13:29:29
1,1612,1,2026-06-05 05:15:30,2026-07-02 21:48:06
4,1612,1,2026-06-05 05:15:30,2026-07-02 21:48:06
0,1613,0,2023-06-13 11:11:31,2024-07-05 11:37:13
0,1614,1,2025-11-04 06:07:52,2026-06-21 16:38:35
97,1614,1,2025-11-04 06:07:52,2026-06-21 16:38:35
96,1614,1,2025-11-04 06:07:52,2026-06-21 16:38:35
28,1615,1,2025-06-19 00:25:31,2025-07-15 14:25:52
29,1615,1,2025-06-19 00:25:31,2025-07-15 14:25:52
96,1616,1,2025-09-12 20:44:44,2025-09-26 02:42:41
99,1616,1,2025-09-12 20:44:44,2025-09-26 02:42:41
19,1616,1,2025-09-12 20:44:44,2025-09-26 02:42:41
22,1616,1,2025-09-12 20:44:44,2025-09-26 02:42:41
27,1616,1,2025-09-12 20:44:44,2025-09-26 02:42:41
0,1617,1,2023-10-19 15:45:45,2026-06-22 07:52:44
32,1618,1,2023-07-03 00:36:55,2026-09-02 06:45:11
28,1618,1,2023-07-03 00:36:55,2026-09-02 06:45:11
0,1619,1,2024-06-13 16:46:02,2026-07-10 18:41:02
96,1620,1,2026-04-29 17:22:05,2026-07-09 16:21:32
97,1620,1,2026-04-29 17:22:05,2026-07-09 16:21:32
35,1620,1,2026-04-29 17:22:05,2026-07-09 16:21:32
28,1620,1,2026-04-29 17:22:05,2026-07-09 16:21:32
26,1621,1,2026-07-13 11:32:57,2026-07-24 06:31:01
19,1621,1,2026-07-13 11:32:57,2026-07-24 06:31:01
21,1621,1,2026-07-13 11:32:57,2026-07-24 06:31:01
1,1622,0,2023-05-09 21:14:34,2025-07-01 22:42:25
4,1622,0,2023-05-09 21:14:34,2025-07-01 22:42:25
0,1623,1,2023-11-05 15:13:11,2025-05-08 10:55:43
96,1624,0,2023-12-24 22:48:44,2026-03-28 15:04:59
99,1624,0,2023-12-24 22:48:44,2026-03-28 15:04:59
28,1624,0,2023-12-24 22:48:44,2026-03-28 15:04:59
29,1624,0,2023-12-24 22:48:44,2026-03-28 15:04:59
0,1625,0,2023-12-18 11:29:26,2024-08-10 16:21:56
96,1626,1,2024-04-05 14:11:17,2025-12-02 01:57:22
97,1626,1,2024-04-05 14:11:17,2025-12-02 01:57:22
35,1626,1,2024-04-05 14:11:17,2025-12-02 01:57:22
28,1626,1,2024-04-05 14:11:17,2025-12-02 01:57:22
28,1627,1,2023-01-01 13:11:01,2023-04-27 20:33:27
29,1627,1,2023-01-01 13:11:01,2023-04-27 20:33:27
0,1628,0,2025-07-11 17:21:47,2025-09-01 14:52:52
0,1629,1,2024-08-30 18:25:11,2026-05-03 12:21:13
0,1630,1,2023-12-18 13:15:51,2025-02-19 15:24:46
24,1631,1,2026-03-27 12:38:56,2026-05-30 02:46:01
19,1631,1,2026-03-27 12:38:56,2026-05-30 02:46:01
20,1631,1,2026-03-27 12:38:56,2026-05-30 02:46:01
96,1632,0,2025-01-01 20:13:44,2025-07-01 04:23:58
1,1632,0,2025-01-01 20:13:44,2025-07-01 04:23:58
2,1632,0,2025-01-01 20:13:44,2025-07-01 04:23:58
97,1632,0,2025-01-01 20:13:44,2025-07-01 04:23:58
13,1632,0,2025-01-01 20:13:44,2025-07-01 04:23:58
0,1633,1,2024-02-27 16:43:37,2024-05-01 08:15:36
19,1634,1,2026-03-24 05:25:15,2026-05-19 18:04:38
27,1634,1,2026-03-24 05:25:15,2026-05-19 18:04:38
22,1634,1,2026-03-24 05:25:15,2026-05-19 18:04:38
0,1635,1,2026-07-23 18:46:36,2026-09-03 18:31:18
26,1636,1,2024-01-26 22:58:03,2026-03-25 20:00:06
19,1636,1,2024-01-26 22:58:03,2026-03-25 20:00:06
21,1636,1,2024-01-26 22:58:03,2026-03-25 20:00:06
1,1637,1,2024-01-13 02:09:37,2026-07-11 01:46:30
3,1637,1,2024-01-13 02:09:37,2026-07-11 01:46:30
7,1637,1,2024-01-13 02:09:37,2026-07-11 01:46:30
15,1637,1,2024-01-13 02:09:37,2026-07-11 01:46:30
0,1638,1,2025-05-20 23:19:15,2026-09-04 03:55:17
97,1638,1,2025-05-20 23:19:15,2026-09-04 03:55:17
96,1638,1,2025-05-20 23:19:15,2026-09-04 03:55:17
32,1639,0,2026-07-26 02:34:17,2026-08-04 16:16:18
28,1639,0,2026-07-26 02:34:17,2026-08-04 16:16:18
32,1640,0,2024-10-17 06:56:13,2026-07-12 12:55:25
99,1640,0,2024-10-17 06:56:13,2026-07-12 12:55:25
28,1640,0,2024-10-17 06:56:13,2026-07-12 12:55:25
96,1640,0,2024-10-17 06:56:13,2026-07-12 12:55:25
19,1641,0,2023-02-27 21:45:31,2024-11-08 06:06:04
27,1641,0,2023-02-27 21:45:31,2024-11-08 06:06:04
22,1641,0,2023-02-27 21:45:31,2024-11-08 06:06:04
26,1642,1,2023-06-03 11:41:15,2024-08-30 12:33:28
19,1642,1,2023-06-03 11:41:15,2024-08-30 12:33:28
21,1642,1,2023-06-03 11:41:15,2024-08-30 12:33:28
26,1643,1,2026-06-25 06:59:11,2026-08-30 14:31:08
19,1643,1,2026-06-25 06:59:11,2026-08-30 14:31:08
21,1643,1,2026-06-25 06:59:11,2026-08-30 14:31:08
0,1644,1,2025-12-22 00:30:07,2026-08-25 13:20:06
97,1644,1,2025-12-22 00:30:07,2026-08-25 13:20:06
96,1644,1,2025-12-22 00:30:07,2026-08-25 13:20:06
0,1645,1,2026-04-28 04:36:20,2026-05-31 14:27:14
0,1646,1,2024-05-06 17:14:53,2025-08-24 19:36:34
1,1647,1,2026-03-21 06:46:05,2026-06-03 14:15:44
4,1647,1,2026-03-21 06:46:05,2026-06-03 14:15:44
96,1648,1,2026-03-18 11:53:48,2026-04-18 09:54:12
99,1648,1,2026-03-18 11:53:48,2026-04-18 09:54:12
28,1648,1,2026-03-18 11:53:48,2026-04-18 09:54:12
31,1648,1,2026-03-18 11:53:48,2026-04-18 09:54:12
0,1649,0,2025-12-23 18:24:11,2026-08-30 05:08:42
96,1650,1,2023-11-05 13:04:33,2024-03-29 13:55:33
97,1650,1,2023-11-05 13:04:33,2024-03-29 13:55:33
35,1650,1,2023-11-05 13:04:33,2024-03-29 13:55:33
28,1650,1,2023-11-05 13:04:33,2024-03-29 13:55:33
24,1651,1,2025-04-07 17:15:30,2026-01-07 12:33:42
19,1651,1,2025-04-07 17:15:30,2026-01-07 12:33:42
20,1651,1,2025-04-07 17:15:30,2026-01-07 12:33:42
19,1652,1,2024-05-18 01:29:31,2025-05-02 07:34:12
27,1652,1,2024-05-18 01:29:31,2025-05-02 07:34:12
22,1652,1,2024-05-18 01:29:31,2025-05-02 07:34:12
0,1653,1,2025-02-07 04:01:57,2025-07-31 12:25:49
0,1654,1,2023-02-02 06:30:32,2025-09-10 07:44:38
0,1655,0,2025-06-21 09:21:29,2026-04-27 18:45:20
96,1656,1,2024-11-01 00:34:39,2025-08-15 14:08:13
97,1656,1,2024-11-01 00:34:39,2025-08-15 14:08:13
19,1656,1,2024-11-01 00:34:39,2025-08-15 14:08:13
20,1656,1,2024-11-01 00:34:39,2025-08-15 14:08:13
24,1656,1,2024-11-01 00:34:39,2025-08-15 14:08:13
24,1657,1,2024-05-14 16:26:56,2025-06-02 05:22:29
19,1657,1,2024-05-14 16:26:56,2025-06-02 05:22:29
20,1657,1,2024-05-14 16:26:56,2025-06-02 05:22:29
35,1658,0,2023-12-20 21:54:36,2025-06-14 01:04:13
28,1658,0,2023-12-20 21:54:36,2025-06-14 01:04:13
35,1659,1,2025-08-19 06:45:27,2026-07-25 09:15:49
28,1659,1,2025-08-19 06:45:27,2026-07-25 09:15:49
0,1660,0,2025-10-07 04:06:18,2025-10-29 12:28:13
0,1661,1,2025-06-04 01:57:17,2025-12-16 19:48:00
96,1662,1,2024-09-07 13:07:20,2025-02-21 16:49:05
1,1662,1,2024-09-07 13:07:20,2025-02-21 16:49:05
2,1662,1,2024-09-07 13:07:20,2025-02-21 16:49:05
97,1662,1,2024-09-07 13:07:20,2025-02-21 16:49:05
13,1662,1,2024-09-07 13:07:20,2025-02-21 16:49:05
0,1663,0,2024-09-24 11:21:14,2025-01-14 12:03:11
99,1664,1,2025-07-01 13:38:12,2025-10-02 12:41:47
35,1664,1,2025-07-01 13:38:12,2025-10-02 12:41:47
28,1664,1,2025-07-01 13:38:12,2025-10-02 12:41:47
96,1664,1,2025-07-01 13:38:12,2025-10-02 12:41:47
24,1665,1,2024-01-22 11:55:07,2026-08-13 22:24:48
19,1665,1,2024-01-22 11:55:07,2026-08-13 22:24:48
20,1665,1,2024-01-22 11:55:07,2026-08-13 22:24:48
0,1666,1,2023-05-27 06:35:32,2025-02-12 04:13:25
32,1667,1,2026-08-09 04:20:56,2026-08-25 20:19:01
28,1667,1,2026-08-09 04:20:56,2026-08-25 20:19:01
0,1668,1,2025-02-15 05:29:19,2025-04-26 16:54:07
97,1668,1,2025-02-15 05:29:19,2025-04-26 16:54:07
96,1668,1,2025-02-15 05:29:19,2025-04-26 16:54:07
0,1669,1,2024-06-11 17:41:09,2026-05-14 11:18:26
1,1670,1,2023-05-29 08:08:14,2024-02-15 02:45:41
4,1670,1,2023-05-29 08:08:14,2024-02-15 02:45:41
1,1671,0,2025-05-25 03:45:30,2026-03-12 07:12:29
2,1671,0,2025-05-25 03:45:30,2026-03-12 07:12:29
13,1671,0,2025-05-25 03:45:30,2026-03-12 07:12:29
96,1672,1,2023-05-31 15:08:46,2026-04-26 21:58:58
99,1672,1,2023-05-31 15:08:46,2026-04-26 21:58:58
19,1672,1,2023-05-31 15:08:46,2026-04-26 21:58:58
20,1672,1,2023-05-31 15:08:46,2026-04-26 21:58:58
24,1672,1,2023-05-31 15:08:46,2026-04-26 21:58:58
33,1673,1,2025-02-27 02:35:09,2025-06-22 17:20:46
28,1673,1,2025-02-27 02:35:09,2025-06-22 17:20:46
0,1674,1,2023-06-17 10:08:25,2024-12-10 15:49:02
97,1674,1,2023-06-17 10:08:25,2024-12-10 15:49:02
96,1674,1,2023-06-17 10:08:25,2024-12-10 15:49:02
0,1675,1,2025-08-10 13:26:24,2026-04-29 14:58:12
24,1676,1,2025-11-04 19:07:56,2026-06-08 03:05:28
19,1676,1,2025-11-04 19:07:56,2026-06-08 03:05:28
20,1676,1,2025-11-04 19:07:56,2026-06-08 03:05:28
24,1677,1,2023-10-20 13:49:51,2025-07-09 14:39:24
19,1677,1,2023-10-20 13:49:51,2025-07-09 14:39:24
20,1677,1,2023-10-20 13:49:51,2025-07-09 14:39:24
0,1678,1,2025-03-30 04:33:59,2026-06-10 11:35:07
32,1679,1,2024-03-14 22:39:30,2025-07-25 12:55:12
28,1679,1,2024-03-14 22:39:30,2025-07-25 12:55:12
96,1680,1,2025-01-31 21:52:24,2025-02-19 10:10:26
33,1680,1,2025-01-31 21:52:24,2025-02-19 10:10:26
28,1680,1,2025-01-31 21:52:24,2025-02-19 10:10:26
97,1680,1,2025-01-31 21:52:24,2025-02-19 10:10:26
0,1681,1,2026-05-06 13:37:27,2026-07-01 08:02:41
0,1682,0,2025-04-23 04:34:02,2025-09-04 20:12:31
1,1683,1,2023-10-20 10:03:32,2025-04-18 20:49:52
3,1683,1,2023-10-20 10:03:32,2025-04-18 20:49:52
7,1683,1,2023-10-20 10:03:32,2025-04-18 20:49:52
15,1683,1,2023-10-20 10:03:32,2025-04-18 20:49:52
35,1684,1,2023-11-30 04:53:05,2024-05-01 10:51:02
28,1684,1,2023-11-30 04:53:05,2024-05-01 10:51:02
0,1685,1,2023-11-18 03:42:42,2026-04-23 09:33:10
0,1686,1,2023-01-08 08:40:28,2024-01-16 18:57:56
97,1686,1,2023-01-08 08:40:28,2024-01-16 18:57:56
96,1686,1,2023-01-08 08:40:28,2024-01-16 18:57:56
1,1687,1,2023-03-11 12:39:14,2023-11-08 18:06:29
3,1687,1,2023-03-11 12:39:14,2023-11-08 18:06:29
7,1687,1,2023-03-11 12:39:14,2023-11-08 18:06:29
15,1687,1,2023-03-11 12:39:14,2023-11-08 18:06:29
96,1688,0,2026-01-08 05:08:49,2026-09-08 09:39:52
33,1688,0,2026-01-08 05:08:49,2026-09-08 09:39:52
99,1688,0,2026-01-08 05:08:49,2026-09-08 09:39:52
28,1688,0,2026-01-08 05:08:49,2026-09-08 09:39:52
1,1689,1,2024-03-07 23:49:22,2024-12-27 08:45:53
2,1689,1,2024-03-07 23:49:22,2024-12-27 08:45:53
14,1689,1,2024-03-07 23:49:22,2024-12-27 08:45:53
0,1690,1,2023-07-20 05:18:07,2026-05-15 02:21:18
0,1691,1,2023-10-12 20:06:09,2026-01-23 22:39:56
96,1692,1,2026-08-21 23:39:12,2026-09-03 16:19:19
1,1692,1,2026-08-21 23:39:12,2026-09-03 16:19:19
97,1692,1,2026-08-21 23:39:12,2026-09-03 16:19:19
3,1692,1,2026-08-21 23:39:12,2026-09-03 16:19:19
7,1692,1,2026-08-21 23:39:12,2026-09-03 16:19:19
15,1692,1,2026-08-21 23:39:12,2026-09-03 16:19:19
1,1693,1,2023-11-08 21:55:32,2024-05-24 09:07:02
4,1693,1,2023-11-08 21:55:32,2024-05-24 09:07:02
28,1694,1,2023-10-14 13:51:02,2024-02-21 10:59:01
29,1694,1,2023-10-14 13:51:02,2024-02-21 10:59:01
24,1695,1,2025-07-16 09:49:41,2025-08-17 07:05:27
19,1695,1,2025-07-16 09:49:41,2025-08-17 07:05:27
20,1695,1,2025-07-16 09:49:41,2025-08-17 07:05:27
96,1696,0,2023-01-23 01:49:46,2023-09-17 07:17:26
99,1696,0,2023-01-23 01:49:46,2023-09-17 07:17:26
28,1696,0,2023-01-23 01:49:46,2023-09-17 07:17:26
29,1696,0,2023-01-23 01:49:46,2023-09-17 07:17:26
1,1697,1,2024-08-30 21:09:49,2025-06-22 01:31:02
3,1697,1,2024-08-30 21:09:49,2025-06-22 01:31:02
7,1697,1,2024-08-30 21:09:49,2025-06-22 01:31:02
15,1697,1,2024-08-30 21:09:49,2025-06-22 01:31:02
96,1698,1,2025-10-19 04:28:24,2026-07-26 06:22:05
33,1698,1,2025-10-19 04:28:24,2026-07-26 06:22:05
28,1698,1,2025-10-19 04:28:24,2026-07-26 06:22:05
97,1698,1,2025-10-19 04:28:24,2026-07-26 06:22:05
0,1699,0,2023-09-08 06:10:07,2024-04-17 23:08:43
35,1700,1,2025-08-18 22:33:57,2025-12-28 22:00:55
28,1700,1,2025-08-18 22:33:57,2025-12-28 22:00:55
1,1701,1,2023-01-06 07:32:32,2025-05-29 10:57:12
3,1701,1,2023-01-06 07:32:32,2025-05-29 10:57:12
7,1701,1,2023-01-06 07:32:32,2025-05-29 10:57:12
15,1701,1,2023-01-06 07:32:32,2025-05-29 10:57:12
0,1702,1,2025-05-25 13:58:33,2026-07-23 08:22:17
24,1703,1,2024-11-29 12:57:27,2026-07-03 13:58:55
19,1703,1,2024-11-29 12:57:27,2026-07-03 13:58:55
20,1703,1,2024-11-29 12:57:27,2026-07-03 13:58:55
0,1704,1,2025-01-14 07:13:36,2025-05-13 05:55:27
97,1704,1,2025-01-14 07:13:36,2025-05-13 05:55:27
96,1704,1,2025-01-14 07:13:36,2025-05-13 05:55:27
0,1705,1,2024-08-26 10:31:54,2025-03-14 05:17:28
0,1706,1,2026-01-09 00:17:16,2026-08-07 07:25:11
0,1707,1,2024-10-10 21:56:24,2025-10-03 15:48:07
0,1708,1,2023-07-26 18:52:29,2026-08-23 09:44:26
28,1709,0,2024-07-18 13:05:22,2026-07-08 08:59:46
29,1709,0,2024-07-18 13:05:22,2026-07-08 08:59:46
96,1710,1,2023-06-18 18:46:20,2025-10-09 00:53:35
97,1710,1,2023-06-18 18:46:20,2025-10-09 00:53:35
35,1710,1,2023-06-18 18:46:20,2025-10-09 00:53:35
28,1710,1,2023-06-18 18:46:20,2025-10-09 00:53:35
0,1711,0,2023-09-01 10:55:14,2026-06-22 04:30:34
96,1712,1,2024-08-22 14:01:46,2025-11-06 06:59:59
99,1712,1,2024-08-22 14:01:46,2025-11-06 06:59:59
19,1712,1,2024-08-22 14:01:46,2025-11-06 06:59:59
20,1712,1,2024-08-22 14:01:46,2025-11-06 06:59:59
24,1712,1,2024-08-22 14:01:46,2025-11-06 06:59:59
0,1713,1,2023-08-23 01:52:44,2025-05-22 23:52:17
1,1714,1,2025-08-06 03:47:49,2025-09-02 13:52:01
3,1714,1,2025-08-06 03:47:49,2025-09-02 13:52:01
7,1714,1,2025-08-06 03:47:49,2025-09-02 13:52:01
15,1714,1,2025-08-06 03:47:49,2025-09-02 13:52:01
1,1715,1,2024-05-29 23:32:15,2024-10-16 17:00:13
4,1715,1,2024-05-29 23:32:15,2024-10-16 17:00:13
96,1716,1,2024-07-17 19:23:10,2025-11-19 22:04:47
1,1716,1,2024-07-17 19:23:10,2025-11-19 22:04:47
97,1716,1,2024-07-17 19:23:10,2025-11-19 22:04:47
3,1716,1,2024-07-17 19:23:10,2025-11-19 22:04:47
7,1716,1,2024-07-17 19:23:10,2025-11-19 22:04:47
15,1716,1,2024-07-17 19:23:10,2025-11-19 22:04:47
24,1717,1,2023-06-07 16:10:30,2025-10-27 12:51:41
19,1717,1,2023-06-07 16:10:30,2025-10-27 12:51:41
20,1717,1,2023-06-07 16:10:30,2025-10-27 12:51:41
24,1718,0,2024-09-28 09:58:24,2025-01-29 08:32:03
19,1718,0,2024-09-28 09:58:24,2025-01-29 08:32:03
20,1718,0,2024-09-28 09:58:24,2025-01-29 08:32:03
35,1719,1,2023-06-26 02:23:00,2026-04-22 09:13:00
28,1719,1,2023-06-26 02:23:00,2026-04-22 09:13:00
96,1720,1,2024-08-12 07:55:46,2025-08-17 17:37:04
99,1720,1,2024-08-12 07:55:46,2025-08-17 17:37:04
19,1720,1,2024-08-12 07:55:46,2025-08-17 17:37:04
20,1720,1,2024-08-12 07:55:46,2025-08-17 17:37:04
24,1720,1,2024-08-12 07:55:46,2025-08-17 17:37:04
0,1721,0,2023-10-10 11:15:01,2025-09-04 09:02:55
96,1722,1,2023-04-18 00:24:18,2024-01-18 08:13:20
1,1722,1,2023-04-18 00:24:18,2024-01-18 08:13:20
2,1722,1,2023-04-18 00:24:18,2024-01-18 08:13:20
97,1722,1,2023-04-18 00:24:18,2024-01-18 08:13:20
13,1722,1,2023-04-18 00:24:18,2024-01-18 08:13:20
33,1723,1,2025-09-12 05:32:18,2026-01-14 18:39:56
28,1723,1,2025-09-12 05:32:18,2026-01-14 18:39:56
1,1724,0,2024-10-10 22:25:33,2025-02-19 05:56:08
2,1724,0,2024-10-10 22:25:33,2025-02-19 05:56:08
14,1724,0,2024-10-10 22:25:33,2025-02-19 05:56:08
0,1725,1,2025-01-30 13:56:54,2025-10-05 00:28:40
0,1726,1,2023-03-04 20:17:57,2024-05-01 16:22:58
0,1727,0,2023-01-17 14:06:00,2026-03-03 19:30:41
32,1728,1,2023-02-25 21:32:57,2026-02-09 23:46:30
97,1728,1,2023-02-25 21:32:57,2026-02-09 23:46:30
28,1728,1,2023-02-25 21:32:57,2026-02-09 23:46:30
96,1728,1,2023-02-25 21:32:57,2026-02-09 23:46:30
0,1729,1,2024-09-24 13:19:52,2026-03-27 21:59:44
1,1730,1,2024-02-19 06:16:21,2024-06-27 16:08:59
3,1730,1,2024-02-19 06:16:21,2024-06-27 16:08:59
7,1730,1,2024-02-19 06:16:21,2024-06-27 16:08:59
15,1730,1,2024-02-19 06:16:21,2024-06-27 16:08:59
24,1731,1,2023-02-05 17:46:48,2026-07-19 04:55:13
19,1731,1,2023-02-05 17:46:48,2026-07-19 04:55:13
20,1731,1,2023-02-05 17:46:48,2026-07-19 04:55:13
33,1732,1,2025-06-07 10:18:20,2025-12-08 11:17:11
28,1732,1,2025-06-07 10:18:20,2025-12-08 11:17:11
24,1733,0,2023-04-20 08:03:36,2023-12-19 01:15:02
19,1733,0,2023-04-20 08:03:36,2023-12-19 01:15:02
20,1733,0,2023-04-20 08:03:36,2023-12-19 01:15:02
32,1734,0,2023-07-09 11:41:03,2023-10-04 17:43:11
97,1734,0,2023-07-09 11:41:03,2023-10-04 17:43:11
28,1734,0,2023-07-09 11:41:03,2023-10-04 17:43:11
96,1734,0,2023-07-09 11:41:03,2023-10-04 17:43:11
33,1735,1,2024-11-03 14:16:04,2026-07-11 10:37:32
28,1735,1,2024-11-03 14:16:04,2026-07-11 10:37:32
0,1736,0,2023-10-27 06:05:13,2025-11-04 18:17:51
99,1736,0,2023-10-27 06:05:13,2025-11-04 18:17:51
96,1736,0,2023-10-27 06:05:13,2025-11-04 18:17:51
28,1737,0,2026-09-05 17:50:38,2026-09-16 04:35:55
31,1737,0,2026-09-05 17:50:38,2026-09-16 04:35:55
0,1738,1,2024-02-13 23:06:13,2024-09-24 11:48:53
35,1739,1,2023-10-18 13:39:24,2025-02-28 20:31:12
28,1739,1,2023-10-18 13:39:24,2025-02-28 20:31:12
0,1740,1,2023-12-06 01:15:23,2025-09-28 15:11:52
97,1740,1,2023-12-06 01:15:23,2025-09-28 15:11:52
96,1740,1,2023-12-06 01:15:23,2025-09-28 15:11:52
0,1741,1,2024-03-13 05:11:03,2024-11-18 17:32:53
24,1742,0,2026-03-19 20:40:42,2026-08-25 15:27:10
19,1742,0,2026-03-19 20:40:42,2026-08-25 15:27:10
20,1742,0,2026-03-19 20:40:42,2026-08-25 15:27:10
26,1743,1,2025-12-20 10:09:31,2026-09-10 22:17:30
19,1743,1,2025-12-20 10:09:31,2026-09-10 22:17:30
21,1743,1,2025-12-20 10:09:31,2026-09-10 22:17:30
0,1744,1,2024-07-10 07:24:09,2026-07-26 15:49:56
99,1744,1,2024-07-10 07:24:09,2026-07-26 15:49:56
96,1744,1,2024-07-10 07:24:09,2026-07-26 15:49:56
0,1745,1,2023-12-21 08:37:04,2026-06-20 14:06:23
0,1746,1,2024-12-21 05:09:00,2025-12-16 22:03:18
97,1746,1,2024-12-21 05:09:00,2025-12-16 22:03:18
96,1746,1,2024-12-21 05:09:00,2025-12-16 22:03:18
0,1747,1,2026-05-09 12:39:38,2026-07-10 00:41:56
19,1748,1,2023-08-23 15:07:44,2026-03-01 17:25:42
27,1748,1,2023-08-23 15:07:44,2026-03-01 17:25:42
22,1748,1,2023-08-23 15:07:44,2026-03-01 17:25:42
0,1749,1,2023-11-04 04:53:46,2023-12-07 21:12:36
0,1750,0,2026-01-29 06:34:49,2026-08-11 02:52:23
26,1751,1,2024-05-17 04:50:42,2026-05-27 17:31:06
19,1751,1,2024-05-17 04:50:42,2026-05-27 17:31:06
21,1751,1,2024-05-17 04:50:42,2026-05-27 17:31:06
0,1752,1,2023-01-21 03:28:00,2024-05-13 14:49:30
97,1752,1,2023-01-21 03:28:00,2024-05-13 14:49:30
96,1752,1,2023-01-21 03:28:00,2024-05-13 14:49:30
0,1753,1,2025-04-02 18:17:17,2025-11-07 17:13:52
1,1754,1,2023-04-09 01:28:13,2023-05-06 13:44:20
3,1754,1,2023-04-09 01:28:13,2023-05-06 13:44:20
7,1754,1,2023-04-09 01:28:13,2023-05-06 13:44:20
15,1754,1,2023-04-09 01:28:13,2023-05-06 13:44:20
0,1755,1,2026-09-16 09:48:37,2026-09-16 15:29:59
0,1756,1,2023-07-17 11:51:21,2024-11-28 10:39:01
24,1757,1,2025-05-25 01:16:20,2026-05-24 22:05:39
19,1757,1,2025-05-25 01:16:20,2026-05-24 22:05:39
20,1757,1,2025-05-25 01:16:20,2026-05-24 22:05:39
96,1758,1,2023-05-07 07:22:10,2025-08-06 10:42:04
1,1758,1,2023-05-07 07:22:10,2025-08-06 10:42:04
2,1758,1,2023-05-07 07:22:10,2025-08-06 10:42:04
97,1758,1,2023-05-07 07:22:10,2025-08-06 10:42:04
13,1758,1,2023-05-07 07:22:10,2025-08-06 10:42:04
0,1759,1,2026-05-14 05:06:55,2026-07-06 20:20:55
96,1760,1,2024-07-07 06:56:03,2026-07-26 21:49:06
33,1760,1,2024-07-07 06:56:03,2026-07-26 21:49:06
99,1760,1,2024-07-07 06:56:03,2026-07-26 21:49:06
28,1760,1,2024-07-07 06:56:03,2026-07-26 21:49:06
35,1761,0,2023-11-07 18:42:55,2026-08-07 01:26:04
28,1761,0,2023-11-07 18:42:55,2026-08-07 01:26:04
24,1762,1,2025-03-24 05:34:34,2026-04-19 19:13:35
19,1762,1,2025-03-24 05:34:34,2026-04-19 19:13:35
20,1762,1,2025-03-24 05:34:34,2026-04-19 19:13:35
1,1763,1,2024-04-04 23:32:02,2024-05-14 06:10:42
2,1763,1,2024-04-04 23:32:02,2024-05-14 06:10:42
14,1763,1,2024-04-04 23:32:02,2024-05-14 06:10:42
96,1764,1,2024-11-24 21:37:38,2026-03-26 01:03:36
1,1764,1,2024-11-24 21:37:38,2026-03-26 01:03:36
2,1764,1,2024-11-24 21:37:38,2026-03-26 01:03:36
97,1764,1,2024-11-24 21:37:38,2026-03-26 01:03:36
13,1764,1,2024-11-24 21:37:38,2026-03-26 01:03:36
19,1765,1,2024-12-09 06:47:45,2025-07-11 14:51:59
27,1765,1,2024-12-09 06:47:45,2025-07-11 14:51:59
22,1765,1,2024-12-09 06:47:45,2025-07-11 14:51:59
28,1766,1,2023-01-27 08:10:25,2023-08-07 20:03:27
31,1766,1,2023-01-27 08:10:25,2023-08-07 20:03:27
0,1767,1,2025-05-04 14:13:32,2025-05-24 08:55:56
96,1768,1,2025-09-26 19:55:45,2026-01-14 16:49:53
99,1768,1,2025-09-26 19:55:45,2026-01-14 16:49:53
19,1768,1,2025-09-26 19:55:45,2026-01-14 16:49:53
21,1768,1,2025-09-26 19:55:45,2026-01-14 16:49:53
26,1768,1,2025-09-26 19:55:45,2026-01-14 16:49:53
1,1769,1,2025-02-10 13:26:46,2025-04-01 04:12:59
3,1769,1,2025-02-10 13:26:46,2025-04-01 04:12:59
7,1769,1,2025-02-10 13:26:46,2025-04-01 04:12:59
15,1769,1,2025-02-10 13:26:46,2025-04-01 04:12:59
96,1770,1,2026-03-18 07:44:52,2026-05-27 06:56:46
97,1770,1,2026-03-18 07:44:52,2026-05-27 06:56:46
19,1770,1,2026-03-18 07:44:52,2026-05-27 06:56:46
20,1770,1,2026-03-18 07:44:52,2026-05-27 06:56:46
24,1770,1,2026-03-18 07:44:52,2026-05-27 06:56:46
0,1771,1,2025-04-26 19:13:31,2025-06-14 01:47:37
28,1772,1,2024-11-27 17:13:22,2025-03-31 06:19:28
29,1772,1,2024-11-27 17:13:22,2025-03-31 06:19:28
1,1773,0,2023-02-07 15:10:51,2023-04-30 03:53:33
4,1773,0,2023-02-07 15:10:51,2023-04-30 03:53:33
0,1774,1,2026-09-14 05:57:49,2026-09-14 15:59:19
28,1775,1,2025-02-03 15:33:45,2025-02-21 21:52:44
29,1775,1,2025-02-03 15:33:45,2025-02-21 21:52:44
96,1776,1,2025-06-24 06:05:29,2026-07-10 23:39:50
97,1776,1,2025-06-24 06:05:29,2026-07-10 23:39:50
19,1776,1,2025-06-24 06:05:29,2026-07-10 23:39:50
21,1776,1,2025-06-24 06:05:29,2026-07-10 23:39:50
26,1776,1,2025-06-24 06:05:29,2026-07-10 23:39:50
1,1777,1,2024-09-08 23:59:57,2025-02-21 06:28:29
2,1777,1,2024-09-08 23:59:57,2025-02-21 06:28:29
13,1777,1,2024-09-08 23:59:57,2025-02-21 06:28:29
33,1778,0,2024-08-26 09:20:21,2024-12-28 13:24:26
28,1778,0,2024-08-26 09:20:21,2024-12-28 13:24:26
28,1779,1,2024-09-01 22:23:54,2024-12-03 11:50:40
31,1779,1,2024-09-01 22:23:54,2024-12-03 11:50:40
1,1780,1,2024-08-24 21:15:35,2026-05-11 20:45:30
2,1780,1,2024-08-24 21:15:35,2026-05-11 20:45:30
14,1780,1,2024-08-24 21:15:35,2026-05-11 20:45:30
1,1781,1,2025-07-10 14:16:03,2026-03-03 05:30:19
4,1781,1,2025-07-10 14:16:03,2026-03-03 05:30:19
0,1782,1,2023-12-03 19:06:56,2026-02-04 18:16:54
97,1782,1,2023-12-03 19:06:56,2026-02-04 18:16:54
96,1782,1,2023-12-03 19:06:56,2026-02-04 18:16:54
1,1783,1,2026-01-23 09:23:13,2026-06-23 07:08:16
2,1783,1,2026-01-23 09:23:13,2026-06-23 07:08:16
13,1783,1,2026-01-23 09:23:13,2026-06-23 07:08:16
96,1784,0,2025-07-16 00:05:37,2026-02-22 15:15:46
1,1784,0,2025-07-16 00:05:37,2026-02-22 15:15:46
99,1784,0,2025-07-16 00:05:37,2026-02-22 15:15:46
3,1784,0,2025-07-16 00:05:37,2026-02-22 15:15:46
7,1784,0,2025-07-16 00:05:37,2026-02-22 15:15:46
15,1784,0,2025-07-16 00:05:37,2026-02-22 15:15:46
0,1785,1,2026-08-24 13:27:50,2026-08-24 19:59:43
24,1786,1,2023-06-01 01:05:48,2023-08-23 05:07:55
19,1786,1,2023-06-01 01:05:48,2023-08-23 05:07:55
20,1786,1,2023-06-01 01:05:48,2023-08-23 05:07:55
0,1787,1,2024-04-07 02:28:57,2024-05-31 11:06:24
96,1788,1,2023-07-06 22:02:30,2026-03-22 00:18:10
1,1788,1,2023-07-06 22:02:30,2026-03-22 00:18:10
4,1788,1,2023-07-06 22:02:30,2026-03-22 00:18:10
97,1788,1,2023-07-06 22:02:30,2026-03-22 00:18:10
1,1789,1,2024-12-08 04:44:52,2026-03-03 12:34:28
2,1789,1,2024-12-08 04:44:52,2026-03-03 12:34:28
13,1789,1,2024-12-08 04:44:52,2026-03-03 12:34:28
35,1790,1,2023-12-01 17:30:42,2024-03-11 22:46:09
28,1790,1,2023-12-01 17:30:42,2024-03-11 22:46:09
19,1791,1,2024-10-02 16:17:26,2025-02-15 14:57:13
27,1791,1,2024-10-02 16:17:26,2025-02-15 14:57:13
22,1791,1,2024-10-02 16:17:26,2025-02-15 14:57:13
96,1792,1,2026-01-07 19:03:19,2026-04-27 03:27:53
1,1792,1,2026-01-07 19:03:19,2026-04-27 03:27:53
2,1792,1,2026-01-07 19:03:19,2026-04-27 03:27:53
99,1792,1,2026-01-07 19:03:19,2026-04-27 03:27:53
13,1792,1,2026-01-07 19:03:19,2026-04-27 03:27:53
0,1793,1,2025-12-07 08:57:18,2026-05-30 08:30:58
96,1794,1,2026-05-15 06:32:58,2026-06-29 05:30:53
1,1794,1,2026-05-15 06:32:58,2026-06-29 05:30:53
2,1794,1,2026-05-15 06:32:58,2026-06-29 05:30:53
97,1794,1,2026-05-15 06:32:58,2026-06-29 05:30:53
13,1794,1,2026-05-15 06:32:58,2026-06-29 05:30:53
0,1795,0,2023-09-12 14:26:16,2025-04-14 10:51:26
0,1796,1,2024-09-24 06:07:16,2025-02-06 09:01:17
32,1797,1,2025-11-15 16:19:14,2026-06-14 06:37:48
28,1797,1,2025-11-15 16:19:14,2026-06-14 06:37:48
26,1798,1,2025-09-29 16:38:50,2026-03-29 21:15:23
19,1798,1,2025-09-29 16:38:50,2026-03-29 21:15:23
21,1798,1,2025-09-29 16:38:50,2026-03-29 21:15:23
0,1799,0,2026-08-28 12:22:09,2026-09-12 16:29:40
96,1800,1,2026-06-22 00:18:43,2026-09-06 22:27:10
33,1800,1,2026-06-22 00:18:43,2026-09-06 22:27:10
28,1800,1,2026-06-22 00:18:43,2026-09-06 22:27:10
97,1800,1,2026-06-22 00:18:43,2026-09-06 22:27:10
28,1801,0,2023-03-07 05:04:08,2025-05-22 07:59:58
31,1801,0,2023-03-07 05:04:08,2025-05-22 07:59:58
1,1802,1,2025-01-29 21:57:07,2025-04-30 17:31:25
4,1802,1,2025-01-29 21:57:07,2025-04-30 17:31:25
1,1803,1,2023-12-07 07:34:28,2026-05-21 16:25:05
3,1803,1,2023-12-07 07:34:28,2026-05-21 16:25:05
7,1803,1,2023-12-07 07:34:28,2026-05-21 16:25:05
15,1803,1,2023-12-07 07:34:28,2026-05-21 16:25:05
0,1804,1,2023-08-30 20:57:38,2026-08-12 21:01:28
28,1805,1,2025-12-15 13:08:37,2026-04-13 14:27:07
31,1805,1,2025-12-15 13:08:37,2026-04-13 14:27:07
0,1806,1,2023-02-06 12:21:10,2023-03-03 17:04:41
97,1806,1,2023-02-06 12:21:10,2023-03-03 17:04:41
96,1806,1,2023-02-06 12:21:10,2023-03-03 17:04:41
1,1807,1,2023-04-15 02:45:20,2024-05-12 19:27:22
2,1807,1,2023-04-15 02:45:20,2024-05-12 19:27:22
13,1807,1,2023-04-15 02:45:20,2024-05-12 19:27:22
0,1808,1,2024-06-17 02:17:22,2026-02-09 10:33:25
99,1808,1,2024-06-17 02:17:22,2026-02-09 10:33:25
96,1808,1,2024-06-17 02:17:22,2026-02-09 10:33:25
0,1809,1,2025-11-20 23:19:57,2026-05-30 18:53:32
0,1810,1,2026-03-15 14:48:57,2026-06-28 06:49:06
1,1811,1,2023-02-12 10:51:59,2024-09-24 17:04:26
4,1811,1,2023-02-12 10:51:59,2024-09-24 17:04:26
0,1812,1,2026-01-30 03:03:52,2026-03-07 15:15:37
97,1812,1,2026-01-30 03:03:52,2026-03-07 15:15:37
96,1812,1,2026-01-30 03:03:52,2026-03-07 15:15:37
0,1813,0,2026-04-22 06:45:55,2026-09-05 23:49:47
0,1814,0,2026-09-02 04:24:33,2026-09-02 20:51:27
28,1815,0,2024-08-26 00:19:43,2026-05-10 09:47:10
29,1815,0,2024-08-26 00:19:43,2026-05-10 09:47:10
99,1816,1,2024-12-02 17:33:48,2025-07-18 14:44:22
35,1816,1,2024-12-02 17:33:48,2025-07-18 14:44:22
28,1816,1,2024-12-02 17:33:48,2025-07-18 14:44:22
96,1816,1,2024-12-02 17:33:48,2025-07-18 14:44:22
0,1817,1,2026-07-24 19:34:54,2026-08-01 06:35:12
96,1818,1,2026-04-14 23:29:44,2026-06-27 03:08:10
97,1818,1,2026-04-14 23:29:44,2026-06-27 03:08:10
28,1818,1,2026-04-14 23:29:44,2026-06-27 03:08:10
31,1818,1,2026-04-14 23:29:44,2026-06-27 03:08:10
0,1819,1,2023-12-22 07:45:59,2025-11-12 02:07:54
1,1820,0,2025-05-24 05:36:52,2025-06-11 15:00:29
4,1820,0,2025-05-24 05:36:52,2025-06-11 15:00:29
0,1821,1,2025-09-13 04:15:08,2026-04-12 05:53:46
1,1822,1,2023-04-14 23:39:00,2023-07-25 05:33:46
4,1822,1,2023-04-14 23:39:00,2023-07-25 05:33:46
24,1823,1,2023-07-07 23:36:45,2023-08-14 10:28:17
19,1823,1,2023-07-07 23:36:45,2023-08-14 10:28:17
20,1823,1,2023-07-07 23:36:45,2023-08-14 10:28:17
0,1824,1,2025-05-15 20:12:10,2025-12-06 03:00:09
97,1824,1,2025-05-15 20:12:10,2025-12-06 03:00:09
96,1824,1,2025-05-15 20:12:10,2025-12-06 03:00:09
0,1825,1,2023-11-11 11:46:52,2024-06-27 10:46:31
1,1826,1,2023-06-25 03:43:15,2025-09-17 00:51:05
2,1826,1,2023-06-25 03:43:15,2025-09-17 00:51:05
14,1826,1,2023-06-25 03:43:15,2025-09-17 00:51:05
0,1827,1,2024-01-14 12:54:18,2026-01-29 19:06:40
28,1828,1,2025-05-09 02:32:51,2026-09-13 01:54:54
31,1828,1,2025-05-09 02:32:51,2026-09-13 01:54:54
35,1829,1,2025-01-12 01:30:51,2026-02-14 19:41:47
28,1829,1,2025-01-12 01:30:51,2026-02-14 19:41:47
96,1830,1,2026-07-10 05:10:09,2026-08-04 16:45:53
97,1830,1,2026-07-10 05:10:09,2026-08-04 16:45:53
19,1830,1,2026-07-10 05:10:09,2026-08-04 16:45:53
20,1830,1,2026-07-10 05:10:09,2026-08-04 16:45:53
24,1830,1,2026-07-10 05:10:09,2026-08-04 16:45:53
26,1831,1,2025-11-09 09:08:59,2026-08-18 12:34:34
19,1831,1,2025-11-09 09:08:59,2026-08-18 12:34:34
21,1831,1,2025-11-09 09:08:59,2026-08-18 12:34:34
0,1832,1,2025-08-13 04:58:33,2026-09-12 23:37:32
99,1832,1,2025-08-13 04:58:33,2026-09-12 23:37:32
96,1832,1,2025-08-13 04:58:33,2026-09-12 23:37:32
26,1833,1,2025-07-20 18:58:37,2025-08-13 19:15:21
19,1833,1,2025-07-20 18:58:37,2025-08-13 19:15:21
21,1833,1,2025-07-20 18:58:37,2025-08-13 19:15:21
26,1834,1,2024-03-06 21:49:39,2025-11-07 19:53:48
19,1834,1,2024-03-06 21:49:39,2025-11-07 19:53:48
21,1834,1,2024-03-06 21:49:39,2025-11-07 19:53:48
0,1835,1,2025-03-05 11:51:49,2026-03-19 08:52:54
96,1836,1,2024-06-15 21:58:15,2026-08-28 01:02:15
97,1836,1,2024-06-15 21:58:15,2026-08-28 01:02:15
19,1836,1,2024-06-15 21:58:15,2026-08-28 01:02:15
22,1836,1,2024-06-15 21:58:15,2026-08-28 01:02:15
27,1836,1,2024-06-15 21:58:15,2026-08-28 01:02:15
0,1837,1,2025-07-12 10:05:56,2026-08-15 06:45:59
0,1838,1,2026-07-06 17:38:24,2026-08-08 06:14:34
28,1839,1,2026-04-08 12:49:26,2026-08-05 13:51:40
29,1839,1,2026-04-08 12:49:26,2026-08-05 13:51:40
96,1840,1,2023-11-14 14:59:18,2025-11-02 09:20:16
33,1840,1,2023-11-14 14:59:18,2025-11-02 09:20:16
99,1840,1,2023-11-14 14:59:18,2025-11-02 09:20:16
28,1840,1,2023-11-14 14:59:18,2025-11-02 09:20:16
32,1841,0,2026-05-12 03:17:06,2026-09-12 03:20:56
28,1841,0,2026-05-12 03:17:06,2026-09-12 03:20:56
96,1842,1,2025-06-01 15:38:08,2026-05-24 05:29:33
1,1842,1,2025-06-01 15:38:08,2026-05-24 05:29:33
97,1842,1,2025-06-01 15:38:08,2026-05-24 05:29:33
3,1842,1,2025-06-01 15:38:08,2026-05-24 05:29:33
7,1842,1,2025-06-01 15:38:08,2026-05-24 05:29:33
15,1842,1,2025-06-01 15:38:08,2026-05-24 05:29:33
35,1843,1,2026-06-17 03:06:24,2026-08-09 14:17:31
28,1843,1,2026-06-17 03:06:24,2026-08-09 14:17:31
19,1844,0,2025-06-25 13:34:25,2026-01-26 18:56:11
27,1844,0,2025-06-25 13:34:25,2026-01-26 18:56:11
22,1844,0,2025-06-25 13:34:25,2026-01-26 18:56:11
28,1845,1,2025-07-13 17:20:25,2025-10-05 16:04:55
29,1845,1,2025-07-13 17:20:25,2025-10-05 16:04:55
0,1846,1,2026-03-26 19:29:32,2026-08-29 09:49:11
0,1847,1,2026-05-02 16:48:56,2026-05-21 07:41:53
96,1848,0,2026-01-22 19:35:13,2026-05-10 11:02:02
97,1848,0,2026-01-22 19:35:13,2026-05-10 11:02:02
19,1848,0,2026-01-22 19:35:13,2026-05-10 11:02:02
21,1848,0,2026-01-22 19:35:13,2026-05-10 11:02:02
26,1848,0,2026-01-22 19:35:13,2026-05-10 11:02:02
1,1849,1,2025-05-08 11:00:36,2026-02-07 01:41:11
2,1849,1,2025-05-08 11:00:36,2026-02-07 01:41:11
14,1849,1,2025-05-08 11:00:36,2026-02-07 01:41:11
0,1850,1,2023-11-12 13:39:11,2026-03-03 02:06:47
0,1851,1,2024-01-18 10:44:18,2025-10-10 18:30:38
0,1852,1,2024-03-10 03:25:20,2024-08-23 23:05:47
1,1853,1,2026-08-09 04:58:13,2026-08-13 04:30:13
2,1853,1,2026-08-09 04:58:13,2026-08-13 04:30:13
13,1853,1,2026-08-09 04:58:13,2026-08-13 04:30:13
96,1854,0,2026-03-12 03:54:27,2026-05-24 23:35:37
97,1854,0,2026-03-12 03:54:27,2026-05-24 23:35:37
19,1854,0,2026-03-12 03:54:27,2026-05-24 23:35:37
21,1854,0,2026-03-12 03:54:27,2026-05-24 23:35:37
26,1854,0,2026-03-12 03:54:27,2026-05-24 23:35:37
1,1855,0,2024-06-15 17:26:56,2025-10-29 01:27:44
2,1855,0,2024-06-15 17:26:56,2025-10-29 01:27:44
13,1855,0,2024-06-15 17:26:56,2025-10-29 01:27:44
96,1856,1,2024-08-02 08:59:45,2024-11-22 14:57:51
1,1856,1,2024-08-02 08:59:45,2024-11-22 14:57:51
2,1856,1,2024-08-02 08:59:45,2024-11-22 14:57:51
99,1856,1,2024-08-02 08:59:45,2024-11-22 14:57:51
13,1856,1,2024-08-02 08:59:45,2024-11-22 14:57:51
24,1857,1,2024-09-21 07:18:28,2025-04-22 05:40:50
19,1857,1,2024-09-21 07:18:28,2025-04-22 05:40:50
20,1857,1,2024-09-21 07:18:28,2025-04-22 05:40:50
0,1858,1,2025-12-02 10:16:59,2026-07-09 04:42:16
0,1859,1,2024-08-14 19:37:33,2024-08-30 17:39:50
0,1860,1,2024-02-23 01:34:55,2025-09-14 13:13:29
97,1860,1,2024-02-23 01:34:55,2025-09-14 13:13:29
96,1860,1,2024-02-23 01:34:55,2025-09-14 13:13:29
0,1861,0,2025-07-19 16:15:41,2026-09-05 01:38:10
28,1862,1,2026-01-03 10:46:05,2026-03-06 02:27:34
31,1862,1,2026-01-03 10:46:05,2026-03-06 02:27:34
24,1863,1,2024-12-04 20:49:24,2025-03-30 14:55:53
19,1863,1,2024-12-04 20:49:24,2025-03-30 14:55:53
20,1863,1,2024-12-04 20:49:24,2025-03-30 14:55:53
96,1864,1,2025-03-19 13:56:37,2025-05-10 10:47:33
1,1864,1,2025-03-19 13:56:37,2025-05-10 10:47:33
2,1864,1,2025-03-19 13:56:37,2025-05-10 10:47:33
99,1864,1,2025-03-19 13:56:37,2025-05-10 10:47:33
14,1864,1,2025-03-19 13:56:37,2025-05-10 10:47:33
0,1865,1,2024-03-23 18:28:39,2026-07-22 23:06:26
0,1866,0,2026-01-11 21:00:32,2026-02-10 19:08:36
97,1866,0,2026-01-11 21:00:32,2026-02-10 19:08:36
96,1866,0,2026-01-11 21:00:32,2026-02-10 19:08:36
24,1867,1,2025-05-09 17:41:18,2026-02-20 07:03:10
19,1867,1,2025-05-09 17:41:18,2026-02-20 07:03:10
20,1867,1,2025-05-09 17:41:18,2026-02-20 07:03:10
0,1868,1,2026-04-05 11:35:06,2026-05-28 08:46:10
28,1869,1,2024-12-29 16:04:52,2025-04-29 18:26:35
29,1869,1,2024-12-29 16:04:52,2025-04-29 18:26:35
33,1870,1,2024-01-17 19:40:30,2025-12-24 13:13:21
28,1870,1,2024-01-17 19:40:30,2025-12-24 13:13:21
0,1871,1,2023-04-15 04:42:03,2024-11-21 12:07:42
96,1872,0,2025-04-21 03:25:32,2026-02-28 20:38:18
33,1872,0,2025-04-21 03:25:32,2026-02-28 20:38:18
28,1872,0,2025-04-21 03:25:32,2026-02-28 20:38:18
97,1872,0,2025-04-21 03:25:32,2026-02-28 20:38:18
28,1873,1,2023-09-17 06:18:58,2025-11-06 21:12:09
29,1873,1,2023-09-17 06:18:58,2025-11-06 21:12:09
0,1874,1,2023-06-29 11:30:05,2026-01-23 09:00:29
26,1875,1,2026-03-11 13:38:08,2026-03-14 16:23:40
19,1875,1,2026-03-11 13:38:08,2026-03-14 16:23:40
21,1875,1,2026-03-11 13:38:08,2026-03-14 16:23:40
28,1876,1,2024-01-15 19:18:51,2024-08-23 21:12:51
31,1876,1,2024-01-15 19:18:51,2024-08-23 21:12:51
1,1877,1,2024-07-31 05:01:34,2025-06-14 04:30:45
2,1877,1,2024-07-31 05:01:34,2025-06-14 04:30:45
13,1877,1,2024-07-31 05:01:34,2025-06-14 04:30:45
0,1878,1,2024-04-03 21:59:04,2025-11-05 23:02:38
97,1878,1,2024-04-03 21:59:04,2025-11-05 23:02:38
96,1878,1,2024-04-03 21:59:04,2025-11-05 23:02:38
0,1879,1,2026-06-29 12:36:40,2026-08-18 06:57:57
99,1880,1,2024-04-27 02:22:47,2026-06-23 06:10:46
35,1880,1,2024-04-27 02:22:47,2026-06-23 06:10:46
28,1880,1,2024-04-27 02:22:47,2026-06-23 06:10:46
96,1880,1,2024-04-27 02:22:47,2026-06-23 06:10:46
0,1881,1,2025-09-06 17:14:59,2026-03-28 02:10:12
0,1882,1,2025-08-23 21:21:55,2026-05-04 12:35:56
1,1883,1,2024-11-04 06:37:40,2026-06-20 09:54:09
2,1883,1,2024-11-04 06:37:40,2026-06-20 09:54:09
14,1883,1,2024-11-04 06:37:40,2026-06-20 09:54:09
96,1884,1,2024-05-27 20:57:39,2026-04-11 04:11:04
97,1884,1,2024-05-27 20:57:39,2026-04-11 04:11:04
28,1884,1,2024-05-27 20:57:39,2026-04-11 04:11:04
29,1884,1,2024-05-27 20:57:39,2026-04-11 04:11:04
0,1885,1,2024-09-04 16:16:32,2025-02-22 17:48:03
0,1886,1,2024-10-10 16:50:53,2026-06-23 16:04:48
33,1887,1,2023-04-13 21:10:07,2023-12-23 16:50:34
28,1887,1,2023-04-13 21:10:07,2023-12-23 16:50:34
0,1888,1,2025-11-10 20:47:07,2026-05-21 12:22:23
99,1888,1,2025-11-10 20:47:07,2026-05-21 12:22:23
96,1888,1,2025-11-10 20:47:07,2026-05-21 12:22:23
1,1889,1,2024-02-05 22:02:42,2026-07-21 07:47:03
4,1889,1,2024-02-05 22:02:42,2026-07-21 07:47:03
96,1890,0,2025-03-18 20:48:18,2026-08-31 01:25:04
97,1890,0,2025-03-18 20:48:18,2026-08-31 01:25:04
35,1890,0,2025-03-18 20:48:18,2026-08-31 01:25:04
28,1890,0,2025-03-18 20:48:18,2026-08-31 01:25:04
0,1891,1,2025-01-20 22:18:28,2025-08-20 08:16:11
1,1892,1,2026-05-30 08:33:55,2026-07-19 09:15:55
3,1892,1,2026-05-30 08:33:55,2026-07-19 09:15:55
7,1892,1,2026-05-30 08:33:55,2026-07-19 09:15:55
15,1892,1,2026-05-30 08:33:55,2026-07-19 09:15:55
1,1893,1,2024-12-22 08:07:56,2025-04-20 09:04:23
4,1893,1,2024-12-22 08:07:56,2025-04-20 09:04:23
1,1894,1,2025-05-30 03:22:03,2026-02-11 09:37:40
4,1894,1,2025-05-30 03:22:03,2026-02-11 09:37:40
1,1895,1,2026-04-18 20:49:41,2026-06-18 19:58:25
2,1895,1,2026-04-18 20:49:41,2026-06-18 19:58:25
14,1895,1,2026-04-18 20:49:41,2026-06-18 19:58:25
0,1896,1,2024-06-02 12:26:18,2025-12-29 21:12:33
97,1896,1,2024-06-02 12:26:18,2025-12-29 21:12:33
96,1896,1,2024-06-02 12:26:18,2025-12-29 21:12:33
1,1897,0,2023-11-29 11:33:48,2025-08-20 02:54:08
4,1897,0,2023-11-29 11:33:48,2025-08-20 02:54:08
26,1898,1,2023-09-05 07:06:28,2026-03-22 05:29:55
19,1898,1,2023-09-05 07:06:28,2026-03-22 05:29:55
21,1898,1,2023-09-05 07:06:28,2026-03-22 05:29:55
1,1899,1,2023-08-22 02:07:46,2025-12-08 12:36:00
3,1899,1,2023-08-22 02:07:46,2025-12-08 12:36:00
7,1899,1,2023-08-22 02:07:46,2025-12-08 12:36:00
15,1899,1,2023-08-22 02:07:46,2025-12-08 12:36:00
26,1900,1,2023-10-03 20:24:14,2023-11-23 14:58:30
19,1900,1,2023-10-03 20:24:14,2023-11-23 14:58:30
21,1900,1,2023-10-03 20:24:14,2023-11-23 14:58:30
33,1901,1,2023-09-14 15:54:22,2025-01-07 20:52:17
28,1901,1,2023-09-14 15:54:22,2025-01-07 20:52:17
96,1902,1,2026-06-30 01:07:18,2026-07-18 17:05:32
1,1902,1,2026-06-30 01:07:18,2026-07-18 17:05:32
97,1902,1,2026-06-30 01:07:18,2026-07-18 17:05:32
3,1902,1,2026-06-30 01:07:18,2026-07-18 17:05:32
7,1902,1,2026-06-30 01:07:18,2026-07-18 17:05:32
15,1902,1,2026-06-30 01:07:18,2026-07-18 17:05:32
24,1903,1,2025-08-14 01:04:58,2025-10-08 17:21:23
19,1903,1,2025-08-14 01:04:58,2025-10-08 17:21:23
20,1903,1,2025-08-14 01:04:58,2025-10-08 17:21:23
0,1904,1,2025-09-26 14:04:39,2026-07-24 23:37:20
99,1904,1,2025-09-26 14:04:39,2026-07-24 23:37:20
96,1904,1,2025-09-26 14:04:39,2026-07-24 23:37:20
28,1905,1,2026-08-16 18:41:40,2026-09-02 05:15:32
29,1905,1,2026-08-16 18:41:40,2026-09-02 05:15:32
0,1906,1,2024-04-01 04:11:14,2025-12-15 06:03:23
26,1907,1,2024-12-17 14:01:01,2025-04-12 02:22:32
19,1907,1,2024-12-17 14:01:01,2025-04-12 02:22:32
21,1907,1,2024-12-17 14:01:01,2025-04-12 02:22:32
96,1908,1,2023-08-20 23:18:26,2026-09-16 18:06:57
33,1908,1,2023-08-20 23:18:26,2026-09-16 18:06:57
28,1908,1,2023-08-20 23:18:26,2026-09-16 18:06:57
97,1908,1,2023-08-20 23:18:26,2026-09-16 18:06:57
24,1909,1,2024-11-07 06:27:32,2025-09-21 15:11:11
19,1909,1,2024-11-07 06:27:32,2025-09-21 15:11:11
20,1909,1,2024-11-07 06:27:32,2025-09-21 15:11:11
1,1910,1,2025-10-16 08:13:32,2025-10-29 11:36:04
4,1910,1,2025-10-16 08:13:32,2025-10-29 11:36:04
0,1911,1,2024-08-28 03:48:53,2025-01-20 01:35:29
0,1912,1,2026-03-03 18:05:56,2026-08-14 18:40:16
99,1912,1,2026-03-03 18:05:56,2026-08-14 18:40:16
96,1912,1,2026-03-03 18:05:56,2026-08-14 18:40:16
1,1913,1,2024-01-25 07:03:33,2025-11-01 05:14:43
3,1913,1,2024-01-25 07:03:33,2025-11-01 05:14:43
7,1913,1,2024-01-25 07:03:33,2025-11-01 05:14:43
15,1913,1,2024-01-25 07:03:33,2025-11-01 05:14:43
96,1914,0,2025-07-27 03:50:16,2026-08-15 21:58:24
97,1914,0,2025-07-27 03:50:16,2026-08-15 21:58:24
19,1914,0,2025-07-27 03:50:16,2026-08-15 21:58:24
20,1914,0,2025-07-27 03:50:16,2026-08-15 21:58:24
24,1914,0,2025-07-27 03:50:16,2026-08-15 21:58:24
24,1915,1,2025-09-08 01:26:30,2026-01-26 03:39:57
19,1915,1,2025-09-08 01:26:30,2026-01-26 03:39:57
20,1915,1,2025-09-08 01:26:30,2026-01-26 03:39:57
1,1916,0,2023-11-10 08:24:51,2024-10-03 05:22:01
3,1916,0,2023-11-10 08:24:51,2024-10-03 05:22:01
7,1916,0,2023-11-10 08:24:51,2024-10-03 05:22:01
15,1916,0,2023-11-10 08:24:51,2024-10-03 05:22:01
33,1917,0,2025-08-09 01:23:02,2026-01-08 19:24:39
28,1917,0,2025-08-09 01:23:02,2026-01-08 19:24:39
26,1918,1,2023-03-11 03:35:22,2024-05-26 01:59:02
19,1918,1,2023-03-11 03:35:22,2024-05-26 01:59:02
21,1918,1,2023-03-11 03:35:22,2024-05-26 01:59:02
1,1919,1,2024-12-21 02:08:18,2026-04-07 22:15:20
3,1919,1,2024-12-21 02:08:18,2026-04-07 22:15:20
7,1919,1,2024-12-21 02:08:18,2026-04-07 22:15:20
15,1919,1,2024-12-21 02:08:18,2026-04-07 22:15:20
32,1920,1,2026-06-22 18:08:06,2026-07-15 00:50:44
97,1920,1,2026-06-22 18:08:06,2026-07-15 00:50:44
28,1920,1,2026-06-22 18:08:06,2026-07-15 00:50:44
96,1920,1,2026-06-22 18:08:06,2026-07-15 00:50:44
32,1921,1,2026-06-30 04:00:20,2026-08-12 18:50:01
28,1921,1,2026-06-30 04:00:20,2026-08-12 18:50:01
0,1922,1,2025-04-11 11:51:03,2026-06-10 00:12:19
26,1923,1,2025-02-10 11:55:01,2026-05-07 03:11:09
19,1923,1,2025-02-10 11:55:01,2026-05-07 03:11:09
21,1923,1,2025-02-10 11:55:01,2026-05-07 03:11:09
28,1924,1,2025-05-21 02:27:03,2026-01-31 07:45:49
31,1924,1,2025-05-21 02:27:03,2026-01-31 07:45:49
0,1925,1,2025-01-15 10:38:45,2025-01-31 12:21:07
96,1926,1,2024-10-24 11:11:08,2025-03-31 23:45:39
1,1926,1,2024-10-24 11:11:08,2025-03-31 23:45:39
4,1926,1,2024-10-24 11:11:08,2025-03-31 23:45:39
97,1926,1,2024-10-24 11:11:08,2025-03-31 23:45:39
0,1927,0,2025-09-19 16:29:22,2025-10-16 07:47:32
96,1928,1,2023-10-06 00:30:10,2024-03-30 03:16:15
99,1928,1,2023-10-06 00:30:10,2024-03-30 03:16:15
19,1928,1,2023-10-06 00:30:10,2024-03-30 03:16:15
20,1928,1,2023-10-06 00:30:10,2024-03-30 03:16:15
24,1928,1,2023-10-06 00:30:10,2024-03-30 03:16:15
0,1929,0,2024-03-08 07:47:49,2024-07-15 16:15:24
0,1930,0,2024-01-24 18:57:44,2024-02-22 02:32:03
0,1931,0,2026-06-20 09:31:40,2026-08-26 08:14:55
96,1932,1,2026-05-16 08:42:17,2026-08-08 07:50:31
97,1932,1,2026-05-16 08:42:17,2026-08-08 07:50:31
35,1932,1,2026-05-16 08:42:17,2026-08-08 07:50:31
28,1932,1,2026-05-16 08:42:17,2026-08-08 07:50:31
1,1933,0,2025-09-17 07:19:16,2026-03-24 01:09:04
4,1933,0,2025-09-17 07:19:16,2026-03-24 01:09:04
32,1934,1,2025-05-15 23:31:54,2026-05-06 14:32:01
28,1934,1,2025-05-15 23:31:54,2026-05-06 14:32:01
19,1935,1,2025-06-05 22:09:35,2026-03-08 23:41:45
27,1935,1,2025-06-05 22:09:35,2026-03-08 23:41:45
22,1935,1,2025-06-05 22:09:35,2026-03-08 23:41:45
96,1936,1,2024-05-04 14:23:44,2026-04-24 14:13:48
1,1936,1,2024-05-04 14:23:44,2026-04-24 14:13:48
2,1936,1,2024-05-04 14:23:44,2026-04-24 14:13:48
99,1936,1,2024-05-04 14:23:44,2026-04-24 14:13:48
13,1936,1,2024-05-04 14:23:44,2026-04-24 14:13:48
24,1937,1,2025-05-09 23:08:49,2026-07-12 09:48:05
19,1937,1,2025-05-09 23:08:49,2026-07-12 09:48:05
20,1937,1,2025-05-09 23:08:49,2026-07-12 09:48:05
96,1938,1,2024-01-18 04:56:44,2025-05-16 23:19:03
1,1938,1,2024-01-18 04:56:44,2025-05-16 23:19:03
97,1938,1,2024-01-18 04:56:44,2025-05-16 23:19:03
3,1938,1,2024-01-18 04:56:44,2025-05-16 23:19:03
7,1938,1,2024-01-18 04:56:44,2025-05-16 23:19:03
15,1938,1,2024-01-18 04:56:44,2025-05-16 23:19:03
35,1939,1,2025-10-29 18:25:21,2025-12-21 22:36:16
28,1939,1,2025-10-29 18:25:21,2025-12-21 22:36:16
0,1940,1,2025-04-04 19:42:37,2026-01-12 09:09:31
24,1941,1,2024-05-24 03:32:56,2025-03-07 04:30:10
19,1941,1,2024-05-24 03:32:56,2025-03-07 04:30:10
20,1941,1,2024-05-24 03:32:56,2025-03-07 04:30:10
24,1942,1,2026-04-08 01:04:11,2026-06-11 20:37:16
19,1942,1,2026-04-08 01:04:11,2026-06-11 20:37:16
20,1942,1,2026-04-08 01:04:11,2026-06-11 20:37:16
1,1943,1,2023-03-18 05:47:12,2024-05-20 19:00:33
3,1943,1,2023-03-18 05:47:12,2024-05-20 19:00:33
7,1943,1,2023-03-18 05:47:12,2024-05-20 19:00:33
15,1943,1,2023-03-18 05:47:12,2024-05-20 19:00:33
96,1944,0,2026-09-13 23:09:04,2026-09-15 18:26:05
1,1944,0,2026-09-13 23:09:04,2026-09-15 18:26:05
2,1944,0,2026-09-13 23:09:04,2026-09-15 18:26:05
97,1944,0,2026-09-13 23:09:04,2026-09-15 18:26:05
14,1944,0,2026-09-13 23:09:04,2026-09-15 18:26:05
35,1945,1,2024-10-14 17:06:58,2024-12-25 22:09:19
28,1945,1,2024-10-14 17:06:58,2024-12-25 22:09:19
1,1946,0,2023-01-07 05:28:59,2023-06-22 04:20:43
3,1946,0,2023-01-07 05:28:59,2023-06-22 04:20:43
7,1946,0,2023-01-07 05:28:59,2023-06-22 04:20:43
15,1946,0,2023-01-07 05:28:59,2023-06-22 04:20:43
0,1947,1,2023-09-04 16:45:07,2026-03-10 13:22:48
24,1948,0,2025-12-24 11:53:41,2026-02-02 20:04:07
19,1948,0,2025-12-24 11:53:41,2026-02-02 20:04:07
20,1948,0,2025-12-24 11:53:41,2026-02-02 20:04:07
1,1949,0,2024-01-06 15:09:02,2025-10-01 07:09:21
2,1949,0,2024-01-06 15:09:02,2025-10-01 07:09:21
13,1949,0,2024-01-06 15:09:02,2025-10-01 07:09:21
96,1950,1,2025-02-04 07:25:40,2026-04-05 14:45:22
1,1950,1,2025-02-04 07:25:40,2026-04-05 14:45:22
2,1950,1,2025-02-04 07:25:40,2026-04-05 14:45:22
97,1950,1,2025-02-04 07:25:40,2026-04-05 14:45:22
13,1950,1,2025-02-04 07:25:40,2026-04-05 14:45:22
0,1951,1,2024-06-18 19:14:11,2025-01-16 09:31:56
96,1952,1,2026-01-03 03:18:17,2026-06-15 08:04:40
99,1952,1,2026-01-03 03:18:17,2026-06-15 08:04:40
19,1952,1,2026-01-03 03:18:17,2026-06-15 08:04:40
22,1952,1,2026-01-03 03:18:17,2026-06-15 08:04:40
27,1952,1,2026-01-03 03:18:17,2026-06-15 08:04:40
0,1953,0,2023-10-24 23:08:43,2024-11-20 21:17:26
33,1954,1,2026-01-09 14:32:37,2026-01-25 05:17:33
28,1954,1,2026-01-09 14:32:37,2026-01-25 05:17:33
0,1955,1,2024-03-05 14:29:47,2024-08-27 13:02:02
32,1956,1,2023-06-16 03:31:16,2024-11-27 10:13:55
97,1956,1,2023-06-16 03:31:16,2024-11-27 10:13:55
28,1956,1,2023-06-16 03:31:16,2024-11-27 10:13:55
96,1956,1,2023-06-16 03:31:16,2024-11-27 10:13:55
28,1957,1,2024-08-11 07:52:40,2026-01-05 14:13:33
31,1957,1,2024-08-11 07:52:40,2026-01-05 14:13:33
28,1958,1,2024-08-27 14:50:20,2025-05-28 22:33:27
29,1958,1,2024-08-27 14:50:20,2025-05-28 22:33:27
28,1959,1,2024-01-27 15:23:21,2024-02-01 09:22:37
31,1959,1,2024-01-27 15:23:21,2024-02-01 09:22:37
96,1960,1,2023-11-13 15:42:05,2025-08-16 20:31:57
99,1960,1,2023-11-13 15:42:05,2025-08-16 20:31:57
19,1960,1,2023-11-13 15:42:05,2025-08-16 20:31:57
21,1960,1,2023-11-13 15:42:05,2025-08-16 20:31:57
26,1960,1,2023-11-13 15:42:05,2025-08-16 20:31:57
1,1961,1,2025-01-05 03:26:27,2026-09-07 09:51:40
4,1961,1,2025-01-05 03:26:27,2026-09-07 09:51:40
96,1962,1,2023-11-09 02:59:23,2025-01-10 06:40:58
97,1962,1,2023-11-09 02:59:23,2025-01-10 06:40:58
28,1962,1,2023-11-09 02:59:23,2025-01-10 06:40:58
29,1962,1,2023-11-09 02:59:23,2025-01-10 06:40:58
0,1963,1,2023-01-27 15:14:26,2026-05-24 21:19:20
0,1964,0,2025-09-24 03:20:15,2025-11-19 07:57:58
1,1965,0,2026-05-26 22:04:44,2026-07-26 03:47:44
4,1965,0,2026-05-26 22:04:44,2026-07-26 03:47:44
19,1966,1,2026-06-11 20:10:57,2026-07-29 06:40:33
27,1966,1,2026-06-11 20:10:57,2026-07-29 06:40:33
22,1966,1,2026-06-11 20:10:57,2026-07-29 06:40:33
35,1967,0,2023-01-06 05:40:26,2023-08-25 20:23:12
28,1967,0,2023-01-06 05:40:26,2023-08-25 20:23:12
96,1968,1,2023-06-18 11:54:51,2026-07-30 13:55:40
1,1968,1,2023-06-18 11:54:51,2026-07-30 13:55:40
2,1968,1,2023-06-18 11:54:51,2026-07-30 13:55:40
97,1968,1,2023-06-18 11:54:51,2026-07-30 13:55:40
13,1968,1,2023-06-18 11:54:51,2026-07-30 13:55:40
1,1969,1,2025-11-06 13:18:23,2026-06-28 04:22:00
2,1969,1,2025-11-06 13:18:23,2026-06-28 04:22:00
14,1969,1,2025-11-06 13:18:23,2026-06-28 04:22:00
32,1970,1,2024-05-19 10:15:17,2024-07-29 13:55:49
28,1970,1,2024-05-19 10:15:17,2024-07-29 13:55:49
1,1971,1,2024-10-31 06:15:09,2026-01-11 02:48:21
3,1971,1,2024-10-31 06:15:09,2026-01-11 02:48:21
7,1971,1,2024-10-31 06:15:09,2026-01-11 02:48:21
15,1971,1,2024-10-31 06:15:09,2026-01-11 02:48:21
1,1972,1,2023-11-15 09:26:18,2025-11-09 23:33:00
2,1972,1,2023-11-15 09:26:18,2025-11-09 23:33:00
13,1972,1,2023-11-15 09:26:18,2025-11-09 23:33:00
26,1973,1,2023-12-06 09:10:08,2025-07-04 12:27:54
19,1973,1,2023-12-06 09:10:08,2025-07-04 12:27:54
21,1973,1,2023-12-06 09:10:08,2025-07-04 12:27:54
96,1974,0,2024-11-29 19:08:04,2025-05-11 04:45:03
1,1974,0,2024-11-29 19:08:04,2025-05-11 04:45:03
4,1974,0,2024-11-29 19:08:04,2025-05-11 04:45:03
97,1974,0,2024-11-29 19:08:04,2025-05-11 04:45:03
24,1975,0,2025-04-14 00:45:01,2026-08-15 16:09:16
19,1975,0,2025-04-14 00:45:01,2026-08-15 16:09:16
20,1975,0,2025-04-14 00:45:01,2026-08-15 16:09:16
0,1976,1,2026-08-01 01:46:48,2026-08-24 20:08:47
99,1976,1,2026-08-01 01:46:48,2026-08-24 20:08:47
96,1976,1,2026-08-01 01:46:48,2026-08-24 20:08:47
28,1977,1,2025-06-13 06:42:43,2026-01-14 22:51:18
31,1977,1,2025-06-13 06:42:43,2026-01-14 22:51:18
1,1978,1,2026-02-21 20:12:53,2026-03-31 17:05:05
2,1978,1,2026-02-21 20:12:53,2026-03-31 17:05:05
13,1978,1,2026-02-21 20:12:53,2026-03-31 17:05:05
32,1979,1,2026-02-11 19:21:03,2026-04-22 11:24:05
28,1979,1,2026-02-11 19:21:03,2026-04-22 11:24:05
96,1980,1,2023-12-17 11:54:58,2026-08-04 12:43:07
97,1980,1,2023-12-17 11:54:58,2026-08-04 12:43:07
28,1980,1,2023-12-17 11:54:58,2026-08-04 12:43:07
31,1980,1,2023-12-17 11:54:58,2026-08-04 12:43:07
33,1981,1,2026-07-20 17:36:04,2026-08-31 15:49:13
28,1981,1,2026-07-20 17:36:04,2026-08-31 15:49:13
33,1982,1,2024-08-04 19:42:03,2024-09-01 02:33:44
28,1982,1,2024-08-04 19:42:03,2024-09-01 02:33:44
35,1983,1,2023-08-27 19:49:53,2025-06-02 14:07:22
28,1983,1,2023-08-27 19:49:53,2025-06-02 14:07:22
96,1984,0,2025-11-17 21:40:26,2026-06-12 01:42:06
1,1984,0,2025-11-17 21:40:26,2026-06-12 01:42:06
99,1984,0,2025-11-17 21:40:26,2026-06-12 01:42:06
4,1984,0,2025-11-17 21:40:26,2026-06-12 01:42:06
24,1985,0,2025-10-23 01:50:40,2026-05-31 09:24:15
19,1985,0,2025-10-23 01:50:40,2026-05-31 09:24:15
20,1985,0,2025-10-23 01:50:40,2026-05-31 09:24:15
96,1986,0,2023-11-29 15:58:57,2023-12-30 18:40:15
97,1986,0,2023-11-29 15:58:57,2023-12-30 18:40:15
28,1986,0,2023-11-29 15:58:57,2023-12-30 18:40:15
31,1986,0,2023-11-29 15:58:57,2023-12-30 18:40:15
28,1987,0,2023-06-29 04:28:01,2026-06-12 01:57:38
31,1987,0,2023-06-29 04:28:01,2026-06-12 01:57:38
24,1988,0,2026-01-11 18:01:22,2026-03-05 06:20:50
19,1988,0,2026-01-11 18:01:22,2026-03-05 06:20:50
20,1988,0,2026-01-11 18:01:22,2026-03-05 06:20:50
0,1989,1,2025-02-28 19:07:17,2026-06-15 04:35:00
24,1990,1,2024-02-08 08:45:36,2025-03-20 00:46:19
19,1990,1,2024-02-08 08:45:36,2025-03-20 00:46:19
20,1990,1,2024-02-08 08:45:36,2025-03-20 00:46:19
1,1991,1,2023-08-06 00:51:24,2024-07-13 13:59:02
3,1991,1,2023-08-06 00:51:24,2024-07-13 13:59:02
7,1991,1,2023-08-06 00:51:24,2024-07-13 13:59:02
15,1991,1,2023-08-06 00:51:24,2024-07-13 13:59:02
96,1992,0,2023-05-05 12:27:54,2026-06-24 13:26:49
97,1992,0,2023-05-05 12:27:54,2026-06-24 13:26:49
19,1992,0,2023-05-05 12:27:54,2026-06-24 13:26:49
20,1992,0,2023-05-05 12:27:54,2026-06-24 13:26:49
24,1992,0,2023-05-05 12:27:54,2026-06-24 13:26:49
1,1993,1,2023-02-21 10:17:08,2026-05-25 13:25:40
3,1993,1,2023-02-21 10:17:08,2026-05-25 13:25:40
7,1993,1,2023-02-21 10:17:08,2026-05-25 13:25:40
15,1993,1,2023-02-21 10:17:08,2026-05-25 13:25:40
1,1994,1,2023-05-10 22:05:38,2024-09-22 21:38:20
2,1994,1,2023-05-10 22:05:38,2024-09-22 21:38:20
13,1994,1,2023-05-10 22:05:38,2024-09-22 21:38:20
0,1995,1,2024-11-12 22:19:31,2026-07-14 14:36:50
35,1996,1,2024-08-11 19:49:26,2026-01-15 22:08:25
28,1996,1,2024-08-11 19:49:26,2026-01-15 22:08:25
1,1997,1,2023-05-13 02:32:14,2025-09-06 22:30:45
4,1997,1,2023-05-13 02:32:14,2025-09-06 22:30:45
96,1998,1,2023-08-22 21:55:36,2024-05-21 21:25:41
33,1998,1,2023-08-22 21:55:36,2024-05-21 21:25:41
28,1998,1,2023-08-22 21:55:36,2024-05-21 21:25:41
97,1998,1,2023-08-22 21:55:36,2024-05-21 21:25:41
1,1999,1,2025-02-26 19:41:13,2026-01-30 10:53:39
2,1999,1,2025-02-26 19:41:13,2026-01-30 10:53:39
14,1999,1,2025-02-26 19:41:13,2026-01-30 10:53:39
0,2000,1,2024-08-10 00:58:27,2025-05-05 06:48:18
99,2000,1,2024-08-10 00:58:27,2025-05-05 06:48:18
96,2000,1,2024-08-10 00:58:27,2025-05-05 06:48:18
1,2001,1,2025-05-24 14:13:03,2025-08-28 02:01:43
3,2001,1,2025-05-24 14:13:03,2025-08-28 02:01:43
7,2001,1,2025-05-24 14:13:03,2025-08-28 02:01:43
15,2001,1,2025-05-24 14:13:03,2025-08-28 02:01:43
0,2002,1,2025-10-24 07:56:32,2025-11-12 08:38:09
0,2003,1,2025-08-28 22:19:09,2026-02-27 08:53:08
0,2004,0,2024-12-15 14:55:29,2026-04-09 16:58:40
97,2004,0,2024-12-15 14:55:29,2026-04-09 16:58:40
96,2004,0,2024-12-15 14:55:29,2026-04-09 16:58:40
0,2005,1,2026-05-30 20:29:35,2026-06-08 23:27:59
1,2006,0,2026-02-21 05:30:26,2026-02-23 03:50:49
4,2006,0,2026-02-21 05:30:26,2026-02-23 03:50:49
0,2007,1,2024-01-22 19:57:52,2026-04-02 21:17:15
96,2008,1,2025-11-11 11:15:03,2025-12-06 22:02:23
99,2008,1,2025-11-11 11:15:03,2025-12-06 22:02:23
28,2008,1,2025-11-11 11:15:03,2025-12-06 22:02:23
31,2008,1,2025-11-11 11:15:03,2025-12-06 22:02:23
33,2009,0,2025-09-29 06:16:49,2026-06-16 06:25:39
28,2009,0,2025-09-29 06:16:49,2026-06-16 06:25:39
96,2010,1,2024-07-26 01:35:52,2026-05-26 10:18:20
1,2010,1,2024-07-26 01:35:52,2026-05-26 10:18:20
2,2010,1,2024-07-26 01:35:52,2026-05-26 10:18:20
97,2010,1,2024-07-26 01:35:52,2026-05-26 10:18:20
14,2010,1,2024-07-26 01:35:52,2026-05-26 10:18:20
28,2011,1,2026-06-30 23:45:27,2026-08-07 20:57:08
31,2011,1,2026-06-30 23:45:27,2026-08-07 20:57:08
1,2012,1,2026-09-07 17:00:54,2026-09-08 05:20:28
2,2012,1,2026-09-07 17:00:54,2026-09-08 05:20:28
14,2012,1,2026-09-07 17:00:54,2026-09-08 05:20:28
0,2013,1,2024-04-01 10:53:31,2025-01-24 04:56:38
1,2014,1,2026-09-02 18:06:38,2026-09-09 19:23:51
2,2014,1,2026-09-02 18:06:38,2026-09-09 19:23:51
13,2014,1,2026-09-02 18:06:38,2026-09-09 19:23:51
28,2015,1,2024-07-26 05:53:45,2025-08-05 07:33:28
29,2015,1,2024-07-26 05:53:45,2025-08-05 07:33:28
96,2016,1,2026-02-01 00:24:05,2026-03-25 03:44:16
97,2016,1,2026-02-01 00:24:05,2026-03-25 03:44:16
35,2016,1,2026-02-01 00:24:05,2026-03-25 03:44:16
28,2016,1,2026-02-01 00:24:05,2026-03-25 03:44:16
0,2017,1,2026-08-18 00:51:16,2026-09-01 04:19:56
0,2018,1,2025-07-01 01:28:41,2026-03-02 18:52:46
1,2019,1,2026-01-09 23:23:32,2026-08-30 22:26:52
4,2019,1,2026-01-09 23:23:32,2026-08-30 22:26:52
0,2020,1,2024-01-10 12:43:20,2026-07-20 05:12:34
24,2021,1,2023-12-17 15:21:44,2024-02-16 13:15:34
19,2021,1,2023-12-17 15:21:44,2024-02-16 13:15:34
20,2021,1,2023-12-17 15:21:44,2024-02-16 13:15:34
96,2022,0,2026-03-28 17:19:08,2026-07-04 18:15:36
97,2022,0,2026-03-28 17:19:08,2026-07-04 18:15:36
19,2022,0,2026-03-28 17:19:08,2026-07-04 18:15:36
21,2022,0,2026-03-28 17:19:08,2026-07-04 18:15:36
26,2022,0,2026-03-28 17:19:08,2026-07-04 18:15:36
0,2023,1,2026-04-24 23:59:39,2026-08-10 07:03:46
96,2024,1,2025-06-29 11:01:46,2025-09-20 08:54:54
99,2024,1,2025-06-29 11:01:46,2025-09-20 08:54:54
19,2024,1,2025-06-29 11:01:46,2025-09-20 08:54:54
20,2024,1,2025-06-29 11:01:46,2025-09-20 08:54:54
24,2024,1,2025-06-29 11:01:46,2025-09-20 08:54:54
1,2025,1,2024-01-15 15:21:51,2025-08-23 17:47:48
3,2025,1,2024-01-15 15:21:51,2025-08-23 17:47:48
7,2025,1,2024-01-15 15:21:51,2025-08-23 17:47:48
15,2025,1,2024-01-15 15:21:51,2025-08-23 17:47:48
1,2026,1,2026-01-30 21:40:07,2026-07-11 06:30:39
3,2026,1,2026-01-30 21:40:07,2026-07-11 06:30:39
7,2026,1,2026-01-30 21:40:07,2026-07-11 06:30:39
15,2026,1,2026-01-30 21:40:07,2026-07-11 06:30:39
1,2027,1,2023-07-28 01:08:03,2023-10-26 01:28:55
2,2027,1,2023-07-28 01:08:03,2023-10-26 01:28:55
13,2027,1,2023-07-28 01:08:03,2023-10-26 01:28:55
96,2028,0,2024-03-21 14:01:39,2024-09-06 16:28:42
97,2028,0,2024-03-21 14:01:39,2024-09-06 16:28:42
19,2028,0,2024-03-21 14:01:39,2024-09-06 16:28:42
20,2028,0,2024-03-21 14:01:39,2024-09-06 16:28:42
24,2028,0,2024-03-21 14:01:39,2024-09-06 16:28:42
35,2029,1,2025-06-30 04:25:59,2025-10-16 09:03:17
28,2029,1,2025-06-30 04:25:59,2025-10-16 09:03:17
26,2030,0,2025-02-24 19:33:05,2025-06-19 16:16:39
19,2030,0,2025-02-24 19:33:05,2025-06-19 16:16:39
21,2030,0,2025-02-24 19:33:05,2025-06-19 16:16:39
24,2031,1,2024-02-01 08:34:54,2024-03-29 00:45:41
19,2031,1,2024-02-01 08:34:54,2024-03-29 00:45:41
20,2031,1,2024-02-01 08:34:54,2024-03-29 00:45:41
96,2032,1,2025-09-06 09:55:19,2025-09-14 16:01:31
1,2032,1,2025-09-06 09:55:19,2025-09-14 16:01:31
2,2032,1,2025-09-06 09:55:19,2025-09-14 16:01:31
99,2032,1,2025-09-06 09:55:19,2025-09-14 16:01:31
14,2032,1,2025-09-06 09:55:19,2025-09-14 16:01:31
1,2033,1,2025-03-17 18:22:14,2026-09-07 13:37:15
3,2033,1,2025-03-17 18:22:14,2026-09-07 13:37:15
7,2033,1,2025-03-17 18:22:14,2026-09-07 13:37:15
15,2033,1,2025-03-17 18:22:14,2026-09-07 13:37:15
96,2034,1,2023-03-28 00:59:38,2025-06-13 05:33:51
1,2034,1,2023-03-28 00:59:38,2025-06-13 05:33:51
4,2034,1,2023-03-28 00:59:38,2025-06-13 05:33:51
97,2034,1,2023-03-28 00:59:38,2025-06-13 05:33:51
28,2035,1,2024-08-23 01:42:57,2024-12-20 16:19:52
31,2035,1,2024-08-23 01:42:57,2024-12-20 16:19:52
0,2036,1,2024-01-30 14:48:35,2025-07-12 14:48:54
0,2037,1,2025-08-31 01:04:30,2026-07-26 03:42:39
0,2038,1,2024-03-27 02:55:38,2024-05-28 18:58:48
1,2039,1,2024-06-16 05:23:59,2025-09-22 20:03:32
4,2039,1,2024-06-16 05:23:59,2025-09-22 20:03:32
0,2040,1,2025-09-29 04:23:51,2026-02-21 13:09:02
97,2040,1,2025-09-29 04:23:51,2026-02-21 13:09:02
96,2040,1,2025-09-29 04:23:51,2026-02-21 13:09:02
0,2041,1,2025-07-29 21:27:49,2025-09-04 18:45:53
28,2042,0,2023-10-10 09:10:34,2023-11-03 21:14:48
29,2042,0,2023-10-10 09:10:34,2023-11-03 21:14:48
0,2043,0,2025-08-27 00:02:19,2026-08-28 01:37:22
26,2044,1,2026-07-13 19:09:48,2026-09-05 11:02:39
19,2044,1,2026-07-13 19:09:48,2026-09-05 11:02:39
21,2044,1,2026-07-13 19:09:48,2026-09-05 11:02:39
0,2045,1,2023-08-14 12:44:30,2025-11-23 00:51:08
0,2046,1,2024-04-02 08:18:26,2024-05-05 09:26:08
97,2046,1,2024-04-02 08:18:26,2024-05-05 09:26:08
96,2046,1,2024-04-02 08:18:26,2024-05-05 09:26:08
24,2047,1,2023-06-18 07:45:44,2024-03-31 15:22:09
19,2047,1,2023-06-18 07:45:44,2024-03-31 15:22:09
20,2047,1,2023-06-18 07:45:44,2024-03-31 15:22:09
0,2048,1,2024-09-25 12:35:53,2026-01-21 19:34:47
99,2048,1,2024-09-25 12:35:53,2026-01-21 19:34:47
96,2048,1,2024-09-25 12:35:53,2026-01-21 19:34:47
1,2049,1,2023-02-17 09:52:49,2025-11-10 14:59:14
2,2049,1,2023-02-17 09:52:49,2025-11-10 14:59:14
13,2049,1,2023-02-17 09:52:49,2025-11-10 14:59:14
0,2050,1,2025-11-07 00:52:28,2026-07-22 08:13:32
24,2051,1,2025-10-18 00:23:53,2026-05-23 22:43:32
19,2051,1,2025-10-18 00:23:53,2026-05-23 22:43:32
20,2051,1,2025-10-18 00:23:53,2026-05-23 22:43:32
96,2052,1,2025-10-27 20:09:47,2025-12-12 14:11:16
1,2052,1,2025-10-27 20:09:47,2025-12-12 14:11:16
2,2052,1,2025-10-27 20:09:47,2025-12-12 14:11:16
97,2052,1,2025-10-27 20:09:47,2025-12-12 14:11:16
13,2052,1,2025-10-27 20:09:47,2025-12-12 14:11:16
24,2053,1,2024-09-23 01:23:12,2025-12-25 17:19:50
19,2053,1,2024-09-23 01:23:12,2025-12-25 17:19:50
20,2053,1,2024-09-23 01:23:12,2025-12-25 17:19:50
0,2054,1,2025-06-08 23:45:18,2026-03-29 19:42:20
0,2055,1,2023-06-02 15:07:44,2026-04-11 13:32:16
96,2056,1,2024-01-27 08:39:04,2024-11-20 16:27:17
33,2056,1,2024-01-27 08:39:04,2024-11-20 16:27:17
99,2056,1,2024-01-27 08:39:04,2024-11-20 16:27:17
28,2056,1,2024-01-27 08:39:04,2024-11-20 16:27:17
0,2057,1,2026-08-13 01:28:51,2026-09-06 18:32:42
0,2058,1,2026-03-14 17:00:05,2026-04-27 03:40:50
97,2058,1,2026-03-14 17:00:05,2026-04-27 03:40:50
96,2058,1,2026-03-14 17:00:05,2026-04-27 03:40:50
1,2059,1,2023-03-27 16:10:29,2023-09-25 02:11:44
2,2059,1,2023-03-27 16:10:29,2023-09-25 02:11:44
13,2059,1,2023-03-27 16:10:29,2023-09-25 02:11:44
19,2060,0,2024-06-04 03:46:35,2024-07-13 17:56:18
27,2060,0,2024-06-04 03:46:35,2024-07-13 17:56:18
22,2060,0,2024-06-04 03:46:35,2024-07-13 17:56:18
0,2061,1,2024-03-31 05:07:15,2024-07-22 20:49:39
1,2062,1,2026-09-16 08:34:31,2026-09-16 19:10:43
3,2062,1,2026-09-16 08:34:31,2026-09-16 19:10:43
7,2062,1,2026-09-16 08:34:31,2026-09-16 19:10:43
15,2062,1,2026-09-16 08:34:31,2026-09-16 19:10:43
0,2063,1,2025-09-17 07:49:48,2026-01-03 23:45:25
0,2064,1,2023-04-01 09:10:55,2026-04-15 00:47:20
97,2064,1,2023-04-01 09:10:55,2026-04-15 00:47:20
96,2064,1,2023-04-01 09:10:55,2026-04-15 00:47:20
24,2065,1,2025-07-15 08:07:23,2025-10-29 21:35:16
19,2065,1,2025-07-15 08:07:23,2025-10-29 21:35:16
20,2065,1,2025-07-15 08:07:23,2025-10-29 21:35:16
0,2066,1,2024-08-20 06:11:56,2026-08-07 05:50:41
0,2067,1,2024-09-09 03:37:51,2026-09-06 14:38:40
28,2068,1,2024-12-06 01:22:02,2025-06-04 08:16:08
29,2068,1,2024-12-06 01:22:02,2025-06-04 08:16:08
24,2069,1,2024-06-19 12:52:49,2026-03-04 22:53:14
19,2069,1,2024-06-19 12:52:49,2026-03-04 22:53:14
20,2069,1,2024-06-19 12:52:49,2026-03-04 22:53:14
96,2070,1,2025-11-19 06:53:28,2025-12-28 18:23:56
1,2070,1,2025-11-19 06:53:28,2025-12-28 18:23:56
4,2070,1,2025-11-19 06:53:28,2025-12-28 18:23:56
97,2070,1,2025-11-19 06:53:28,2025-12-28 18:23:56
24,2071,1,2024-01-05 16:16:32,2026-03-13 01:16:43
19,2071,1,2024-01-05 16:16:32,2026-03-13 01:16:43
20,2071,1,2024-01-05 16:16:32,2026-03-13 01:16:43
96,2072,1,2024-11-26 03:36:44,2025-01-22 21:20:10
1,2072,1,2024-11-26 03:36:44,2025-01-22 21:20:10
99,2072,1,2024-11-26 03:36:44,2025-01-22 21:20:10
3,2072,1,2024-11-26 03:36:44,2025-01-22 21:20:10
7,2072,1,2024-11-26 03:36:44,2025-01-22 21:20:10
15,2072,1,2024-11-26 03:36:44,2025-01-22 21:20:10
35,2073,0,2024-05-16 19:09:28,2024-07-30 00:44:06
28,2073,0,2024-05-16 19:09:28,2024-07-30 00:44:06
33,2074,1,2024-03-03 19:20:59,2025-05-20 03:59:42
28,2074,1,2024-03-03 19:20:59,2025-05-20 03:59:42
0,2075,1,2025-04-09 19:44:30,2025-07-02 22:16:33
96,2076,1,2023-04-27 18:51:36,2023-05-19 13:19:18
97,2076,1,2023-04-27 18:51:36,2023-05-19 13:19:18
19,2076,1,2023-04-27 18:51:36,2023-05-19 13:19:18
20,2076,1,2023-04-27 18:51:36,2023-05-19 13:19:18
24,2076,1,2023-04-27 18:51:36,2023-05-19 13:19:18
0,2077,0,2026-07-09 04:49:44,2026-07-26 21:49:59
1,2078,1,2026-02-15 01:55:59,2026-08-24 21:14:07
4,2078,1,2026-02-15 01:55:59,2026-08-24 21:14:07
0,2079,0,2024-01-13 12:47:32,2024-07-10 03:45:39
96,2080,1,2025-06-08 05:33:51,2026-05-23 11:31:19
99,2080,1,2025-06-08 05:33:51,2026-05-23 11:31:19
28,2080,1,2025-06-08 05:33:51,2026-05-23 11:31:19
29,2080,1,2025-06-08 05:33:51,2026-05-23 11:31:19
1,2081,1,2024-12-05 14:27:14,2025-12-12 03:00:29
2,2081,1,2024-12-05 14:27:14,2025-12-12 03:00:29
13,2081,1,2024-12-05 14:27:14,2025-12-12 03:00:29
0,2082,1,2026-08-29 02:53:29,2026-08-29 11:53:54
97,2082,1,2026-08-29 02:53:29,2026-08-29 11:53:54
96,2082,1,2026-08-29 02:53:29,2026-08-29 11:53:54
0,2083,1,2023-10-08 07:37:31,2024-09-20 03:31:42
0,2084,1,2023-01-24 00:58:57,2026-05-15 12:19:35
1,2085,1,2025-03-23 04:47:35,2026-08-11 01:56:11
3,2085,1,2025-03-23 04:47:35,2026-08-11 01:56:11
7,2085,1,2025-03-23 04:47:35,2026-08-11 01:56:11
15,2085,1,2025-03-23 04:47:35,2026-08-11 01:56:11
0,2086,1,2026-03-18 19:03:40,2026-07-12 04:05:57
0,2087,0,2025-04-21 17:55:01,2025-12-02 01:36:55
96,2088,1,2026-05-25 05:57:14,2026-05-31 19:59:26
97,2088,1,2026-05-25 05:57:14,2026-05-31 19:59:26
35,2088,1,2026-05-25 05:57:14,2026-05-31 19:59:26
28,2088,1,2026-05-25 05:57:14,2026-05-31 19:59:26
0,2089,1,2025-02-27 03:47:51,2025-10-11 20:36:14
33,2090,1,2024-12-02 22:41:53,2026-04-03 05:24:40
28,2090,1,2024-12-02 22:41:53,2026-04-03 05:24:40
35,2091,1,2024-07-08 11:36:29,2025-04-12 14:47:19
28,2091,1,2024-07-08 11:36:29,2025-04-12 14:47:19
24,2092,0,2026-04-09 18:23:54,2026-08-15 06:58:00
19,2092,0,2026-04-09 18:23:54,2026-08-15 06:58:00
20,2092,0,2026-04-09 18:23:54,2026-08-15 06:58:00
0,2093,0,2023-04-09 14:44:47,2026-05-01 04:14:51
0,2094,0,2025-06-11 14:22:27,2026-05-16 14:39:48
97,2094,0,2025-06-11 14:22:27,2026-05-16 14:39:48
96,2094,0,2025-06-11 14:22:27,2026-05-16 14:39:48
28,2095,1,2025-02-06 06:11:36,2026-09-11 14:48:58
29,2095,1,2025-02-06 06:11:36,2026-09-11 14:48:58
0,2096,1,2024-07-26 17:25:15,2024-10-15 07:20:59
99,2096,1,2024-07-26 17:25:15,2024-10-15 07:20:59
96,2096,1,2024-07-26 17:25:15,2024-10-15 07:20:59
24,2097,1,2026-02-04 10:11:50,2026-06-13 07:30:51
19,2097,1,2026-02-04 10:11:50,2026-06-13 07:30:51
20,2097,1,2026-02-04 10:11:50,2026-06-13 07:30:51
0,2098,0,2023-10-01 06:17:45,2025-03-16 12:31:24
0,2099,1,2023-08-07 00:46:56,2025-02-05 10:19:08
0,2100,0,2026-02-22 13:21:29,2026-06-07 02:58:22
97,2100,0,2026-02-22 13:21:29,2026-06-07 02:58:22
96,2100,0,2026-02-22 13:21:29,2026-06-07 02:58:22
19,2101,0,2023-06-10 03:56:38,2024-11-19 14:59:59
27,2101,0,2023-06-10 03:56:38,2024-11-19 14:59:59
22,2101,0,2023-06-10 03:56:38,2024-11-19 14:59:59
19,2102,1,2026-01-27 05:48:03,2026-08-02 22:30:35
27,2102,1,2026-01-27 05:48:03,2026-08-02 22:30:35
22,2102,1,2026-01-27 05:48:03,2026-08-02 22:30:35
24,2103,1,2025-07-04 04:08:36,2025-12-23 08:02:18
19,2103,1,2025-07-04 04:08:36,2025-12-23 08:02:18
20,2103,1,2025-07-04 04:08:36,2025-12-23 08:02:18
0,2104,0,2023-06-14 23:49:08,2025-10-31 19:39:12
99,2104,0,2023-06-14 23:49:08,2025-10-31 19:39:12
96,2104,0,2023-06-14 23:49:08,2025-10-31 19:39:12
19,2105,1,2026-08-13 14:51:17,2026-09-09 17:46:11
27,2105,1,2026-08-13 14:51:17,2026-09-09 17:46:11
22,2105,1,2026-08-13 14:51:17,2026-09-09 17:46:11
96,2106,1,2023-12-15 07:01:55,2023-12-27 02:28:02
1,2106,1,2023-12-15 07:01:55,2023-12-27 02:28:02
97,2106,1,2023-12-15 07:01:55,2023-12-27 02:28:02
3,2106,1,2023-12-15 07:01:55,2023-12-27 02:28:02
7,2106,1,2023-12-15 07:01:55,2023-12-27 02:28:02
15,2106,1,2023-12-15 07:01:55,2023-12-27 02:28:02
28,2107,1,2025-07-19 12:22:39,2026-07-30 15:26:05
31,2107,1,2025-07-19 12:22:39,2026-07-30 15:26:05
0,2108,1,2023-05-14 14:41:29,2024-11-30 09:56:04
28,2109,1,2026-07-09 15:08:23,2026-08-10 10:53:24
31,2109,1,2026-07-09 15:08:23,2026-08-10 10:53:24
28,2110,1,2026-06-24 00:03:22,2026-08-03 17:31:26
31,2110,1,2026-06-24 00:03:22,2026-08-03 17:31:26
0,2111,1,2023-03-13 03:15:21,2023-04-07 01:53:42
0,2112,1,2023-02-24 16:03:35,2026-06-14 15:52:41
97,2112,1,2023-02-24 16:03:35,2026-06-14 15:52:41
96,2112,1,2023-02-24 16:03:35,2026-06-14 15:52:41
0,2113,1,2025-05-22 05:42:01,2025-07-07 22:50:04
0,2114,1,2024-01-01 01:48:19,2026-03-09 22:39:00
28,2115,1,2025-05-15 21:37:25,2026-04-13 10:57:03
29,2115,1,2025-05-15 21:37:25,2026-04-13 10:57:03
26,2116,0,2024-11-17 22:27:59,2025-06-23 01:26:02
19,2116,0,2024-11-17 22:27:59,2025-06-23 01:26:02
21,2116,0,2024-11-17 22:27:59,2025-06-23 01:26:02
1,2117,1,2026-02-24 19:05:44,2026-06-13 09:17:04
2,2117,1,2026-02-24 19:05:44,2026-06-13 09:17:04
14,2117,1,2026-02-24 19:05:44,2026-06-13 09:17:04
96,2118,1,2026-05-08 12:08:47,2026-09-04 15:57:09
97,2118,1,2026-05-08 12:08:47,2026-09-04 15:57:09
35,2118,1,2026-05-08 12:08:47,2026-09-04 15:57:09
28,2118,1,2026-05-08 12:08:47,2026-09-04 15:57:09
1,2119,1,2023-05-09 21:38:21,2026-04-20 17:16:17
2,2119,1,2023-05-09 21:38:21,2026-04-20 17:16:17
14,2119,1,2023-05-09 21:38:21,2026-04-20 17:16:17
96,2120,1,2026-05-30 06:36:55,2026-07-28 20:35:57
99,2120,1,2026-05-30 06:36:55,2026-07-28 20:35:57
19,2120,1,2026-05-30 06:36:55,2026-07-28 20:35:57
21,2120,1,2026-05-30 06:36:55,2026-07-28 20:35:57
26,2120,1,2026-05-30 06:36:55,2026-07-28 20:35:57
0,2121,1,2025-09-25 07:44:49,2026-09-01 01:26:39
1,2122,1,2024-06-12 01:30:01,2026-06-28 12:55:37
4,2122,1,2024-06-12 01:30:01,2026-06-28 12:55:37
0,2123,1,2024-03-17 00:54:45,2025-07-01 03:21:19
96,2124,1,2023-08-12 19:24:27,2025-09-26 21:15:58
1,2124,1,2023-08-12 19:24:27,2025-09-26 21:15:58
2,2124,1,2023-08-12 19:24:27,2025-09-26 21:15:58
97,2124,1,2023-08-12 19:24:27,2025-09-26 21:15:58
14,2124,1,2023-08-12 19:24:27,2025-09-26 21:15:58
0,2125,1,2023-08-21 13:23:42,2023-08-31 10:42:49
33,2126,1,2023-04-19 02:37:23,2025-07-13 22:53:57
28,2126,1,2023-04-19 02:37:23,2025-07-13 22:53:57
28,2127,1,2023-07-16 04:38:04,2024-05-22 03:55:35
31,2127,1,2023-07-16 04:38:04,2024-05-22 03:55:35
0,2128,1,2026-02-20 21:41:12,2026-02-24 01:19:21
99,2128,1,2026-02-20 21:41:12,2026-02-24 01:19:21
96,2128,1,2026-02-20 21:41:12,2026-02-24 01:19:21
24,2129,0,2024-12-20 12:49:44,2025-09-14 12:13:38
19,2129,0,2024-12-20 12:49:44,2025-09-14 12:13:38
20,2129,0,2024-12-20 12:49:44,2025-09-14 12:13:38
96,2130,1,2025-10-30 06:51:42,2026-04-25 09:20:44
1,2130,1,2025-10-30 06:51:42,2026-04-25 09:20:44
2,2130,1,2025-10-30 06:51:42,2026-04-25 09:20:44
97,2130,1,2025-10-30 06:51:42,2026-04-25 09:20:44
13,2130,1,2025-10-30 06:51:42,2026-04-25 09:20:44
0,2131,1,2025-05-23 02:25:06,2025-12-15 10:07:34
0,2132,1,2025-03-04 16:46:57,2026-08-06 22:27:55
0,2133,1,2026-01-20 19:45:29,2026-07-10 12:32:07
1,2134,1,2024-11-19 00:26:44,2026-07-23 11:08:03
4,2134,1,2024-11-19 00:26:44,2026-07-23 11:08:03
24,2135,1,2024-05-21 03:32:50,2025-02-27 13:08:31
19,2135,1,2024-05-21 03:32:50,2025-02-27 13:08:31
20,2135,1,2024-05-21 03:32:50,2025-02-27 13:08:31
0,2136,1,2023-06-06 14:28:15,2026-07-18 23:25:34
97,2136,1,2023-06-06 14:28:15,2026-07-18 23:25:34
96,2136,1,2023-06-06 14:28:15,2026-07-18 23:25:34
26,2137,0,2025-05-05 10:03:10,2025-08-25 04:02:20
19,2137,0,2025-05-05 10:03:10,2025-08-25 04:02:20
21,2137,0,2025-05-05 10:03:10,2025-08-25 04:02:20
24,2138,0,2026-08-22 06:46:12,2026-09-01 03:29:57
19,2138,0,2026-08-22 06:46:12,2026-09-01 03:29:57
20,2138,0,2026-08-22 06:46:12,2026-09-01 03:29:57
1,2139,1,2026-02-19 01:38:11,2026-08-29 13:40:41
3,2139,1,2026-02-19 01:38:11,2026-08-29 13:40:41
7,2139,1,2026-02-19 01:38:11,2026-08-29 13:40:41
15,2139,1,2026-02-19 01:38:11,2026-08-29 13:40:41
0,2140,1,2024-02-10 12:11:57,2025-03-10 22:08:14
32,2141,0,2026-07-05 09:20:48,2026-08-30 22:07:27
28,2141,0,2026-07-05 09:20:48,2026-08-30 22:07:27
0,2142,1,2024-05-29 08:39:55,2025-06-16 06:27:15
97,2142,1,2024-05-29 08:39:55,2025-06-16 06:27:15
96,2142,1,2024-05-29 08:39:55,2025-06-16 06:27:15
0,2143,1,2023-08-03 19:16:45,2026-01-20 03:32:01
96,2144,1,2023-07-29 06:35:14,2025-02-14 04:56:48
99,2144,1,2023-07-29 06:35:14,2025-02-14 04:56:48
19,2144,1,2023-07-29 06:35:14,2025-02-14 04:56:48
20,2144,1,2023-07-29 06:35:14,2025-02-14 04:56:48
24,2144,1,2023-07-29 06:35:14,2025-02-14 04:56:48
19,2145,1,2024-02-17 03:31:55,2026-06-27 01:58:44
27,2145,1,2024-02-17 03:31:55,2026-06-27 01:58:44
22,2145,1,2024-02-17 03:31:55,2026-06-27 01:58:44
0,2146,1,2025-11-02 16:31:59,2026-05-21 10:28:42
0,2147,1,2023-11-10 18:55:36,2023-12-07 17:17:51
0,2148,0,2024-05-13 05:50:07,2024-10-30 07:34:36
97,2148,0,2024-05-13 05:50:07,2024-10-30 07:34:36
96,2148,0,2024-05-13 05:50:07,2024-10-30 07:34:36
0,2149,0,2026-09-09 18:11:32,2026-09-10 21:26:46
1,2150,0,2026-03-09 23:07:08,2026-05-16 14:04:12
2,2150,0,2026-03-09 23:07:08,2026-05-16 14:04:12
13,2150,0,2026-03-09 23:07:08,2026-05-16 14:04:12
1,2151,0,2023-10-27 14:01:00,2024-01-23 15:31:20
2,2151,0,2023-10-27 14:01:00,2024-01-23 15:31:20
13,2151,0,2023-10-27 14:01:00,2024-01-23 15:31:20
0,2152,1,2025-12-02 20:46:22,2026-07-21 08:27:12
99,2152,1,2025-12-02 20:46:22,2026-07-21 08:27:12
96,2152,1,2025-12-02 20:46:22,2026-07-21 08:27:12
0,2153,1,2026-02-10 17:49:11,2026-04-10 16:34:50
96,2154,1,2023-03-25 02:45:13,2023-09-20 00:27:00
1,2154,1,2023-03-25 02:45:13,2023-09-20 00:27:00
4,2154,1,2023-03-25 02:45:13,2023-09-20 00:27:00
97,2154,1,2023-03-25 02:45:13,2023-09-20 00:27:00
0,2155,1,2023-10-08 17:14:40,2023-12-12 17:34:02
1,2156,0,2026-03-26 13:03:49,2026-06-19 12:35:58
4,2156,0,2026-03-26 13:03:49,2026-06-19 12:35:58
0,2157,1,2024-11-01 05:34:04,2025-08-23 14:34:04
1,2158,1,2026-04-21 11:33:51,2026-07-31 15:33:58
3,2158,1,2026-04-21 11:33:51,2026-07-31 15:33:58
7,2158,1,2026-04-21 11:33:51,2026-07-31 15:33:58
15,2158,1,2026-04-21 11:33:51,2026-07-31 15:33:58
1,2159,0,2025-11-27 01:38:27,2026-04-29 09:17:29
4,2159,0,2025-11-27 01:38:27,2026-04-29 09:17:29
96,2160,1,2023-08-22 05:10:49,2026-03-05 13:43:22
97,2160,1,2023-08-22 05:10:49,2026-03-05 13:43:22
28,2160,1,2023-08-22 05:10:49,2026-03-05 13:43:22
29,2160,1,2023-08-22 05:10:49,2026-03-05 13:43:22
1,2161,1,2026-01-25 22:14:10,2026-06-22 16:42:44
2,2161,1,2026-01-25 22:14:10,2026-06-22 16:42:44
14,2161,1,2026-01-25 22:14:10,2026-06-22 16:42:44
24,2162,0,2024-06-20 07:26:04,2025-01-05 11:12:03
19,2162,0,2024-06-20 07:26:04,2025-01-05 11:12:03
20,2162,0,2024-06-20 07:26:04,2025-01-05 11:12:03
32,2163,1,2023-08-09 09:37:59,2024-10-10 07:35:54
28,2163,1,2023-08-09 09:37:59,2024-10-10 07:35:54
28,2164,1,2026-03-30 14:44:58,2026-04-24 22:08:53
31,2164,1,2026-03-30 14:44:58,2026-04-24 22:08:53
28,2165,1,2023-02-09 20:08:07,2023-09-16 15:14:53
31,2165,1,2023-02-09 20:08:07,2023-09-16 15:14:53
96,2166,1,2023-12-25 13:06:03,2026-05-09 15:15:58
97,2166,1,2023-12-25 13:06:03,2026-05-09 15:15:58
19,2166,1,2023-12-25 13:06:03,2026-05-09 15:15:58
20,2166,1,2023-12-25 13:06:03,2026-05-09 15:15:58
24,2166,1,2023-12-25 13:06:03,2026-05-09 15:15:58
0,2167,1,2024-10-31 21:07:02,2025-09-27 22:02:24
32,2168,0,2025-10-06 21:16:15,2025-11-17 10:57:10
99,2168,0,2025-10-06 21:16:15,2025-11-17 10:57:10
28,2168,0,2025-10-06 21:16:15,2025-11-17 10:57:10
96,2168,0,2025-10-06 21:16:15,2025-11-17 10:57:10
1,2169,1,2023-12-11 14:40:45,2025-02-27 01:14:33
3,2169,1,2023-12-11 14:40:45,2025-02-27 01:14:33
7,2169,1,2023-12-11 14:40:45,2025-02-27 01:14:33
15,2169,1,2023-12-11 14:40:45,2025-02-27 01:14:33
0,2170,1,2025-02-10 02:38:59,2026-04-24 12:21:19
0,2171,1,2025-07-05 17:22:34,2026-04-02 01:09:54
0,2172,1,2026-07-31 08:19:46,2026-08-05 12:19:24
97,2172,1,2026-07-31 08:19:46,2026-08-05 12:19:24
96,2172,1,2026-07-31 08:19:46,2026-08-05 12:19:24
33,2173,0,2023-04-03 06:32:08,2026-07-11 02:46:56
28,2173,0,2023-04-03 06:32:08,2026-07-11 02:46:56
1,2174,1,2025-05-10 08:46:36,2025-11-04 21:30:31
4,2174,1,2025-05-10 08:46:36,2025-11-04 21:30:31
1,2175,0,2023-03-08 05:07:01,2025-06-30 20:47:59
4,2175,0,2023-03-08 05:07:01,2025-06-30 20:47:59
96,2176,0,2023-02-17 08:27:11,2026-03-11 12:16:00
1,2176,0,2023-02-17 08:27:11,2026-03-11 12:16:00
2,2176,0,2023-02-17 08:27:11,2026-03-11 12:16:00
99,2176,0,2023-02-17 08:27:11,2026-03-11 12:16:00
13,2176,0,2023-02-17 08:27:11,2026-03-11 12:16:00
1,2177,1,2024-12-04 15:41:22,2025-02-21 14:53:21
4,2177,1,2024-12-04 15:41:22,2025-02-21 14:53:21
0,2178,1,2026-06-16 22:43:50,2026-09-09 10:30:41
97,2178,1,2026-06-16 22:43:50,2026-09-09 10:30:41
96,2178,1,2026-06-16 22:43:50,2026-09-09 10:30:41
1,2179,1,2023-09-29 19:45:02,2024-03-25 05:39:12
2,2179,1,2023-09-29 19:45:02,2024-03-25 05:39:12
14,2179,1,2023-09-29 19:45:02,2024-03-25 05:39:12
28,2180,0,2025-11-16 16:45:25,2026-04-03 16:42:19
31,2180,0,2025-11-16 16:45:25,2026-04-03 16:42:19
0,2181,1,2025-05-21 21:12:35,2025-05-26 03:06:57
1,2182,1,2024-01-30 22:03:02,2025-12-10 12:17:45
3,2182,1,2024-01-30 22:03:02,2025-12-10 12:17:45
7,2182,1,2024-01-30 22:03:02,2025-12-10 12:17:45
15,2182,1,2024-01-30 22:03:02,2025-12-10 12:17:45
19,2183,1,2026-07-14 10:28:52,2026-07-27 20:33:42
27,2183,1,2026-07-14 10:28:52,2026-07-27 20:33:42
22,2183,1,2026-07-14 10:28:52,2026-07-27 20:33:42
0,2184,1,2024-04-27 12:03:18,2025-09-22 15:42:54
97,2184,1,2024-04-27 12:03:18,2025-09-22 15:42:54
96,2184,1,2024-04-27 12:03:18,2025-09-22 15:42:54
32,2185,1,2025-11-01 10:16:58,2026-05-01 22:22:51
28,2185,1,2025-11-01 10:16:58,2026-05-01 22:22:51
1,2186,0,2024-01-02 12:55:37,2026-04-26 10:10:04
4,2186,0,2024-01-02 12:55:37,2026-04-26 10:10:04
35,2187,1,2025-11-03 06:01:16,2026-08-05 02:31:57
28,2187,1,2025-11-03 06:01:16,2026-08-05 02:31:57
24,2188,1,2026-06-08 22:09:27,2026-08-05 17:12:30
19,2188,1,2026-06-08 22:09:27,2026-08-05 17:12:30
20,2188,1,2026-06-08 22:09:27,2026-08-05 17:12:30
0,2189,1,2023-11-05 14:43:21,2025-10-25 05:51:02
32,2190,1,2023-06-08 12:54:06,2025-03-07 19:53:13
97,2190,1,2023-06-08 12:54:06,2025-03-07 19:53:13
28,2190,1,2023-06-08 12:54:06,2025-03-07 19:53:13
96,2190,1,2023-06-08 12:54:06,2025-03-07 19:53:13
19,2191,1,2025-01-15 11:39:57,2026-04-04 00:12:39
27,2191,1,2025-01-15 11:39:57,2026-04-04 00:12:39
22,2191,1,2025-01-15 11:39:57,2026-04-04 00:12:39
0,2192,1,2023-11-24 16:14:32,2026-02-02 07:18:13
99,2192,1,2023-11-24 16:14:32,2026-02-02 07:18:13
96,2192,1,2023-11-24 16:14:32,2026-02-02 07:18:13
32,2193,1,2023-04-15 01:46:36,2026-04-24 07:55:49
28,2193,1,2023-04-15 01:46:36,2026-04-24 07:55:49
0,2194,1,2025-03-11 21:53:21,2026-03-04 18:44:19
35,2195,1,2025-10-23 10:46:02,2026-07-08 20:21:11
28,2195,1,2025-10-23 10:46:02,2026-07-08 20:21:11
96,2196,0,2025-06-06 21:23:35,2026-07-10 07:34:18
1,2196,0,2025-06-06 21:23:35,2026-07-10 07:34:18
2,2196,0,2025-06-06 21:23:35,2026-07-10 07:34:18
97,2196,0,2025-06-06 21:23:35,2026-07-10 07:34:18
13,2196,0,2025-06-06 21:23:35,2026-07-10 07:34:18
0,2197,1,2023-02-04 19:37:23,2026-03-16 07:39:54
35,2198,1,2025-04-29 03:24:07,2026-03-05 01:19:54
28,2198,1,2025-04-29 03:24:07,2026-03-05 01:19:54
0,2199,1,2025-03-21 19:34:05,2026-04-24 09:17:25
0,2200,0,2023-09-26 02:03:49,2023-12-30 22:56:46
99,2200,0,2023-09-26 02:03:49,2023-12-30 22:56:46
96,2200,0,2023-09-26 02:03:49,2023-12-30 22:56:46
1,2201,1,2026-07-11 12:18:00,2026-07-28 23:20:03
2,2201,1,2026-07-11 12:18:00,2026-07-28 23:20:03
13,2201,1,2026-07-11 12:18:00,2026-07-28 23:20:03
96,2202,1,2023-09-03 04:21:55,2025-11-04 20:02:01
97,2202,1,2023-09-03 04:21:55,2025-11-04 20:02:01
28,2202,1,2023-09-03 04:21:55,2025-11-04 20:02:01
31,2202,1,2023-09-03 04:21:55,2025-11-04 20:02:01
0,2203,0,2025-02-23 00:05:03,2025-06-19 20:26:00
0,2204,1,2023-03-09 00:10:40,2025-09-08 17:47:12
0,2205,1,2024-07-04 20:49:14,2026-04-29 10:06:50
0,2206,0,2025-05-17 02:44:34,2025-11-07 04:50:30
1,2207,0,2026-05-24 10:31:57,2026-08-09 18:05:02
3,2207,0,2026-05-24 10:31:57,2026-08-09 18:05:02
7,2207,0,2026-05-24 10:31:57,2026-08-09 18:05:02
15,2207,0,2026-05-24 10:31:57,2026-08-09 18:05:02
0,2208,0,2024-08-07 14:01:31,2025-06-01 15:17:00
97,2208,0,2024-08-07 14:01:31,2025-06-01 15:17:00
96,2208,0,2024-08-07 14:01:31,2025-06-01 15:17:00
35,2209,0,2024-04-30 06:52:49,2024-12-21 22:16:15
28,2209,0,2024-04-30 06:52:49,2024-12-21 22:16:15
24,2210,1,2024-07-06 08:39:40,2025-07-19 02:15:00
19,2210,1,2024-07-06 08:39:40,2025-07-19 02:15:00
20,2210,1,2024-07-06 08:39:40,2025-07-19 02:15:00
26,2211,0,2026-05-11 04:52:58,2026-06-23 07:29:23
19,2211,0,2026-05-11 04:52:58,2026-06-23 07:29:23
21,2211,0,2026-05-11 04:52:58,2026-06-23 07:29:23
0,2212,1,2023-08-02 12:51:26,2024-09-07 03:36:47
19,2213,1,2023-02-04 06:15:49,2025-09-29 10:17:59
27,2213,1,2023-02-04 06:15:49,2025-09-29 10:17:59
22,2213,1,2023-02-04 06:15:49,2025-09-29 10:17:59
96,2214,0,2026-03-21 11:23:44,2026-08-09 05:04:21
97,2214,0,2026-03-21 11:23:44,2026-08-09 05:04:21
19,2214,0,2026-03-21 11:23:44,2026-08-09 05:04:21
20,2214,0,2026-03-21 11:23:44,2026-08-09 05:04:21
24,2214,0,2026-03-21 11:23:44,2026-08-09 05:04:21
0,2215,1,2026-01-15 07:14:37,2026-06-22 12:17:44
96,2216,1,2024-01-22 05:25:32,2024-03-30 06:04:01
1,2216,1,2024-01-22 05:25:32,2024-03-30 06:04:01
99,2216,1,2024-01-22 05:25:32,2024-03-30 06:04:01
4,2216,1,2024-01-22 05:25:32,2024-03-30 06:04:01
0,2217,1,2023-09-15 05:01:20,2025-03-27 22:34:59
0,2218,1,2024-10-28 07:12:42,2025-07-02 04:59:34
0,2219,0,2024-10-08 20:10:36,2025-08-17 03:12:24
96,2220,1,2025-07-12 14:19:33,2026-09-03 15:50:57
97,2220,1,2025-07-12 14:19:33,2026-09-03 15:50:57
19,2220,1,2025-07-12 14:19:33,2026-09-03 15:50:57
20,2220,1,2025-07-12 14:19:33,2026-09-03 15:50:57
24,2220,1,2025-07-12 14:19:33,2026-09-03 15:50:57
32,2221,1,2026-09-07 17:57:30,2026-09-12 14:40:19
28,2221,1,2026-09-07 17:57:30,2026-09-12 14:40:19
0,2222,1,2024-10-04 15:50:03,2025-11-10 04:52:59
1,2223,1,2025-08-31 08:58:19,2026-01-24 14:30:08
4,2223,1,2025-08-31 08:58:19,2026-01-24 14:30:08
0,2224,1,2025-12-17 22:37:48,2026-08-15 03:53:17
99,2224,1,2025-12-17 22:37:48,2026-08-15 03:53:17
96,2224,1,2025-12-17 22:37:48,2026-08-15 03:53:17
35,2225,1,2024-05-23 11:37:15,2025-11-03 02:21:53
28,2225,1,2024-05-23 11:37:15,2025-11-03 02:21:53
32,2226,1,2026-01-27 04:20:15,2026-09-16 20:25:48
97,2226,1,2026-01-27 04:20:15,2026-09-16 20:25:48
28,2226,1,2026-01-27 04:20:15,2026-09-16 20:25:48
96,2226,1,2026-01-27 04:20:15,2026-09-16 20:25:48
0,2227,1,2024-06-29 15:57:39,2024-12-22 19:23:28
24,2228,0,2026-03-15 06:55:33,2026-08-12 01:24:32
19,2228,0,2026-03-15 06:55:33,2026-08-12 01:24:32
20,2228,0,2026-03-15 06:55:33,2026-08-12 01:24:32
35,2229,1,2023-06-05 08:34:48,2025-08-12 20:47:08
28,2229,1,2023-06-05 08:34:48,2025-08-12 20:47:08
32,2230,1,2023-02-08 11:36:42,2025-08-19 09:54:48
28,2230,1,2023-02-08 11:36:42,2025-08-19 09:54:48
32,2231,1,2024-08-05 14:40:43,2026-01-17 15:41:36
28,2231,1,2024-08-05 14:40:43,2026-01-17 15:41:36
0,2232,1,2024-05-22 18:45:50,2026-03-30 18:42:51
97,2232,1,2024-05-22 18:45:50,2026-03-30 18:42:51
96,2232,1,2024-05-22 18:45:50,2026-03-30 18:42:51
0,2233,1,2025-01-31 05:36:59,2026-09-10 15:26:31
0,2234,1,2023-12-09 21:30:38,2024-10-03 14:30:31
28,2235,1,2024-02-05 22:14:17,2025-10-26 04:43:33
29,2235,1,2024-02-05 22:14:17,2025-10-26 04:43:33
19,2236,1,2023-03-26 04:26:21,2023-09-10 13:50:07
27,2236,1,2023-03-26 04:26:21,2023-09-10 13:50:07
22,2236,1,2023-03-26 04:26:21,2023-09-10 13:50:07
19,2237,1,2025-12-15 07:44:37,2026-09-03 13:41:36
27,2237,1,2025-12-15 07:44:37,2026-09-03 13:41:36
22,2237,1,2025-12-15 07:44:37,2026-09-03 13:41:36
96,2238,1,2024-10-27 03:46:52,2026-09-11 17:24:51
97,2238,1,2024-10-27 03:46:52,2026-09-11 17:24:51
19,2238,1,2024-10-27 03:46:52,2026-09-11 17:24:51
21,2238,1,2024-10-27 03:46:52,2026-09-11 17:24:51
26,2238,1,2024-10-27 03:46:52,2026-09-11 17:24:51
0,2239,0,2023-04-15 14:19:44,2024-12-11 15:56:00
96,2240,1,2024-08-01 16:09:07,2026-07-10 01:10:59
1,2240,1,2024-08-01 16:09:07,2026-07-10 01:10:59
2,2240,1,2024-08-01 16:09:07,2026-07-10 01:10:59
99,2240,1,2024-08-01 16:09:07,2026-07-10 01:10:59
13,2240,1,2024-08-01 16:09:07,2026-07-10 01:10:59
28,2241,0,2023-01-24 07:45:46,2023-07-11 15:15:48
29,2241,0,2023-01-24 07:45:46,2023-07-11 15:15:48
0,2242,1,2023-11-01 07:04:39,2024-03-03 05:20:15
0,2243,1,2026-05-30 17:31:16,2026-07-22 18:42:43
0,2244,1,2023-04-29 06:41:36,2023-12-14 01:29:37
97,2244,1,2023-04-29 06:41:36,2023-12-14 01:29:37
96,2244,1,2023-04-29 06:41:36,2023-12-14 01:29:37
1,2245,1,2024-06-15 12:17:19,2025-06-04 15:50:52
4,2245,1,2024-06-15 12:17:19,2025-06-04 15:50:52
26,2246,1,2024-12-17 10:56:29,2026-02-20 20:15:22
19,2246,1,2024-12-17 10:56:29,2026-02-20 20:15:22
21,2246,1,2024-12-17 10:56:29,2026-02-20 20:15:22
0,2247,1,2023-07-18 17:04:49,2024-01-26 09:59:08
99,2248,1,2023-03-15 05:50:42,2023-05-03 01:50:47
35,2248,1,2023-03-15 05:50:42,2023-05-03 01:50:47
28,2248,1,2023-03-15 05:50:42,2023-05-03 01:50:47
96,2248,1,2023-03-15 05:50:42,2023-05-03 01:50:47
26,2249,1,2026-02-23 04:31:55,2026-04-20 18:00:49
19,2249,1,2026-02-23 04:31:55,2026-04-20 18:00:49
21,2249,1,2026-02-23 04:31:55,2026-04-20 18:00:49
96,2250,1,2024-03-19 10:56:32,2026-07-02 01:42:15
97,2250,1,2024-03-19 10:56:32,2026-07-02 01:42:15
28,2250,1,2024-03-19 10:56:32,2026-07-02 01:42:15
31,2250,1,2024-03-19 10:56:32,2026-07-02 01:42:15
0,2251,1,2026-04-02 01:50:53,2026-05-12 03:10:56
0,2252,1,2026-09-09 18:50:20,2026-09-16 12:31:12
35,2253,1,2025-10-14 14:12:46,2026-05-13 10:25:33
28,2253,1,2025-10-14 14:12:46,2026-05-13 10:25:33
0,2254,1,2024-02-01 00:28:34,2025-06-26 00:40:11
28,2255,0,2026-07-12 23:04:49,2026-07-27 00:33:00
31,2255,0,2026-07-12 23:04:49,2026-07-27 00:33:00
0,2256,1,2026-08-25 14:32:10,2026-09-16 22:57:35
97,2256,1,2026-08-25 14:32:10,2026-09-16 22:57:35
96,2256,1,2026-08-25 14:32:10,2026-09-16 22:57:35
1,2257,1,2025-03-09 18:20:23,2025-04-30 18:34:50
4,2257,1,2025-03-09 18:20:23,2025-04-30 18:34:50
26,2258,1,2024-02-11 11:07:19,2025-03-24 06:59:53
19,2258,1,2024-02-11 11:07:19,2025-03-24 06:59:53
21,2258,1,2024-02-11 11:07:19,2025-03-24 06:59:53
26,2259,0,2025-08-20 10:09:56,2026-02-05 07:35:28
19,2259,0,2025-08-20 10:09:56,2026-02-05 07:35:28
21,2259,0,2025-08-20 10:09:56,2026-02-05 07:35:28
0,2260,1,2024-01-10 06:16:53,2026-07-23 17:41:26
1,2261,1,2026-06-02 19:45:18,2026-08-24 11:07:28
4,2261,1,2026-06-02 19:45:18,2026-08-24 11:07:28
32,2262,0,2023-04-05 15:17:40,2024-07-24 02:35:57
97,2262,0,2023-04-05 15:17:40,2024-07-24 02:35:57
28,2262,0,2023-04-05 15:17:40,2024-07-24 02:35:57
96,2262,0,2023-04-05 15:17:40,2024-07-24 02:35:57
1,2263,1,2026-07-28 11:59:16,2026-09-10 03:11:55
3,2263,1,2026-07-28 11:59:16,2026-09-10 03:11:55
7,2263,1,2026-07-28 11:59:16,2026-09-10 03:11:55
15,2263,1,2026-07-28 11:59:16,2026-09-10 03:11:55
96,2264,0,2025-04-19 13:19:31,2026-02-09 17:59:25
33,2264,0,2025-04-19 13:19:31,2026-02-09 17:59:25
99,2264,0,2025-04-19 13:19:31,2026-02-09 17:59:25
28,2264,0,2025-04-19 13:19:31,2026-02-09 17:59:25
0,2265,1,2025-07-09 06:00:28,2026-06-23 09:51:46
0,2266,0,2025-02-15 16:12:07,2025-03-11 01:00:00
24,2267,0,2023-03-18 16:52:28,2026-03-28 06:37:34
19,2267,0,2023-03-18 16:52:28,2026-03-28 06:37:34
20,2267,0,2023-03-18 16:52:28,2026-03-28 06:37:34
32,2268,1,2023-01-24 03:37:04,2023-11-07 17:10:41
97,2268,1,2023-01-24 03:37:04,2023-11-07 17:10:41
28,2268,1,2023-01-24 03:37:04,2023-11-07 17:10:41
96,2268,1,2023-01-24 03:37:04,2023-11-07 17:10:41
0,2269,1,2024-11-05 03:35:37,2025-08-26 20:10:02
1,2270,1,2025-04-30 21:15:56,2025-07-04 19:53:42
4,2270,1,2025-04-30 21:15:56,2025-07-04 19:53:42
1,2271,1,2025-05-09 02:32:48,2025-12-19 20:39:49
2,2271,1,2025-05-09 02:32:48,2025-12-19 20:39:49
14,2271,1,2025-05-09 02:32:48,2025-12-19 20:39:49
96,2272,1,2026-05-06 06:29:48,2026-08-07 23:31:08
1,2272,1,2026-05-06 06:29:48,2026-08-07 23:31:08
99,2272,1,2026-05-06 06:29:48,2026-08-07 23:31:08
3,2272,1,2026-05-06 06:29:48,2026-08-07 23:31:08
7,2272,1,2026-05-06 06:29:48,2026-08-07 23:31:08
15,2272,1,2026-05-06 06:29:48,2026-08-07 23:31:08
0,2273,1,2026-09-07 20:02:21,2026-09-14 23:30:39
96,2274,1,2024-12-10 23:50:15,2026-07-17 18:37:04
1,2274,1,2024-12-10 23:50:15,2026-07-17 18:37:04
97,2274,1,2024-12-10 23:50:15,2026-07-17 18:37:04
3,2274,1,2024-12-10 23:50:15,2026-07-17 18:37:04
7,2274,1,2024-12-10 23:50:15,2026-07-17 18:37:04
15,2274,1,2024-12-10 23:50:15,2026-07-17 18:37:04
24,2275,1,2026-02-26 23:00:58,2026-07-24 05:19:03
19,2275,1,2026-02-26 23:00:58,2026-07-24 05:19:03
20,2275,1,2026-02-26 23:00:58,2026-07-24 05:19:03
0,2276,1,2024-11-03 09:50:55,2026-04-06 14:30:35
19,2277,1,2024-07-30 06:42:23,2025-11-06 21:37:12
27,2277,1,2024-07-30 06:42:23,2025-11-06 21:37:12
22,2277,1,2024-07-30 06:42:23,2025-11-06 21:37:12
24,2278,1,2025-04-21 10:19:08,2025-12-29 00:49:50
19,2278,1,2025-04-21 10:19:08,2025-12-29 00:49:50
20,2278,1,2025-04-21 10:19:08,2025-12-29 00:49:50
1,2279,1,2025-03-23 03:07:34,2026-07-13 22:49:45
4,2279,1,2025-03-23 03:07:34,2026-07-13 22:49:45
96,2280,1,2024-04-02 00:36:42,2026-08-10 13:46:41
1,2280,1,2024-04-02 00:36:42,2026-08-10 13:46:41
2,2280,1,2024-04-02 00:36:42,2026-08-10 13:46:41
97,2280,1,2024-04-02 00:36:42,2026-08-10 13:46:41
13,2280,1,2024-04-02 00:36:42,2026-08-10 13:46:41
33,2281,1,2026-05-04 07:37:37,2026-05-07 07:31:12
28,2281,1,2026-05-04 07:37:37,2026-05-07 07:31:12
28,2282,1,2026-04-29 03:45:37,2026-08-26 10:54:35
29,2282,1,2026-04-29 03:45:37,2026-08-26 10:54:35
24,2283,1,2025-06-03 10:53:42,2026-05-22 10:50:33
19,2283,1,2025-06-03 10:53:42,2026-05-22 10:50:33
20,2283,1,2025-06-03 10:53:42,2026-05-22 10:50:33
19,2284,1,2024-11-01 11:41:49,2026-09-16 22:04:25
27,2284,1,2024-11-01 11:41:49,2026-09-16 22:04:25
22,2284,1,2024-11-01 11:41:49,2026-09-16 22:04:25
0,2285,1,2025-05-09 12:22:14,2025-05-14 01:19:02
32,2286,1,2023-07-02 23:06:09,2025-06-17 10:25:14
97,2286,1,2023-07-02 23:06:09,2025-06-17 10:25:14
28,2286,1,2023-07-02 23:06:09,2025-06-17 10:25:14
96,2286,1,2023-07-02 23:06:09,2025-06-17 10:25:14
0,2287,1,2024-04-06 01:25:34,2025-11-25 06:52:00
0,2288,0,2024-09-17 17:57:16,2025-01-02 18:11:16
99,2288,0,2024-09-17 17:57:16,2025-01-02 18:11:16
96,2288,0,2024-09-17 17:57:16,2025-01-02 18:11:16
26,2289,1,2025-03-06 17:11:52,2026-06-06 03:30:21
19,2289,1,2025-03-06 17:11:52,2026-06-06 03:30:21
21,2289,1,2025-03-06 17:11:52,2026-06-06 03:30:21
24,2290,1,2023-07-24 21:13:43,2024-01-04 08:42:11
19,2290,1,2023-07-24 21:13:43,2024-01-04 08:42:11
20,2290,1,2023-07-24 21:13:43,2024-01-04 08:42:11
35,2291,1,2024-11-06 22:21:43,2026-07-05 09:20:16
28,2291,1,2024-11-06 22:21:43,2026-07-05 09:20:16
96,2292,1,2025-02-10 23:27:03,2025-02-11 00:35:07
97,2292,1,2025-02-10 23:27:03,2025-02-11 00:35:07
28,2292,1,2025-02-10 23:27:03,2025-02-11 00:35:07
29,2292,1,2025-02-10 23:27:03,2025-02-11 00:35:07
32,2293,1,2024-09-28 22:14:02,2025-04-30 14:38:13
28,2293,1,2024-09-28 22:14:02,2025-04-30 14:38:13
0,2294,1,2023-10-03 22:21:07,2025-11-23 11:13:49
24,2295,1,2023-01-08 20:32:01,2023-04-09 14:14:41
19,2295,1,2023-01-08 20:32:01,2023-04-09 14:14:41
20,2295,1,2023-01-08 20:32:01,2023-04-09 14:14:41
96,2296,1,2024-01-09 09:39:39,2024-05-28 08:26:22
99,2296,1,2024-01-09 09:39:39,2024-05-28 08:26:22
19,2296,1,2024-01-09 09:39:39,2024-05-28 08:26:22
20,2296,1,2024-01-09 09:39:39,2024-05-28 08:26:22
24,2296,1,2024-01-09 09:39:39,2024-05-28 08:26:22
33,2297,1,2026-05-06 11:25:58,2026-07-13 17:13:33
28,2297,1,2026-05-06 11:25:58,2026-07-13 17:13:33
96,2298,1,2025-08-06 06:02:52,2025-12-22 12:12:46
97,2298,1,2025-08-06 06:02:52,2025-12-22 12:12:46
35,2298,1,2025-08-06 06:02:52,2025-12-22 12:12:46
28,2298,1,2025-08-06 06:02:52,2025-12-22 12:12:46
24,2299,1,2026-03-07 05:59:43,2026-08-25 03:36:51
19,2299,1,2026-03-07 05:59:43,2026-08-25 03:36:51
20,2299,1,2026-03-07 05:59:43,2026-08-25 03:36:51
0,2300,1,2023-11-07 01:59:03,2024-01-14 04:50:10
0,2301,1,2023-01-08 03:37:50,2025-01-28 19:29:46
24,2302,1,2023-12-19 15:17:52,2024-07-25 10:32:17
19,2302,1,2023-12-19 15:17:52,2024-07-25 10:32:17
20,2302,1,2023-12-19 15:17:52,2024-07-25 10:32:17
32,2303,1,2023-07-24 06:51:50,2026-02-02 20:42:20
28,2303,1,2023-07-24 06:51:50,2026-02-02 20:42:20
0,2304,1,2025-08-27 23:30:50,2026-07-01 23:06:12
97,2304,1,2025-08-27 23:30:50,2026-07-01 23:06:12
96,2304,1,2025-08-27 23:30:50,2026-07-01 23:06:12
24,2305,0,2023-05-09 09:08:03,2024-04-04 14:27:16
19,2305,0,2023-05-09 09:08:03,2024-04-04 14:27:16
20,2305,0,2023-05-09 09:08:03,2024-04-04 14:27:16
24,2306,0,2025-10-28 11:15:38,2026-06-22 16:05:08
19,2306,0,2025-10-28 11:15:38,2026-06-22 16:05:08
20,2306,0,2025-10-28 11:15:38,2026-06-22 16:05:08
19,2307,1,2024-11-11 04:14:45,2025-05-29 01:03:27
27,2307,1,2024-11-11 04:14:45,2025-05-29 01:03:27
22,2307,1,2024-11-11 04:14:45,2025-05-29 01:03:27
28,2308,1,2026-09-01 03:20:14,2026-09-07 18:22:34
29,2308,1,2026-09-01 03:20:14,2026-09-07 18:22:34
35,2309,0,2023-12-07 06:00:27,2024-12-31 17:47:41
28,2309,0,2023-12-07 06:00:27,2024-12-31 17:47:41
96,2310,1,2024-05-08 20:53:51,2025-04-27 19:49:02
1,2310,1,2024-05-08 20:53:51,2025-04-27 19:49:02
2,2310,1,2024-05-08 20:53:51,2025-04-27 19:49:02
97,2310,1,2024-05-08 20:53:51,2025-04-27 19:49:02
14,2310,1,2024-05-08 20:53:51,2025-04-27 19:49:02
24,2311,1,2023-03-24 10:42:13,2025-02-13 12:44:48
19,2311,1,2023-03-24 10:42:13,2025-02-13 12:44:48
20,2311,1,2023-03-24 10:42:13,2025-02-13 12:44:48
96,2312,0,2024-06-05 06:42:56,2025-12-04 18:36:07
99,2312,0,2024-06-05 06:42:56,2025-12-04 18:36:07
19,2312,0,2024-06-05 06:42:56,2025-12-04 18:36:07
20,2312,0,2024-06-05 06:42:56,2025-12-04 18:36:07
24,2312,0,2024-06-05 06:42:56,2025-12-04 18:36:07
24,2313,1,2025-07-11 20:24:32,2025-08-07 06:28:53
19,2313,1,2025-07-11 20:24:32,2025-08-07 06:28:53
20,2313,1,2025-07-11 20:24:32,2025-08-07 06:28:53
24,2314,1,2026-02-08 23:28:59,2026-02-19 16:19:36
19,2314,1,2026-02-08 23:28:59,2026-02-19 16:19:36
20,2314,1,2026-02-08 23:28:59,2026-02-19 16:19:36
0,2315,0,2024-08-25 13:58:08,2024-11-07 04:19:29
0,2316,1,2025-11-25 09:57:05,2026-04-25 12:18:03
97,2316,1,2025-11-25 09:57:05,2026-04-25 12:18:03
96,2316,1,2025-11-25 09:57:05,2026-04-25 12:18:03
0,2317,1,2023-12-30 04:59:17,2025-05-02 17:46:32
0,2318,1,2025-11-01 22:23:42,2025-12-24 10:51:34
0,2319,1,2023-09-03 07:15:43,2025-06-13 03:31:45
0,2320,1,2024-06-23 02:00:42,2025-07-31 09:42:26
99,2320,1,2024-06-23 02:00:42,2025-07-31 09:42:26
96,2320,1,2024-06-23 02:00:42,2025-07-31 09:42:26
0,2321,1,2023-06-05 04:16:59,2026-09-05 12:59:23
0,2322,1,2024-07-03 17:03:53,2026-01-23 12:24:17
97,2322,1,2024-07-03 17:03:53,2026-01-23 12:24:17
96,2322,1,2024-07-03 17:03:53,2026-01-23 12:24:17
1,2323,1,2025-11-18 12:27:47,2026-07-18 02:18:09
2,2323,1,2025-11-18 12:27:47,2026-07-18 02:18:09
13,2323,1,2025-11-18 12:27:47,2026-07-18 02:18:09
28,2324,1,2023-02-18 19:53:48,2024-01-18 01:31:10
31,2324,1,2023-02-18 19:53:48,2024-01-18 01:31:10
26,2325,1,2025-08-31 19:04:18,2026-04-27 00:39:44
19,2325,1,2025-08-31 19:04:18,2026-04-27 00:39:44
21,2325,1,2025-08-31 19:04:18,2026-04-27 00:39:44
1,2326,1,2026-03-26 13:33:21,2026-08-19 05:00:30
4,2326,1,2026-03-26 13:33:21,2026-08-19 05:00:30
24,2327,1,2023-04-20 18:27:30,2023-06-11 10:23:38
19,2327,1,2023-04-20 18:27:30,2023-06-11 10:23:38
20,2327,1,2023-04-20 18:27:30,2023-06-11 10:23:38
0,2328,0,2024-10-27 14:38:14,2026-07-29 19:43:47
97,2328,0,2024-10-27 14:38:14,2026-07-29 19:43:47
96,2328,0,2024-10-27 14:38:14,2026-07-29 19:43:47
35,2329,1,2023-03-10 11:45:02,2026-07-01 12:39:02
28,2329,1,2023-03-10 11:45:02,2026-07-01 12:39:02
0,2330,1,2025-10-25 17:03:58,2026-01-08 23:50:10
32,2331,1,2024-09-01 22:19:34,2025-09-18 03:03:48
28,2331,1,2024-09-01 22:19:34,2025-09-18 03:03:48
0,2332,1,2026-07-10 22:33:59,2026-07-12 00:19:28
24,2333,1,2023-10-13 06:46:40,2024-12-30 08:44:56
19,2333,1,2023-10-13 06:46:40,2024-12-30 08:44:56
20,2333,1,2023-10-13 06:46:40,2024-12-30 08:44:56
96,2334,1,2025-10-24 14:11:20,2026-06-03 23:58:24
1,2334,1,2025-10-24 14:11:20,2026-06-03 23:58:24
4,2334,1,2025-10-24 14:11:20,2026-06-03 23:58:24
97,2334,1,2025-10-24 14:11:20,2026-06-03 23:58:24
33,2335,1,2026-02-19 05:52:50,2026-03-03 15:39:36
28,2335,1,2026-02-19 05:52:50,2026-03-03 15:39:36
32,2336,0,2025-05-13 09:11:55,2026-03-30 22:48:09
99,2336,0,2025-05-13 09:11:55,2026-03-30 22:48:09
28,2336,0,2025-05-13 09:11:55,2026-03-30 22:48:09
96,2336,0,2025-05-13 09:11:55,2026-03-30 22:48:09
28,2337,1,2024-08-19 13:31:49,2025-06-20 11:47:26
29,2337,1,2024-08-19 13:31:49,2025-06-20 11:47:26
0,2338,1,2024-12-10 04:59:26,2025-08-26 16:44:56
32,2339,1,2023-05-17 06:41:37,2024-02-06 21:44:04
28,2339,1,2023-05-17 06:41:37,2024-02-06 21:44:04
32,2340,1,2023-12-25 18:15:35,2025-01-02 00:09:06
97,2340,1,2023-12-25 18:15:35,2025-01-02 00:09:06
28,2340,1,2023-12-25 18:15:35,2025-01-02 00:09:06
96,2340,1,2023-12-25 18:15:35,2025-01-02 00:09:06
26,2341,1,2024-07-28 20:14:24,2026-01-29 07:59:37
19,2341,1,2024-07-28 20:14:24,2026-01-29 07:59:37
21,2341,1,2024-07-28 20:14:24,2026-01-29 07:59:37
28,2342,1,2025-12-15 11:51:48,2026-08-03 21:28:24
29,2342,1,2025-12-15 11:51:48,2026-08-03 21:28:24
33,2343,1,2023-12-17 12:49:59,2026-04-21 01:33:51
28,2343,1,2023-12-17 12:49:59,2026-04-21 01:33:51
96,2344,0,2026-02-01 02:43:52,2026-04-08 11:47:27
1,2344,0,2026-02-01 02:43:52,2026-04-08 11:47:27
2,2344,0,2026-02-01 02:43:52,2026-04-08 11:47:27
99,2344,0,2026-02-01 02:43:52,2026-04-08 11:47:27
13,2344,0,2026-02-01 02:43:52,2026-04-08 11:47:27
24,2345,1,2026-01-27 19:32:31,2026-01-29 11:23:47
19,2345,1,2026-01-27 19:32:31,2026-01-29 11:23:47
20,2345,1,2026-01-27 19:32:31,2026-01-29 11:23:47
0,2346,1,2023-11-25 10:54:19,2026-03-06 08:55:52
97,2346,1,2023-11-25 10:54:19,2026-03-06 08:55:52
96,2346,1,2023-11-25 10:54:19,2026-03-06 08:55:52
0,2347,1,2025-06-02 20:55:38,2026-05-29 01:51:13
0,2348,1,2024-01-03 03:08:22,2026-01-15 20:14:27
35,2349,0,2023-08-29 02:54:24,2025-10-27 01:55:05
28,2349,0,2023-08-29 02:54:24,2025-10-27 01:55:05
32,2350,1,2026-09-07 15:29:37,2026-09-08 07:03:12
28,2350,1,2026-09-07 15:29:37,2026-09-08 07:03:12
1,2351,1,2025-05-06 06:13:10,2025-10-19 06:50:06
4,2351,1,2025-05-06 06:13:10,2025-10-19 06:50:06
0,2352,1,2023-04-02 21:37:45,2024-04-28 07:27:15
97,2352,1,2023-04-02 21:37:45,2024-04-28 07:27:15
96,2352,1,2023-04-02 21:37:45,2024-04-28 07:27:15
24,2353,1,2026-03-10 00:09:18,2026-08-24 01:13:49
19,2353,1,2026-03-10 00:09:18,2026-08-24 01:13:49
20,2353,1,2026-03-10 00:09:18,2026-08-24 01:13:49
28,2354,1,2025-06-15 18:20:48,2025-11-15 05:19:42
29,2354,1,2025-06-15 18:20:48,2025-11-15 05:19:42
1,2355,1,2023-03-20 18:31:08,2024-05-24 01:45:39
2,2355,1,2023-03-20 18:31:08,2024-05-24 01:45:39
13,2355,1,2023-03-20 18:31:08,2024-05-24 01:45:39
33,2356,1,2025-12-16 08:21:07,2026-01-25 10:34:32
28,2356,1,2025-12-16 08:21:07,2026-01-25 10:34:32
0,2357,1,2023-03-15 01:35:08,2024-12-06 13:32:09
0,2358,0,2023-12-25 13:11:15,2025-11-08 00:28:17
97,2358,0,2023-12-25 13:11:15,2025-11-08 00:28:17
96,2358,0,2023-12-25 13:11:15,2025-11-08 00:28:17
0,2359,1,2026-04-07 21:34:43,2026-04-21 16:38:17
96,2360,1,2024-12-30 14:48:27,2025-08-19 11:57:31
1,2360,1,2024-12-30 14:48:27,2025-08-19 11:57:31
2,2360,1,2024-12-30 14:48:27,2025-08-19 11:57:31
99,2360,1,2024-12-30 14:48:27,2025-08-19 11:57:31
13,2360,1,2024-12-30 14:48:27,2025-08-19 11:57:31
19,2361,0,2023-12-05 21:57:30,2024-06-08 06:57:50
27,2361,0,2023-12-05 21:57:30,2024-06-08 06:57:50
22,2361,0,2023-12-05 21:57:30,2024-06-08 06:57:50
1,2362,1,2023-09-09 23:20:32,2024-05-01 06:54:25
2,2362,1,2023-09-09 23:20:32,2024-05-01 06:54:25
13,2362,1,2023-09-09 23:20:32,2024-05-01 06:54:25
32,2363,1,2024-07-23 22:44:36,2026-04-15 10:24:19
28,2363,1,2024-07-23 22:44:36,2026-04-15 10:24:19
96,2364,1,2024-12-16 08:51:17,2026-07-24 08:27:22
97,2364,1,2024-12-16 08:51:17,2026-07-24 08:27:22
19,2364,1,2024-12-16 08:51:17,2026-07-24 08:27:22
20,2364,1,2024-12-16 08:51:17,2026-07-24 08:27:22
24,2364,1,2024-12-16 08:51:17,2026-07-24 08:27:22
0,2365,0,2025-03-06 14:08:56,2026-01-06 09:33:15
0,2366,1,2024-04-11 19:34:02,2024-06-07 00:22:16
0,2367,1,2025-05-31 15:54:18,2026-04-20 10:13:17
0,2368,1,2026-08-08 00:09:23,2026-08-16 04:59:22
99,2368,1,2026-08-08 00:09:23,2026-08-16 04:59:22
96,2368,1,2026-08-08 00:09:23,2026-08-16 04:59:22
19,2369,1,2024-02-02 06:10:19,2025-01-03 11:43:11
27,2369,1,2024-02-02 06:10:19,2025-01-03 11:43:11
22,2369,1,2024-02-02 06:10:19,2025-01-03 11:43:11
96,2370,1,2024-02-19 01:53:33,2024-10-11 02:58:24
97,2370,1,2024-02-19 01:53:33,2024-10-11 02:58:24
19,2370,1,2024-02-19 01:53:33,2024-10-11 02:58:24
21,2370,1,2024-02-19 01:53:33,2024-10-11 02:58:24
26,2370,1,2024-02-19 01:53:33,2024-10-11 02:58:24
1,2371,0,2025-12-03 14:17:20,2026-07-31 11:39:47
4,2371,0,2025-12-03 14:17:20,2026-07-31 11:39:47
1,2372,1,2026-06-28 20:26:42,2026-09-05 21:41:52
4,2372,1,2026-06-28 20:26:42,2026-09-05 21:41:52
24,2373,0,2024-06-10 08:42:07,2025-06-17 06:59:55
19,2373,0,2024-06-10 08:42:07,2025-06-17 06:59:55
20,2373,0,2024-06-10 08:42:07,2025-06-17 06:59:55
33,2374,1,2024-07-20 11:54:06,2025-07-21 21:02:06
28,2374,1,2024-07-20 11:54:06,2025-07-21 21:02:06
0,2375,1,2023-05-03 05:36:39,2026-05-04 14:19:44
0,2376,1,2024-07-28 10:57:15,2026-07-23 18:24:53
97,2376,1,2024-07-28 10:57:15,2026-07-23 18:24:53
96,2376,1,2024-07-28 10:57:15,2026-07-23 18:24:53
24,2377,1,2024-09-15 12:24:19,2025-12-15 07:38:39
19,2377,1,2024-09-15 12:24:19,2025-12-15 07:38:39
20,2377,1,2024-09-15 12:24:19,2025-12-15 07:38:39
0,2378,1,2025-05-26 15:17:15,2026-05-28 09:30:44
0,2379,1,2023-11-21 01:58:55,2025-01-29 14:27:21
33,2380,1,2025-06-08 15:18:04,2026-02-21 12:58:59
28,2380,1,2025-06-08 15:18:04,2026-02-21 12:58:59
24,2381,1,2025-07-14 18:25:23,2025-11-02 12:35:36
19,2381,1,2025-07-14 18:25:23,2025-11-02 12:35:36
20,2381,1,2025-07-14 18:25:23,2025-11-02 12:35:36
96,2382,1,2023-10-10 07:09:23,2024-04-02 14:11:55
1,2382,1,2023-10-10 07:09:23,2024-04-02 14:11:55
97,2382,1,2023-10-10 07:09:23,2024-04-02 14:11:55
3,2382,1,2023-10-10 07:09:23,2024-04-02 14:11:55
7,2382,1,2023-10-10 07:09:23,2024-04-02 14:11:55
15,2382,1,2023-10-10 07:09:23,2024-04-02 14:11:55
0,2383,0,2023-07-04 08:05:37,2024-08-20 01:55:28
0,2384,1,2025-10-07 18:33:18,2026-05-07 05:18:22
99,2384,1,2025-10-07 18:33:18,2026-05-07 05:18:22
96,2384,1,2025-10-07 18:33:18,2026-05-07 05:18:22
32,2385,1,2024-04-12 13:59:50,2025-08-17 14:43:46
28,2385,1,2024-04-12 13:59:50,2025-08-17 14:43:46
1,2386,1,2023-12-18 02:05:41,2024-05-28 00:48:35
2,2386,1,2023-12-18 02:05:41,2024-05-28 00:48:35
14,2386,1,2023-12-18 02:05:41,2024-05-28 00:48:35
1,2387,1,2023-09-17 10:39:58,2024-04-25 04:07:06
2,2387,1,2023-09-17 10:39:58,2024-04-25 04:07:06
13,2387,1,2023-09-17 10:39:58,2024-04-25 04:07:06
96,2388,0,2024-03-12 06:53:46,2025-07-19 19:18:33
1,2388,0,2024-03-12 06:53:46,2025-07-19 19:18:33
4,2388,0,2024-03-12 06:53:46,2025-07-19 19:18:33
97,2388,0,2024-03-12 06:53:46,2025-07-19 19:18:33
0,2389,1,2025-02-24 05:52:55,2026-02-17 01:06:26
0,2390,1,2026-09-13 00:31:43,2026-09-16 22:54:56
1,2391,1,2023-12-12 17:48:07,2025-11-02 13:46:35
2,2391,1,2023-12-12 17:48:07,2025-11-02 13:46:35
13,2391,1,2023-12-12 17:48:07,2025-11-02 13:46:35
0,2392,1,2023-10-20 12:20:35,2024-08-18 09:41:40
99,2392,1,2023-10-20 12:20:35,2024-08-18 09:41:40
96,2392,1,2023-10-20 12:20:35,2024-08-18 09:41:40
0,2393,1,2026-06-20 12:15:18,2026-07-05 07:36:26
96,2394,1,2025-10-05 07:21:01,2026-04-24 22:07:22
97,2394,1,2025-10-05 07:21:01,2026-04-24 22:07:22
19,2394,1,2025-10-05 07:21:01,2026-04-24 22:07:22
20,2394,1,2025-10-05 07:21:01,2026-04-24 22:07:22
24,2394,1,2025-10-05 07:21:01,2026-04-24 22:07:22
0,2395,1,2023-04-13 01:56:33,2024-08-05 09:20:07
0,2396,0,2024-04-12 18:42:48,2025-03-30 23:02:36
32,2397,1,2025-02-06 23:42:55,2025-06-14 17:48:54
28,2397,1,2025-02-06 23:42:55,2025-06-14 17:48:54
0,2398,1,2025-03-15 20:04:25,2026-01-13 08:28:08
24,2399,1,2026-05-03 01:06:25,2026-06-19 20:09:42
19,2399,1,2026-05-03 01:06:25,2026-06-19 20:09:42
20,2399,1,2026-05-03 01:06:25,2026-06-19 20:09:42
0,2400,1,2023-12-31 11:41:18,2024-08-17 22:53:52
97,2400,1,2023-12-31 11:41:18,2024-08-17 22:53:52
96,2400,1,2023-12-31 11:41:18,2024-08-17 22:53:52
0,2401,0,2023-09-28 18:36:40,2023-09-30 23:42:29
1,2402,1,2023-12-19 01:38:46,2025-10-06 12:41:11
2,2402,1,2023-12-19 01:38:46,2025-10-06 12:41:11
14,2402,1,2023-12-19 01:38:46,2025-10-06 12:41:11
26,2403,1,2025-05-06 07:14:05,2026-04-27 21:45:11
19,2403,1,2025-05-06 07:14:05,2026-04-27 21:45:11
21,2403,1,2025-05-06 07:14:05,2026-04-27 21:45:11
0,2404,0,2026-06-07 12:22:25,2026-07-08 06:32:50
28,2405,1,2023-06-04 23:56:39,2024-12-06 06:15:04
31,2405,1,2023-06-04 23:56:39,2024-12-06 06:15:04
96,2406,1,2025-10-31 22:30:20,2026-09-05 04:50:45
97,2406,1,2025-10-31 22:30:20,2026-09-05 04:50:45
35,2406,1,2025-10-31 22:30:20,2026-09-05 04:50:45
28,2406,1,2025-10-31 22:30:20,2026-09-05 04:50:45
26,2407,1,2024-05-18 19:13:19,2026-04-06 09:09:02
19,2407,1,2024-05-18 19:13:19,2026-04-06 09:09:02
21,2407,1,2024-05-18 19:13:19,2026-04-06 09:09:02
0,2408,1,2023-09-08 16:53:57,2025-11-06 09:52:09
99,2408,1,2023-09-08 16:53:57,2025-11-06 09:52:09
96,2408,1,2023-09-08 16:53:57,2025-11-06 09:52:09
1,2409,1,2025-05-20 06:15:28,2026-08-02 22:37:59
2,2409,1,2025-05-20 06:15:28,2026-08-02 22:37:59
13,2409,1,2025-05-20 06:15:28,2026-08-02 22:37:59
33,2410,1,2026-06-29 11:04:12,2026-08-28 10:57:24
28,2410,1,2026-06-29 11:04:12,2026-08-28 10:57:24
1,2411,1,2026-09-04 22:38:39,2026-09-14 15:17:36
3,2411,1,2026-09-04 22:38:39,2026-09-14 15:17:36
7,2411,1,2026-09-04 22:38:39,2026-09-14 15:17:36
15,2411,1,2026-09-04 22:38:39,2026-09-14 15:17:36
0,2412,1,2024-03-04 09:48:46,2024-08-13 19:23:53
97,2412,1,2024-03-04 09:48:46,2024-08-13 19:23:53
96,2412,1,2024-03-04 09:48:46,2024-08-13 19:23:53
0,2413,1,2026-04-14 12:35:31,2026-05-08 05:16:05
35,2414,1,2024-09-15 09:16:25,2026-02-10 21:02:31
28,2414,1,2024-09-15 09:16:25,2026-02-10 21:02:31
0,2415,1,2025-10-17 09:10:45,2026-03-08 06:43:16
96,2416,1,2024-05-09 15:34:28,2025-06-04 05:27:16
99,2416,1,2024-05-09 15:34:28,2025-06-04 05:27:16
19,2416,1,2024-05-09 15:34:28,2025-06-04 05:27:16
22,2416,1,2024-05-09 15:34:28,2025-06-04 05:27:16
27,2416,1,2024-05-09 15:34:28,2025-06-04 05:27:16
32,2417,1,2023-04-22 21:07:59,2023-08-21 06:17:15
28,2417,1,2023-04-22 21:07:59,2023-08-21 06:17:15
32,2418,1,2025-06-14 03:29:06,2026-04-02 04:10:18
97,2418,1,2025-06-14 03:29:06,2026-04-02 04:10:18
28,2418,1,2025-06-14 03:29:06,2026-04-02 04:10:18
96,2418,1,2025-06-14 03:29:06,2026-04-02 04:10:18
32,2419,1,2023-04-04 12:20:55,2025-04-14 18:10:36
28,2419,1,2023-04-04 12:20:55,2025-04-14 18:10:36
1,2420,1,2025-11-01 15:01:04,2025-11-07 09:58:44
2,2420,1,2025-11-01 15:01:04,2025-11-07 09:58:44
13,2420,1,2025-11-01 15:01:04,2025-11-07 09:58:44
24,2421,1,2024-04-22 15:43:21,2024-08-14 12:13:53
19,2421,1,2024-04-22 15:43:21,2024-08-14 12:13:53
20,2421,1,2024-04-22 15:43:21,2024-08-14 12:13:53
28,2422,1,2024-12-19 20:50:48,2026-02-06 01:40:41
31,2422,1,2024-12-19 20:50:48,2026-02-06 01:40:41
32,2423,1,2023-12-01 22:52:31,2024-03-26 05:00:14
28,2423,1,2023-12-01 22:52:31,2024-03-26 05:00:14
0,2424,1,2023-07-24 19:47:03,2025-06-03 23:58:55
97,2424,1,2023-07-24 19:47:03,2025-06-03 23:58:55
96,2424,1,2023-07-24 19:47:03,2025-06-03 23:58:55
19,2425,0,2025-04-10 17:29:24,2026-08-06 13:39:06
27,2425,0,2025-04-10 17:29:24,2026-08-06 13:39:06
22,2425,0,2025-04-10 17:29:24,2026-08-06 13:39:06
0,2426,1,2025-09-07 04:05:15,2026-05-31 04:10:13
24,2427,1,2024-05-25 19:08:12,2025-09-17 10:47:36
19,2427,1,2024-05-25 19:08:12,2025-09-17 10:47:36
20,2427,1,2024-05-25 19:08:12,2025-09-17 10:47:36
28,2428,1,2023-03-12 23:05:58,2023-11-14 05:52:55
31,2428,1,2023-03-12 23:05:58,2023-11-14 05:52:55
1,2429,1,2024-02-27 23:36:41,2025-05-12 06:43:22
4,2429,1,2024-02-27 23:36:41,2025-05-12 06:43:22
32,2430,1,2023-01-02 20:23:21,2023-08-08 18:25:25
97,2430,1,2023-01-02 20:23:21,2023-08-08 18:25:25
28,2430,1,2023-01-02 20:23:21,2023-08-08 18:25:25
96,2430,1,2023-01-02 20:23:21,2023-08-08 18:25:25
26,2431,1,2025-02-10 03:34:24,2025-12-18 13:08:46
19,2431,1,2025-02-10 03:34:24,2025-12-18 13:08:46
21,2431,1,2025-02-10 03:34:24,2025-12-18 13:08:46
96,2432,1,2024-10-14 02:53:24,2026-07-10 02:15:15
1,2432,1,2024-10-14 02:53:24,2026-07-10 02:15:15
2,2432,1,2024-10-14 02:53:24,2026-07-10 02:15:15
99,2432,1,2024-10-14 02:53:24,2026-07-10 02:15:15
14,2432,1,2024-10-14 02:53:24,2026-07-10 02:15:15
28,2433,1,2023-02-05 19:30:00,2024-10-29 14:36:01
31,2433,1,2023-02-05 19:30:00,2024-10-29 14:36:01
0,2434,0,2026-02-22 04:11:46,2026-07-22 03:06:14
0,2435,1,2023-06-20 17:44:24,2026-03-03 03:52:23
32,2436,1,2025-12-15 05:05:40,2026-05-08 06:42:30
97,2436,1,2025-12-15 05:05:40,2026-05-08 06:42:30
28,2436,1,2025-12-15 05:05:40,2026-05-08 06:42:30
96,2436,1,2025-12-15 05:05:40,2026-05-08 06:42:30
32,2437,0,2023-09-08 06:19:41,2025-08-27 00:00:38
28,2437,0,2023-09-08 06:19:41,2025-08-27 00:00:38
26,2438,1,2025-08-11 22:37:06,2026-03-25 04:15:13
19,2438,1,2025-08-11 22:37:06,2026-03-25 04:15:13
21,2438,1,2025-08-11 22:37:06,2026-03-25 04:15:13
28,2439,1,2024-10-05 01:04:53,2026-02-27 17:00:26
29,2439,1,2024-10-05 01:04:53,2026-02-27 17:00:26
96,2440,1,2026-03-03 19:52:50,2026-05-28 19:32:24
99,2440,1,2026-03-03 19:52:50,2026-05-28 19:32:24
19,2440,1,2026-03-03 19:52:50,2026-05-28 19:32:24
21,2440,1,2026-03-03 19:52:50,2026-05-28 19:32:24
26,2440,1,2026-03-03 19:52:50,2026-05-28 19:32:24
1,2441,0,2023-07-08 10:50:57,2025-03-13 20:58:31
2,2441,0,2023-07-08 10:50:57,2025-03-13 20:58:31
14,2441,0,2023-07-08 10:50:57,2025-03-13 20:58:31
96,2442,1,2024-03-04 10:07:11,2026-08-19 19:25:35
97,2442,1,2024-03-04 10:07:11,2026-08-19 19:25:35
19,2442,1,2024-03-04 10:07:11,2026-08-19 19:25:35
20,2442,1,2024-03-04 10:07:11,2026-08-19 19:25:35
24,2442,1,2024-03-04 10:07:11,2026-08-19 19:25:35
0,2443,1,2025-03-27 20:09:34,2026-09-03 22:06:57
35,2444,1,2023-07-19 07:30:31,2026-02-13 19:54:04
28,2444,1,2023-07-19 07:30:31,2026-02-13 19:54:04
0,2445,1,2023-01-13 09:22:13,2026-04-08 09:30:01
32,2446,1,2025-01-13 23:48:41,2025-09-24 20:14:33
28,2446,1,2025-01-13 23:48:41,2025-09-24 20:14:33
1,2447,1,2024-07-29 14:52:57,2026-01-03 15:09:09
2,2447,1,2024-07-29 14:52:57,2026-01-03 15:09:09
14,2447,1,2024-07-29 14:52:57,2026-01-03 15:09:09
0,2448,1,2024-04-13 18:50:50,2025-06-19 20:34:15
97,2448,1,2024-04-13 18:50:50,2025-06-19 20:34:15
96,2448,1,2024-04-13 18:50:50,2025-06-19 20:34:15
32,2449,1,2025-05-30 03:23:32,2025-07-11 13:21:11
28,2449,1,2025-05-30 03:23:32,2025-07-11 13:21:11
1,2450,1,2024-06-01 19:00:45,2026-02-03 01:05:45
2,2450,1,2024-06-01 19:00:45,2026-02-03 01:05:45
13,2450,1,2024-06-01 19:00:45,2026-02-03 01:05:45
0,2451,1,2023-01-04 14:22:39,2025-05-16 08:20:29
26,2452,1,2025-05-08 08:34:29,2025-12-26 02:07:18
19,2452,1,2025-05-08 08:34:29,2025-12-26 02:07:18
21,2452,1,2025-05-08 08:34:29,2025-12-26 02:07:18
28,2453,1,2025-04-22 00:42:24,2026-06-23 19:03:33
31,2453,1,2025-04-22 00:42:24,2026-06-23 19:03:33
0,2454,1,2025-11-07 23:19:00,2026-08-22 16:38:53
97,2454,1,2025-11-07 23:19:00,2026-08-22 16:38:53
96,2454,1,2025-11-07 23:19:00,2026-08-22 16:38:53
33,2455,1,2024-09-23 14:18:24,2025-03-04 02:04:20
28,2455,1,2024-09-23 14:18:24,2025-03-04 02:04:20
96,2456,0,2026-02-25 19:18:57,2026-07-29 16:35:14
1,2456,0,2026-02-25 19:18:57,2026-07-29 16:35:14
99,2456,0,2026-02-25 19:18:57,2026-07-29 16:35:14
4,2456,0,2026-02-25 19:18:57,2026-07-29 16:35:14
35,2457,1,2025-06-03 00:52:20,2026-01-06 23:15:30
28,2457,1,2025-06-03 00:52:20,2026-01-06 23:15:30
19,2458,1,2025-10-01 12:13:52,2026-06-15 20:42:31
27,2458,1,2025-10-01 12:13:52,2026-06-15 20:42:31
22,2458,1,2025-10-01 12:13:52,2026-06-15 20:42:31
0,2459,1,2023-11-19 20:48:41,2025-03-28 16:43:48
0,2460,1,2026-06-20 03:53:25,2026-08-13 10:39:06
97,2460,1,2026-06-20 03:53:25,2026-08-13 10:39:06
96,2460,1,2026-06-20 03:53:25,2026-08-13 10:39:06
0,2461,1,2026-02-07 18:08:08,2026-04-10 16:37:31
28,2462,1,2023-07-31 17:20:26,2023-08-25 22:52:32
31,2462,1,2023-07-31 17:20:26,2023-08-25 22:52:32
33,2463,1,2023-12-23 20:39:01,2024-01-26 23:37:23
28,2463,1,2023-12-23 20:39:01,2024-01-26 23:37:23
0,2464,1,2025-11-07 07:37:16,2026-04-22 10:47:06
99,2464,1,2025-11-07 07:37:16,2026-04-22 10:47:06
96,2464,1,2025-11-07 07:37:16,2026-04-22 10:47:06
0,2465,0,2025-08-05 13:00:00,2026-05-02 08:30:38
96,2466,1,2023-05-02 13:04:10,2024-01-26 08:31:34
1,2466,1,2023-05-02 13:04:10,2024-01-26 08:31:34
97,2466,1,2023-05-02 13:04:10,2024-01-26 08:31:34
3,2466,1,2023-05-02 13:04:10,2024-01-26 08:31:34
7,2466,1,2023-05-02 13:04:10,2024-01-26 08:31:34
15,2466,1,2023-05-02 13:04:10,2024-01-26 08:31:34
0,2467,1,2023-02-15 02:48:57,2024-01-17 21:08:23
0,2468,1,2026-05-27 01:34:04,2026-09-16 23:40:59
1,2469,1,2024-03-30 15:40:50,2024-06-19 14:49:29
2,2469,1,2024-03-30 15:40:50,2024-06-19 14:49:29
13,2469,1,2024-03-30 15:40:50,2024-06-19 14:49:29
0,2470,0,2024-12-19 13:51:27,2026-07-09 07:28:09
1,2471,1,2023-06-14 11:09:04,2026-02-05 04:07:26
4,2471,1,2023-06-14 11:09:04,2026-02-05 04:07:26
96,2472,0,2023-12-20 05:42:49,2026-04-02 03:55:23
97,2472,0,2023-12-20 05:42:49,2026-04-02 03:55:23
19,2472,0,2023-12-20 05:42:49,2026-04-02 03:55:23
20,2472,0,2023-12-20 05:42:49,2026-04-02 03:55:23
24,2472,0,2023-12-20 05:42:49,2026-04-02 03:55:23
0,2473,1,2023-10-07 10:21:52,2024-06-05 01:45:26
1,2474,0,2024-03-13 16:18:18,2025-04-13 09:02:47
3,2474,0,2024-03-13 16:18:18,2025-04-13 09:02:47
7,2474,0,2024-03-13 16:18:18,2025-04-13 09:02:47
15,2474,0,2024-03-13 16:18:18,2025-04-13 09:02:47
28,2475,1,2025-06-09 18:01:44,2025-08-08 00:32:03
29,2475,1,2025-06-09 18:01:44,2025-08-08 00:32:03
0,2476,0,2024-12-12 07:21:42,2026-01-15 03:55:58
0,2477,0,2023-03-19 16:00:32,2026-01-22 20:51:55
96,2478,1,2025-07-18 08:54:26,2025-11-12 16:41:39
97,2478,1,2025-07-18 08:54:26,2025-11-12 16:41:39
19,2478,1,2025-07-18 08:54:26,2025-11-12 16:41:39
20,2478,1,2025-07-18 08:54:26,2025-11-12 16:41:39
24,2478,1,2025-07-18 08:54:26,2025-11-12 16:41:39
0,2479,0,2024-05-09 12:33:15,2024-10-26 10:58:56
0,2480,1,2026-03-08 15:48:07,2026-04-27 01:59:04
99,2480,1,2026-03-08 15:48:07,2026-04-27 01:59:04
96,2480,1,2026-03-08 15:48:07,2026-04-27 01:59:04
0,2481,1,2023-08-21 11:29:15,2024-04-01 16:56:45
1,2482,0,2025-09-30 14:27:06,2026-02-26 03:36:40
4,2482,0,2025-09-30 14:27:06,2026-02-26 03:36:40
24,2483,1,2023-11-11 08:24:12,2025-02-03 16:32:19
19,2483,1,2023-11-11 08:24:12,2025-02-03 16:32:19
20,2483,1,2023-11-11 08:24:12,2025-02-03 16:32:19
96,2484,0,2025-02-14 07:38:17,2026-03-16 08:09:18
1,2484,0,2025-02-14 07:38:17,2026-03-16 08:09:18
2,2484,0,2025-02-14 07:38:17,2026-03-16 08:09:18
97,2484,0,2025-02-14 07:38:17,2026-03-16 08:09:18
14,2484,0,2025-02-14 07:38:17,2026-03-16 08:09:18
0,2485,1,2023-01-17 00:55:16,2026-09-14 06:48:29
0,2486,1,2023-10-22 07:49:21,2026-09-15 13:48:57
0,2487,1,2023-09-06 11:40:42,2026-03-23 00:46:01
96,2488,1,2024-05-10 09:42:23,2025-01-30 06:16:16
1,2488,1,2024-05-10 09:42:23,2025-01-30 06:16:16
99,2488,1,2024-05-10 09:42:23,2025-01-30 06:16:16
3,2488,1,2024-05-10 09:42:23,2025-01-30 06:16:16
7,2488,1,2024-05-10 09:42:23,2025-01-30 06:16:16
15,2488,1,2024-05-10 09:42:23,2025-01-30 06:16:16
24,2489,1,2024-06-26 14:27:47,2024-11-03 15:34:58
19,2489,1,2024-06-26 14:27:47,2024-11-03 15:34:58
20,2489,1,2024-06-26 14:27:47,2024-11-03 15:34:58
96,2490,1,2023-08-23 10:18:33,2026-02-28 21:23:51
33,2490,1,2023-08-23 10:18:33,2026-02-28 21:23:51
28,2490,1,2023-08-23 10:18:33,2026-02-28 21:23:51
97,2490,1,2023-08-23 10:18:33,2026-02-28 21:23:51
1,2491,0,2024-05-08 14:26:01,2025-09-11 04:29:01
2,2491,0,2024-05-08 14:26:01,2025-09-11 04:29:01
14,2491,0,2024-05-08 14:26:01,2025-09-11 04:29:01
32,2492,1,2025-09-30 03:24:07,2026-03-07 19:52:54
28,2492,1,2025-09-30 03:24:07,2026-03-07 19:52:54
0,2493,1,2023-03-08 09:39:50,2025-01-06 15:49:28
19,2494,0,2024-06-11 14:47:16,2024-11-09 10:47:26
27,2494,0,2024-06-11 14:47:16,2024-11-09 10:47:26
22,2494,0,2024-06-11 14:47:16,2024-11-09 10:47:26
28,2495,0,2026-08-16 00:28:17,2026-08-26 21:58:26
31,2495,0,2026-08-16 00:28:17,2026-08-26 21:58:26
0,2496,1,2026-04-29 23:12:37,2026-05-14 18:39:05
97,2496,1,2026-04-29 23:12:37,2026-05-14 18:39:05
96,2496,1,2026-04-29 23:12:37,2026-05-14 18:39:05
0,2497,1,2026-09-13 01:53:31,2026-09-15 17:18:27
35,2498,1,2026-04-01 04:10:24,2026-07-23 08:26:49
28,2498,1,2026-04-01 04:10:24,2026-07-23 08:26:49
1,2499,1,2026-07-24 12:01:19,2026-07-24 14:15:32
4,2499,1,2026-07-24 12:01:19,2026-07-24 14:15:32
0,2500,1,2024-01-15 21:33:27,2025-05-17 04:20:06
28,2501,1,2026-03-09 10:17:44,2026-05-08 18:41:32
29,2501,1,2026-03-09 10:17:44,2026-05-08 18:41:32
96,2502,1,2023-06-23 15:56:50,2026-01-27 01:35:47
1,2502,1,2023-06-23 15:56:50,2026-01-27 01:35:47
4,2502,1,2023-06-23 15:56:50,2026-01-27 01:35:47
97,2502,1,2023-06-23 15:56:50,2026-01-27 01:35:47
33,2503,1,2023-01-27 13:49:23,2024-05-16 08:50:37
28,2503,1,2023-01-27 13:49:23,2024-05-16 08:50:37
96,2504,1,2024-03-13 03:31:13,2026-04-06 11:54:32
99,2504,1,2024-03-13 03:31:13,2026-04-06 11:54:32
19,2504,1,2024-03-13 03:31:13,2026-04-06 11:54:32
20,2504,1,2024-03-13 03:31:13,2026-04-06 11:54:32
24,2504,1,2024-03-13 03:31:13,2026-04-06 11:54:32
24,2505,0,2024-11-24 15:13:48,2025-03-23 19:15:54
19,2505,0,2024-11-24 15:13:48,2025-03-23 19:15:54
20,2505,0,2024-11-24 15:13:48,2025-03-23 19:15:54
26,2506,1,2025-10-09 08:40:40,2025-12-10 20:13:19
19,2506,1,2025-10-09 08:40:40,2025-12-10 20:13:19
21,2506,1,2025-10-09 08:40:40,2025-12-10 20:13:19
28,2507,1,2024-10-17 22:33:32,2025-09-01 06:10:56
29,2507,1,2024-10-17 22:33:32,2025-09-01 06:10:56
96,2508,1,2026-03-07 23:18:09,2026-04-08 06:59:07
1,2508,1,2026-03-07 23:18:09,2026-04-08 06:59:07
2,2508,1,2026-03-07 23:18:09,2026-04-08 06:59:07
97,2508,1,2026-03-07 23:18:09,2026-04-08 06:59:07
13,2508,1,2026-03-07 23:18:09,2026-04-08 06:59:07
35,2509,1,2024-05-14 20:17:11,2024-07-25 22:41:52
28,2509,1,2024-05-14 20:17:11,2024-07-25 22:41:52
1,2510,1,2025-05-04 03:16:17,2025-05-05 14:53:41
3,2510,1,2025-05-04 03:16:17,2025-05-05 14:53:41
7,2510,1,2025-05-04 03:16:17,2025-05-05 14:53:41
15,2510,1,2025-05-04 03:16:17,2025-05-05 14:53:41
0,2511,0,2023-04-08 00:13:17,2023-07-09 15:48:36
0,2512,1,2024-01-15 03:25:33,2025-01-01 23:45:35
99,2512,1,2024-01-15 03:25:33,2025-01-01 23:45:35
96,2512,1,2024-01-15 03:25:33,2025-01-01 23:45:35
0,2513,1,2023-11-30 04:46:21,2025-12-20 12:37:58
96,2514,0,2026-06-14 08:23:53,2026-08-26 04:07:25
97,2514,0,2026-06-14 08:23:53,2026-08-26 04:07:25
19,2514,0,2026-06-14 08:23:53,2026-08-26 04:07:25
21,2514,0,2026-06-14 08:23:53,2026-08-26 04:07:25
26,2514,0,2026-06-14 08:23:53,2026-08-26 04:07:25
19,2515,1,2026-04-21 23:35:47,2026-05-13 01:59:22
27,2515,1,2026-04-21 23:35:47,2026-05-13 01:59:22
22,2515,1,2026-04-21 23:35:47,2026-05-13 01:59:22
1,2516,0,2023-08-25 16:11:23,2024-01-26 16:44:43
2,2516,0,2023-08-25 16:11:23,2024-01-26 16:44:43
13,2516,0,2023-08-25 16:11:23,2024-01-26 16:44:43
35,2517,1,2026-02-19 03:48:21,2026-03-15 17:48:39
28,2517,1,2026-02-19 03:48:21,2026-03-15 17:48:39
28,2518,1,2025-02-04 20:40:58,2025-12-01 09:35:04
29,2518,1,2025-02-04 20:40:58,2025-12-01 09:35:04
1,2519,1,2025-09-13 03:12:38,2026-08-28 05:08:11
4,2519,1,2025-09-13 03:12:38,2026-08-28 05:08:11
96,2520,0,2023-07-17 23:08:44,2025-07-12 13:28:52
97,2520,0,2023-07-17 23:08:44,2025-07-12 13:28:52
35,2520,0,2023-07-17 23:08:44,2025-07-12 13:28:52
28,2520,0,2023-07-17 23:08:44,2025-07-12 13:28:52
0,2521,1,2024-07-01 08:18:35,2026-04-13 05:44:02
32,2522,1,2025-10-23 10:12:56,2026-05-04 15:03:06
28,2522,1,2025-10-23 10:12:56,2026-05-04 15:03:06
0,2523,1,2025-12-17 02:11:39,2026-05-21 03:30:32
35,2524,1,2024-05-17 19:23:45,2026-04-14 02:09:02
28,2524,1,2024-05-17 19:23:45,2026-04-14 02:09:02
28,2525,0,2024-02-28 19:47:30,2026-01-04 19:33:27
31,2525,0,2024-02-28 19:47:30,2026-01-04 19:33:27
96,2526,0,2023-02-04 21:55:18,2024-12-27 06:39:20
1,2526,0,2023-02-04 21:55:18,2024-12-27 06:39:20
2,2526,0,2023-02-04 21:55:18,2024-12-27 06:39:20
97,2526,0,2023-02-04 21:55:18,2024-12-27 06:39:20
13,2526,0,2023-02-04 21:55:18,2024-12-27 06:39:20
0,2527,1,2026-04-02 13:30:05,2026-06-26 14:08:10
32,2528,0,2024-12-11 08:47:43,2025-08-06 19:34:09
99,2528,0,2024-12-11 08:47:43,2025-08-06 19:34:09
28,2528,0,2024-12-11 08:47:43,2025-08-06 19:34:09
96,2528,0,2024-12-11 08:47:43,2025-08-06 19:34:09
0,2529,0,2023-10-28 15:44:26,2026-05-30 13:24:47
28,2530,1,2025-03-17 05:15:29,2026-07-19 11:42:05
29,2530,1,2025-03-17 05:15:29,2026-07-19 11:42:05
1,2531,0,2025-04-09 01:56:04,2025-04-30 19:02:30
3,2531,0,2025-04-09 01:56:04,2025-04-30 19:02:30
7,2531,0,2025-04-09 01:56:04,2025-04-30 19:02:30
15,2531,0,2025-04-09 01:56:04,2025-04-30 19:02:30
0,2532,1,2023-01-16 09:34:28,2024-06-06 20:36:12
97,2532,1,2023-01-16 09:34:28,2024-06-06 20:36:12
96,2532,1,2023-01-16 09:34:28,2024-06-06 20:36:12
0,2533,1,2024-09-08 06:19:55,2025-07-16 02:52:33
1,2534,1,2025-04-10 12:52:18,2025-10-23 18:50:42
2,2534,1,2025-04-10 12:52:18,2025-10-23 18:50:42
14,2534,1,2025-04-10 12:52:18,2025-10-23 18:50:42
0,2535,0,2025-06-09 07:59:56,2026-08-14 20:05:56
96,2536,0,2025-05-06 01:12:03,2025-11-06 02:28:39
99,2536,0,2025-05-06 01:12:03,2025-11-06 02:28:39
28,2536,0,2025-05-06 01:12:03,2025-11-06 02:28:39
31,2536,0,2025-05-06 01:12:03,2025-11-06 02:28:39
0,2537,1,2023-01-23 15:10:03,2023-09-12 16:21:27
0,2538,1,2026-01-23 19:08:44,2026-06-24 09:43:33
97,2538,1,2026-01-23 19:08:44,2026-06-24 09:43:33
96,2538,1,2026-01-23 19:08:44,2026-06-24 09:43:33
19,2539,1,2024-08-24 19:24:52,2025-04-09 05:18:03
27,2539,1,2024-08-24 19:24:52,2025-04-09 05:18:03
22,2539,1,2024-08-24 19:24:52,2025-04-09 05:18:03
1,2540,1,2024-11-02 01:52:26,2025-10-16 16:35:15
4,2540,1,2024-11-02 01:52:26,2025-10-16 16:35:15
32,2541,1,2025-10-12 09:00:24,2025-11-27 07:47:01
28,2541,1,2025-10-12 09:00:24,2025-11-27 07:47:01
28,2542,1,2024-10-26 10:48:38,2025-08-11 16:07:37
29,2542,1,2024-10-26 10:48:38,2025-08-11 16:07:37
1,2543,1,2023-07-24 07:40:15,2026-02-12 15:27:47
4,2543,1,2023-07-24 07:40:15,2026-02-12 15:27:47
0,2544,1,2025-05-17 19:05:24,2026-03-25 03:50:05
97,2544,1,2025-05-17 19:05:24,2026-03-25 03:50:05
96,2544,1,2025-05-17 19:05:24,2026-03-25 03:50:05
0,2545,1,2023-07-01 11:42:23,2024-11-15 04:39:36
0,2546,1,2026-04-08 05:31:47,2026-05-12 20:17:00
0,2547,1,2024-11-13 20:36:42,2026-07-22 21:35:34
1,2548,0,2024-03-24 06:48:26,2025-08-12 05:02:56
2,2548,0,2024-03-24 06:48:26,2025-08-12 05:02:56
13,2548,0,2024-03-24 06:48:26,2025-08-12 05:02:56
0,2549,1,2025-04-10 03:02:21,2025-10-02 01:31:19
96,2550,1,2026-02-05 22:11:45,2026-06-20 22:58:39
1,2550,1,2026-02-05 22:11:45,2026-06-20 22:58:39
97,2550,1,2026-02-05 22:11:45,2026-06-20 22:58:39
3,2550,1,2026-02-05 22:11:45,2026-06-20 22:58:39
7,2550,1,2026-02-05 22:11:45,2026-06-20 22:58:39
15,2550,1,2026-02-05 22:11:45,2026-06-20 22:58:39
28,2551,1,2023-07-18 09:57:46,2026-05-06 05:20:33
31,2551,1,2023-07-18 09:57:46,2026-05-06 05:20:33
0,2552,1,2025-09-10 19:24:30,2026-03-09 17:48:42
99,2552,1,2025-09-10 19:24:30,2026-03-09 17:48:42
96,2552,1,2025-09-10 19:24:30,2026-03-09 17:48:42
0,2553,1,2025-08-17 05:31:41,2026-05-13 08:51:01
35,2554,1,2023-09-22 13:39:39,2026-08-15 21:10:01
28,2554,1,2023-09-22 13:39:39,2026-08-15 21:10:01
0,2555,1,2025-01-30 00:41:38,2025-11-12 01:14:53
0,2556,0,2026-08-16 00:54:44,2026-09-15 22:45:31
97,2556,0,2026-08-16 00:54:44,2026-09-15 22:45:31
96,2556,0,2026-08-16 00:54:44,2026-09-15 22:45:31
0,2557,1,2024-02-23 06:10:52,2026-02-24 21:17:50
0,2558,1,2024-11-11 23:15:37,2025-12-27 19:07:32
1,2559,0,2024-12-14 17:59:50,2025-05-18 15:48:21
2,2559,0,2024-12-14 17:59:50,2025-05-18 15:48:21
14,2559,0,2024-12-14 17:59:50,2025-05-18 15:48:21
0,2560,0,2025-04-10 00:43:45,2025-05-03 13:17:08
99,2560,0,2025-04-10 00:43:45,2025-05-03 13:17:08
96,2560,0,2025-04-10 00:43:45,2025-05-03 13:17:08
0,2561,1,2025-12-05 08:41:52,2026-02-21 10:31:09
0,2562,0,2025-01-07 00:11:29,2026-02-04 01:13:46
97,2562,0,2025-01-07 00:11:29,2026-02-04 01:13:46
96,2562,0,2025-01-07 00:11:29,2026-02-04 01:13:46
24,2563,1,2025-04-23 23:52:50,2026-04-28 02:34:59
19,2563,1,2025-04-23 23:52:50,2026-04-28 02:34:59
20,2563,1,2025-04-23 23:52:50,2026-04-28 02:34:59
28,2564,1,2024-05-01 22:40:14,2025-02-07 22:56:43
31,2564,1,2024-05-01 22:40:14,2025-02-07 22:56:43
1,2565,1,2026-02-06 08:47:55,2026-05-05 07:14:37
4,2565,1,2026-02-06 08:47:55,2026-05-05 07:14:37
0,2566,1,2024-07-07 09:36:23,2026-04-28 09:22:40
0,2567,1,2024-11-18 16:47:39,2026-06-18 06:23:42
96,2568,1,2023-12-15 17:21:58,2024-11-05 19:00:38
97,2568,1,2023-12-15 17:21:58,2024-11-05 19:00:38
19,2568,1,2023-12-15 17:21:58,2024-11-05 19:00:38
20,2568,1,2023-12-15 17:21:58,2024-11-05 19:00:38
24,2568,1,2023-12-15 17:21:58,2024-11-05 19:00:38
19,2569,1,2024-02-11 23:48:41,2025-07-26 10:10:42
27,2569,1,2024-02-11 23:48:41,2025-07-26 10:10:42
22,2569,1,2024-02-11 23:48:41,2025-07-26 10:10:42
0,2570,1,2025-04-06 20:18:50,2026-07-13 10:40:51
35,2571,1,2023-09-12 08:08:29,2024-02-07 05:26:31
28,2571,1,2023-09-12 08:08:29,2024-02-07 05:26:31
24,2572,1,2024-08-28 15:07:31,2025-03-31 17:34:27
19,2572,1,2024-08-28 15:07:31,2025-03-31 17:34:27
20,2572,1,2024-08-28 15:07:31,2025-03-31 17:34:27
28,2573,1,2025-05-21 13:05:14,2026-03-05 15:49:17
29,2573,1,2025-05-21 13:05:14,2026-03-05 15:49:17
0,2574,1,2026-08-01 21:55:15,2026-08-30 16:02:31
97,2574,1,2026-08-01 21:55:15,2026-08-30 16:02:31
96,2574,1,2026-08-01 21:55:15,2026-08-30 16:02:31
0,2575,0,2025-08-04 08:43:23,2025-09-30 19:47:08
96,2576,1,2023-05-08 07:17:27,2025-04-25 04:27:05
33,2576,1,2023-05-08 07:17:27,2025-04-25 04:27:05
99,2576,1,2023-05-08 07:17:27,2025-04-25 04:27:05
28,2576,1,2023-05-08 07:17:27,2025-04-25 04:27:05
1,2577,1,2026-06-13 15:59:27,2026-06-23 06:24:05
2,2577,1,2026-06-13 15:59:27,2026-06-23 06:24:05
13,2577,1,2026-06-13 15:59:27,2026-06-23 06:24:05
0,2578,0,2024-08-30 17:41:12,2025-10-11 06:00:42
1,2579,0,2025-02-20 00:54:12,2025-11-12 11:00:26
4,2579,0,2025-02-20 00:54:12,2025-11-12 11:00:26
96,2580,1,2026-07-20 00:39:57,2026-09-10 08:05:32
97,2580,1,2026-07-20 00:39:57,2026-09-10 08:05:32
19,2580,1,2026-07-20 00:39:57,2026-09-10 08:05:32
21,2580,1,2026-07-20 00:39:57,2026-09-10 08:05:32
26,2580,1,2026-07-20 00:39:57,2026-09-10 08:05:32
24,2581,0,2025-10-17 03:13:16,2026-09-09 19:10:07
19,2581,0,2025-10-17 03:13:16,2026-09-09 19:10:07
20,2581,0,2025-10-17 03:13:16,2026-09-09 19:10:07
32,2582,1,2024-07-29 09:45:22,2025-12-01 17:01:50
28,2582,1,2024-07-29 09:45:22,2025-12-01 17:01:50
33,2583,1,2023-05-19 22:12:07,2026-01-19 11:53:34
28,2583,1,2023-05-19 22:12:07,2026-01-19 11:53:34
96,2584,1,2026-04-09 07:01:24,2026-08-17 04:29:27
1,2584,1,2026-04-09 07:01:24,2026-08-17 04:29:27
99,2584,1,2026-04-09 07:01:24,2026-08-17 04:29:27
3,2584,1,2026-04-09 07:01:24,2026-08-17 04:29:27
7,2584,1,2026-04-09 07:01:24,2026-08-17 04:29:27
15,2584,1,2026-04-09 07:01:24,2026-08-17 04:29:27
1,2585,1,2023-07-09 07:17:24,2025-12-19 13:56:42
3,2585,1,2023-07-09 07:17:24,2025-12-19 13:56:42
7,2585,1,2023-07-09 07:17:24,2025-12-19 13:56:42
15,2585,1,2023-07-09 07:17:24,2025-12-19 13:56:42
0,2586,0,2023-07-15 04:34:47,2025-12-22 02:24:18
97,2586,0,2023-07-15 04:34:47,2025-12-22 02:24:18
96,2586,0,2023-07-15 04:34:47,2025-12-22 02:24:18
0,2587,1,2023-03-07 15:39:41,2025-08-15 06:43:51
0,2588,1,2023-03-08 08:35:11,2024-05-21 14:46:03
1,2589,1,2023-04-19 05:48:49,2024-10-03 11:08:21
3,2589,1,2023-04-19 05:48:49,2024-10-03 11:08:21
7,2589,1,2023-04-19 05:48:49,2024-10-03 11:08:21
15,2589,1,2023-04-19 05:48:49,2024-10-03 11:08:21
28,2590,1,2023-12-04 03:34:30,2025-05-28 19:16:07
29,2590,1,2023-12-04 03:34:30,2025-05-28 19:16:07
28,2591,0,2023-04-04 18:08:48,2026-04-02 20:53:41
29,2591,0,2023-04-04 18:08:48,2026-04-02 20:53:41
96,2592,1,2023-05-21 08:24:06,2024-12-11 00:38:29
1,2592,1,2023-05-21 08:24:06,2024-12-11 00:38:29
2,2592,1,2023-05-21 08:24:06,2024-12-11 00:38:29
97,2592,1,2023-05-21 08:24:06,2024-12-11 00:38:29
13,2592,1,2023-05-21 08:24:06,2024-12-11 00:38:29
1,2593,1,2024-01-07 21:48:23,2026-07-04 08:06:11
2,2593,1,2024-01-07 21:48:23,2026-07-04 08:06:11
14,2593,1,2024-01-07 21:48:23,2026-07-04 08:06:11
0,2594,1,2024-08-13 01:07:14,2025-03-26 10:25:04
0,2595,1,2025-01-02 12:09:56,2026-01-15 02:49:37
0,2596,1,2024-09-28 16:39:35,2024-10-02 08:00:46
1,2597,1,2024-02-03 08:12:27,2024-05-20 01:04:54
3,2597,1,2024-02-03 08:12:27,2024-05-20 01:04:54
7,2597,1,2024-02-03 08:12:27,2024-05-20 01:04:54
15,2597,1,2024-02-03 08:12:27,2024-05-20 01:04:54
96,2598,1,2024-06-04 00:50:09,2026-09-13 18:29:13
97,2598,1,2024-06-04 00:50:09,2026-09-13 18:29:13
19,2598,1,2024-06-04 00:50:09,2026-09-13 18:29:13
21,2598,1,2024-06-04 00:50:09,2026-09-13 18:29:13
26,2598,1,2024-06-04 00:50:09,2026-09-13 18:29:13
1,2599,1,2025-11-05 16:31:22,2026-06-11 06:07:08
2,2599,1,2025-11-05 16:31:22,2026-06-11 06:07:08
14,2599,1,2025-11-05 16:31:22,2026-06-11 06:07:08
99,2600,1,2024-10-13 23:29:29,2025-03-24 22:47:02
35,2600,1,2024-10-13 23:29:29,2025-03-24 22:47:02
28,2600,1,2024-10-13 23:29:29,2025-03-24 22:47:02
96,2600,1,2024-10-13 23:29:29,2025-03-24 22:47:02
26,2601,1,2024-12-05 03:47:17,2025-03-05 07:17:20
19,2601,1,2024-12-05 03:47:17,2025-03-05 07:17:20
21,2601,1,2024-12-05 03:47:17,2025-03-05 07:17:20
28,2602,1,2025-06-12 18:23:47,2026-04-28 14:11:09
29,2602,1,2025-06-12 18:23:47,2026-04-28 14:11:09
32,2603,0,2025-08-31 12:55:36,2026-09-10 09:08:59
28,2603,0,2025-08-31 12:55:36,2026-09-10 09:08:59
96,2604,1,2026-04-03 18:59:21,2026-05-26 03:31:14
1,2604,1,2026-04-03 18:59:21,2026-05-26 03:31:14
2,2604,1,2026-04-03 18:59:21,2026-05-26 03:31:14
97,2604,1,2026-04-03 18:59:21,2026-05-26 03:31:14
13,2604,1,2026-04-03 18:59:21,2026-05-26 03:31:14
1,2605,1,2025-04-15 04:34:53,2026-04-02 13:41:13
3,2605,1,2025-04-15 04:34:53,2026-04-02 13:41:13
7,2605,1,2025-04-15 04:34:53,2026-04-02 13:41:13
15,2605,1,2025-04-15 04:34:53,2026-04-02 13:41:13
33,2606,1,2025-09-24 00:10:06,2026-03-07 23:45:40
28,2606,1,2025-09-24 00:10:06,2026-03-07 23:45:40
35,2607,1,2026-04-19 22:41:17,2026-09-06 22:03:40
28,2607,1,2026-04-19 22:41:17,2026-09-06 22:03:40
0,2608,0,2024-12-30 22:53:28,2025-12-10 04:30:15
99,2608,0,2024-12-30 22:53:28,2025-12-10 04:30:15
96,2608,0,2024-12-30 22:53:28,2025-12-10 04:30:15
0,2609,1,2024-11-29 06:50:25,2024-12-10 02:24:46
0,2610,1,2024-06-26 07:38:17,2025-04-22 03:15:04
97,2610,1,2024-06-26 07:38:17,2025-04-22 03:15:04
96,2610,1,2024-06-26 07:38:17,2025-04-22 03:15:04
28,2611,1,2024-06-25 15:45:47,2025-08-10 13:18:45
29,2611,1,2024-06-25 15:45:47,2025-08-10 13:18:45
0,2612,1,2025-08-07 11:40:34,2025-09-03 13:19:51
0,2613,1,2023-01-31 13:44:00,2023-04-29 11:49:34
0,2614,1,2024-02-25 13:16:11,2025-09-24 05:46:47
0,2615,0,2024-04-25 21:28:16,2024-09-26 08:39:16
96,2616,0,2025-01-07 08:57:34,2025-05-04 16:14:19
33,2616,0,2025-01-07 08:57:34,2025-05-04 16:14:19
28,2616,0,2025-01-07 08:57:34,2025-05-04 16:14:19
97,2616,0,2025-01-07 08:57:34,2025-05-04 16:14:19
19,2617,1,2025-02-09 12:33:09,2025-09-29 09:52:39
27,2617,1,2025-02-09 12:33:09,2025-09-29 09:52:39
22,2617,1,2025-02-09 12:33:09,2025-09-29 09:52:39
33,2618,1,2023-09-25 19:12:54,2025-07-08 00:43:15
28,2618,1,2023-09-25 19:12:54,2025-07-08 00:43:15
1,2619,1,2025-03-27 20:45:12,2026-02-26 02:45:17
4,2619,1,2025-03-27 20:45:12,2026-02-26 02:45:17
1,2620,0,2024-09-12 09:04:54,2025-08-26 20:32:20
4,2620,0,2024-09-12 09:04:54,2025-08-26 20:32:20
0,2621,1,2024-08-30 06:41:34,2026-07-25 02:18:46
96,2622,0,2025-06-25 06:26:41,2025-07-19 11:37:52
97,2622,0,2025-06-25 06:26:41,2025-07-19 11:37:52
19,2622,0,2025-06-25 06:26:41,2025-07-19 11:37:52
21,2622,0,2025-06-25 06:26:41,2025-07-19 11:37:52
26,2622,0,2025-06-25 06:26:41,2025-07-19 11:37:52
1,2623,1,2024-01-14 02:25:25,2024-08-13 05:48:18
2,2623,1,2024-01-14 02:25:25,2024-08-13 05:48:18
13,2623,1,2024-01-14 02:25:25,2024-08-13 05:48:18
96,2624,0,2024-12-17 21:11:20,2025-02-25 09:07:41
1,2624,0,2024-12-17 21:11:20,2025-02-25 09:07:41
99,2624,0,2024-12-17 21:11:20,2025-02-25 09:07:41
3,2624,0,2024-12-17 21:11:20,2025-02-25 09:07:41
7,2624,0,2024-12-17 21:11:20,2025-02-25 09:07:41
15,2624,0,2024-12-17 21:11:20,2025-02-25 09:07:41
28,2625,1,2023-11-14 04:53:55,2026-03-02 21:32:10
31,2625,1,2023-11-14 04:53:55,2026-03-02 21:32:10
19,2626,1,2025-02-08 21:50:20,2025-05-30 14:53:05
27,2626,1,2025-02-08 21:50:20,2025-05-30 14:53:05
22,2626,1,2025-02-08 21:50:20,2025-05-30 14:53:05
0,2627,1,2026-02-28 22:59:59,2026-08-06 05:17:35
96,2628,1,2025-01-06 06:32:47,2025-01-11 03:46:32
1,2628,1,2025-01-06 06:32:47,2025-01-11 03:46:32
4,2628,1,2025-01-06 06:32:47,2025-01-11 03:46:32
97,2628,1,2025-01-06 06:32:47,2025-01-11 03:46:32
0,2629,1,2026-07-05 16:11:20,2026-07-27 13:50:06
1,2630,1,2023-01-24 22:01:57,2023-09-05 17:22:43
2,2630,1,2023-01-24 22:01:57,2023-09-05 17:22:43
14,2630,1,2023-01-24 22:01:57,2023-09-05 17:22:43
1,2631,1,2025-06-25 04:31:49,2026-01-22 03:28:07
3,2631,1,2025-06-25 04:31:49,2026-01-22 03:28:07
7,2631,1,2025-06-25 04:31:49,2026-01-22 03:28:07
15,2631,1,2025-06-25 04:31:49,2026-01-22 03:28:07
96,2632,0,2023-02-05 02:44:10,2023-12-25 14:38:23
1,2632,0,2023-02-05 02:44:10,2023-12-25 14:38:23
2,2632,0,2023-02-05 02:44:10,2023-12-25 14:38:23
99,2632,0,2023-02-05 02:44:10,2023-12-25 14:38:23
14,2632,0,2023-02-05 02:44:10,2023-12-25 14:38:23
0,2633,1,2024-09-27 07:42:14,2024-11-27 14:33:31
0,2634,1,2024-02-24 23:19:06,2025-08-13 19:51:08
97,2634,1,2024-02-24 23:19:06,2025-08-13 19:51:08
96,2634,1,2024-02-24 23:19:06,2025-08-13 19:51:08
0,2635,1,2023-06-15 03:10:29,2025-11-24 07:42:06
1,2636,0,2024-09-20 12:42:30,2026-05-01 20:33:48
4,2636,0,2024-09-20 12:42:30,2026-05-01 20:33:48
1,2637,1,2026-05-14 00:43:15,2026-08-21 18:42:49
2,2637,1,2026-05-14 00:43:15,2026-08-21 18:42:49
14,2637,1,2026-05-14 00:43:15,2026-08-21 18:42:49
26,2638,1,2025-02-16 00:48:12,2026-03-31 05:11:08
19,2638,1,2025-02-16 00:48:12,2026-03-31 05:11:08
21,2638,1,2025-02-16 00:48:12,2026-03-31 05:11:08
0,2639,1,2026-06-29 04:02:31,2026-08-31 23:46:35
96,2640,0,2023-07-22 22:13:14,2023-12-03 03:21:45
97,2640,0,2023-07-22 22:13:14,2023-12-03 03:21:45
35,2640,0,2023-07-22 22:13:14,2023-12-03 03:21:45
28,2640,0,2023-07-22 22:13:14,2023-12-03 03:21:45
26,2641,0,2026-07-03 20:27:53,2026-09-16 11:16:51
19,2641,0,2026-07-03 20:27:53,2026-09-16 11:16:51
21,2641,0,2026-07-03 20:27:53,2026-09-16 11:16:51
28,2642,1,2023-12-25 00:13:02,2025-03-01 19:16:15
31,2642,1,2023-12-25 00:13:02,2025-03-01 19:16:15
35,2643,1,2025-02-22 04:48:29,2025-06-24 16:55:41
28,2643,1,2025-02-22 04:48:29,2025-06-24 16:55:41
1,2644,1,2023-08-18 23:06:54,2026-09-01 18:28:12
4,2644,1,2023-08-18 23:06:54,2026-09-01 18:28:12
1,2645,1,2026-09-07 15:01:10,2026-09-07 19:15:21
2,2645,1,2026-09-07 15:01:10,2026-09-07 19:15:21
13,2645,1,2026-09-07 15:01:10,2026-09-07 19:15:21
96,2646,1,2023-02-02 00:48:48,2023-03-02 06:22:41
97,2646,1,2023-02-02 00:48:48,2023-03-02 06:22:41
19,2646,1,2023-02-02 00:48:48,2023-03-02 06:22:41
20,2646,1,2023-02-02 00:48:48,2023-03-02 06:22:41
24,2646,1,2023-02-02 00:48:48,2023-03-02 06:22:41
35,2647,1,2024-01-07 16:43:57,2026-07-18 01:06:07
28,2647,1,2024-01-07 16:43:57,2026-07-18 01:06:07
96,2648,1,2026-05-25 03:34:20,2026-05-25 15:55:21
1,2648,1,2026-05-25 03:34:20,2026-05-25 15:55:21
99,2648,1,2026-05-25 03:34:20,2026-05-25 15:55:21
4,2648,1,2026-05-25 03:34:20,2026-05-25 15:55:21
1,2649,1,2023-11-10 02:00:45,2025-10-19 14:44:59
2,2649,1,2023-11-10 02:00:45,2025-10-19 14:44:59
13,2649,1,2023-11-10 02:00:45,2025-10-19 14:44:59
32,2650,1,2024-08-26 01:18:57,2024-09-01 23:20:34
28,2650,1,2024-08-26 01:18:57,2024-09-01 23:20:34
35,2651,0,2024-10-22 14:44:42,2025-10-30 11:07:56
28,2651,0,2024-10-22 14:44:42,2025-10-30 11:07:56
0,2652,0,2025-03-11 02:27:19,2025-10-12 12:15:41
97,2652,0,2025-03-11 02:27:19,2025-10-12 12:15:41
96,2652,0,2025-03-11 02:27:19,2025-10-12 12:15:41
0,2653,1,2023-05-09 03:08:57,2023-10-05 10:48:38
24,2654,1,2025-12-14 13:29:15,2026-03-25 04:49:40
19,2654,1,2025-12-14 13:29:15,2026-03-25 04:49:40
20,2654,1,2025-12-14 13:29:15,2026-03-25 04:49:40
1,2655,1,2025-09-14 20:53:22,2025-12-24 18:09:38
3,2655,1,2025-09-14 20:53:22,2025-12-24 18:09:38
7,2655,1,2025-09-14 20:53:22,2025-12-24 18:09:38
15,2655,1,2025-09-14 20:53:22,2025-12-24 18:09:38
96,2656,1,2024-09-30 15:30:30,2024-10-23 22:12:51
1,2656,1,2024-09-30 15:30:30,2024-10-23 22:12:51
2,2656,1,2024-09-30 15:30:30,2024-10-23 22:12:51
99,2656,1,2024-09-30 15:30:30,2024-10-23 22:12:51
13,2656,1,2024-09-30 15:30:30,2024-10-23 22:12:51
0,2657,1,2026-09-02 23:33:14,2026-09-12 19:08:48
96,2658,1,2024-02-19 18:21:11,2024-03-15 16:04:06
97,2658,1,2024-02-19 18:21:11,2024-03-15 16:04:06
19,2658,1,2024-02-19 18:21:11,2024-03-15 16:04:06
21,2658,1,2024-02-19 18:21:11,2024-03-15 16:04:06
26,2658,1,2024-02-19 18:21:11,2024-03-15 16:04:06
33,2659,1,2025-03-08 10:39:44,2026-02-18 10:28:07
28,2659,1,2025-03-08 10:39:44,2026-02-18 10:28:07
24,2660,1,2023-02-22 07:42:26,2025-05-27 00:17:25
19,2660,1,2023-02-22 07:42:26,2025-05-27 00:17:25
20,2660,1,2023-02-22 07:42:26,2025-05-27 00:17:25
0,2661,1,2024-12-27 08:14:07,2025-06-21 23:18:24
0,2662,1,2024-06-19 01:41:02,2026-05-26 00:12:14
1,2663,0,2023-08-05 16:32:07,2025-12-09 15:55:41
2,2663,0,2023-08-05 16:32:07,2025-12-09 15:55:41
13,2663,0,2023-08-05 16:32:07,2025-12-09 15:55:41
96,2664,1,2026-05-06 11:27:18,2026-09-06 02:40:32
1,2664,1,2026-05-06 11:27:18,2026-09-06 02:40:32
97,2664,1,2026-05-06 11:27:18,2026-09-06 02:40:32
3,2664,1,2026-05-06 11:27:18,2026-09-06 02:40:32
7,2664,1,2026-05-06 11:27:18,2026-09-06 02:40:32
15,2664,1,2026-05-06 11:27:18,2026-09-06 02:40:32
1,2665,1,2023-06-27 17:58:15,2023-08-16 00:05:56
3,2665,1,2023-06-27 17:58:15,2023-08-16 00:05:56
7,2665,1,2023-06-27 17:58:15,2023-08-16 00:05:56
15,2665,1,2023-06-27 17:58:15,2023-08-16 00:05:56
0,2666,1,2023-02-06 13:19:22,2023-05-01 02:27:54
24,2667,1,2026-01-28 18:32:27,2026-04-07 00:56:19
19,2667,1,2026-01-28 18:32:27,2026-04-07 00:56:19
20,2667,1,2026-01-28 18:32:27,2026-04-07 00:56:19
24,2668,1,2023-02-15 14:48:32,2025-11-28 21:54:24
19,2668,1,2023-02-15 14:48:32,2025-11-28 21:54:24
20,2668,1,2023-02-15 14:48:32,2025-11-28 21:54:24
0,2669,1,2023-12-15 13:48:15,2025-01-20 05:12:07
96,2670,1,2024-11-14 05:09:22,2025-10-05 15:10:20
1,2670,1,2024-11-14 05:09:22,2025-10-05 15:10:20
2,2670,1,2024-11-14 05:09:22,2025-10-05 15:10:20
97,2670,1,2024-11-14 05:09:22,2025-10-05 15:10:20
14,2670,1,2024-11-14 05:09:22,2025-10-05 15:10:20
0,2671,1,2024-01-03 13:00:22,2024-01-14 04:09:11
0,2672,1,2023-12-31 20:54:11,2025-06-27 03:29:47
99,2672,1,2023-12-31 20:54:11,2025-06-27 03:29:47
96,2672,1,2023-12-31 20:54:11,2025-06-27 03:29:47
35,2673,1,2026-03-21 17:52:18,2026-04-10 11:09:38
28,2673,1,2026-03-21 17:52:18,2026-04-10 11:09:38
33,2674,0,2024-08-31 22:14:44,2026-06-21 01:08:13
28,2674,0,2024-08-31 22:14:44,2026-06-21 01:08:13
26,2675,1,2024-03-04 20:20:06,2024-07-01 19:45:26
19,2675,1,2024-03-04 20:20:06,2024-07-01 19:45:26
21,2675,1,2024-03-04 20:20:06,2024-07-01 19:45:26
96,2676,1,2026-05-12 09:19:14,2026-09-10 11:15:08
97,2676,1,2026-05-12 09:19:14,2026-09-10 11:15:08
19,2676,1,2026-05-12 09:19:14,2026-09-10 11:15:08
20,2676,1,2026-05-12 09:19:14,2026-09-10 11:15:08
24,2676,1,2026-05-12 09:19:14,2026-09-10 11:15:08
1,2677,1,2025-09-19 19:49:13,2025-12-09 11:39:50
2,2677,1,2025-09-19 19:49:13,2025-12-09 11:39:50
14,2677,1,2025-09-19 19:49:13,2025-12-09 11:39:50
0,2678,0,2025-05-28 16:02:23,2026-06-08 02:45:30
1,2679,1,2024-04-22 20:08:30,2024-07-15 04:16:05
2,2679,1,2024-04-22 20:08:30,2024-07-15 04:16:05
14,2679,1,2024-04-22 20:08:30,2024-07-15 04:16:05
96,2680,1,2023-08-23 06:49:26,2024-01-05 05:58:09
1,2680,1,2023-08-23 06:49:26,2024-01-05 05:58:09
2,2680,1,2023-08-23 06:49:26,2024-01-05 05:58:09
99,2680,1,2023-08-23 06:49:26,2024-01-05 05:58:09
14,2680,1,2023-08-23 06:49:26,2024-01-05 05:58:09
1,2681,1,2023-09-12 04:27:17,2025-03-19 15:17:33
3,2681,1,2023-09-12 04:27:17,2025-03-19 15:17:33
7,2681,1,2023-09-12 04:27:17,2025-03-19 15:17:33
15,2681,1,2023-09-12 04:27:17,2025-03-19 15:17:33
0,2682,1,2025-09-25 13:59:43,2026-08-09 09:39:59
97,2682,1,2025-09-25 13:59:43,2026-08-09 09:39:59
96,2682,1,2025-09-25 13:59:43,2026-08-09 09:39:59
24,2683,0,2023-05-05 18:05:37,2025-08-07 22:31:53
19,2683,0,2023-05-05 18:05:37,2025-08-07 22:31:53
20,2683,0,2023-05-05 18:05:37,2025-08-07 22:31:53
33,2684,1,2025-11-17 22:39:39,2026-07-03 19:39:15
28,2684,1,2025-11-17 22:39:39,2026-07-03 19:39:15
1,2685,0,2024-03-06 15:47:17,2026-09-04 01:02:43
2,2685,0,2024-03-06 15:47:17,2026-09-04 01:02:43
14,2685,0,2024-03-06 15:47:17,2026-09-04 01:02:43
26,2686,1,2024-06-23 12:54:17,2024-11-23 07:16:12
19,2686,1,2024-06-23 12:54:17,2024-11-23 07:16:12
21,2686,1,2024-06-23 12:54:17,2024-11-23 07:16:12
1,2687,1,2023-11-01 14:08:35,2026-08-17 10:39:59
4,2687,1,2023-11-01 14:08:35,2026-08-17 10:39:59
0,2688,1,2024-04-28 01:15:21,2026-07-27 02:31:04
97,2688,1,2024-04-28 01:15:21,2026-07-27 02:31:04
96,2688,1,2024-04-28 01:15:21,2026-07-27 02:31:04
26,2689,0,2024-08-21 03:43:31,2024-10-01 05:19:09
19,2689,0,2024-08-21 03:43:31,2024-10-01 05:19:09
21,2689,0,2024-08-21 03:43:31,2024-10-01 05:19:09
0,2690,0,2026-07-10 08:45:37,2026-09-05 20:44:54
0,2691,1,2023-11-23 00:01:16,2025-02-27 15:19:57
0,2692,1,2025-07-05 01:23:09,2026-07-02 12:05:18
35,2693,1,2023-08-30 16:44:38,2025-03-03 19:50:47
28,2693,1,2023-08-30 16:44:38,2025-03-03 19:50:47
0,2694,1,2026-08-06 06:50:01,2026-09-06 03:58:54
97,2694,1,2026-08-06 06:50:01,2026-09-06 03:58:54
96,2694,1,2026-08-06 06:50:01,2026-09-06 03:58:54
0,2695,1,2023-04-30 16:18:30,2024-03-15 17:46:34
0,2696,1,2023-09-16 14:22:07,2026-01-30 14:16:52
99,2696,1,2023-09-16 14:22:07,2026-01-30 14:16:52
96,2696,1,2023-09-16 14:22:07,2026-01-30 14:16:52
28,2697,1,2025-07-19 02:48:19,2025-08-31 19:09:33
29,2697,1,2025-07-19 02:48:19,2025-08-31 19:09:33
0,2698,0,2023-06-22 12:55:20,2026-02-02 19:00:54
0,2699,0,2025-09-11 11:39:40,2026-02-07 16:38:21
0,2700,1,2026-07-25 00:18:37,2026-08-16 00:31:28
97,2700,1,2026-07-25 00:18:37,2026-08-16 00:31:28
96,2700,1,2026-07-25 00:18:37,2026-08-16 00:31:28
0,2701,1,2026-05-25 01:37:17,2026-07-19 18:11:14
35,2702,0,2023-02-18 21:34:42,2023-03-13 18:46:13
28,2702,0,2023-02-18 21:34:42,2023-03-13 18:46:13
0,2703,1,2023-11-28 07:55:33,2025-08-03 08:20:15
0,2704,0,2025-11-05 02:00:51,2026-08-28 13:35:20
99,2704,0,2025-11-05 02:00:51,2026-08-28 13:35:20
96,2704,0,2025-11-05 02:00:51,2026-08-28 13:35:20
19,2705,1,2023-01-31 22:47:13,2024-09-27 03:16:49
27,2705,1,2023-01-31 22:47:13,2024-09-27 03:16:49
22,2705,1,2023-01-31 22:47:13,2024-09-27 03:16:49
0,2706,1,2025-06-16 23:47:41,2026-03-27 05:52:08
97,2706,1,2025-06-16 23:47:41,2026-03-27 05:52:08
96,2706,1,2025-06-16 23:47:41,2026-03-27 05:52:08
33,2707,1,2026-07-03 04:29:40,2026-07-17 06:48:55
28,2707,1,2026-07-03 04:29:40,2026-07-17 06:48:55
19,2708,1,2026-06-17 12:38:10,2026-08-19 12:23:52
27,2708,1,2026-06-17 12:38:10,2026-08-19 12:23:52
22,2708,1,2026-06-17 12:38:10,2026-08-19 12:23:52
28,2709,1,2025-08-21 03:22:44,2026-02-09 16:12:29
29,2709,1,2025-08-21 03:22:44,2026-02-09 16:12:29
32,2710,1,2023-01-16 20:59:17,2024-04-29 03:01:47
28,2710,1,2023-01-16 20:59:17,2024-04-29 03:01:47
1,2711,1,2023-03-14 18:43:17,2023-10-29 16:42:15
4,2711,1,2023-03-14 18:43:17,2023-10-29 16:42:15
96,2712,0,2024-08-25 22:42:44,2026-02-19 07:42:16
1,2712,0,2024-08-25 22:42:44,2026-02-19 07:42:16
4,2712,0,2024-08-25 22:42:44,2026-02-19 07:42:16
97,2712,0,2024-08-25 22:42:44,2026-02-19 07:42:16
1,2713,1,2023-05-26 04:54:13,2023-05-31 01:58:52
2,2713,1,2023-05-26 04:54:13,2023-05-31 01:58:52
14,2713,1,2023-05-26 04:54:13,2023-05-31 01:58:52
1,2714,1,2026-04-09 03:29:21,2026-05-09 08:01:22
3,2714,1,2026-04-09 03:29:21,2026-05-09 08:01:22
7,2714,1,2026-04-09 03:29:21,2026-05-09 08:01:22
15,2714,1,2026-04-09 03:29:21,2026-05-09 08:01:22
0,2715,1,2025-01-03 22:32:07,2025-07-14 14:53:00
35,2716,1,2024-11-28 13:25:42,2025-12-16 05:38:09
28,2716,1,2024-11-28 13:25:42,2025-12-16 05:38:09
1,2717,0,2025-02-12 05:29:06,2026-03-12 18:51:53
3,2717,0,2025-02-12 05:29:06,2026-03-12 18:51:53
7,2717,0,2025-02-12 05:29:06,2026-03-12 18:51:53
15,2717,0,2025-02-12 05:29:06,2026-03-12 18:51:53
96,2718,1,2026-03-30 09:20:50,2026-08-07 18:30:54
1,2718,1,2026-03-30 09:20:50,2026-08-07 18:30:54
4,2718,1,2026-03-30 09:20:50,2026-08-07 18:30:54
97,2718,1,2026-03-30 09:20:50,2026-08-07 18:30:54
0,2719,1,2024-11-06 22:53:05,2026-06-19 00:04:56
0,2720,1,2023-04-11 10:37:10,2025-02-25 08:32:01
99,2720,1,2023-04-11 10:37:10,2025-02-25 08:32:01
96,2720,1,2023-04-11 10:37:10,2025-02-25 08:32:01
1,2721,1,2024-07-15 19:25:51,2026-03-04 18:12:24
4,2721,1,2024-07-15 19:25:51,2026-03-04 18:12:24
0,2722,1,2023-12-03 08:11:27,2024-05-03 02:48:31
0,2723,1,2024-04-05 14:34:35,2024-07-27 20:20:06
96,2724,1,2023-09-09 15:42:36,2026-01-30 15:47:48
1,2724,1,2023-09-09 15:42:36,2026-01-30 15:47:48
2,2724,1,2023-09-09 15:42:36,2026-01-30 15:47:48
97,2724,1,2023-09-09 15:42:36,2026-01-30 15:47:48
14,2724,1,2023-09-09 15:42:36,2026-01-30 15:47:48
0,2725,1,2024-12-01 09:35:12,2025-04-24 19:41:38
35,2726,1,2023-01-16 23:28:29,2024-12-08 18:11:27
28,2726,1,2023-01-16 23:28:29,2024-12-08 18:11:27
19,2727,1,2024-06-09 11:08:47,2025-04-28 23:06:47
27,2727,1,2024-06-09 11:08:47,2025-04-28 23:06:47
22,2727,1,2024-06-09 11:08:47,2025-04-28 23:06:47
96,2728,0,2023-07-14 18:31:05,2024-06-17 05:58:31
99,2728,0,2023-07-14 18:31:05,2024-06-17 05:58:31
19,2728,0,2023-07-14 18:31:05,2024-06-17 05:58:31
20,2728,0,2023-07-14 18:31:05,2024-06-17 05:58:31
24,2728,0,2023-07-14 18:31:05,2024-06-17 05:58:31
28,2729,1,2026-05-23 14:39:29,2026-07-13 17:28:28
29,2729,1,2026-05-23 14:39:29,2026-07-13 17:28:28
96,2730,1,2026-04-26 22:55:26,2026-07-07 21:39:18
97,2730,1,2026-04-26 22:55:26,2026-07-07 21:39:18
19,2730,1,2026-04-26 22:55:26,2026-07-07 21:39:18
20,2730,1,2026-04-26 22:55:26,2026-07-07 21:39:18
24,2730,1,2026-04-26 22:55:26,2026-07-07 21:39:18
0,2731,0,2026-04-14 06:21:09,2026-05-12 09:07:26
0,2732,0,2026-08-19 06:16:18,2026-09-10 01:49:40
26,2733,1,2024-10-01 05:36:14,2025-09-15 22:32:01
19,2733,1,2024-10-01 05:36:14,2025-09-15 22:32:01
21,2733,1,2024-10-01 05:36:14,2025-09-15 22:32:01
0,2734,1,2024-01-31 15:34:14,2024-10-04 07:30:45
26,2735,0,2024-02-08 09:16:22,2024-09-23 23:53:28
19,2735,0,2024-02-08 09:16:22,2024-09-23 23:53:28
21,2735,0,2024-02-08 09:16:22,2024-09-23 23:53:28
0,2736,1,2026-02-05 21:46:10,2026-04-27 00:05:04
97,2736,1,2026-02-05 21:46:10,2026-04-27 00:05:04
96,2736,1,2026-02-05 21:46:10,2026-04-27 00:05:04
0,2737,1,2026-07-22 13:13:48,2026-09-05 16:15:56
0,2738,1,2023-09-13 08:35:35,2023-12-11 05:23:36
1,2739,0,2024-09-19 19:44:28,2025-12-12 02:07:16
2,2739,0,2024-09-19 19:44:28,2025-12-12 02:07:16
14,2739,0,2024-09-19 19:44:28,2025-12-12 02:07:16
35,2740,1,2025-06-17 19:12:23,2025-06-23 21:47:42
28,2740,1,2025-06-17 19:12:23,2025-06-23 21:47:42
28,2741,1,2025-06-02 08:23:40,2026-08-03 05:33:05
31,2741,1,2025-06-02 08:23:40,2026-08-03 05:33:05
96,2742,1,2023-04-05 01:28:06,2025-01-20 02:03:39
1,2742,1,2023-04-05 01:28:06,2025-01-20 02:03:39
2,2742,1,2023-04-05 01:28:06,2025-01-20 02:03:39
97,2742,1,2023-04-05 01:28:06,2025-01-20 02:03:39
13,2742,1,2023-04-05 01:28:06,2025-01-20 02:03:39
35,2743,1,2023-12-02 14:28:00,2024-04-05 11:26:21
28,2743,1,2023-12-02 14:28:00,2024-04-05 11:26:21
96,2744,1,2023-02-21 02:31:52,2024-05-18 11:27:05
99,2744,1,2023-02-21 02:31:52,2024-05-18 11:27:05
19,2744,1,2023-02-21 02:31:52,2024-05-18 11:27:05
20,2744,1,2023-02-21 02:31:52,2024-05-18 11:27:05
24,2744,1,2023-02-21 02:31:52,2024-05-18 11:27:05
32,2745,1,2024-03-10 10:35:28,2025-10-16 16:17:39
28,2745,1,2024-03-10 10:35:28,2025-10-16 16:17:39
32,2746,1,2024-11-04 00:01:52,2025-05-10 17:00:41
28,2746,1,2024-11-04 00:01:52,2025-05-10 17:00:41
35,2747,1,2024-02-09 01:35:14,2024-05-13 14:49:13
28,2747,1,2024-02-09 01:35:14,2024-05-13 14:49:13
96,2748,1,2026-02-20 16:36:11,2026-05-19 00:30:33
97,2748,1,2026-02-20 16:36:11,2026-05-19 00:30:33
19,2748,1,2026-02-20 16:36:11,2026-05-19 00:30:33
20,2748,1,2026-02-20 16:36:11,2026-05-19 00:30:33
24,2748,1,2026-02-20 16:36:11,2026-05-19 00:30:33
33,2749,1,2023-09-06 15:40:03,2026-02-12 03:26:30
28,2749,1,2023-09-06 15:40:03,2026-02-12 03:26:30
1,2750,0,2026-06-23 07:51:06,2026-08-04 00:02:55
4,2750,0,2026-06-23 07:51:06,2026-08-04 00:02:55
0,2751,1,2026-07-04 03:17:17,2026-07-20 19:15:03
0,2752,0,2025-01-30 00:38:08,2025-08-23 16:23:56
99,2752,0,2025-01-30 00:38:08,2025-08-23 16:23:56
96,2752,0,2025-01-30 00:38:08,2025-08-23 16:23:56
0,2753,0,2026-08-27 15:53:55,2026-09-09 22:02:35
96,2754,1,2026-08-07 23:20:32,2026-08-09 00:37:30
97,2754,1,2026-08-07 23:20:32,2026-08-09 00:37:30
19,2754,1,2026-08-07 23:20:32,2026-08-09 00:37:30
21,2754,1,2026-08-07 23:20:32,2026-08-09 00:37:30
26,2754,1,2026-08-07 23:20:32,2026-08-09 00:37:30
0,2755,1,2025-07-13 08:01:22,2025-08-18 10:03:09
0,2756,0,2023-02-20 14:27:46,2024-04-29 18:42:38
0,2757,1,2023-10-26 22:15:17,2024-11-14 01:00:23
28,2758,1,2026-06-11 15:36:34,2026-08-23 07:41:31
31,2758,1,2026-06-11 15:36:34,2026-08-23 07:41:31
1,2759,1,2026-05-21 21:01:58,2026-05-28 08:38:33
3,2759,1,2026-05-21 21:01:58,2026-05-28 08:38:33
7,2759,1,2026-05-21 21:01:58,2026-05-28 08:38:33
15,2759,1,2026-05-21 21:01:58,2026-05-28 08:38:33
0,2760,0,2023-10-28 19:27:40,2024-11-13 08:12:50
97,2760,0,2023-10-28 19:27:40,2024-11-13 08:12:50
96,2760,0,2023-10-28 19:27:40,2024-11-13 08:12:50
24,2761,0,2024-10-24 22:34:11,2025-02-04 16:07:30
19,2761,0,2024-10-24 22:34:11,2025-02-04 16:07:30
20,2761,0,2024-10-24 22:34:11,2025-02-04 16:07:30
1,2762,0,2025-09-29 03:25:28,2025-12-27 15:45:37
2,2762,0,2025-09-29 03:25:28,2025-12-27 15:45:37
13,2762,0,2025-09-29 03:25:28,2025-12-27 15:45:37
1,2763,0,2023-03-31 08:57:22,2025-02-18 14:49:01
4,2763,0,2023-03-31 08:57:22,2025-02-18 14:49:01
1,2764,0,2025-08-13 00:57:38,2025-11-25 00:59:13
3,2764,0,2025-08-13 00:57:38,2025-11-25 00:59:13
7,2764,0,2025-08-13 00:57:38,2025-11-25 00:59:13
15,2764,0,2025-08-13 00:57:38,2025-11-25 00:59:13
0,2765,1,2024-12-15 06:03:16,2025-08-12 06:02:44
32,2766,1,2025-07-13 18:18:05,2026-02-07 01:56:36
97,2766,1,2025-07-13 18:18:05,2026-02-07 01:56:36
28,2766,1,2025-07-13 18:18:05,2026-02-07 01:56:36
96,2766,1,2025-07-13 18:18:05,2026-02-07 01:56:36
24,2767,1,2025-06-29 06:03:18,2025-10-10 02:53:54
19,2767,1,2025-06-29 06:03:18,2025-10-10 02:53:54
20,2767,1,2025-06-29 06:03:18,2025-10-10 02:53:54
0,2768,1,2026-01-27 10:30:33,2026-07-02 02:04:14
99,2768,1,2026-01-27 10:30:33,2026-07-02 02:04:14
96,2768,1,2026-01-27 10:30:33,2026-07-02 02:04:14
33,2769,0,2025-09-04 23:31:23,2026-08-27 10:07:40
28,2769,0,2025-09-04 23:31:23,2026-08-27 10:07:40
19,2770,0,2024-10-23 08:07:13,2025-01-24 21:45:37
27,2770,0,2024-10-23 08:07:13,2025-01-24 21:45:37
22,2770,0,2024-10-23 08:07:13,2025-01-24 21:45:37
0,2771,0,2024-02-22 05:22:36,2025-06-26 04:31:44
96,2772,1,2025-12-09 13:27:02,2026-03-08 23:44:18
33,2772,1,2025-12-09 13:27:02,2026-03-08 23:44:18
28,2772,1,2025-12-09 13:27:02,2026-03-08 23:44:18
97,2772,1,2025-12-09 13:27:02,2026-03-08 23:44:18
1,2773,1,2023-06-05 21:58:19,2025-11-25 20:16:48
3,2773,1,2023-06-05 21:58:19,2025-11-25 20:16:48
7,2773,1,2023-06-05 21:58:19,2025-11-25 20:16:48
15,2773,1,2023-06-05 21:58:19,2025-11-25 20:16:48
1,2774,1,2025-07-07 12:30:17,2026-06-30 14:05:00
4,2774,1,2025-07-07 12:30:17,2026-06-30 14:05:00
33,2775,1,2026-08-28 21:59:18,2026-09-01 02:28:17
28,2775,1,2026-08-28 21:59:18,2026-09-01 02:28:17
96,2776,1,2025-12-24 01:15:03,2026-07-21 15:37:30
33,2776,1,2025-12-24 01:15:03,2026-07-21 15:37:30
99,2776,1,2025-12-24 01:15:03,2026-07-21 15:37:30
28,2776,1,2025-12-24 01:15:03,2026-07-21 15:37:30
1,2777,1,2025-02-04 06:52:56,2025-03-08 11:31:00
4,2777,1,2025-02-04 06:52:56,2025-03-08 11:31:00
96,2778,1,2026-03-22 19:38:55,2026-04-24 20:37:51
97,2778,1,2026-03-22 19:38:55,2026-04-24 20:37:51
19,2778,1,2026-03-22 19:38:55,2026-04-24 20:37:51
21,2778,1,2026-03-22 19:38:55,2026-04-24 20:37:51
26,2778,1,2026-03-22 19:38:55,2026-04-24 20:37:51
32,2779,0,2023-03-30 19:04:18,2023-12-13 13:21:32
28,2779,0,2023-03-30 19:04:18,2023-12-13 13:21:32
1,2780,1,2025-03-18 10:15:21,2025-12-02 11:57:28
3,2780,1,2025-03-18 10:15:21,2025-12-02 11:57:28
7,2780,1,2025-03-18 10:15:21,2025-12-02 11:57:28
15,2780,1,2025-03-18 10:15:21,2025-12-02 11:57:28
28,2781,1,2026-04-18 16:02:12,2026-06-19 22:19:21
29,2781,1,2026-04-18 16:02:12,2026-06-19 22:19:21
26,2782,0,2024-02-18 09:52:38,2025-10-28 12:36:41
19,2782,0,2024-02-18 09:52:38,2025-10-28 12:36:41
21,2782,0,2024-02-18 09:52:38,2025-10-28 12:36:41
0,2783,1,2026-09-01 11:30:52,2026-09-16 22:58:16
96,2784,1,2023-10-13 03:52:12,2025-04-09 10:21:06
1,2784,1,2023-10-13 03:52:12,2025-04-09 10:21:06
97,2784,1,2023-10-13 03:52:12,2025-04-09 10:21:06
3,2784,1,2023-10-13 03:52:12,2025-04-09 10:21:06
7,2784,1,2023-10-13 03:52:12,2025-04-09 10:21:06
15,2784,1,2023-10-13 03:52:12,2025-04-09 10:21:06
1,2785,1,2023-09-18 23:35:33,2024-12-27 19:46:12
2,2785,1,2023-09-18 23:35:33,2024-12-27 19:46:12
13,2785,1,2023-09-18 23:35:33,2024-12-27 19:46:12
0,2786,1,2025-09-30 17:03:55,2025-10-05 15:33:11
24,2787,1,2024-03-22 13:47:21,2026-08-24 14:55:22
19,2787,1,2024-03-22 13:47:21,2026-08-24 14:55:22
20,2787,1,2024-03-22 13:47:21,2026-08-24 14:55:22
32,2788,1,2024-09-04 17:00:21,2025-01-14 22:31:36
28,2788,1,2024-09-04 17:00:21,2025-01-14 22:31:36
0,2789,1,2026-07-10 07:14:29,2026-07-15 09:50:39
32,2790,1,2025-10-02 02:30:05,2025-10-17 09:09:33
97,2790,1,2025-10-02 02:30:05,2025-10-17 09:09:33
28,2790,1,2025-10-02 02:30:05,2025-10-17 09:09:33
96,2790,1,2025-10-02 02:30:05,2025-10-17 09:09:33
1,2791,1,2025-06-12 02:36:06,2025-11-29 16:21:16
2,2791,1,2025-06-12 02:36:06,2025-11-29 16:21:16
13,2791,1,2025-06-12 02:36:06,2025-11-29 16:21:16
0,2792,1,2023-05-26 11:22:53,2023-10-08 09:08:29
99,2792,1,2023-05-26 11:22:53,2023-10-08 09:08:29
96,2792,1,2023-05-26 11:22:53,2023-10-08 09:08:29
32,2793,1,2025-04-01 13:56:56,2025-07-22 02:12:58
28,2793,1,2025-04-01 13:56:56,2025-07-22 02:12:58
0,2794,1,2026-07-14 20:11:24,2026-07-20 04:05:59
0,2795,1,2023-01-17 00:52:59,2023-02-08 21:53:04
32,2796,1,2024-11-21 19:21:09,2026-08-25 12:08:06
97,2796,1,2024-11-21 19:21:09,2026-08-25 12:08:06
28,2796,1,2024-11-21 19:21:09,2026-08-25 12:08:06
96,2796,1,2024-11-21 19:21:09,2026-08-25 12:08:06
26,2797,1,2026-05-06 18:52:18,2026-07-25 11:19:07
19,2797,1,2026-05-06 18:52:18,2026-07-25 11:19:07
21,2797,1,2026-05-06 18:52:18,2026-07-25 11:19:07
1,2798,1,2024-04-10 12:31:04,2024-11-09 16:20:03
4,2798,1,2024-04-10 12:31:04,2024-11-09 16:20:03
28,2799,1,2023-06-30 16:08:05,2026-09-05 23:52:31
31,2799,1,2023-06-30 16:08:05,2026-09-05 23:52:31
96,2800,0,2024-07-16 08:47:41,2026-07-26 18:03:29
99,2800,0,2024-07-16 08:47:41,2026-07-26 18:03:29
28,2800,0,2024-07-16 08:47:41,2026-07-26 18:03:29
31,2800,0,2024-07-16 08:47:41,2026-07-26 18:03:29
26,2801,1,2023-10-07 17:09:04,2026-06-02 13:27:57
19,2801,1,2023-10-07 17:09:04,2026-06-02 13:27:57
21,2801,1,2023-10-07 17:09:04,2026-06-02 13:27:57
0,2802,1,2023-06-05 11:30:19,2025-08-08 05:13:33
97,2802,1,2023-06-05 11:30:19,2025-08-08 05:13:33
96,2802,1,2023-06-05 11:30:19,2025-08-08 05:13:33
35,2803,1,2023-09-25 20:51:44,2025-01-03 13:27:38
28,2803,1,2023-09-25 20:51:44,2025-01-03 13:27:38
0,2804,1,2023-05-01 19:27:13,2026-08-07 18:17:01
0,2805,1,2025-02-17 06:00:21,2025-12-16 04:17:37
32,2806,1,2026-04-15 08:44:57,2026-07-28 10:59:55
28,2806,1,2026-04-15 08:44:57,2026-07-28 10:59:55
0,2807,1,2024-03-12 07:44:27,2026-03-08 17:31:23
0,2808,1,2025-07-14 06:19:39,2026-04-03 11:56:51
97,2808,1,2025-07-14 06:19:39,2026-04-03 11:56:51
96,2808,1,2025-07-14 06:19:39,2026-04-03 11:56:51
0,2809,1,2023-09-28 21:23:52,2024-02-17 19:55:39
19,2810,1,2026-07-21 11:35:47,2026-07-24 15:19:48
27,2810,1,2026-07-21 11:35:47,2026-07-24 15:19:48
22,2810,1,2026-07-21 11:35:47,2026-07-24 15:19:48
32,2811,1,2024-04-18 08:57:37,2026-05-17 14:05:19
28,2811,1,2024-04-18 08:57:37,2026-05-17 14:05:19
26,2812,0,2024-02-11 21:14:08,2025-04-15 08:04:46
19,2812,0,2024-02-11 21:14:08,2025-04-15 08:04:46
21,2812,0,2024-02-11 21:14:08,2025-04-15 08:04:46
28,2813,1,2026-08-02 22:18:57,2026-09-03 13:44:50
31,2813,1,2026-08-02 22:18:57,2026-09-03 13:44:50
96,2814,1,2026-03-18 21:07:29,2026-05-03 06:53:54
97,2814,1,2026-03-18 21:07:29,2026-05-03 06:53:54
19,2814,1,2026-03-18 21:07:29,2026-05-03 06:53:54
20,2814,1,2026-03-18 21:07:29,2026-05-03 06:53:54
24,2814,1,2026-03-18 21:07:29,2026-05-03 06:53:54
19,2815,0,2024-08-02 01:45:40,2026-04-28 05:59:05
27,2815,0,2024-08-02 01:45:40,2026-04-28 05:59:05
22,2815,0,2024-08-02 01:45:40,2026-04-28 05:59:05
96,2816,1,2025-01-08 11:22:27,2026-07-02 21:36:55
99,2816,1,2025-01-08 11:22:27,2026-07-02 21:36:55
28,2816,1,2025-01-08 11:22:27,2026-07-02 21:36:55
29,2816,1,2025-01-08 11:22:27,2026-07-02 21:36:55
0,2817,1,2025-10-06 10:45:00,2026-08-29 03:50:22
35,2818,1,2023-02-21 16:15:13,2024-07-29 21:42:31
28,2818,1,2023-02-21 16:15:13,2024-07-29 21:42:31
0,2819,0,2024-01-17 14:23:19,2024-12-10 19:15:19
96,2820,1,2025-01-01 16:16:19,2026-06-30 00:55:59
1,2820,1,2025-01-01 16:16:19,2026-06-30 00:55:59
2,2820,1,2025-01-01 16:16:19,2026-06-30 00:55:59
97,2820,1,2025-01-01 16:16:19,2026-06-30 00:55:59
13,2820,1,2025-01-01 16:16:19,2026-06-30 00:55:59
1,2821,1,2025-06-11 15:59:07,2026-01-16 02:06:22
4,2821,1,2025-06-11 15:59:07,2026-01-16 02:06:22
24,2822,1,2024-05-26 05:37:08,2025-04-29 22:21:57
19,2822,1,2024-05-26 05:37:08,2025-04-29 22:21:57
20,2822,1,2024-05-26 05:37:08,2025-04-29 22:21:57
28,2823,1,2025-06-08 13:36:31,2026-04-26 16:21:50
29,2823,1,2025-06-08 13:36:31,2026-04-26 16:21:50
96,2824,1,2026-05-25 22:10:00,2026-07-27 13:50:16
99,2824,1,2026-05-25 22:10:00,2026-07-27 13:50:16
28,2824,1,2026-05-25 22:10:00,2026-07-27 13:50:16
31,2824,1,2026-05-25 22:10:00,2026-07-27 13:50:16
1,2825,1,2023-04-02 03:50:59,2024-05-13 17:24:16
2,2825,1,2023-04-02 03:50:59,2024-05-13 17:24:16
13,2825,1,2023-04-02 03:50:59,2024-05-13 17:24:16
96,2826,1,2024-09-24 11:05:29,2025-07-24 23:16:36
97,2826,1,2024-09-24 11:05:29,2025-07-24 23:16:36
35,2826,1,2024-09-24 11:05:29,2025-07-24 23:16:36
28,2826,1,2024-09-24 11:05:29,2025-07-24 23:16:36
28,2827,0,2025-11-16 09:17:48,2025-11-22 03:31:21
31,2827,0,2025-11-16 09:17:48,2025-11-22 03:31:21
0,2828,0,2023-05-05 10:03:01,2026-03-15 17:43:33
32,2829,1,2025-12-27 04:24:40,2026-05-01 13:40:02
28,2829,1,2025-12-27 04:24:40,2026-05-01 13:40:02
28,2830,1,2025-04-09 08:59:27,2026-03-03 20:12:23
31,2830,1,2025-04-09 08:59:27,2026-03-03 20:12:23
1,2831,1,2023-11-17 09:26:21,2026-05-24 00:52:42
2,2831,1,2023-11-17 09:26:21,2026-05-24 00:52:42
14,2831,1,2023-11-17 09:26:21,2026-05-24 00:52:42
96,2832,0,2025-12-11 11:53:42,2025-12-18 23:34:33
97,2832,0,2025-12-11 11:53:42,2025-12-18 23:34:33
35,2832,0,2025-12-11 11:53:42,2025-12-18 23:34:33
28,2832,0,2025-12-11 11:53:42,2025-12-18 23:34:33
1,2833,0,2023-10-07 01:10:29,2024-01-13 16:58:36
4,2833,0,2023-10-07 01:10:29,2024-01-13 16:58:36
0,2834,0,2025-04-04 02:32:45,2025-08-08 06:00:52
0,2835,1,2025-12-19 08:00:52,2026-02-14 07:20:22
24,2836,1,2024-08-23 04:43:02,2025-12-28 15:39:48
19,2836,1,2024-08-23 04:43:02,2025-12-28 15:39:48
20,2836,1,2024-08-23 04:43:02,2025-12-28 15:39:48
19,2837,0,2025-06-19 20:10:40,2025-07-30 01:53:37
27,2837,0,2025-06-19 20:10:40,2025-07-30 01:53:37
22,2837,0,2025-06-19 20:10:40,2025-07-30 01:53:37
96,2838,0,2023-05-25 17:01:07,2024-10-17 02:54:20
1,2838,0,2023-05-25 17:01:07,2024-10-17 02:54:20
4,2838,0,2023-05-25 17:01:07,2024-10-17 02:54:20
97,2838,0,2023-05-25 17:01:07,2024-10-17 02:54:20
1,2839,0,2023-08-31 10:55:55,2025-06-01 21:19:59
2,2839,0,2023-08-31 10:55:55,2025-06-01 21:19:59
13,2839,0,2023-08-31 10:55:55,2025-06-01 21:19:59
96,2840,0,2023-02-18 20:22:19,2025-05-02 21:12:16
1,2840,0,2023-02-18 20:22:19,2025-05-02 21:12:16
2,2840,0,2023-02-18 20:22:19,2025-05-02 21:12:16
99,2840,0,2023-02-18 20:22:19,2025-05-02 21:12:16
14,2840,0,2023-02-18 20:22:19,2025-05-02 21:12:16
24,2841,1,2025-05-04 19:28:12,2025-09-16 20:19:45
19,2841,1,2025-05-04 19:28:12,2025-09-16 20:19:45
20,2841,1,2025-05-04 19:28:12,2025-09-16 20:19:45
1,2842,1,2024-12-11 22:10:41,2025-04-05 08:08:43
2,2842,1,2024-12-11 22:10:41,2025-04-05 08:08:43
14,2842,1,2024-12-11 22:10:41,2025-04-05 08:08:43
28,2843,1,2023-05-18 23:20:58,2023-09-12 21:19:08
29,2843,1,2023-05-18 23:20:58,2023-09-12 21:19:08
96,2844,1,2026-08-26 18:09:58,2026-08-29 10:20:59
97,2844,1,2026-08-26 18:09:58,2026-08-29 10:20:59
19,2844,1,2026-08-26 18:09:58,2026-08-29 10:20:59
21,2844,1,2026-08-26 18:09:58,2026-08-29 10:20:59
26,2844,1,2026-08-26 18:09:58,2026-08-29 10:20:59
0,2845,1,2025-04-03 22:08:25,2025-07-16 14:10:49
1,2846,1,2024-10-16 10:25:41,2025-03-16 14:22:36
2,2846,1,2024-10-16 10:25:41,2025-03-16 14:22:36
13,2846,1,2024-10-16 10:25:41,2025-03-16 14:22:36
0,2847,1,2025-09-24 04:41:58,2025-12-31 11:35:32
96,2848,1,2026-06-13 01:52:14,2026-08-16 08:15:54
1,2848,1,2026-06-13 01:52:14,2026-08-16 08:15:54
99,2848,1,2026-06-13 01:52:14,2026-08-16 08:15:54
3,2848,1,2026-06-13 01:52:14,2026-08-16 08:15:54
7,2848,1,2026-06-13 01:52:14,2026-08-16 08:15:54
15,2848,1,2026-06-13 01:52:14,2026-08-16 08:15:54
33,2849,1,2025-06-28 15:30:56,2025-09-06 13:41:56
28,2849,1,2025-06-28 15:30:56,2025-09-06 13:41:56
96,2850,1,2025-06-04 06:31:30,2026-05-20 20:17:00
33,2850,1,2025-06-04 06:31:30,2026-05-20 20:17:00
28,2850,1,2025-06-04 06:31:30,2026-05-20 20:17:00
97,2850,1,2025-06-04 06:31:30,2026-05-20 20:17:00
19,2851,1,2023-07-24 20:03:57,2024-10-22 23:54:24
27,2851,1,2023-07-24 20:03:57,2024-10-22 23:54:24
22,2851,1,2023-07-24 20:03:57,2024-10-22 23:54:24
0,2852,1,2025-12-20 22:17:02,2026-06-03 22:46:19
0,2853,1,2025-11-21 19:55:19,2025-11-28 03:33:13
0,2854,0,2025-04-29 09:35:53,2025-08-21 11:27:25
1,2855,1,2026-01-11 12:28:33,2026-06-15 21:21:31
4,2855,1,2026-01-11 12:28:33,2026-06-15 21:21:31
96,2856,1,2026-06-07 07:34:44,2026-09-05 08:04:39
97,2856,1,2026-06-07 07:34:44,2026-09-05 08:04:39
19,2856,1,2026-06-07 07:34:44,2026-09-05 08:04:39
21,2856,1,2026-06-07 07:34:44,2026-09-05 08:04:39
26,2856,1,2026-06-07 07:34:44,2026-09-05 08:04:39
0,2857,1,2024-08-02 04:13:46,2025-10-27 19:44:35
1,2858,1,2023-10-16 22:24:20,2026-05-13 12:11:03
2,2858,1,2023-10-16 22:24:20,2026-05-13 12:11:03
14,2858,1,2023-10-16 22:24:20,2026-05-13 12:11:03
28,2859,1,2024-08-19 06:16:52,2025-07-09 02:50:46
29,2859,1,2024-08-19 06:16:52,2025-07-09 02:50:46
19,2860,1,2024-08-08 13:54:49,2025-11-25 14:13:24
27,2860,1,2024-08-08 13:54:49,2025-11-25 14:13:24
22,2860,1,2024-08-08 13:54:49,2025-11-25 14:13:24
24,2861,0,2026-05-13 23:17:50,2026-08-28 09:54:55
19,2861,0,2026-05-13 23:17:50,2026-08-28 09:54:55
20,2861,0,2026-05-13 23:17:50,2026-08-28 09:54:55
0,2862,0,2025-03-10 15:56:15,2026-03-06 01:21:44
97,2862,0,2025-03-10 15:56:15,2026-03-06 01:21:44
96,2862,0,2025-03-10 15:56:15,2026-03-06 01:21:44
0,2863,1,2024-04-12 18:06:55,2024-10-18 08:54:29
0,2864,1,2025-08-02 12:12:27,2026-02-10 08:58:54
99,2864,1,2025-08-02 12:12:27,2026-02-10 08:58:54
96,2864,1,2025-08-02 12:12:27,2026-02-10 08:58:54
1,2865,1,2023-08-29 09:47:32,2024-03-12 05:27:11
4,2865,1,2023-08-29 09:47:32,2024-03-12 05:27:11
19,2866,1,2024-09-11 15:55:36,2025-01-03 16:22:01
27,2866,1,2024-09-11 15:55:36,2025-01-03 16:22:01
22,2866,1,2024-09-11 15:55:36,2025-01-03 16:22:01
0,2867,1,2026-08-17 22:40:49,2026-08-19 14:00:30
96,2868,1,2025-03-13 11:43:45,2026-06-03 00:51:41
1,2868,1,2025-03-13 11:43:45,2026-06-03 00:51:41
2,2868,1,2025-03-13 11:43:45,2026-06-03 00:51:41
97,2868,1,2025-03-13 11:43:45,2026-06-03 00:51:41
14,2868,1,2025-03-13 11:43:45,2026-06-03 00:51:41
0,2869,0,2025-04-19 02:06:34,2026-03-22 18:58:21
1,2870,1,2024-04-06 03:25:29,2024-04-23 18:49:36
3,2870,1,2024-04-06 03:25:29,2024-04-23 18:49:36
7,2870,1,2024-04-06 03:25:29,2024-04-23 18:49:36
15,2870,1,2024-04-06 03:25:29,2024-04-23 18:49:36
1,2871,1,2023-02-18 03:01:37,2025-07-22 22:39:23
3,2871,1,2023-02-18 03:01:37,2025-07-22 22:39:23
7,2871,1,2023-02-18 03:01:37,2025-07-22 22:39:23
15,2871,1,2023-02-18 03:01:37,2025-07-22 22:39:23
0,2872,0,2025-08-21 19:43:21,2026-06-29 00:54:58
99,2872,0,2025-08-21 19:43:21,2026-06-29 00:54:58
96,2872,0,2025-08-21 19:43:21,2026-06-29 00:54:58
24,2873,1,2024-09-16 22:45:55,2025-11-05 16:16:46
19,2873,1,2024-09-16 22:45:55,2025-11-05 16:16:46
20,2873,1,2024-09-16 22:45:55,2025-11-05 16:16:46
96,2874,1,2024-11-27 19:53:53,2026-03-21 01:08:09
97,2874,1,2024-11-27 19:53:53,2026-03-21 01:08:09
19,2874,1,2024-11-27 19:53:53,2026-03-21 01:08:09
20,2874,1,2024-11-27 19:53:53,2026-03-21 01:08:09
24,2874,1,2024-11-27 19:53:53,2026-03-21 01:08:09
26,2875,1,2023-08-26 13:50:14,2026-06-03 20:38:23
19,2875,1,2023-08-26 13:50:14,2026-06-03 20:38:23
21,2875,1,2023-08-26 13:50:14,2026-06-03 20:38:23
1,2876,1,2024-02-05 05:02:56,2024-08-10 10:12:36
2,2876,1,2024-02-05 05:02:56,2024-08-10 10:12:36
14,2876,1,2024-02-05 05:02:56,2024-08-10 10:12:36
0,2877,1,2026-08-14 01:57:50,2026-09-02 17:28:42
1,2878,1,2023-04-24 19:52:28,2025-06-03 20:21:45
4,2878,1,2023-04-24 19:52:28,2025-06-03 20:21:45
0,2879,1,2023-03-11 21:17:35,2023-10-25 15:24:45
96,2880,1,2023-10-28 09:35:18,2024-09-18 13:43:58
1,2880,1,2023-10-28 09:35:18,2024-09-18 13:43:58
97,2880,1,2023-10-28 09:35:18,2024-09-18 13:43:58
3,2880,1,2023-10-28 09:35:18,2024-09-18 13:43:58
7,2880,1,2023-10-28 09:35:18,2024-09-18 13:43:58
15,2880,1,2023-10-28 09:35:18,2024-09-18 13:43:58
0,2881,1,2024-03-03 07:02:32,2026-01-29 02:20:44
1,2882,1,2026-03-10 18:17:13,2026-09-12 22:28:27
2,2882,1,2026-03-10 18:17:13,2026-09-12 22:28:27
14,2882,1,2026-03-10 18:17:13,2026-09-12 22:28:27
35,2883,1,2025-12-10 17:13:31,2026-06-11 10:00:24
28,2883,1,2025-12-10 17:13:31,2026-06-11 10:00:24
26,2884,1,2025-12-04 20:46:45,2026-07-09 07:46:48
19,2884,1,2025-12-04 20:46:45,2026-07-09 07:46:48
21,2884,1,2025-12-04 20:46:45,2026-07-09 07:46:48
0,2885,0,2025-07-10 07:58:45,2026-04-05 22:38:23
96,2886,0,2026-06-18 09:59:47,2026-06-25 12:58:17
97,2886,0,2026-06-18 09:59:47,2026-06-25 12:58:17
19,2886,0,2026-06-18 09:59:47,2026-06-25 12:58:17
20,2886,0,2026-06-18 09:59:47,2026-06-25 12:58:17
24,2886,0,2026-06-18 09:59:47,2026-06-25 12:58:17
35,2887,1,2026-02-06 08:05:53,2026-03-15 09:37:40
28,2887,1,2026-02-06 08:05:53,2026-03-15 09:37:40
96,2888,1,2025-11-05 08:59:39,2026-03-27 09:59:18
1,2888,1,2025-11-05 08:59:39,2026-03-27 09:59:18
99,2888,1,2025-11-05 08:59:39,2026-03-27 09:59:18
3,2888,1,2025-11-05 08:59:39,2026-03-27 09:59:18
7,2888,1,2025-11-05 08:59:39,2026-03-27 09:59:18
15,2888,1,2025-11-05 08:59:39,2026-03-27 09:59:18
0,2889,1,2023-01-05 04:23:47,2023-03-24 18:05:48
1,2890,1,2023-07-02 02:38:19,2025-10-17 07:29:56
2,2890,1,2023-07-02 02:38:19,2025-10-17 07:29:56
14,2890,1,2023-07-02 02:38:19,2025-10-17 07:29:56
0,2891,0,2023-02-07 11:46:02,2025-12-31 08:16:00
96,2892,1,2024-01-06 13:41:30,2026-03-14 15:21:49
97,2892,1,2024-01-06 13:41:30,2026-03-14 15:21:49
28,2892,1,2024-01-06 13:41:30,2026-03-14 15:21:49
31,2892,1,2024-01-06 13:41:30,2026-03-14 15:21:49
24,2893,1,2025-10-22 09:14:53,2026-04-13 03:14:02
19,2893,1,2025-10-22 09:14:53,2026-04-13 03:14:02
20,2893,1,2025-10-22 09:14:53,2026-04-13 03:14:02
35,2894,1,2023-05-21 15:41:18,2025-01-04 06:46:15
28,2894,1,2023-05-21 15:41:18,2025-01-04 06:46:15
1,2895,1,2024-06-16 03:01:58,2026-03-26 17:26:37
2,2895,1,2024-06-16 03:01:58,2026-03-26 17:26:37
14,2895,1,2024-06-16 03:01:58,2026-03-26 17:26:37
96,2896,1,2025-02-20 14:19:38,2026-03-21 13:45:24
33,2896,1,2025-02-20 14:19:38,2026-03-21 13:45:24
99,2896,1,2025-02-20 14:19:38,2026-03-21 13:45:24
28,2896,1,2025-02-20 14:19:38,2026-03-21 13:45:24
0,2897,0,2025-05-17 10:15:23,2026-05-27 13:25:51
0,2898,1,2025-04-20 04:24:04,2026-08-21 21:34:00
97,2898,1,2025-04-20 04:24:04,2026-08-21 21:34:00
96,2898,1,2025-04-20 04:24:04,2026-08-21 21:34:00
1,2899,1,2026-06-13 11:12:25,2026-07-21 07:30:04
2,2899,1,2026-06-13 11:12:25,2026-07-21 07:30:04
14,2899,1,2026-06-13 11:12:25,2026-07-21 07:30:04
19,2900,1,2024-06-16 16:37:11,2025-02-24 22:02:58
27,2900,1,2024-06-16 16:37:11,2025-02-24 22:02:58
22,2900,1,2024-06-16 16:37:11,2025-02-24 22:02:58
19,2901,1,2023-02-20 06:02:29,2024-05-23 22:27:11
27,2901,1,2023-02-20 06:02:29,2024-05-23 22:27:11
22,2901,1,2023-02-20 06:02:29,2024-05-23 22:27:11
0,2902,1,2025-11-19 10:10:00,2025-11-22 03:30:30
0,2903,1,2026-09-03 11:13:27,2026-09-16 09:01:59
96,2904,1,2026-03-04 17:05:14,2026-04-02 05:29:33
97,2904,1,2026-03-04 17:05:14,2026-04-02 05:29:33
19,2904,1,2026-03-04 17:05:14,2026-04-02 05:29:33
20,2904,1,2026-03-04 17:05:14,2026-04-02 05:29:33
24,2904,1,2026-03-04 17:05:14,2026-04-02 05:29:33
0,2905,1,2026-06-02 19:48:23,2026-08-17 01:37:18
26,2906,0,2024-08-06 23:34:17,2026-07-24 18:43:31
19,2906,0,2024-08-06 23:34:17,2026-07-24 18:43:31
21,2906,0,2024-08-06 23:34:17,2026-07-24 18:43:31
1,2907,0,2024-04-12 21:48:21,2024-05-08 10:52:41
2,2907,0,2024-04-12 21:48:21,2024-05-08 10:52:41
13,2907,0,2024-04-12 21:48:21,2024-05-08 10:52:41
33,2908,1,2025-03-14 00:47:35,2026-01-19 17:17:00
28,2908,1,2025-03-14 00:47:35,2026-01-19 17:17:00
0,2909,1,2024-11-05 03:40:31,2026-08-11 05:44:12
96,2910,1,2026-07-24 21:16:07,2026-07-25 15:56:35
1,2910,1,2026-07-24 21:16:07,2026-07-25 15:56:35
2,2910,1,2026-07-24 21:16:07,2026-07-25 15:56:35
97,2910,1,2026-07-24 21:16:07,2026-07-25 15:56:35
13,2910,1,2026-07-24 21:16:07,2026-07-25 15:56:35
0,2911,1,2025-07-09 04:58:30,2025-10-09 01:36:21
0,2912,1,2025-08-02 23:26:32,2026-02-22 16:55:31
99,2912,1,2025-08-02 23:26:32,2026-02-22 16:55:31
96,2912,1,2025-08-02 23:26:32,2026-02-22 16:55:31
1,2913,1,2025-12-17 09:00:13,2026-08-06 09:41:43
3,2913,1,2025-12-17 09:00:13,2026-08-06 09:41:43
7,2913,1,2025-12-17 09:00:13,2026-08-06 09:41:43
15,2913,1,2025-12-17 09:00:13,2026-08-06 09:41:43
0,2914,1,2025-08-26 05:35:57,2026-05-31 12:52:05
35,2915,1,2024-04-03 16:40:41,2025-08-16 09:48:17
28,2915,1,2024-04-03 16:40:41,2025-08-16 09:48:17
0,2916,0,2025-07-28 19:05:56,2026-03-04 10:56:07
97,2916,0,2025-07-28 19:05:56,2026-03-04 10:56:07
96,2916,0,2025-07-28 19:05:56,2026-03-04 10:56:07
1,2917,0,2023-07-07 14:50:28,2026-07-27 13:28:35
2,2917,0,2023-07-07 14:50:28,2026-07-27 13:28:35
14,2917,0,2023-07-07 14:50:28,2026-07-27 13:28:35
35,2918,1,2026-03-29 20:44:22,2026-06-01 23:26:57
28,2918,1,2026-03-29 20:44:22,2026-06-01 23:26:57
19,2919,1,2023-08-21 02:20:10,2024-02-28 17:04:54
27,2919,1,2023-08-21 02:20:10,2024-02-28 17:04:54
22,2919,1,2023-08-21 02:20:10,2024-02-28 17:04:54
0,2920,1,2023-12-31 15:30:29,2025-09-26 01:20:46
99,2920,1,2023-12-31 15:30:29,2025-09-26 01:20:46
96,2920,1,2023-12-31 15:30:29,2025-09-26 01:20:46
1,2921,1,2024-11-26 09:24:48,2024-12-04 12:52:04
4,2921,1,2024-11-26 09:24:48,2024-12-04 12:52:04
96,2922,1,2023-07-23 15:05:05,2024-05-24 06:05:45
1,2922,1,2023-07-23 15:05:05,2024-05-24 06:05:45
2,2922,1,2023-07-23 15:05:05,2024-05-24 06:05:45
97,2922,1,2023-07-23 15:05:05,2024-05-24 06:05:45
14,2922,1,2023-07-23 15:05:05,2024-05-24 06:05:45
0,2923,1,2025-11-23 17:36:54,2025-11-25 10:19:40
24,2924,1,2024-05-05 22:34:43,2026-02-22 10:21:39
19,2924,1,2024-05-05 22:34:43,2026-02-22 10:21:39
20,2924,1,2024-05-05 22:34:43,2026-02-22 10:21:39
0,2925,1,2024-04-14 11:39:26,2024-08-09 01:50:51
28,2926,1,2026-01-07 09:51:47,2026-06-02 04:37:21
31,2926,1,2026-01-07 09:51:47,2026-06-02 04:37:21
0,2927,1,2025-06-25 11:22:31,2025-08-06 17:43:48
96,2928,0,2025-09-16 21:28:13,2026-04-28 10:15:12
1,2928,0,2025-09-16 21:28:13,2026-04-28 10:15:12
97,2928,0,2025-09-16 21:28:13,2026-04-28 10:15:12
3,2928,0,2025-09-16 21:28:13,2026-04-28 10:15:12
7,2928,0,2025-09-16 21:28:13,2026-04-28 10:15:12
15,2928,0,2025-09-16 21:28:13,2026-04-28 10:15:12
35,2929,0,2023-11-30 16:37:32,2025-09-28 04:27:02
28,2929,0,2023-11-30 16:37:32,2025-09-28 04:27:02
1,2930,0,2025-02-07 19:03:57,2025-08-31 17:27:31
3,2930,0,2025-02-07 19:03:57,2025-08-31 17:27:31
7,2930,0,2025-02-07 19:03:57,2025-08-31 17:27:31
15,2930,0,2025-02-07 19:03:57,2025-08-31 17:27:31
35,2931,1,2026-04-14 06:07:28,2026-05-20 07:42:51
28,2931,1,2026-04-14 06:07:28,2026-05-20 07:42:51
0,2932,0,2024-02-17 05:18:30,2025-03-02 19:44:01
1,2933,1,2024-11-02 20:16:15,2025-11-17 13:26:52
2,2933,1,2024-11-02 20:16:15,2025-11-17 13:26:52
13,2933,1,2024-11-02 20:16:15,2025-11-17 13:26:52
0,2934,1,2023-11-27 10:05:02,2024-06-21 10:25:47
97,2934,1,2023-11-27 10:05:02,2024-06-21 10:25:47
96,2934,1,2023-11-27 10:05:02,2024-06-21 10:25:47
28,2935,0,2023-07-27 04:26:46,2024-12-08 15:26:31
31,2935,0,2023-07-27 04:26:46,2024-12-08 15:26:31
0,2936,1,2024-08-07 04:36:35,2025-11-29 16:07:49
99,2936,1,2024-08-07 04:36:35,2025-11-29 16:07:49
96,2936,1,2024-08-07 04:36:35,2025-11-29 16:07:49
32,2937,1,2025-08-24 03:57:23,2025-12-26 00:23:16
28,2937,1,2025-08-24 03:57:23,2025-12-26 00:23:16
0,2938,1,2024-01-06 04:24:39,2024-10-15 11:19:03
1,2939,1,2023-12-21 02:42:39,2024-09-18 06:09:44
2,2939,1,2023-12-21 02:42:39,2024-09-18 06:09:44
13,2939,1,2023-12-21 02:42:39,2024-09-18 06:09:44
96,2940,1,2025-07-28 06:59:03,2026-09-09 06:44:59
97,2940,1,2025-07-28 06:59:03,2026-09-09 06:44:59
28,2940,1,2025-07-28 06:59:03,2026-09-09 06:44:59
29,2940,1,2025-07-28 06:59:03,2026-09-09 06:44:59
24,2941,1,2024-05-24 22:15:31,2025-07-16 09:12:07
19,2941,1,2024-05-24 22:15:31,2025-07-16 09:12:07
20,2941,1,2024-05-24 22:15:31,2025-07-16 09:12:07
1,2942,0,2025-08-24 18:21:28,2025-09-20 17:35:09
3,2942,0,2025-08-24 18:21:28,2025-09-20 17:35:09
7,2942,0,2025-08-24 18:21:28,2025-09-20 17:35:09
15,2942,0,2025-08-24 18:21:28,2025-09-20 17:35:09
28,2943,1,2026-05-10 01:13:45,2026-07-04 06:22:39
31,2943,1,2026-05-10 01:13:45,2026-07-04 06:22:39
0,2944,1,2023-07-19 06:39:42,2025-08-22 18:12:10
99,2944,1,2023-07-19 06:39:42,2025-08-22 18:12:10
96,2944,1,2023-07-19 06:39:42,2025-08-22 18:12:10
0,2945,0,2025-12-23 04:03:14,2026-01-05 06:48:44
96,2946,1,2023-01-06 08:35:18,2023-11-24 10:36:40
97,2946,1,2023-01-06 08:35:18,2023-11-24 10:36:40
19,2946,1,2023-01-06 08:35:18,2023-11-24 10:36:40
22,2946,1,2023-01-06 08:35:18,2023-11-24 10:36:40
27,2946,1,2023-01-06 08:35:18,2023-11-24 10:36:40
35,2947,0,2024-05-01 12:38:30,2025-01-19 18:46:53
28,2947,0,2024-05-01 12:38:30,2025-01-19 18:46:53
0,2948,1,2025-09-21 16:36:20,2026-03-24 08:30:33
1,2949,1,2025-01-05 03:46:17,2026-09-04 04:00:36
2,2949,1,2025-01-05 03:46:17,2026-09-04 04:00:36
14,2949,1,2025-01-05 03:46:17,2026-09-04 04:00:36
0,2950,0,2023-01-04 18:14:14,2026-08-04 12:57:15
26,2951,1,2026-06-04 06:59:32,2026-09-11 00:06:21
19,2951,1,2026-06-04 06:59:32,2026-09-11 00:06:21
21,2951,1,2026-06-04 06:59:32,2026-09-11 00:06:21
0,2952,1,2024-03-15 04:44:00,2026-08-23 08:56:49
97,2952,1,2024-03-15 04:44:00,2026-08-23 08:56:49
96,2952,1,2024-03-15 04:44:00,2026-08-23 08:56:49
0,2953,1,2025-03-23 00:21:45,2025-09-08 00:31:18
32,2954,0,2026-01-04 22:40:06,2026-04-22 19:55:04
28,2954,0,2026-01-04 22:40:06,2026-04-22 19:55:04
0,2955,0,2024-05-04 07:49:47,2025-09-03 11:02:24
1,2956,1,2024-04-05 18:00:24,2025-03-08 00:54:02
2,2956,1,2024-04-05 18:00:24,2025-03-08 00:54:02
13,2956,1,2024-04-05 18:00:24,2025-03-08 00:54:02
33,2957,1,2023-06-06 15:44:53,2024-02-05 11:12:40
28,2957,1,2023-06-06 15:44:53,2024-02-05 11:12:40
96,2958,1,2024-05-26 22:18:07,2025-08-17 19:31:31
97,2958,1,2024-05-26 22:18:07,2025-08-17 19:31:31
35,2958,1,2024-05-26 22:18:07,2025-08-17 19:31:31
28,2958,1,2024-05-26 22:18:07,2025-08-17 19:31:31
24,2959,1,2023-10-11 10:19:19,2026-09-09 15:03:38
19,2959,1,2023-10-11 10:19:19,2026-09-09 15:03:38
20,2959,1,2023-10-11 10:19:19,2026-09-09 15:03:38
0,2960,0,2025-12-28 09:09:33,2026-04-25 12:22:34
99,2960,0,2025-12-28 09:09:33,2026-04-25 12:22:34
96,2960,0,2025-12-28 09:09:33,2026-04-25 12:22:34
0,2961,1,2026-03-05 16:24:13,2026-09-12 15:20:05
24,2962,1,2024-11-30 10:34:56,2026-01-12 21:18:55
19,2962,1,2024-11-30 10:34:56,2026-01-12 21:18:55
20,2962,1,2024-11-30 10:34:56,2026-01-12 21:18:55
35,2963,1,2023-04-15 16:34:33,2024-12-08 07:45:37
28,2963,1,2023-04-15 16:34:33,2024-12-08 07:45:37
96,2964,1,2025-06-13 01:28:59,2026-03-27 12:14:05
97,2964,1,2025-06-13 01:28:59,2026-03-27 12:14:05
28,2964,1,2025-06-13 01:28:59,2026-03-27 12:14:05
29,2964,1,2025-06-13 01:28:59,2026-03-27 12:14:05
19,2965,1,2025-03-11 12:17:40,2026-02-07 05:54:05
27,2965,1,2025-03-11 12:17:40,2026-02-07 05:54:05
22,2965,1,2025-03-11 12:17:40,2026-02-07 05:54:05
0,2966,0,2024-01-11 01:36:19,2024-01-16 19:49:24
0,2967,1,2026-07-27 23:29:56,2026-08-02 17:48:13
96,2968,1,2023-06-03 17:21:50,2025-03-15 03:25:56
99,2968,1,2023-06-03 17:21:50,2025-03-15 03:25:56
19,2968,1,2023-06-03 17:21:50,2025-03-15 03:25:56
20,2968,1,2023-06-03 17:21:50,2025-03-15 03:25:56
24,2968,1,2023-06-03 17:21:50,2025-03-15 03:25:56
1,2969,1,2024-05-28 11:34:21,2026-07-13 01:25:04
3,2969,1,2024-05-28 11:34:21,2026-07-13 01:25:04
7,2969,1,2024-05-28 11:34:21,2026-07-13 01:25:04
15,2969,1,2024-05-28 11:34:21,2026-07-13 01:25:04
96,2970,1,2023-09-25 10:08:19,2024-10-25 04:29:32
97,2970,1,2023-09-25 10:08:19,2024-10-25 04:29:32
28,2970,1,2023-09-25 10:08:19,2024-10-25 04:29:32
29,2970,1,2023-09-25 10:08:19,2024-10-25 04:29:32
0,2971,1,2024-06-08 09:50:17,2026-08-26 18:51:12
26,2972,1,2023-04-21 17:55:31,2025-01-24 23:55:34
19,2972,1,2023-04-21 17:55:31,2025-01-24 23:55:34
21,2972,1,2023-04-21 17:55:31,2025-01-24 23:55:34
19,2973,1,2026-08-31 09:50:19,2026-09-07 18:04:44
27,2973,1,2026-08-31 09:50:19,2026-09-07 18:04:44
22,2973,1,2026-08-31 09:50:19,2026-09-07 18:04:44
0,2974,1,2026-05-30 08:37:42,2026-07-08 12:41:43
28,2975,1,2026-07-23 10:53:00,2026-08-23 08:31:24
31,2975,1,2026-07-23 10:53:00,2026-08-23 08:31:24
0,2976,1,2024-09-26 03:08:39,2025-02-23 19:18:10
97,2976,1,2024-09-26 03:08:39,2025-02-23 19:18:10
96,2976,1,2024-09-26 03:08:39,2025-02-23 19:18:10
24,2977,0,2025-09-25 20:19:15,2026-03-04 13:05:48
19,2977,0,2025-09-25 20:19:15,2026-03-04 13:05:48
20,2977,0,2025-09-25 20:19:15,2026-03-04 13:05:48
0,2978,0,2026-02-17 03:45:42,2026-09-12 19:17:08
0,2979,1,2025-11-03 15:51:15,2026-06-16 06:48:22
1,2980,0,2025-01-23 02:18:57,2026-04-15 09:03:25
2,2980,0,2025-01-23 02:18:57,2026-04-15 09:03:25
13,2980,0,2025-01-23 02:18:57,2026-04-15 09:03:25
0,2981,1,2024-07-17 05:54:28,2026-03-13 21:50:56
0,2982,1,2023-11-14 21:40:47,2025-05-17 17:25:31
97,2982,1,2023-11-14 21:40:47,2025-05-17 17:25:31
96,2982,1,2023-11-14 21:40:47,2025-05-17 17:25:31
19,2983,1,2025-06-09 04:22:29,2025-12-21 07:21:27
27,2983,1,2025-06-09 04:22:29,2025-12-21 07:21:27
22,2983,1,2025-06-09 04:22:29,2025-12-21 07:21:27
96,2984,1,2023-09-19 21:20:00,2026-05-05 08:26:04
1,2984,1,2023-09-19 21:20:00,2026-05-05 08:26:04
2,2984,1,2023-09-19 21:20:00,2026-05-05 08:26:04
99,2984,1,2023-09-19 21:20:00,2026-05-05 08:26:04
13,2984,1,2023-09-19 21:20:00,2026-05-05 08:26:04
0,2985,1,2024-07-03 13:39:33,2025-02-05 21:57:30
1,2986,1,2023-08-27 13:18:46,2023-10-30 01:01:13
3,2986,1,2023-08-27 13:18:46,2023-10-30 01:01:13
7,2986,1,2023-08-27 13:18:46,2023-10-30 01:01:13
15,2986,1,2023-08-27 13:18:46,2023-10-30 01:01:13
0,2987,1,2025-04-07 08:24:32,2026-03-12 14:41:49
0,2988,0,2024-10-22 18:35:49,2026-05-18 20:26:53
97,2988,0,2024-10-22 18:35:49,2026-05-18 20:26:53
96,2988,0,2024-10-22 18:35:49,2026-05-18 20:26:53
24,2989,0,2026-03-18 06:04:18,2026-08-05 19:43:52
19,2989,0,2026-03-18 06:04:18,2026-08-05 19:43:52
20,2989,0,2026-03-18 06:04:18,2026-08-05 19:43:52
33,2990,1,2023-06-14 16:45:23,2025-11-17 00:27:34
28,2990,1,2023-06-14 16:45:23,2025-11-17 00:27:34
26,2991,1,2023-02-18 08:32:05,2026-04-07 23:29:54
19,2991,1,2023-02-18 08:32:05,2026-04-07 23:29:54
21,2991,1,2023-02-18 08:32:05,2026-04-07 23:29:54
0,2992,1,2024-03-30 10:30:56,2026-06-10 13:34:41
99,2992,1,2024-03-30 10:30:56,2026-06-10 13:34:41
96,2992,1,2024-03-30 10:30:56,2026-06-10 13:34:41
28,2993,0,2023-11-28 20:56:36,2026-09-14 19:15:21
31,2993,0,2023-11-28 20:56:36,2026-09-14 19:15:21
96,2994,1,2024-04-03 02:42:28,2024-11-16 23:23:13
97,2994,1,2024-04-03 02:42:28,2024-11-16 23:23:13
19,2994,1,2024-04-03 02:42:28,2024-11-16 23:23:13
20,2994,1,2024-04-03 02:42:28,2024-11-16 23:23:13
24,2994,1,2024-04-03 02:42:28,2024-11-16 23:23:13
19,2995,0,2025-05-02 11:13:55,2026-08-06 14:58:16
27,2995,0,2025-05-02 11:13:55,2026-08-06 14:58:16
22,2995,0,2025-05-02 11:13:55,2026-08-06 14:58:16
1,2996,1,2023-12-08 20:33:55,2025-12-13 19:30:48
2,2996,1,2023-12-08 20:33:55,2025-12-13 19:30:48
13,2996,1,2023-12-08 20:33:55,2025-12-13 19:30:48
1,2997,1,2023-12-21 04:25:06,2025-12-22 16:11:40
4,2997,1,2023-12-21 04:25:06,2025-12-22 16:11:40
32,2998,0,2025-09-02 01:52:54,2026-05-07 18:15:24
28,2998,0,2025-09-02 01:52:54,2026-05-07 18:15:24
0,2999,1,2025-12-28 11:41:31,2026-04-08 06:18:53
96,3000,0,2025-03-26 07:07:47,2025-05-25 09:51:25
97,3000,0,2025-03-26 07:07:47,2025-05-25 09:51:25
19,3000,0,2025-03-26 07:07:47,2025-05-25 09:51:25
20,3000,0,2025-03-26 07:07:47,2025-05-25 09:51:25
24,3000,0,2025-03-26 07:07:47,2025-05-25 09:51:25
35,3001,1,2024-12-19 21:16:31,2026-01-23 06:26:26
28,3001,1,2024-12-19 21:16:31,2026-01-23 06:26:26
24,3002,0,2025-06-21 14:24:05,2026-02-11 13:24:32
19,3002,0,2025-06-21 14:24:05,2026-02-11 13:24:32
20,3002,0,2025-06-21 14:24:05,2026-02-11 13:24:32
0,3003,0,2023-11-23 09:01:00,2026-01-16 16:27:53
0,3004,1,2023-01-27 05:51:38,2025-12-26 17:45:06
0,3005,1,2023-10-08 06:02:58,2024-04-03 03:31:34
0,3006,0,2023-06-04 23:37:52,2024-01-31 06:45:15
97,3006,0,2023-06-04 23:37:52,2024-01-31 06:45:15
96,3006,0,2023-06-04 23:37:52,2024-01-31 06:45:15
32,3007,1,2025-03-04 09:53:59,2025-06-16 08:23:38
28,3007,1,2025-03-04 09:53:59,2025-06-16 08:23:38
96,3008,0,2023-02-26 22:20:01,2023-08-29 21:24:52
1,3008,0,2023-02-26 22:20:01,2023-08-29 21:24:52
2,3008,0,2023-02-26 22:20:01,2023-08-29 21:24:52
99,3008,0,2023-02-26 22:20:01,2023-08-29 21:24:52
13,3008,0,2023-02-26 22:20:01,2023-08-29 21:24:52
0,3009,0,2025-05-11 21:49:14,2025-08-31 17:46:29
19,3010,0,2025-10-26 13:14:44,2026-04-14 03:12:04
27,3010,0,2025-10-26 13:14:44,2026-04-14 03:12:04
22,3010,0,2025-10-26 13:14:44,2026-04-14 03:12:04
1,3011,1,2025-02-01 11:27:40,2025-10-14 04:01:40
2,3011,1,2025-02-01 11:27:40,2025-10-14 04:01:40
14,3011,1,2025-02-01 11:27:40,2025-10-14 04:01:40
0,3012,1,2024-07-04 09:45:17,2026-05-28 09:14:05
97,3012,1,2024-07-04 09:45:17,2026-05-28 09:14:05
96,3012,1,2024-07-04 09:45:17,2026-05-28 09:14:05
1,3013,1,2026-07-28 16:24:43,2026-08-18 20:26:10
2,3013,1,2026-07-28 16:24:43,2026-08-18 20:26:10
13,3013,1,2026-07-28 16:24:43,2026-08-18 20:26:10
1,3014,1,2024-11-14 11:34:46,2026-04-23 15:21:13
4,3014,1,2024-11-14 11:34:46,2026-04-23 15:21:13
0,3015,0,2025-11-15 08:32:04,2026-08-29 09:55:05
0,3016,1,2025-03-01 20:39:16,2026-04-23 06:25:18
99,3016,1,2025-03-01 20:39:16,2026-04-23 06:25:18
96,3016,1,2025-03-01 20:39:16,2026-04-23 06:25:18
28,3017,1,2025-10-08 21:58:42,2026-07-08 08:59:52
31,3017,1,2025-10-08 21:58:42,2026-07-08 08:59:52
96,3018,1,2025-04-12 06:21:44,2026-03-23 02:33:18
1,3018,1,2025-04-12 06:21:44,2026-03-23 02:33:18
4,3018,1,2025-04-12 06:21:44,2026-03-23 02:33:18
97,3018,1,2025-04-12 06:21:44,2026-03-23 02:33:18
1,3019,1,2024-11-30 13:40:39,2026-03-25 12:21:28
4,3019,1,2024-11-30 13:40:39,2026-03-25 12:21:28
0,3020,1,2026-06-03 10:20:56,2026-07-25 06:42:13
0,3021,0,2026-06-12 14:38:28,2026-07-11 02:24:58
1,3022,1,2026-06-19 03:09:51,2026-06-21 05:36:35
2,3022,1,2026-06-19 03:09:51,2026-06-21 05:36:35
13,3022,1,2026-06-19 03:09:51,2026-06-21 05:36:35
24,3023,1,2025-02-25 02:14:14,2026-07-24 05:02:38
19,3023,1,2025-02-25 02:14:14,2026-07-24 05:02:38
20,3023,1,2025-02-25 02:14:14,2026-07-24 05:02:38
96,3024,1,2025-07-23 06:33:40,2025-11-14 16:28:19
97,3024,1,2025-07-23 06:33:40,2025-11-14 16:28:19
28,3024,1,2025-07-23 06:33:40,2025-11-14 16:28:19
31,3024,1,2025-07-23 06:33:40,2025-11-14 16:28:19
0,3025,1,2026-01-08 23:42:42,2026-01-23 15:31:43
33,3026,1,2025-09-25 03:21:54,2025-11-27 16:56:56
28,3026,1,2025-09-25 03:21:54,2025-11-27 16:56:56
0,3027,1,2023-04-18 03:29:01,2025-08-19 12:36:17
0,3028,1,2023-02-07 05:31:00,2025-02-01 00:16:28
28,3029,1,2024-08-26 22:37:39,2025-01-11 04:17:34
31,3029,1,2024-08-26 22:37:39,2025-01-11 04:17:34
96,3030,1,2024-02-20 21:52:32,2024-08-17 09:49:42
1,3030,1,2024-02-20 21:52:32,2024-08-17 09:49:42
4,3030,1,2024-02-20 21:52:32,2024-08-17 09:49:42
97,3030,1,2024-02-20 21:52:32,2024-08-17 09:49:42
26,3031,1,2023-04-30 11:52:52,2025-07-06 09:01:59
19,3031,1,2023-04-30 11:52:52,2025-07-06 09:01:59
21,3031,1,2023-04-30 11:52:52,2025-07-06 09:01:59
96,3032,1,2023-06-03 14:35:00,2024-05-22 16:18:07
1,3032,1,2023-06-03 14:35:00,2024-05-22 16:18:07
99,3032,1,2023-06-03 14:35:00,2024-05-22 16:18:07
4,3032,1,2023-06-03 14:35:00,2024-05-22 16:18:07
1,3033,1,2025-12-31 13:00:24,2026-08-17 23:38:59
2,3033,1,2025-12-31 13:00:24,2026-08-17 23:38:59
14,3033,1,2025-12-31 13:00:24,2026-08-17 23:38:59
0,3034,1,2026-02-17 05:58:52,2026-04-08 03:19:44
32,3035,1,2023-11-09 16:21:05,2023-12-24 05:18:48
28,3035,1,2023-11-09 16:21:05,2023-12-24 05:18:48
96,3036,0,2024-08-20 06:06:40,2026-02-20 11:02:27
33,3036,0,2024-08-20 06:06:40,2026-02-20 11:02:27
28,3036,0,2024-08-20 06:06:40,2026-02-20 11:02:27
97,3036,0,2024-08-20 06:06:40,2026-02-20 11:02:27
0,3037,1,2025-07-20 17:32:16,2026-05-09 23:39:10
26,3038,1,2024-01-09 14:52:27,2025-03-16 07:10:19
19,3038,1,2024-01-09 14:52:27,2025-03-16 07:10:19
21,3038,1,2024-01-09 14:52:27,2025-03-16 07:10:19
0,3039,1,2024-02-22 08:33:08,2026-08-24 09:03:50
99,3040,1,2024-10-15 23:07:25,2025-10-30 04:14:38
35,3040,1,2024-10-15 23:07:25,2025-10-30 04:14:38
28,3040,1,2024-10-15 23:07:25,2025-10-30 04:14:38
96,3040,1,2024-10-15 23:07:25,2025-10-30 04:14:38
0,3041,1,2024-05-23 14:16:33,2025-01-11 04:14:22
96,3042,1,2023-11-25 05:24:56,2024-12-10 07:21:20
1,3042,1,2023-11-25 05:24:56,2024-12-10 07:21:20
2,3042,1,2023-11-25 05:24:56,2024-12-10 07:21:20
97,3042,1,2023-11-25 05:24:56,2024-12-10 07:21:20
14,3042,1,2023-11-25 05:24:56,2024-12-10 07:21:20
0,3043,1,2023-08-06 15:46:20,2025-03-14 03:24:14
0,3044,1,2023-12-05 22:32:13,2024-03-18 05:15:14
32,3045,1,2024-07-07 01:12:07,2025-03-09 10:01:54
28,3045,1,2024-07-07 01:12:07,2025-03-09 10:01:54
0,3046,0,2023-03-11 21:01:14,2023-04-21 18:31:04
24,3047,1,2024-06-17 06:13:19,2024-09-23 23:23:02
19,3047,1,2024-06-17 06:13:19,2024-09-23 23:23:02
20,3047,1,2024-06-17 06:13:19,2024-09-23 23:23:02
96,3048,0,2024-09-12 08:06:31,2025-09-21 00:40:13
97,3048,0,2024-09-12 08:06:31,2025-09-21 00:40:13
28,3048,0,2024-09-12 08:06:31,2025-09-21 00:40:13
31,3048,0,2024-09-12 08:06:31,2025-09-21 00:40:13
33,3049,1,2026-03-18 21:29:42,2026-05-04 17:34:12
28,3049,1,2026-03-18 21:29:42,2026-05-04 17:34:12
0,3050,1,2024-08-03 15:57:07,2026-01-18 23:48:25
0,3051,1,2024-02-10 00:08:09,2026-08-11 23:47:40
0,3052,1,2024-03-25 17:50:08,2024-04-16 10:27:05
32,3053,1,2023-05-28 04:51:21,2025-08-03 09:55:49
28,3053,1,2023-05-28 04:51:21,2025-08-03 09:55:49
96,3054,1,2026-01-28 06:37:28,2026-08-24 09:42:02
97,3054,1,2026-01-28 06:37:28,2026-08-24 09:42:02
28,3054,1,2026-01-28 06:37:28,2026-08-24 09:42:02
31,3054,1,2026-01-28 06:37:28,2026-08-24 09:42:02
0,3055,1,2023-04-11 20:30:06,2024-05-04 11:32:20
0,3056,1,2025-01-24 19:06:52,2026-03-26 19:57:28
99,3056,1,2025-01-24 19:06:52,2026-03-26 19:57:28
96,3056,1,2025-01-24 19:06:52,2026-03-26 19:57:28
24,3057,0,2024-05-12 05:34:40,2026-02-28 17:17:00
19,3057,0,2024-05-12 05:34:40,2026-02-28 17:17:00
20,3057,0,2024-05-12 05:34:40,2026-02-28 17:17:00
1,3058,0,2025-10-09 09:03:20,2026-08-30 18:24:27
2,3058,0,2025-10-09 09:03:20,2026-08-30 18:24:27
14,3058,0,2025-10-09 09:03:20,2026-08-30 18:24:27
1,3059,1,2024-08-01 07:53:32,2026-08-03 01:16:11
2,3059,1,2024-08-01 07:53:32,2026-08-03 01:16:11
13,3059,1,2024-08-01 07:53:32,2026-08-03 01:16:11
0,3060,1,2023-03-26 05:50:05,2024-01-07 15:51:39
97,3060,1,2023-03-26 05:50:05,2024-01-07 15:51:39
96,3060,1,2023-03-26 05:50:05,2024-01-07 15:51:39
28,3061,1,2026-07-14 19:46:41,2026-07-28 05:35:13
29,3061,1,2026-07-14 19:46:41,2026-07-28 05:35:13
0,3062,1,2024-09-27 03:19:06,2025-10-05 06:36:58
0,3063,0,2023-08-09 01:44:50,2023-09-07 17:35:51
96,3064,0,2023-08-07 11:47:39,2024-02-23 11:00:35
1,3064,0,2023-08-07 11:47:39,2024-02-23 11:00:35
99,3064,0,2023-08-07 11:47:39,2024-02-23 11:00:35
4,3064,0,2023-08-07 11:47:39,2024-02-23 11:00:35
33,3065,1,2026-09-12 00:56:26,2026-09-15 14:26:38
28,3065,1,2026-09-12 00:56:26,2026-09-15 14:26:38
96,3066,1,2023-05-29 12:26:31,2026-03-24 20:22:34
33,3066,1,2023-05-29 12:26:31,2026-03-24 20:22:34
28,3066,1,2023-05-29 12:26:31,2026-03-24 20:22:34
97,3066,1,2023-05-29 12:26:31,2026-03-24 20:22:34
0,3067,1,2025-04-09 19:51:48,2025-12-04 02:02:50
28,3068,1,2023-10-10 00:07:57,2025-12-21 04:09:09
31,3068,1,2023-10-10 00:07:57,2025-12-21 04:09:09
19,3069,1,2026-07-17 02:15:50,2026-08-26 01:38:31
27,3069,1,2026-07-17 02:15:50,2026-08-26 01:38:31
22,3069,1,2026-07-17 02:15:50,2026-08-26 01:38:31
1,3070,1,2026-04-15 01:26:58,2026-06-11 21:59:33
2,3070,1,2026-04-15 01:26:58,2026-06-11 21:59:33
14,3070,1,2026-04-15 01:26:58,2026-06-11 21:59:33
0,3071,0,2024-10-30 01:22:03,2025-09-28 13:56:26
96,3072,1,2024-01-20 12:06:38,2025-11-29 18:32:47
97,3072,1,2024-01-20 12:06:38,2025-11-29 18:32:47
28,3072,1,2024-01-20 12:06:38,2025-11-29 18:32:47
31,3072,1,2024-01-20 12:06:38,2025-11-29 18:32:47
0,3073,0,2025-09-16 12:11:43,2026-05-17 06:25:27
0,3074,1,2024-06-03 19:06:11,2025-03-06 15:09:19
19,3075,1,2025-01-27 23:10:23,2026-09-13 09:44:08
27,3075,1,2025-01-27 23:10:23,2026-09-13 09:44:08
22,3075,1,2025-01-27 23:10:23,2026-09-13 09:44:08
19,3076,1,2025-08-20 11:56:03,2026-07-10 01:05:41
27,3076,1,2025-08-20 11:56:03,2026-07-10 01:05:41
22,3076,1,2025-08-20 11:56:03,2026-07-10 01:05:41
26,3077,1,2024-01-23 03:21:22,2025-10-12 05:29:24
19,3077,1,2024-01-23 03:21:22,2025-10-12 05:29:24
21,3077,1,2024-01-23 03:21:22,2025-10-12 05:29:24
32,3078,1,2026-04-02 21:29:04,2026-06-18 08:45:23
97,3078,1,2026-04-02 21:29:04,2026-06-18 08:45:23
28,3078,1,2026-04-02 21:29:04,2026-06-18 08:45:23
96,3078,1,2026-04-02 21:29:04,2026-06-18 08:45:23
26,3079,0,2025-12-21 10:59:38,2026-09-15 04:39:55
19,3079,0,2025-12-21 10:59:38,2026-09-15 04:39:55
21,3079,0,2025-12-21 10:59:38,2026-09-15 04:39:55
96,3080,1,2023-11-11 15:32:08,2025-07-06 18:48:56
99,3080,1,2023-11-11 15:32:08,2025-07-06 18:48:56
19,3080,1,2023-11-11 15:32:08,2025-07-06 18:48:56
21,3080,1,2023-11-11 15:32:08,2025-07-06 18:48:56
26,3080,1,2023-11-11 15:32:08,2025-07-06 18:48:56
24,3081,1,2023-09-01 08:29:34,2026-05-24 00:58:34
19,3081,1,2023-09-01 08:29:34,2026-05-24 00:58:34
20,3081,1,2023-09-01 08:29:34,2026-05-24 00:58:34
0,3082,1,2024-09-30 04:38:22,2025-11-30 05:57:24
1,3083,1,2026-02-09 03:33:14,2026-09-06 05:48:17
3,3083,1,2026-02-09 03:33:14,2026-09-06 05:48:17
7,3083,1,2026-02-09 03:33:14,2026-09-06 05:48:17
15,3083,1,2026-02-09 03:33:14,2026-09-06 05:48:17
96,3084,0,2026-05-08 01:42:25,2026-09-12 16:49:16
33,3084,0,2026-05-08 01:42:25,2026-09-12 16:49:16
28,3084,0,2026-05-08 01:42:25,2026-09-12 16:49:16
97,3084,0,2026-05-08 01:42:25,2026-09-12 16:49:16
24,3085,1,2023-06-07 16:25:19,2025-02-08 04:48:38
19,3085,1,2023-06-07 16:25:19,2025-02-08 04:48:38
20,3085,1,2023-06-07 16:25:19,2025-02-08 04:48:38
28,3086,1,2025-02-11 05:20:06,2025-07-22 22:49:23
29,3086,1,2025-02-11 05:20:06,2025-07-22 22:49:23
0,3087,1,2023-05-29 05:28:16,2024-07-27 16:04:22
99,3088,1,2025-05-13 14:38:42,2025-08-30 07:16:39
35,3088,1,2025-05-13 14:38:42,2025-08-30 07:16:39
28,3088,1,2025-05-13 14:38:42,2025-08-30 07:16:39
96,3088,1,2025-05-13 14:38:42,2025-08-30 07:16:39
19,3089,1,2024-09-10 15:09:39,2026-05-12 09:24:02
27,3089,1,2024-09-10 15:09:39,2026-05-12 09:24:02
22,3089,1,2024-09-10 15:09:39,2026-05-12 09:24:02
96,3090,1,2026-07-26 07:09:23,2026-08-09 07:02:59
97,3090,1,2026-07-26 07:09:23,2026-08-09 07:02:59
28,3090,1,2026-07-26 07:09:23,2026-08-09 07:02:59
31,3090,1,2026-07-26 07:09:23,2026-08-09 07:02:59
32,3091,1,2026-06-21 12:37:24,2026-07-10 02:16:46
28,3091,1,2026-06-21 12:37:24,2026-07-10 02:16:46
0,3092,0,2024-02-12 09:55:42,2026-04-07 21:04:23
24,3093,1,2025-05-31 01:08:38,2026-05-23 11:14:00
19,3093,1,2025-05-31 01:08:38,2026-05-23 11:14:00
20,3093,1,2025-05-31 01:08:38,2026-05-23 11:14:00
24,3094,0,2023-12-15 06:38:50,2024-11-18 15:05:02
19,3094,0,2023-12-15 06:38:50,2024-11-18 15:05:02
20,3094,0,2023-12-15 06:38:50,2024-11-18 15:05:02
1,3095,1,2023-09-21 18:54:39,2025-03-18 08:17:25
3,3095,1,2023-09-21 18:54:39,2025-03-18 08:17:25
7,3095,1,2023-09-21 18:54:39,2025-03-18 08:17:25
15,3095,1,2023-09-21 18:54:39,2025-03-18 08:17:25
32,3096,0,2023-02-22 15:24:43,2026-05-20 11:09:18
97,3096,0,2023-02-22 15:24:43,2026-05-20 11:09:18
28,3096,0,2023-02-22 15:24:43,2026-05-20 11:09:18
96,3096,0,2023-02-22 15:24:43,2026-05-20 11:09:18
24,3097,1,2025-10-31 09:56:17,2026-04-12 05:44:37
19,3097,1,2025-10-31 09:56:17,2026-04-12 05:44:37
20,3097,1,2025-10-31 09:56:17,2026-04-12 05:44:37
0,3098,1,2023-03-12 19:44:09,2026-09-15 05:31:23
32,3099,1,2025-02-05 19:37:45,2026-05-18 05:40:31
28,3099,1,2025-02-05 19:37:45,2026-05-18 05:40:31
28,3100,1,2025-06-17 10:08:56,2025-08-20 22:05:20
31,3100,1,2025-06-17 10:08:56,2025-08-20 22:05:20
1,3101,1,2025-04-02 18:17:33,2026-06-13 03:23:58
2,3101,1,2025-04-02 18:17:33,2026-06-13 03:23:58
13,3101,1,2025-04-02 18:17:33,2026-06-13 03:23:58
96,3102,1,2025-08-22 10:45:29,2025-09-22 04:07:33
97,3102,1,2025-08-22 10:45:29,2025-09-22 04:07:33
19,3102,1,2025-08-22 10:45:29,2025-09-22 04:07:33
21,3102,1,2025-08-22 10:45:29,2025-09-22 04:07:33
26,3102,1,2025-08-22 10:45:29,2025-09-22 04:07:33
0,3103,1,2024-04-14 16:55:30,2026-08-22 13:32:34
96,3104,1,2023-04-06 08:32:21,2026-03-21 13:23:58
99,3104,1,2023-04-06 08:32:21,2026-03-21 13:23:58
19,3104,1,2023-04-06 08:32:21,2026-03-21 13:23:58
20,3104,1,2023-04-06 08:32:21,2026-03-21 13:23:58
24,3104,1,2023-04-06 08:32:21,2026-03-21 13:23:58
0,3105,1,2023-04-02 06:45:25,2023-08-04 07:18:50
1,3106,1,2023-07-30 01:47:56,2026-07-29 21:57:39
3,3106,1,2023-07-30 01:47:56,2026-07-29 21:57:39
7,3106,1,2023-07-30 01:47:56,2026-07-29 21:57:39
15,3106,1,2023-07-30 01:47:56,2026-07-29 21:57:39
1,3107,1,2025-11-05 06:23:06,2025-11-06 22:32:22
4,3107,1,2025-11-05 06:23:06,2025-11-06 22:32:22
96,3108,1,2026-07-29 11:44:22,2026-09-12 02:09:51
97,3108,1,2026-07-29 11:44:22,2026-09-12 02:09:51
19,3108,1,2026-07-29 11:44:22,2026-09-12 02:09:51
20,3108,1,2026-07-29 11:44:22,2026-09-12 02:09:51
24,3108,1,2026-07-29 11:44:22,2026-09-12 02:09:51
1,3109,1,2024-11-08 12:28:14,2025-11-13 13:53:50
2,3109,1,2024-11-08 12:28:14,2025-11-13 13:53:50
14,3109,1,2024-11-08 12:28:14,2025-11-13 13:53:50
28,3110,0,2023-04-22 10:56:39,2024-04-27 11:37:25
29,3110,0,2023-04-22 10:56:39,2024-04-27 11:37:25
35,3111,1,2025-10-18 13:53:58,2026-03-14 17:58:37
28,3111,1,2025-10-18 13:53:58,2026-03-14 17:58:37
96,3112,1,2024-06-25 03:28:12,2025-09-09 06:13:28
1,3112,1,2024-06-25 03:28:12,2025-09-09 06:13:28
99,3112,1,2024-06-25 03:28:12,2025-09-09 06:13:28
4,3112,1,2024-06-25 03:28:12,2025-09-09 06:13:28
0,3113,1,2025-07-16 02:45:46,2026-06-17 16:51:06
0,3114,1,2024-05-17 00:50:11,2025-02-13 15:57:50
97,3114,1,2024-05-17 00:50:11,2025-02-13 15:57:50
96,3114,1,2024-05-17 00:50:11,2025-02-13 15:57:50
0,3115,1,2025-01-25 20:13:36,2026-08-08 14:22:33
24,3116,1,2024-10-23 15:24:17,2025-08-22 21:29:11
19,3116,1,2024-10-23 15:24:17,2025-08-22 21:29:11
20,3116,1,2024-10-23 15:24:17,2025-08-22 21:29:11
0,3117,1,2023-06-14 14:43:55,2025-12-18 11:06:26
1,3118,0,2024-04-05 04:45:55,2024-11-17 10:47:15
3,3118,0,2024-04-05 04:45:55,2024-11-17 10:47:15
7,3118,0,2024-04-05 04:45:55,2024-11-17 10:47:15
15,3118,0,2024-04-05 04:45:55,2024-11-17 10:47:15
0,3119,1,2024-09-21 06:59:04,2025-07-03 07:35:00
96,3120,1,2023-05-09 22:34:48,2024-08-08 17:56:30
1,3120,1,2023-05-09 22:34:48,2024-08-08 17:56:30
2,3120,1,2023-05-09 22:34:48,2024-08-08 17:56:30
97,3120,1,2023-05-09 22:34:48,2024-08-08 17:56:30
13,3120,1,2023-05-09 22:34:48,2024-08-08 17:56:30
0,3121,1,2026-08-30 17:50:46,2026-09-04 02:43:21
0,3122,1,2024-09-27 15:15:51,2025-11-22 05:28:10
0,3123,1,2023-01-12 23:21:46,2025-01-14 18:04:30
26,3124,1,2023-08-06 11:50:20,2024-07-27 19:18:55
19,3124,1,2023-08-06 11:50:20,2024-07-27 19:18:55
21,3124,1,2023-08-06 11:50:20,2024-07-27 19:18:55
33,3125,1,2025-04-12 17:23:38,2025-11-14 10:25:57
28,3125,1,2025-04-12 17:23:38,2025-11-14 10:25:57
0,3126,0,2025-07-14 01:40:49,2026-03-01 21:08:55
97,3126,0,2025-07-14 01:40:49,2026-03-01 21:08:55
96,3126,0,2025-07-14 01:40:49,2026-03-01 21:08:55
0,3127,1,2024-12-03 17:37:04,2026-03-18 21:57:53
96,3128,1,2024-06-23 02:11:20,2024-08-08 05:31:54
1,3128,1,2024-06-23 02:11:20,2024-08-08 05:31:54
99,3128,1,2024-06-23 02:11:20,2024-08-08 05:31:54
4,3128,1,2024-06-23 02:11:20,2024-08-08 05:31:54
1,3129,0,2025-07-08 17:10:28,2025-10-18 15:53:20
3,3129,0,2025-07-08 17:10:28,2025-10-18 15:53:20
7,3129,0,2025-07-08 17:10:28,2025-10-18 15:53:20
15,3129,0,2025-07-08 17:10:28,2025-10-18 15:53:20
1,3130,1,2025-01-30 05:13:30,2026-04-07 11:35:39
2,3130,1,2025-01-30 05:13:30,2026-04-07 11:35:39
13,3130,1,2025-01-30 05:13:30,2026-04-07 11:35:39
0,3131,0,2023-01-27 17:01:28,2026-09-11 10:46:20
96,3132,1,2024-01-12 20:13:01,2025-04-24 20:50:05
97,3132,1,2024-01-12 20:13:01,2025-04-24 20:50:05
19,3132,1,2024-01-12 20:13:01,2025-04-24 20:50:05
20,3132,1,2024-01-12 20:13:01,2025-04-24 20:50:05
24,3132,1,2024-01-12 20:13:01,2025-04-24 20:50:05
24,3133,1,2025-10-15 17:29:33,2026-01-25 17:26:48
19,3133,1,2025-10-15 17:29:33,2026-01-25 17:26:48
20,3133,1,2025-10-15 17:29:33,2026-01-25 17:26:48
1,3134,1,2025-05-05 07:57:20,2025-06-02 14:44:11
2,3134,1,2025-05-05 07:57:20,2025-06-02 14:44:11
14,3134,1,2025-05-05 07:57:20,2025-06-02 14:44:11
0,3135,1,2025-02-12 04:24:59,2026-04-22 13:30:22
96,3136,1,2026-07-03 21:29:38,2026-09-06 00:55:39
1,3136,1,2026-07-03 21:29:38,2026-09-06 00:55:39
2,3136,1,2026-07-03 21:29:38,2026-09-06 00:55:39
99,3136,1,2026-07-03 21:29:38,2026-09-06 00:55:39
13,3136,1,2026-07-03 21:29:38,2026-09-06 00:55:39
0,3137,0,2025-06-13 07:59:07,2025-06-24 00:07:55
96,3138,1,2026-05-03 06:52:43,2026-07-14 12:54:14
1,3138,1,2026-05-03 06:52:43,2026-07-14 12:54:14
97,3138,1,2026-05-03 06:52:43,2026-07-14 12:54:14
3,3138,1,2026-05-03 06:52:43,2026-07-14 12:54:14
7,3138,1,2026-05-03 06:52:43,2026-07-14 12:54:14
15,3138,1,2026-05-03 06:52:43,2026-07-14 12:54:14
32,3139,1,2025-06-13 15:34:35,2025-06-14 03:55:47
28,3139,1,2025-06-13 15:34:35,2025-06-14 03:55:47
26,3140,1,2025-03-18 12:21:54,2026-07-03 13:24:06
19,3140,1,2025-03-18 12:21:54,2026-07-03 13:24:06
21,3140,1,2025-03-18 12:21:54,2026-07-03 13:24:06
35,3141,1,2024-10-15 00:51:03,2025-10-07 02:14:16
28,3141,1,2024-10-15 00:51:03,2025-10-07 02:14:16
0,3142,1,2023-05-09 22:15:13,2025-01-18 20:46:50
1,3143,0,2023-04-18 08:41:11,2024-07-25 14:17:01
3,3143,0,2023-04-18 08:41:11,2024-07-25 14:17:01
7,3143,0,2023-04-18 08:41:11,2024-07-25 14:17:01
15,3143,0,2023-04-18 08:41:11,2024-07-25 14:17:01
96,3144,1,2025-03-06 09:47:50,2025-10-10 03:57:13
97,3144,1,2025-03-06 09:47:50,2025-10-10 03:57:13
19,3144,1,2025-03-06 09:47:50,2025-10-10 03:57:13
20,3144,1,2025-03-06 09:47:50,2025-10-10 03:57:13
24,3144,1,2025-03-06 09:47:50,2025-10-10 03:57:13
28,3145,1,2024-04-04 10:46:05,2025-05-27 20:59:06
31,3145,1,2024-04-04 10:46:05,2025-05-27 20:59:06
1,3146,1,2025-04-05 15:53:47,2025-11-10 16:27:45
2,3146,1,2025-04-05 15:53:47,2025-11-10 16:27:45
14,3146,1,2025-04-05 15:53:47,2025-11-10 16:27:45
0,3147,1,2026-04-06 04:05:28,2026-04-12 08:48:04
0,3148,1,2024-06-15 06:58:58,2025-07-03 08:54:58
19,3149,0,2023-02-14 17:31:40,2024-10-03 12:31:29
27,3149,0,2023-02-14 17:31:40,2024-10-03 12:31:29
22,3149,0,2023-02-14 17:31:40,2024-10-03 12:31:29
0,3150,1,2024-07-27 02:25:55,2026-06-29 12:51:52
97,3150,1,2024-07-27 02:25:55,2026-06-29 12:51:52
96,3150,1,2024-07-27 02:25:55,2026-06-29 12:51:52
0,3151,0,2024-03-28 05:36:56,2025-10-06 16:00:13
96,3152,1,2025-03-27 02:52:04,2026-01-21 14:44:17
99,3152,1,2025-03-27 02:52:04,2026-01-21 14:44:17
19,3152,1,2025-03-27 02:52:04,2026-01-21 14:44:17
20,3152,1,2025-03-27 02:52:04,2026-01-21 14:44:17
24,3152,1,2025-03-27 02:52:04,2026-01-21 14:44:17
0,3153,1,2025-12-08 02:58:33,2026-08-04 20:02:17
0,3154,1,2025-07-21 10:31:25,2025-11-06 06:35:14
33,3155,1,2023-07-05 04:58:23,2025-01-13 04:16:15
28,3155,1,2023-07-05 04:58:23,2025-01-13 04:16:15
0,3156,1,2024-09-07 11:58:08,2025-02-26 09:07:41
97,3156,1,2024-09-07 11:58:08,2025-02-26 09:07:41
96,3156,1,2024-09-07 11:58:08,2025-02-26 09:07:41
33,3157,1,2025-06-29 21:26:13,2025-10-29 18:06:19
28,3157,1,2025-06-29 21:26:13,2025-10-29 18:06:19
28,3158,1,2024-10-11 07:40:45,2024-12-24 06:42:08
29,3158,1,2024-10-11 07:40:45,2024-12-24 06:42:08
32,3159,1,2025-08-19 13:48:46,2026-02-10 21:02:01
28,3159,1,2025-08-19 13:48:46,2026-02-10 21:02:01
0,3160,1,2023-10-13 12:49:34,2026-04-04 06:40:51
99,3160,1,2023-10-13 12:49:34,2026-04-04 06:40:51
96,3160,1,2023-10-13 12:49:34,2026-04-04 06:40:51
1,3161,1,2026-01-16 13:20:33,2026-05-05 14:20:10
3,3161,1,2026-01-16 13:20:33,2026-05-05 14:20:10
7,3161,1,2026-01-16 13:20:33,2026-05-05 14:20:10
15,3161,1,2026-01-16 13:20:33,2026-05-05 14:20:10
0,3162,1,2023-01-04 19:37:01,2026-02-07 07:38:59
97,3162,1,2023-01-04 19:37:01,2026-02-07 07:38:59
96,3162,1,2023-01-04 19:37:01,2026-02-07 07:38:59
0,3163,1,2026-02-03 06:53:44,2026-04-28 15:18:05
33,3164,1,2026-04-29 13:06:21,2026-08-11 07:56:17
28,3164,1,2026-04-29 13:06:21,2026-08-11 07:56:17
24,3165,1,2024-11-20 15:12:15,2024-11-30 14:43:05
19,3165,1,2024-11-20 15:12:15,2024-11-30 14:43:05
20,3165,1,2024-11-20 15:12:15,2024-11-30 14:43:05
1,3166,1,2023-05-05 17:02:05,2026-03-11 15:25:41
4,3166,1,2023-05-05 17:02:05,2026-03-11 15:25:41
0,3167,1,2025-10-20 11:05:26,2026-04-21 08:29:21
96,3168,1,2025-01-10 16:01:22,2026-03-11 21:02:37
97,3168,1,2025-01-10 16:01:22,2026-03-11 21:02:37
19,3168,1,2025-01-10 16:01:22,2026-03-11 21:02:37
21,3168,1,2025-01-10 16:01:22,2026-03-11 21:02:37
26,3168,1,2025-01-10 16:01:22,2026-03-11 21:02:37
0,3169,1,2025-11-14 20:15:10,2025-12-29 01:39:54
19,3170,1,2025-09-09 17:27:03,2026-02-22 18:46:00
27,3170,1,2025-09-09 17:27:03,2026-02-22 18:46:00
22,3170,1,2025-09-09 17:27:03,2026-02-22 18:46:00
28,3171,1,2025-04-17 13:00:32,2026-01-18 20:24:12
31,3171,1,2025-04-17 13:00:32,2026-01-18 20:24:12
32,3172,0,2026-01-24 04:45:35,2026-05-14 16:20:30
28,3172,0,2026-01-24 04:45:35,2026-05-14 16:20:30
28,3173,1,2025-07-30 19:32:02,2026-03-29 19:36:06
29,3173,1,2025-07-30 19:32:02,2026-03-29 19:36:06
96,3174,1,2025-06-04 03:35:37,2026-07-26 22:17:29
97,3174,1,2025-06-04 03:35:37,2026-07-26 22:17:29
28,3174,1,2025-06-04 03:35:37,2026-07-26 22:17:29
31,3174,1,2025-06-04 03:35:37,2026-07-26 22:17:29
24,3175,1,2023-08-11 10:55:43,2024-09-17 19:29:51
19,3175,1,2023-08-11 10:55:43,2024-09-17 19:29:51
20,3175,1,2023-08-11 10:55:43,2024-09-17 19:29:51
96,3176,1,2025-01-13 17:00:37,2026-08-23 02:35:29
99,3176,1,2025-01-13 17:00:37,2026-08-23 02:35:29
19,3176,1,2025-01-13 17:00:37,2026-08-23 02:35:29
21,3176,1,2025-01-13 17:00:37,2026-08-23 02:35:29
26,3176,1,2025-01-13 17:00:37,2026-08-23 02:35:29
35,3177,1,2024-10-03 03:51:32,2025-06-26 04:29:38
28,3177,1,2024-10-03 03:51:32,2025-06-26 04:29:38
32,3178,1,2025-11-02 14:42:27,2025-11-14 09:26:22
28,3178,1,2025-11-02 14:42:27,2025-11-14 09:26:22
19,3179,1,2024-11-22 11:08:37,2026-07-31 10:02:12
27,3179,1,2024-11-22 11:08:37,2026-07-31 10:02:12
22,3179,1,2024-11-22 11:08:37,2026-07-31 10:02:12
0,3180,1,2024-06-20 14:25:22,2025-05-29 07:15:40
97,3180,1,2024-06-20 14:25:22,2025-05-29 07:15:40
96,3180,1,2024-06-20 14:25:22,2025-05-29 07:15:40
0,3181,1,2025-08-11 04:28:54,2026-08-10 16:09:11
26,3182,1,2024-03-08 22:01:13,2026-08-23 10:20:13
19,3182,1,2024-03-08 22:01:13,2026-08-23 10:20:13
21,3182,1,2024-03-08 22:01:13,2026-08-23 10:20:13
1,3183,1,2024-05-04 04:22:33,2024-05-13 05:07:16
2,3183,1,2024-05-04 04:22:33,2024-05-13 05:07:16
14,3183,1,2024-05-04 04:22:33,2024-05-13 05:07:16
96,3184,1,2026-08-27 00:27:22,2026-08-29 16:27:09
99,3184,1,2026-08-27 00:27:22,2026-08-29 16:27:09
19,3184,1,2026-08-27 00:27:22,2026-08-29 16:27:09
21,3184,1,2026-08-27 00:27:22,2026-08-29 16:27:09
26,3184,1,2026-08-27 00:27:22,2026-08-29 16:27:09
33,3185,1,2024-10-11 04:05:29,2026-04-16 09:22:56
28,3185,1,2024-10-11 04:05:29,2026-04-16 09:22:56
0,3186,1,2025-06-26 16:32:09,2025-12-11 01:56:58
97,3186,1,2025-06-26 16:32:09,2025-12-11 01:56:58
96,3186,1,2025-06-26 16:32:09,2025-12-11 01:56:58
0,3187,1,2024-04-12 20:07:29,2026-02-20 19:52:49
24,3188,1,2024-12-17 20:48:51,2026-02-18 03:29:36
19,3188,1,2024-12-17 20:48:51,2026-02-18 03:29:36
20,3188,1,2024-12-17 20:48:51,2026-02-18 03:29:36
1,3189,1,2023-06-30 12:53:54,2025-09-14 22:40:19
2,3189,1,2023-06-30 12:53:54,2025-09-14 22:40:19
13,3189,1,2023-06-30 12:53:54,2025-09-14 22:40:19
1,3190,0,2025-04-02 20:38:21,2025-07-15 21:43:46
2,3190,0,2025-04-02 20:38:21,2025-07-15 21:43:46
14,3190,0,2025-04-02 20:38:21,2025-07-15 21:43:46
24,3191,1,2025-09-29 03:21:26,2026-07-10 02:02:38
19,3191,1,2025-09-29 03:21:26,2026-07-10 02:02:38
20,3191,1,2025-09-29 03:21:26,2026-07-10 02:02:38
96,3192,1,2025-01-28 10:49:09,2025-12-05 07:06:26
33,3192,1,2025-01-28 10:49:09,2025-12-05 07:06:26
28,3192,1,2025-01-28 10:49:09,2025-12-05 07:06:26
97,3192,1,2025-01-28 10:49:09,2025-12-05 07:06:26
0,3193,1,2026-08-11 09:55:02,2026-09-05 16:01:02
26,3194,1,2023-02-12 01:07:01,2026-08-11 12:32:20
19,3194,1,2023-02-12 01:07:01,2026-08-11 12:32:20
21,3194,1,2023-02-12 01:07:01,2026-08-11 12:32:20
24,3195,1,2026-04-16 04:17:01,2026-07-30 15:29:08
19,3195,1,2026-04-16 04:17:01,2026-07-30 15:29:08
20,3195,1,2026-04-16 04:17:01,2026-07-30 15:29:08
28,3196,1,2026-05-12 04:43:19,2026-08-19 03:12:18
31,3196,1,2026-05-12 04:43:19,2026-08-19 03:12:18
0,3197,1,2025-12-19 05:40:14,2026-03-09 13:36:37
96,3198,1,2025-07-20 03:01:36,2025-10-31 11:49:56
97,3198,1,2025-07-20 03:01:36,2025-10-31 11:49:56
19,3198,1,2025-07-20 03:01:36,2025-10-31 11:49:56
22,3198,1,2025-07-20 03:01:36,2025-10-31 11:49:56
27,3198,1,2025-07-20 03:01:36,2025-10-31 11:49:56
1,3199,1,2023-06-26 15:57:41,2024-04-13 09:32:57
2,3199,1,2023-06-26 15:57:41,2024-04-13 09:32:57
13,3199,1,2023-06-26 15:57:41,2024-04-13 09:32:57
96,3200,1,2024-08-04 07:12:10,2024-09-12 01:45:03
33,3200,1,2024-08-04 07:12:10,2024-09-12 01:45:03
99,3200,1,2024-08-04 07:12:10,2024-09-12 01:45:03
28,3200,1,2024-08-04 07:12:10,2024-09-12 01:45:03
1,3201,1,2026-05-07 16:35:13,2026-08-18 17:20:42
2,3201,1,2026-05-07 16:35:13,2026-08-18 17:20:42
13,3201,1,2026-05-07 16:35:13,2026-08-18 17:20:42
0,3202,1,2023-04-06 03:36:26,2024-06-16 23:34:12
0,3203,0,2024-06-12 01:31:34,2024-10-07 21:20:12
96,3204,1,2025-01-11 11:28:27,2025-09-09 11:46:44
97,3204,1,2025-01-11 11:28:27,2025-09-09 11:46:44
28,3204,1,2025-01-11 11:28:27,2025-09-09 11:46:44
31,3204,1,2025-01-11 11:28:27,2025-09-09 11:46:44
0,3205,1,2023-06-10 04:11:35,2025-02-25 16:53:56
24,3206,1,2025-05-02 17:01:45,2025-11-22 09:59:06
19,3206,1,2025-05-02 17:01:45,2025-11-22 09:59:06
20,3206,1,2025-05-02 17:01:45,2025-11-22 09:59:06
0,3207,1,2024-09-20 19:58:47,2026-08-18 21:48:15
0,3208,1,2023-05-26 02:32:00,2023-11-07 20:42:46
99,3208,1,2023-05-26 02:32:00,2023-11-07 20:42:46
96,3208,1,2023-05-26 02:32:00,2023-11-07 20:42:46
0,3209,0,2024-12-31 03:43:13,2025-10-26 11:43:34
0,3210,1,2023-04-13 00:27:45,2025-04-22 05:18:43
97,3210,1,2023-04-13 00:27:45,2025-04-22 05:18:43
96,3210,1,2023-04-13 00:27:45,2025-04-22 05:18:43
0,3211,1,2024-08-05 10:10:42,2024-12-30 16:24:59
0,3212,1,2025-04-27 07:11:28,2026-02-08 09:21:39
0,3213,1,2025-10-21 10:22:55,2025-12-15 14:09:45
1,3214,0,2026-06-19 02:26:01,2026-07-15 02:11:02
4,3214,0,2026-06-19 02:26:01,2026-07-15 02:11:02
26,3215,1,2023-01-11 00:50:56,2023-09-03 13:50:06
19,3215,1,2023-01-11 00:50:56,2023-09-03 13:50:06
21,3215,1,2023-01-11 00:50:56,2023-09-03 13:50:06
96,3216,1,2024-10-29 23:28:07,2026-02-02 04:58:18
97,3216,1,2024-10-29 23:28:07,2026-02-02 04:58:18
28,3216,1,2024-10-29 23:28:07,2026-02-02 04:58:18
29,3216,1,2024-10-29 23:28:07,2026-02-02 04:58:18
35,3217,1,2023-09-13 16:58:32,2025-01-22 17:01:27
28,3217,1,2023-09-13 16:58:32,2025-01-22 17:01:27
33,3218,1,2023-01-07 20:43:17,2026-06-09 12:15:06
28,3218,1,2023-01-07 20:43:17,2026-06-09 12:15:06
35,3219,1,2025-09-19 12:14:16,2026-03-15 20:48:13
28,3219,1,2025-09-19 12:14:16,2026-03-15 20:48:13
0,3220,1,2023-07-07 18:22:54,2025-08-24 10:48:32
1,3221,1,2023-11-05 05:36:59,2023-11-06 22:30:16
2,3221,1,2023-11-05 05:36:59,2023-11-06 22:30:16
14,3221,1,2023-11-05 05:36:59,2023-11-06 22:30:16
0,3222,1,2026-01-17 18:38:34,2026-05-05 23:55:27
97,3222,1,2026-01-17 18:38:34,2026-05-05 23:55:27
96,3222,1,2026-01-17 18:38:34,2026-05-05 23:55:27
33,3223,1,2024-06-25 20:09:36,2026-07-16 19:40:46
28,3223,1,2024-06-25 20:09:36,2026-07-16 19:40:46
0,3224,0,2025-06-23 23:34:05,2026-06-27 17:18:09
99,3224,0,2025-06-23 23:34:05,2026-06-27 17:18:09
96,3224,0,2025-06-23 23:34:05,2026-06-27 17:18:09
1,3225,1,2026-04-10 15:11:59,2026-07-08 00:51:36
4,3225,1,2026-04-10 15:11:59,2026-07-08 00:51:36
26,3226,1,2024-03-22 17:27:49,2025-05-09 23:11:39
19,3226,1,2024-03-22 17:27:49,2025-05-09 23:11:39
21,3226,1,2024-03-22 17:27:49,2025-05-09 23:11:39
1,3227,1,2023-08-04 00:17:10,2026-06-16 18:08:02
2,3227,1,2023-08-04 00:17:10,2026-06-16 18:08:02
13,3227,1,2023-08-04 00:17:10,2026-06-16 18:08:02
96,3228,1,2023-07-17 13:46:04,2023-12-01 15:43:24
97,3228,1,2023-07-17 13:46:04,2023-12-01 15:43:24
19,3228,1,2023-07-17 13:46:04,2023-12-01 15:43:24
22,3228,1,2023-07-17 13:46:04,2023-12-01 15:43:24
27,3228,1,2023-07-17 13:46:04,2023-12-01 15:43:24
32,3229,1,2025-01-12 22:06:27,2026-06-18 16:39:24
28,3229,1,2025-01-12 22:06:27,2026-06-18 16:39:24
0,3230,0,2023-06-27 13:01:03,2023-11-02 21:09:58
1,3231,1,2024-10-12 23:39:08,2024-10-19 21:48:33
3,3231,1,2024-10-12 23:39:08,2024-10-19 21:48:33
7,3231,1,2024-10-12 23:39:08,2024-10-19 21:48:33
15,3231,1,2024-10-12 23:39:08,2024-10-19 21:48:33
96,3232,1,2025-11-05 21:57:34,2026-02-15 12:45:11
1,3232,1,2025-11-05 21:57:34,2026-02-15 12:45:11
2,3232,1,2025-11-05 21:57:34,2026-02-15 12:45:11
99,3232,1,2025-11-05 21:57:34,2026-02-15 12:45:11
13,3232,1,2025-11-05 21:57:34,2026-02-15 12:45:11
24,3233,1,2023-12-09 18:41:28,2025-04-17 18:37:09
19,3233,1,2023-12-09 18:41:28,2025-04-17 18:37:09
20,3233,1,2023-12-09 18:41:28,2025-04-17 18:37:09
96,3234,1,2025-07-21 06:12:26,2025-12-13 10:06:32
1,3234,1,2025-07-21 06:12:26,2025-12-13 10:06:32
2,3234,1,2025-07-21 06:12:26,2025-12-13 10:06:32
97,3234,1,2025-07-21 06:12:26,2025-12-13 10:06:32
14,3234,1,2025-07-21 06:12:26,2025-12-13 10:06:32
1,3235,1,2024-08-20 03:36:58,2025-02-24 11:30:34
4,3235,1,2024-08-20 03:36:58,2025-02-24 11:30:34
24,3236,1,2026-06-15 21:13:31,2026-07-01 00:11:13
19,3236,1,2026-06-15 21:13:31,2026-07-01 00:11:13
20,3236,1,2026-06-15 21:13:31,2026-07-01 00:11:13
1,3237,1,2024-10-19 13:07:11,2025-07-29 22:44:11
2,3237,1,2024-10-19 13:07:11,2025-07-29 22:44:11
13,3237,1,2024-10-19 13:07:11,2025-07-29 22:44:11
33,3238,1,2026-08-26 08:10:10,2026-09-16 22:01:58
28,3238,1,2026-08-26 08:10:10,2026-09-16 22:01:58
24,3239,1,2023-03-03 04:51:08,2026-08-13 19:18:28
19,3239,1,2023-03-03 04:51:08,2026-08-13 19:18:28
20,3239,1,2023-03-03 04:51:08,2026-08-13 19:18:28
0,3240,1,2025-11-01 10:24:03,2026-08-18 06:15:44
97,3240,1,2025-11-01 10:24:03,2026-08-18 06:15:44
96,3240,1,2025-11-01 10:24:03,2026-08-18 06:15:44
19,3241,1,2024-03-10 15:49:31,2025-01-28 12:12:20
27,3241,1,2024-03-10 15:49:31,2025-01-28 12:12:20
22,3241,1,2024-03-10 15:49:31,2025-01-28 12:12:20
33,3242,1,2023-12-31 05:44:29,2025-05-11 18:12:25
28,3242,1,2023-12-31 05:44:29,2025-05-11 18:12:25
26,3243,1,2023-03-30 08:03:33,2026-04-25 12:24:30
19,3243,1,2023-03-30 08:03:33,2026-04-25 12:24:30
21,3243,1,2023-03-30 08:03:33,2026-04-25 12:24:30
0,3244,0,2023-06-27 00:39:51,2026-07-30 13:36:15
1,3245,1,2024-06-05 20:05:29,2025-08-12 17:59:57
2,3245,1,2024-06-05 20:05:29,2025-08-12 17:59:57
13,3245,1,2024-06-05 20:05:29,2025-08-12 17:59:57
96,3246,0,2026-02-22 22:06:12,2026-05-23 06:55:54
97,3246,0,2026-02-22 22:06:12,2026-05-23 06:55:54
19,3246,0,2026-02-22 22:06:12,2026-05-23 06:55:54
20,3246,0,2026-02-22 22:06:12,2026-05-23 06:55:54
24,3246,0,2026-02-22 22:06:12,2026-05-23 06:55:54
24,3247,1,2023-05-18 12:16:55,2024-05-29 03:09:22
19,3247,1,2023-05-18 12:16:55,2024-05-29 03:09:22
20,3247,1,2023-05-18 12:16:55,2024-05-29 03:09:22
96,3248,1,2023-08-06 23:54:04,2024-03-06 23:33:37
99,3248,1,2023-08-06 23:54:04,2024-03-06 23:33:37
19,3248,1,2023-08-06 23:54:04,2024-03-06 23:33:37
21,3248,1,2023-08-06 23:54:04,2024-03-06 23:33:37
26,3248,1,2023-08-06 23:54:04,2024-03-06 23:33:37
26,3249,1,2026-04-09 18:15:31,2026-07-07 16:41:11
19,3249,1,2026-04-09 18:15:31,2026-07-07 16:41:11
21,3249,1,2026-04-09 18:15:31,2026-07-07 16:41:11
1,3250,1,2023-02-26 10:41:57,2024-08-21 08:49:36
2,3250,1,2023-02-26 10:41:57,2024-08-21 08:49:36
13,3250,1,2023-02-26 10:41:57,2024-08-21 08:49:36
35,3251,0,2024-11-26 17:36:08,2026-03-22 07:38:15
28,3251,0,2024-11-26 17:36:08,2026-03-22 07:38:15
96,3252,1,2025-07-31 00:23:03,2026-01-27 19:43:39
97,3252,1,2025-07-31 00:23:03,2026-01-27 19:43:39
28,3252,1,2025-07-31 00:23:03,2026-01-27 19:43:39
29,3252,1,2025-07-31 00:23:03,2026-01-27 19:43:39
0,3253,1,2026-06-15 20:31:59,2026-08-02 00:34:47
26,3254,1,2025-10-19 11:33:03,2026-05-13 14:41:21
19,3254,1,2025-10-19 11:33:03,2026-05-13 14:41:21
21,3254,1,2025-10-19 11:33:03,2026-05-13 14:41:21
35,3255,1,2023-02-08 04:12:53,2023-06-24 12:56:58
28,3255,1,2023-02-08 04:12:53,2023-06-24 12:56:58
96,3256,1,2024-10-22 09:24:24,2025-09-23 03:13:52
99,3256,1,2024-10-22 09:24:24,2025-09-23 03:13:52
19,3256,1,2024-10-22 09:24:24,2025-09-23 03:13:52
20,3256,1,2024-10-22 09:24:24,2025-09-23 03:13:52
24,3256,1,2024-10-22 09:24:24,2025-09-23 03:13:52
26,3257,1,2024-11-26 05:44:02,2026-04-10 02:57:36
19,3257,1,2024-11-26 05:44:02,2026-04-10 02:57:36
21,3257,1,2024-11-26 05:44:02,2026-04-10 02:57:36
96,3258,0,2025-11-16 02:17:51,2026-08-20 10:25:52
97,3258,0,2025-11-16 02:17:51,2026-08-20 10:25:52
19,3258,0,2025-11-16 02:17:51,2026-08-20 10:25:52
22,3258,0,2025-11-16 02:17:51,2026-08-20 10:25:52
27,3258,0,2025-11-16 02:17:51,2026-08-20 10:25:52
35,3259,1,2025-05-28 15:07:04,2026-07-18 12:49:39
28,3259,1,2025-05-28 15:07:04,2026-07-18 12:49:39
1,3260,1,2024-05-16 07:43:37,2026-06-25 20:09:18
4,3260,1,2024-05-16 07:43:37,2026-06-25 20:09:18
19,3261,0,2023-02-08 06:31:27,2024-06-14 20:24:48
27,3261,0,2023-02-08 06:31:27,2024-06-14 20:24:48
22,3261,0,2023-02-08 06:31:27,2024-06-14 20:24:48
1,3262,1,2026-04-27 18:55:14,2026-07-12 00:56:55
2,3262,1,2026-04-27 18:55:14,2026-07-12 00:56:55
13,3262,1,2026-04-27 18:55:14,2026-07-12 00:56:55
1,3263,1,2025-07-05 21:25:03,2026-04-05 16:06:48
3,3263,1,2025-07-05 21:25:03,2026-04-05 16:06:48
7,3263,1,2025-07-05 21:25:03,2026-04-05 16:06:48
15,3263,1,2025-07-05 21:25:03,2026-04-05 16:06:48
96,3264,1,2025-03-27 11:07:18,2026-02-23 07:30:34
97,3264,1,2025-03-27 11:07:18,2026-02-23 07:30:34
19,3264,1,2025-03-27 11:07:18,2026-02-23 07:30:34
22,3264,1,2025-03-27 11:07:18,2026-02-23 07:30:34
27,3264,1,2025-03-27 11:07:18,2026-02-23 07:30:34
0,3265,1,2024-02-11 19:58:35,2025-04-05 21:43:12
0,3266,1,2024-06-27 01:18:56,2026-06-16 09:16:37
0,3267,1,2023-01-28 23:45:15,2023-08-08 19:50:22
1,3268,1,2026-07-22 01:55:00,2026-07-25 14:06:11
4,3268,1,2026-07-22 01:55:00,2026-07-25 14:06:11
0,3269,0,2024-06-19 08:43:15,2025-02-06 04:35:59
0,3270,1,2025-09-11 20:46:58,2026-04-17 15:45:24
97,3270,1,2025-09-11 20:46:58,2026-04-17 15:45:24
96,3270,1,2025-09-11 20:46:58,2026-04-17 15:45:24
1,3271,1,2023-01-31 18:40:50,2023-08-31 04:54:44
2,3271,1,2023-01-31 18:40:50,2023-08-31 04:54:44
13,3271,1,2023-01-31 18:40:50,2023-08-31 04:54:44
0,3272,0,2024-12-01 23:09:35,2025-09-10 06:55:07
99,3272,0,2024-12-01 23:09:35,2025-09-10 06:55:07
96,3272,0,2024-12-01 23:09:35,2025-09-10 06:55:07
0,3273,1,2026-06-07 06:10:42,2026-07-31 01:30:31
1,3274,1,2024-02-02 05:38:26,2024-04-19 10:34:46
2,3274,1,2024-02-02 05:38:26,2024-04-19 10:34:46
14,3274,1,2024-02-02 05:38:26,2024-04-19 10:34:46
19,3275,1,2024-08-01 22:25:54,2025-01-18 22:27:38
27,3275,1,2024-08-01 22:25:54,2025-01-18 22:27:38
22,3275,1,2024-08-01 22:25:54,2025-01-18 22:27:38
0,3276,0,2025-04-13 08:38:52,2026-09-10 01:31:32
97,3276,0,2025-04-13 08:38:52,2026-09-10 01:31:32
96,3276,0,2025-04-13 08:38:52,2026-09-10 01:31:32
26,3277,1,2025-05-22 08:38:09,2025-11-15 22:48:39
19,3277,1,2025-05-22 08:38:09,2025-11-15 22:48:39
21,3277,1,2025-05-22 08:38:09,2025-11-15 22:48:39
0,3278,1,2023-12-02 06:53:11,2025-10-06 18:09:45
19,3279,1,2025-01-04 09:51:17,2025-10-14 20:25:49
27,3279,1,2025-01-04 09:51:17,2025-10-14 20:25:49
22,3279,1,2025-01-04 09:51:17,2025-10-14 20:25:49
96,3280,1,2026-04-13 09:52:18,2026-09-16 13:37:51
99,3280,1,2026-04-13 09:52:18,2026-09-16 13:37:51
28,3280,1,2026-04-13 09:52:18,2026-09-16 13:37:51
29,3280,1,2026-04-13 09:52:18,2026-09-16 13:37:51
0,3281,1,2025-07-16 12:07:16,2026-04-04 10:17:30
96,3282,1,2026-01-24 14:47:53,2026-02-05 23:57:04
97,3282,1,2026-01-24 14:47:53,2026-02-05 23:57:04
35,3282,1,2026-01-24 14:47:53,2026-02-05 23:57:04
28,3282,1,2026-01-24 14:47:53,2026-02-05 23:57:04
0,3283,1,2023-03-21 10:30:41,2025-03-01 17:43:31
28,3284,1,2024-11-25 03:16:31,2025-05-20 16:01:00
31,3284,1,2024-11-25 03:16:31,2025-05-20 16:01:00
24,3285,1,2025-11-02 01:51:31,2026-07-04 07:29:57
19,3285,1,2025-11-02 01:51:31,2026-07-04 07:29:57
20,3285,1,2025-11-02 01:51:31,2026-07-04 07:29:57
1,3286,0,2024-06-29 12:20:48,2024-12-17 07:09:28
2,3286,0,2024-06-29 12:20:48,2024-12-17 07:09:28
13,3286,0,2024-06-29 12:20:48,2024-12-17 07:09:28
0,3287,1,2025-10-19 01:32:36,2025-12-29 21:47:17
96,3288,1,2024-12-21 18:59:43,2026-03-30 04:53:32
97,3288,1,2024-12-21 18:59:43,2026-03-30 04:53:32
35,3288,1,2024-12-21 18:59:43,2026-03-30 04:53:32
28,3288,1,2024-12-21 18:59:43,2026-03-30 04:53:32
0,3289,1,2023-10-20 04:31:47,2024-02-19 09:32:09
1,3290,1,2024-09-15 02:16:42,2025-06-20 03:19:03
4,3290,1,2024-09-15 02:16:42,2025-06-20 03:19:03
24,3291,1,2023-10-12 13:23:41,2026-08-15 00:11:50
19,3291,1,2023-10-12 13:23:41,2026-08-15 00:11:50
20,3291,1,2023-10-12 13:23:41,2026-08-15 00:11:50
0,3292,1,2025-05-10 14:53:08,2026-02-06 13:10:22
0,3293,1,2026-05-24 22:32:35,2026-06-09 15:11:57
32,3294,1,2024-06-18 09:59:46,2025-12-25 17:47:03
97,3294,1,2024-06-18 09:59:46,2025-12-25 17:47:03
28,3294,1,2024-06-18 09:59:46,2025-12-25 17:47:03
96,3294,1,2024-06-18 09:59:46,2025-12-25 17:47:03
1,3295,1,2023-07-30 19:43:37,2025-08-05 00:14:04
3,3295,1,2023-07-30 19:43:37,2025-08-05 00:14:04
7,3295,1,2023-07-30 19:43:37,2025-08-05 00:14:04
15,3295,1,2023-07-30 19:43:37,2025-08-05 00:14:04
0,3296,1,2024-08-21 11:57:11,2024-11-03 15:36:43
99,3296,1,2024-08-21 11:57:11,2024-11-03 15:36:43
96,3296,1,2024-08-21 11:57:11,2024-11-03 15:36:43
33,3297,1,2026-01-22 03:32:57,2026-03-27 22:06:32
28,3297,1,2026-01-22 03:32:57,2026-03-27 22:06:32
26,3298,0,2023-07-04 03:03:17,2025-09-05 04:37:47
19,3298,0,2023-07-04 03:03:17,2025-09-05 04:37:47
21,3298,0,2023-07-04 03:03:17,2025-09-05 04:37:47
0,3299,1,2025-07-26 12:23:04,2026-06-26 15:53:30
0,3300,1,2023-04-03 03:28:20,2024-07-28 21:37:07
97,3300,1,2023-04-03 03:28:20,2024-07-28 21:37:07
96,3300,1,2023-04-03 03:28:20,2024-07-28 21:37:07
1,3301,1,2024-11-15 14:58:45,2025-05-11 09:04:47
3,3301,1,2024-11-15 14:58:45,2025-05-11 09:04:47
7,3301,1,2024-11-15 14:58:45,2025-05-11 09:04:47
15,3301,1,2024-11-15 14:58:45,2025-05-11 09:04:47
1,3302,0,2025-04-04 05:55:39,2025-05-04 03:12:54
4,3302,0,2025-04-04 05:55:39,2025-05-04 03:12:54
1,3303,1,2023-03-30 19:59:08,2023-11-11 11:17:09
2,3303,1,2023-03-30 19:59:08,2023-11-11 11:17:09
14,3303,1,2023-03-30 19:59:08,2023-11-11 11:17:09
0,3304,1,2025-05-09 00:28:42,2025-09-22 11:50:33
99,3304,1,2025-05-09 00:28:42,2025-09-22 11:50:33
96,3304,1,2025-05-09 00:28:42,2025-09-22 11:50:33
0,3305,1,2024-11-16 22:40:38,2025-09-07 00:13:54
0,3306,1,2025-07-06 06:19:12,2025-07-25 02:59:07
97,3306,1,2025-07-06 06:19:12,2025-07-25 02:59:07
96,3306,1,2025-07-06 06:19:12,2025-07-25 02:59:07
1,3307,1,2025-10-01 22:03:32,2026-01-26 02:22:55
2,3307,1,2025-10-01 22:03:32,2026-01-26 02:22:55
14,3307,1,2025-10-01 22:03:32,2026-01-26 02:22:55
0,3308,1,2025-12-01 03:51:12,2026-08-11 19:52:32
0,3309,1,2024-05-13 04:18:39,2024-06-06 17:21:52
26,3310,1,2026-06-10 13:53:52,2026-06-23 01:14:13
19,3310,1,2026-06-10 13:53:52,2026-06-23 01:14:13
21,3310,1,2026-06-10 13:53:52,2026-06-23 01:14:13
0,3311,0,2023-05-10 12:40:38,2026-07-08 17:33:31
0,3312,1,2023-06-02 03:50:56,2025-12-10 10:44:09
97,3312,1,2023-06-02 03:50:56,2025-12-10 10:44:09
96,3312,1,2023-06-02 03:50:56,2025-12-10 10:44:09
35,3313,1,2025-11-21 09:46:14,2026-05-19 06:01:45
28,3313,1,2025-11-21 09:46:14,2026-05-19 06:01:45
26,3314,0,2025-11-26 03:22:49,2026-05-20 09:03:49
19,3314,0,2025-11-26 03:22:49,2026-05-20 09:03:49
21,3314,0,2025-11-26 03:22:49,2026-05-20 09:03:49
0,3315,0,2026-07-29 15:38:43,2026-08-06 12:19:51
0,3316,1,2026-06-10 12:39:16,2026-07-15 00:14:41
1,3317,0,2023-02-23 03:37:58,2024-01-20 02:35:55
2,3317,0,2023-02-23 03:37:58,2024-01-20 02:35:55
13,3317,0,2023-02-23 03:37:58,2024-01-20 02:35:55
96,3318,1,2024-12-04 01:44:39,2026-07-18 08:08:43
1,3318,1,2024-12-04 01:44:39,2026-07-18 08:08:43
2,3318,1,2024-12-04 01:44:39,2026-07-18 08:08:43
97,3318,1,2024-12-04 01:44:39,2026-07-18 08:08:43
14,3318,1,2024-12-04 01:44:39,2026-07-18 08:08:43
19,3319,1,2024-02-29 07:29:26,2025-11-24 06:04:28
27,3319,1,2024-02-29 07:29:26,2025-11-24 06:04:28
22,3319,1,2024-02-29 07:29:26,2025-11-24 06:04:28
0,3320,1,2024-01-08 23:20:18,2025-10-28 13:52:00
99,3320,1,2024-01-08 23:20:18,2025-10-28 13:52:00
96,3320,1,2024-01-08 23:20:18,2025-10-28 13:52:00
35,3321,0,2025-10-30 02:08:41,2025-12-20 09:59:17
28,3321,0,2025-10-30 02:08:41,2025-12-20 09:59:17
0,3322,1,2024-08-06 00:05:04,2024-09-21 16:32:58
1,3323,0,2025-10-18 10:38:30,2026-05-18 20:09:53
4,3323,0,2025-10-18 10:38:30,2026-05-18 20:09:53
0,3324,1,2025-11-30 07:55:11,2026-09-10 07:14:08
97,3324,1,2025-11-30 07:55:11,2026-09-10 07:14:08
96,3324,1,2025-11-30 07:55:11,2026-09-10 07:14:08
24,3325,1,2023-12-12 06:35:18,2025-09-17 11:26:01
19,3325,1,2023-12-12 06:35:18,2025-09-17 11:26:01
20,3325,1,2023-12-12 06:35:18,2025-09-17 11:26:01
1,3326,1,2024-01-17 10:08:02,2025-08-30 07:33:52
2,3326,1,2024-01-17 10:08:02,2025-08-30 07:33:52
13,3326,1,2024-01-17 10:08:02,2025-08-30 07:33:52
0,3327,1,2023-10-14 02:59:54,2023-12-24 20:27:06
0,3328,1,2026-04-27 12:45:52,2026-05-07 07:25:53
99,3328,1,2026-04-27 12:45:52,2026-05-07 07:25:53
96,3328,1,2026-04-27 12:45:52,2026-05-07 07:25:53
24,3329,0,2024-07-21 07:02:26,2024-09-02 03:28:01
19,3329,0,2024-07-21 07:02:26,2024-09-02 03:28:01
20,3329,0,2024-07-21 07:02:26,2024-09-02 03:28:01
96,3330,1,2025-04-01 21:46:04,2026-01-15 07:34:11
97,3330,1,2025-04-01 21:46:04,2026-01-15 07:34:11
35,3330,1,2025-04-01 21:46:04,2026-01-15 07:34:11
28,3330,1,2025-04-01 21:46:04,2026-01-15 07:34:11
24,3331,1,2024-07-16 01:08:44,2025-08-23 05:33:42
19,3331,1,2024-07-16 01:08:44,2025-08-23 05:33:42
20,3331,1,2024-07-16 01:08:44,2025-08-23 05:33:42
0,3332,1,2024-08-28 01:03:52,2026-05-29 01:21:08
1,3333,1,2024-11-24 01:34:27,2026-06-17 11:03:56
4,3333,1,2024-11-24 01:34:27,2026-06-17 11:03:56
1,3334,1,2024-01-09 15:08:55,2026-07-05 20:38:28
4,3334,1,2024-01-09 15:08:55,2026-07-05 20:38:28
0,3335,1,2025-04-24 22:09:57,2025-10-11 20:07:23
96,3336,0,2026-08-07 07:40:36,2026-09-01 19:03:29
1,3336,0,2026-08-07 07:40:36,2026-09-01 19:03:29
2,3336,0,2026-08-07 07:40:36,2026-09-01 19:03:29
97,3336,0,2026-08-07 07:40:36,2026-09-01 19:03:29
13,3336,0,2026-08-07 07:40:36,2026-09-01 19:03:29
0,3337,1,2025-12-03 19:46:41,2026-08-15 07:24:00
1,3338,1,2023-10-01 06:21:13,2025-11-07 00:55:18
2,3338,1,2023-10-01 06:21:13,2025-11-07 00:55:18
14,3338,1,2023-10-01 06:21:13,2025-11-07 00:55:18
26,3339,1,2026-06-05 08:33:33,2026-09-02 02:42:02
19,3339,1,2026-06-05 08:33:33,2026-09-02 02:42:02
21,3339,1,2026-06-05 08:33:33,2026-09-02 02:42:02
26,3340,1,2024-08-04 21:50:56,2024-12-27 01:06:09
19,3340,1,2024-08-04 21:50:56,2024-12-27 01:06:09
21,3340,1,2024-08-04 21:50:56,2024-12-27 01:06:09
1,3341,1,2023-11-18 21:18:33,2025-08-25 14:10:11
2,3341,1,2023-11-18 21:18:33,2025-08-25 14:10:11
14,3341,1,2023-11-18 21:18:33,2025-08-25 14:10:11
0,3342,0,2025-05-28 06:46:00,2026-03-25 06:16:29
97,3342,0,2025-05-28 06:46:00,2026-03-25 06:16:29
96,3342,0,2025-05-28 06:46:00,2026-03-25 06:16:29
32,3343,1,2023-01-05 15:28:19,2023-02-18 14:49:35
28,3343,1,2023-01-05 15:28:19,2023-02-18 14:49:35
0,3344,1,2026-04-04 04:12:02,2026-06-10 01:45:31
99,3344,1,2026-04-04 04:12:02,2026-06-10 01:45:31
96,3344,1,2026-04-04 04:12:02,2026-06-10 01:45:31
32,3345,1,2023-03-31 13:23:18,2024-11-15 23:54:51
28,3345,1,2023-03-31 13:23:18,2024-11-15 23:54:51
1,3346,1,2024-08-08 20:03:59,2026-03-08 19:21:41
3,3346,1,2024-08-08 20:03:59,2026-03-08 19:21:41
7,3346,1,2024-08-08 20:03:59,2026-03-08 19:21:41
15,3346,1,2024-08-08 20:03:59,2026-03-08 19:21:41
33,3347,1,2024-03-12 03:42:29,2026-03-27 12:28:46
28,3347,1,2024-03-12 03:42:29,2026-03-27 12:28:46
96,3348,0,2026-04-15 07:28:34,2026-07-02 01:50:29
1,3348,0,2026-04-15 07:28:34,2026-07-02 01:50:29
4,3348,0,2026-04-15 07:28:34,2026-07-02 01:50:29
97,3348,0,2026-04-15 07:28:34,2026-07-02 01:50:29
0,3349,0,2025-10-16 07:44:57,2026-01-22 04:58:21
32,3350,1,2023-09-08 11:05:13,2024-04-04 21:36:38
28,3350,1,2023-09-08 11:05:13,2024-04-04 21:36:38
1,3351,1,2024-10-10 13:51:39,2025-07-14 01:10:40
4,3351,1,2024-10-10 13:51:39,2025-07-14 01:10:40
96,3352,1,2024-11-03 03:03:11,2025-01-01 21:52:05
99,3352,1,2024-11-03 03:03:11,2025-01-01 21:52:05
28,3352,1,2024-11-03 03:03:11,2025-01-01 21:52:05
29,3352,1,2024-11-03 03:03:11,2025-01-01 21:52:05
0,3353,1,2026-07-11 22:44:06,2026-07-21 02:02:48
0,3354,1,2023-06-10 13:22:53,2025-03-21 18:08:46
97,3354,1,2023-06-10 13:22:53,2025-03-21 18:08:46
96,3354,1,2023-06-10 13:22:53,2025-03-21 18:08:46
0,3355,0,2023-04-21 08:12:44,2023-09-06 02:26:26
32,3356,1,2025-12-19 20:07:07,2026-01-07 05:33:23
28,3356,1,2025-12-19 20:07:07,2026-01-07 05:33:23
1,3357,1,2024-06-24 16:34:50,2025-04-13 13:18:24
4,3357,1,2024-06-24 16:34:50,2025-04-13 13:18:24
0,3358,1,2023-04-30 10:21:32,2025-04-29 20:55:32
0,3359,1,2024-04-27 07:14:45,2024-07-23 17:36:11
0,3360,0,2026-04-21 06:56:50,2026-06-24 22:24:44
97,3360,0,2026-04-21 06:56:50,2026-06-24 22:24:44
96,3360,0,2026-04-21 06:56:50,2026-06-24 22:24:44
28,3361,1,2025-11-22 11:18:45,2026-07-12 14:17:54
29,3361,1,2025-11-22 11:18:45,2026-07-12 14:17:54
32,3362,1,2025-07-26 21:40:44,2025-11-23 14:49:02
28,3362,1,2025-07-26 21:40:44,2025-11-23 14:49:02
24,3363,1,2023-04-19 08:05:23,2025-11-06 17:07:33
19,3363,1,2023-04-19 08:05:23,2025-11-06 17:07:33
20,3363,1,2023-04-19 08:05:23,2025-11-06 17:07:33
0,3364,1,2026-07-16 13:52:16,2026-09-02 11:52:54
26,3365,1,2023-07-08 18:22:51,2026-06-24 07:06:05
19,3365,1,2023-07-08 18:22:51,2026-06-24 07:06:05
21,3365,1,2023-07-08 18:22:51,2026-06-24 07:06:05
96,3366,1,2026-01-28 15:37:05,2026-09-01 03:16:34
97,3366,1,2026-01-28 15:37:05,2026-09-01 03:16:34
35,3366,1,2026-01-28 15:37:05,2026-09-01 03:16:34
28,3366,1,2026-01-28 15:37:05,2026-09-01 03:16:34
0,3367,1,2025-07-25 21:29:11,2026-01-30 03:25:51
96,3368,1,2026-04-19 04:26:05,2026-08-17 22:03:26
1,3368,1,2026-04-19 04:26:05,2026-08-17 22:03:26
2,3368,1,2026-04-19 04:26:05,2026-08-17 22:03:26
99,3368,1,2026-04-19 04:26:05,2026-08-17 22:03:26
13,3368,1,2026-04-19 04:26:05,2026-08-17 22:03:26
0,3369,0,2025-04-16 08:14:10,2026-04-12 08:59:43
33,3370,0,2025-07-29 09:08:47,2025-12-12 23:04:43
28,3370,0,2025-07-29 09:08:47,2025-12-12 23:04:43
1,3371,1,2024-10-12 04:11:31,2025-08-19 05:18:32
4,3371,1,2024-10-12 04:11:31,2025-08-19 05:18:32
96,3372,1,2023-10-26 10:21:36,2025-08-22 12:53:48
97,3372,1,2023-10-26 10:21:36,2025-08-22 12:53:48
28,3372,1,2023-10-26 10:21:36,2025-08-22 12:53:48
29,3372,1,2023-10-26 10:21:36,2025-08-22 12:53:48
0,3373,1,2026-01-02 16:25:14,2026-04-26 18:13:20
1,3374,1,2026-02-15 17:51:52,2026-05-31 17:55:18
2,3374,1,2026-02-15 17:51:52,2026-05-31 17:55:18
13,3374,1,2026-02-15 17:51:52,2026-05-31 17:55:18
1,3375,1,2025-11-12 13:42:18,2026-02-15 23:10:32
4,3375,1,2025-11-12 13:42:18,2026-02-15 23:10:32
0,3376,1,2025-04-25 12:09:35,2025-07-12 02:01:16
99,3376,1,2025-04-25 12:09:35,2025-07-12 02:01:16
96,3376,1,2025-04-25 12:09:35,2025-07-12 02:01:16
1,3377,1,2023-08-30 06:03:13,2026-07-05 03:10:16
2,3377,1,2023-08-30 06:03:13,2026-07-05 03:10:16
14,3377,1,2023-08-30 06:03:13,2026-07-05 03:10:16
96,3378,1,2024-11-13 07:14:35,2025-09-28 19:24:50
1,3378,1,2024-11-13 07:14:35,2025-09-28 19:24:50
2,3378,1,2024-11-13 07:14:35,2025-09-28 19:24:50
97,3378,1,2024-11-13 07:14:35,2025-09-28 19:24:50
13,3378,1,2024-11-13 07:14:35,2025-09-28 19:24:50
0,3379,1,2024-03-01 14:08:04,2024-03-14 02:47:46
0,3380,1,2025-08-22 16:27:08,2025-10-12 03:16:32
28,3381,1,2026-07-26 23:38:18,2026-08-27 12:26:56
31,3381,1,2026-07-26 23:38:18,2026-08-27 12:26:56
24,3382,1,2023-02-12 04:38:56,2025-11-07 01:35:07
19,3382,1,2023-02-12 04:38:56,2025-11-07 01:35:07
20,3382,1,2023-02-12 04:38:56,2025-11-07 01:35:07
28,3383,0,2023-09-30 12:26:40,2023-11-24 06:00:45
31,3383,0,2023-09-30 12:26:40,2023-11-24 06:00:45
0,3384,1,2025-07-20 23:41:48,2025-12-02 13:39:57
97,3384,1,2025-07-20 23:41:48,2025-12-02 13:39:57
96,3384,1,2025-07-20 23:41:48,2025-12-02 13:39:57
0,3385,0,2024-01-24 10:28:40,2024-06-16 16:44:30
24,3386,0,2026-05-16 23:01:47,2026-06-30 17:12:56
19,3386,0,2026-05-16 23:01:47,2026-06-30 17:12:56
20,3386,0,2026-05-16 23:01:47,2026-06-30 17:12:56
1,3387,1,2025-11-12 00:12:58,2026-01-20 00:15:50
2,3387,1,2025-11-12 00:12:58,2026-01-20 00:15:50
14,3387,1,2025-11-12 00:12:58,2026-01-20 00:15:50
28,3388,1,2025-11-13 20:53:27,2026-06-02 19:20:12
29,3388,1,2025-11-13 20:53:27,2026-06-02 19:20:12
35,3389,1,2026-02-19 18:53:14,2026-09-12 09:06:49
28,3389,1,2026-02-19 18:53:14,2026-09-12 09:06:49
96,3390,1,2026-06-15 07:08:42,2026-07-13 06:09:50
97,3390,1,2026-06-15 07:08:42,2026-07-13 06:09:50
19,3390,1,2026-06-15 07:08:42,2026-07-13 06:09:50
22,3390,1,2026-06-15 07:08:42,2026-07-13 06:09:50
27,3390,1,2026-06-15 07:08:42,2026-07-13 06:09:50
0,3391,1,2025-05-11 08:42:06,2026-01-22 12:02:58
96,3392,1,2025-06-16 07:08:59,2026-03-13 03:04:58
1,3392,1,2025-06-16 07:08:59,2026-03-13 03:04:58
99,3392,1,2025-06-16 07:08:59,2026-03-13 03:04:58
3,3392,1,2025-06-16 07:08:59,2026-03-13 03:04:58
7,3392,1,2025-06-16 07:08:59,2026-03-13 03:04:58
15,3392,1,2025-06-16 07:08:59,2026-03-13 03:04:58
0,3393,1,2026-08-03 09:00:11,2026-09-03 00:49:05
1,3394,1,2025-07-22 12:39:23,2025-10-05 04:34:38
2,3394,1,2025-07-22 12:39:23,2025-10-05 04:34:38
13,3394,1,2025-07-22 12:39:23,2025-10-05 04:34:38
0,3395,0,2025-03-23 12:06:32,2025-08-26 22:38:51
96,3396,0,2024-12-08 07:54:20,2025-05-22 04:50:25
1,3396,0,2024-12-08 07:54:20,2025-05-22 04:50:25
2,3396,0,2024-12-08 07:54:20,2025-05-22 04:50:25
97,3396,0,2024-12-08 07:54:20,2025-05-22 04:50:25
13,3396,0,2024-12-08 07:54:20,2025-05-22 04:50:25
0,3397,1,2024-10-29 12:21:28,2025-10-14 00:28:43
32,3398,1,2024-12-11 19:40:21,2026-06-08 17:50:21
28,3398,1,2024-12-11 19:40:21,2026-06-08 17:50:21
1,3399,0,2024-11-15 00:07:22,2025-01-17 17:22:29
2,3399,0,2024-11-15 00:07:22,2025-01-17 17:22:29
13,3399,0,2024-11-15 00:07:22,2025-01-17 17:22:29
96,3400,1,2023-06-09 10:17:15,2024-11-13 12:12:23
99,3400,1,2023-06-09 10:17:15,2024-11-13 12:12:23
19,3400,1,2023-06-09 10:17:15,2024-11-13 12:12:23
20,3400,1,2023-06-09 10:17:15,2024-11-13 12:12:23
24,3400,1,2023-06-09 10:17:15,2024-11-13 12:12:23
19,3401,1,2023-04-29 22:52:12,2025-08-20 04:38:57
27,3401,1,2023-04-29 22:52:12,2025-08-20 04:38:57
22,3401,1,2023-04-29 22:52:12,2025-08-20 04:38:57
96,3402,1,2024-02-10 01:49:00,2026-07-03 15:03:01
97,3402,1,2024-02-10 01:49:00,2026-07-03 15:03:01
28,3402,1,2024-02-10 01:49:00,2026-07-03 15:03:01
29,3402,1,2024-02-10 01:49:00,2026-07-03 15:03:01
0,3403,0,2025-09-20 16:17:58,2026-03-08 14:12:33
32,3404,1,2025-09-30 01:55:33,2026-02-07 05:30:19
28,3404,1,2025-09-30 01:55:33,2026-02-07 05:30:19
26,3405,1,2023-07-30 19:48:01,2026-08-09 18:35:19
19,3405,1,2023-07-30 19:48:01,2026-08-09 18:35:19
21,3405,1,2023-07-30 19:48:01,2026-08-09 18:35:19
24,3406,0,2025-07-02 03:47:35,2025-11-09 12:09:32
19,3406,0,2025-07-02 03:47:35,2025-11-09 12:09:32
20,3406,0,2025-07-02 03:47:35,2025-11-09 12:09:32
1,3407,1,2024-05-28 07:38:12,2024-08-22 20:10:20
3,3407,1,2024-05-28 07:38:12,2024-08-22 20:10:20
7,3407,1,2024-05-28 07:38:12,2024-08-22 20:10:20
15,3407,1,2024-05-28 07:38:12,2024-08-22 20:10:20
0,3408,1,2026-07-14 18:59:50,2026-08-13 00:02:20
97,3408,1,2026-07-14 18:59:50,2026-08-13 00:02:20
96,3408,1,2026-07-14 18:59:50,2026-08-13 00:02:20
28,3409,0,2025-10-01 19:23:06,2026-01-21 11:17:06
29,3409,0,2025-10-01 19:23:06,2026-01-21 11:17:06
32,3410,1,2025-03-06 14:17:45,2025-12-04 01:34:09
28,3410,1,2025-03-06 14:17:45,2025-12-04 01:34:09
0,3411,1,2025-05-03 06:19:30,2026-07-26 06:59:40
19,3412,0,2026-08-28 10:14:18,2026-09-06 09:07:21
27,3412,0,2026-08-28 10:14:18,2026-09-06 09:07:21
22,3412,0,2026-08-28 10:14:18,2026-09-06 09:07:21
24,3413,1,2023-03-17 18:22:34,2024-02-16 16:11:49
19,3413,1,2023-03-17 18:22:34,2024-02-16 16:11:49
20,3413,1,2023-03-17 18:22:34,2024-02-16 16:11:49
96,3414,1,2023-12-01 23:20:30,2024-12-30 03:03:38
97,3414,1,2023-12-01 23:20:30,2024-12-30 03:03:38
19,3414,1,2023-12-01 23:20:30,2024-12-30 03:03:38
22,3414,1,2023-12-01 23:20:30,2024-12-30 03:03:38
27,3414,1,2023-12-01 23:20:30,2024-12-30 03:03:38
1,3415,0,2024-08-09 10:57:51,2026-03-12 19:56:19
2,3415,0,2024-08-09 10:57:51,2026-03-12 19:56:19
14,3415,0,2024-08-09 10:57:51,2026-03-12 19:56:19
0,3416,1,2023-12-12 09:49:14,2025-07-10 09:38:31
99,3416,1,2023-12-12 09:49:14,2025-07-10 09:38:31
96,3416,1,2023-12-12 09:49:14,2025-07-10 09:38:31
0,3417,1,2024-11-27 17:02:18,2025-05-17 11:10:07
1,3418,1,2024-10-26 21:16:53,2025-03-10 07:20:28
4,3418,1,2024-10-26 21:16:53,2025-03-10 07:20:28
26,3419,0,2024-05-01 11:30:54,2024-07-04 09:19:51
19,3419,0,2024-05-01 11:30:54,2024-07-04 09:19:51
21,3419,0,2024-05-01 11:30:54,2024-07-04 09:19:51
96,3420,1,2026-04-16 09:49:02,2026-06-28 02:20:20
97,3420,1,2026-04-16 09:49:02,2026-06-28 02:20:20
28,3420,1,2026-04-16 09:49:02,2026-06-28 02:20:20
29,3420,1,2026-04-16 09:49:02,2026-06-28 02:20:20
0,3421,0,2026-01-12 09:25:36,2026-05-22 05:09:48
33,3422,1,2026-07-06 21:04:16,2026-07-09 13:08:32
28,3422,1,2026-07-06 21:04:16,2026-07-09 13:08:32
0,3423,1,2024-02-16 21:04:36,2024-10-07 08:34:45
96,3424,0,2024-11-22 12:28:31,2025-08-21 22:35:55
1,3424,0,2024-11-22 12:28:31,2025-08-21 22:35:55
2,3424,0,2024-11-22 12:28:31,2025-08-21 22:35:55
99,3424,0,2024-11-22 12:28:31,2025-08-21 22:35:55
13,3424,0,2024-11-22 12:28:31,2025-08-21 22:35:55
28,3425,1,2025-10-09 10:39:15,2026-08-07 04:24:23
31,3425,1,2025-10-09 10:39:15,2026-08-07 04:24:23
96,3426,1,2025-06-05 23:30:17,2026-01-07 17:23:10
97,3426,1,2025-06-05 23:30:17,2026-01-07 17:23:10
28,3426,1,2025-06-05 23:30:17,2026-01-07 17:23:10
31,3426,1,2025-06-05 23:30:17,2026-01-07 17:23:10
0,3427,1,2024-01-12 04:40:59,2025-04-07 11:29:04
0,3428,1,2024-01-18 03:36:43,2025-07-02 08:40:22
24,3429,1,2025-09-07 16:29:19,2026-05-31 03:31:38
19,3429,1,2025-09-07 16:29:19,2026-05-31 03:31:38
20,3429,1,2025-09-07 16:29:19,2026-05-31 03:31:38
1,3430,1,2023-04-19 22:59:35,2023-07-22 01:20:43
2,3430,1,2023-04-19 22:59:35,2023-07-22 01:20:43
13,3430,1,2023-04-19 22:59:35,2023-07-22 01:20:43
0,3431,1,2025-07-21 01:53:01,2026-08-14 21:18:38
32,3432,0,2023-06-08 03:27:55,2026-05-03 21:51:25
97,3432,0,2023-06-08 03:27:55,2026-05-03 21:51:25
28,3432,0,2023-06-08 03:27:55,2026-05-03 21:51:25
96,3432,0,2023-06-08 03:27:55,2026-05-03 21:51:25
1,3433,1,2024-10-24 08:47:36,2024-12-22 18:52:16
3,3433,1,2024-10-24 08:47:36,2024-12-22 18:52:16
7,3433,1,2024-10-24 08:47:36,2024-12-22 18:52:16
15,3433,1,2024-10-24 08:47:36,2024-12-22 18:52:16
1,3434,0,2025-09-25 14:40:14,2026-07-19 08:44:11
2,3434,0,2025-09-25 14:40:14,2026-07-19 08:44:11
14,3434,0,2025-09-25 14:40:14,2026-07-19 08:44:11
26,3435,0,2024-10-01 09:53:10,2025-08-08 00:28:28
19,3435,0,2024-10-01 09:53:10,2025-08-08 00:28:28
21,3435,0,2024-10-01 09:53:10,2025-08-08 00:28:28
19,3436,1,2024-07-27 00:06:05,2026-04-15 18:38:25
27,3436,1,2024-07-27 00:06:05,2026-04-15 18:38:25
22,3436,1,2024-07-27 00:06:05,2026-04-15 18:38:25
1,3437,1,2024-03-05 02:27:57,2024-11-14 23:29:09
3,3437,1,2024-03-05 02:27:57,2024-11-14 23:29:09
7,3437,1,2024-03-05 02:27:57,2024-11-14 23:29:09
15,3437,1,2024-03-05 02:27:57,2024-11-14 23:29:09
0,3438,1,2024-10-18 19:36:49,2025-05-28 18:48:06
97,3438,1,2024-10-18 19:36:49,2025-05-28 18:48:06
96,3438,1,2024-10-18 19:36:49,2025-05-28 18:48:06
1,3439,0,2024-10-18 01:38:31,2025-03-02 18:56:30
2,3439,0,2024-10-18 01:38:31,2025-03-02 18:56:30
13,3439,0,2024-10-18 01:38:31,2025-03-02 18:56:30
96,3440,1,2025-04-06 07:56:29,2026-02-02 03:02:03
33,3440,1,2025-04-06 07:56:29,2026-02-02 03:02:03
99,3440,1,2025-04-06 07:56:29,2026-02-02 03:02:03
28,3440,1,2025-04-06 07:56:29,2026-02-02 03:02:03
19,3441,1,2025-05-07 03:13:35,2026-08-09 00:10:41
27,3441,1,2025-05-07 03:13:35,2026-08-09 00:10:41
22,3441,1,2025-05-07 03:13:35,2026-08-09 00:10:41
24,3442,1,2026-09-05 07:59:35,2026-09-09 00:05:12
19,3442,1,2026-09-05 07:59:35,2026-09-09 00:05:12
20,3442,1,2026-09-05 07:59:35,2026-09-09 00:05:12
33,3443,1,2026-01-26 14:22:23,2026-04-24 08:11:40
28,3443,1,2026-01-26 14:22:23,2026-04-24 08:11:40
96,3444,1,2024-10-04 12:51:49,2025-06-02 09:25:51
97,3444,1,2024-10-04 12:51:49,2025-06-02 09:25:51
28,3444,1,2024-10-04 12:51:49,2025-06-02 09:25:51
29,3444,1,2024-10-04 12:51:49,2025-06-02 09:25:51
0,3445,1,2023-04-29 14:42:56,2025-06-22 20:28:12
28,3446,1,2026-04-14 22:52:31,2026-06-15 18:09:58
31,3446,1,2026-04-14 22:52:31,2026-06-15 18:09:58
35,3447,0,2026-04-20 04:40:24,2026-08-02 15:46:08
28,3447,0,2026-04-20 04:40:24,2026-08-02 15:46:08
0,3448,1,2024-06-17 23:04:43,2024-09-15 21:13:09
99,3448,1,2024-06-17 23:04:43,2024-09-15 21:13:09
96,3448,1,2024-06-17 23:04:43,2024-09-15 21:13:09
32,3449,0,2024-08-05 17:02:39,2025-04-19 06:08:05
28,3449,0,2024-08-05 17:02:39,2025-04-19 06:08:05
0,3450,0,2023-10-04 05:24:21,2024-09-02 10:06:53
97,3450,0,2023-10-04 05:24:21,2024-09-02 10:06:53
96,3450,0,2023-10-04 05:24:21,2024-09-02 10:06:53
35,3451,0,2023-05-23 10:49:06,2025-09-20 07:44:03
28,3451,0,2023-05-23 10:49:06,2025-09-20 07:44:03
0,3452,1,2023-10-21 17:21:39,2024-11-27 05:53:41
33,3453,1,2025-12-06 12:54:14,2026-07-30 18:21:19
28,3453,1,2025-12-06 12:54:14,2026-07-30 18:21:19
0,3454,1,2026-07-29 12:59:51,2026-08-08 09:45:14
0,3455,1,2023-05-21 20:43:02,2023-10-04 06:07:46
96,3456,1,2024-07-17 00:51:44,2025-05-17 03:57:55
1,3456,1,2024-07-17 00:51:44,2025-05-17 03:57:55
2,3456,1,2024-07-17 00:51:44,2025-05-17 03:57:55
97,3456,1,2024-07-17 00:51:44,2025-05-17 03:57:55
14,3456,1,2024-07-17 00:51:44,2025-05-17 03:57:55
0,3457,1,2024-04-06 02:43:12,2024-04-22 01:20:33
0,3458,1,2024-07-14 02:44:47,2025-10-27 22:21:24
1,3459,1,2024-05-20 16:52:25,2025-09-04 07:00:03
3,3459,1,2024-05-20 16:52:25,2025-09-04 07:00:03
7,3459,1,2024-05-20 16:52:25,2025-09-04 07:00:03
15,3459,1,2024-05-20 16:52:25,2025-09-04 07:00:03
1,3460,1,2024-09-23 15:30:23,2026-01-13 10:57:30
4,3460,1,2024-09-23 15:30:23,2026-01-13 10:57:30
0,3461,1,2025-08-18 05:19:11,2025-11-06 04:59:00
96,3462,0,2023-05-25 21:51:32,2023-06-21 17:42:26
1,3462,0,2023-05-25 21:51:32,2023-06-21 17:42:26
2,3462,0,2023-05-25 21:51:32,2023-06-21 17:42:26
97,3462,0,2023-05-25 21:51:32,2023-06-21 17:42:26
13,3462,0,2023-05-25 21:51:32,2023-06-21 17:42:26
24,3463,1,2026-05-27 20:27:58,2026-06-20 20:00:28
19,3463,1,2026-05-27 20:27:58,2026-06-20 20:00:28
20,3463,1,2026-05-27 20:27:58,2026-06-20 20:00:28
96,3464,1,2024-07-06 18:39:48,2026-03-23 10:21:09
99,3464,1,2024-07-06 18:39:48,2026-03-23 10:21:09
19,3464,1,2024-07-06 18:39:48,2026-03-23 10:21:09
22,3464,1,2024-07-06 18:39:48,2026-03-23 10:21:09
27,3464,1,2024-07-06 18:39:48,2026-03-23 10:21:09
0,3465,0,2023-10-28 16:10:09,2026-07-05 13:28:52
0,3466,1,2025-06-02 10:47:13,2025-11-28 09:39:09
33,3467,1,2023-03-18 08:40:48,2026-03-15 03:32:22
28,3467,1,2023-03-18 08:40:48,2026-03-15 03:32:22
96,3468,1,2026-08-06 02:30:57,2026-08-19 01:58:46
97,3468,1,2026-08-06 02:30:57,2026-08-19 01:58:46
28,3468,1,2026-08-06 02:30:57,2026-08-19 01:58:46
31,3468,1,2026-08-06 02:30:57,2026-08-19 01:58:46
35,3469,0,2024-12-20 08:53:50,2025-03-25 04:56:36
28,3469,0,2024-12-20 08:53:50,2025-03-25 04:56:36
33,3470,1,2024-05-29 11:23:05,2026-08-02 09:40:33
28,3470,1,2024-05-29 11:23:05,2026-08-02 09:40:33
1,3471,1,2024-03-23 10:45:54,2026-07-29 14:24:13
2,3471,1,2024-03-23 10:45:54,2026-07-29 14:24:13
13,3471,1,2024-03-23 10:45:54,2026-07-29 14:24:13
96,3472,1,2025-01-11 03:48:15,2025-08-03 19:36:50
1,3472,1,2025-01-11 03:48:15,2025-08-03 19:36:50
2,3472,1,2025-01-11 03:48:15,2025-08-03 19:36:50
99,3472,1,2025-01-11 03:48:15,2025-08-03 19:36:50
13,3472,1,2025-01-11 03:48:15,2025-08-03 19:36:50
0,3473,1,2024-02-04 12:12:11,2024-06-13 02:45:27
96,3474,1,2023-11-14 06:32:02,2024-01-08 01:45:42
97,3474,1,2023-11-14 06:32:02,2024-01-08 01:45:42
28,3474,1,2023-11-14 06:32:02,2024-01-08 01:45:42
29,3474,1,2023-11-14 06:32:02,2024-01-08 01:45:42
1,3475,1,2025-03-10 18:00:17,2026-05-18 19:59:05
4,3475,1,2025-03-10 18:00:17,2026-05-18 19:59:05
0,3476,1,2024-10-23 02:19:24,2026-04-17 16:08:06
0,3477,1,2024-10-09 07:20:47,2026-02-23 23:10:38
24,3478,1,2025-05-13 17:39:04,2026-03-06 14:11:58
19,3478,1,2025-05-13 17:39:04,2026-03-06 14:11:58
20,3478,1,2025-05-13 17:39:04,2026-03-06 14:11:58
1,3479,1,2026-03-16 18:40:49,2026-07-06 21:38:33
2,3479,1,2026-03-16 18:40:49,2026-07-06 21:38:33
13,3479,1,2026-03-16 18:40:49,2026-07-06 21:38:33
0,3480,1,2026-08-24 01:13:54,2026-09-05 16:46:06
97,3480,1,2026-08-24 01:13:54,2026-09-05 16:46:06
96,3480,1,2026-08-24 01:13:54,2026-09-05 16:46:06
32,3481,0,2024-03-26 06:19:36,2025-07-17 18:52:46
28,3481,0,2024-03-26 06:19:36,2025-07-17 18:52:46
24,3482,1,2024-07-15 20:40:43,2025-07-13 08:54:42
19,3482,1,2024-07-15 20:40:43,2025-07-13 08:54:42
20,3482,1,2024-07-15 20:40:43,2025-07-13 08:54:42
1,3483,1,2026-02-16 10:18:59,2026-07-25 04:58:32
2,3483,1,2026-02-16 10:18:59,2026-07-25 04:58:32
14,3483,1,2026-02-16 10:18:59,2026-07-25 04:58:32
0,3484,1,2025-02-05 12:11:41,2025-02-11 14:05:30
35,3485,1,2026-07-20 16:21:42,2026-08-21 21:20:43
28,3485,1,2026-07-20 16:21:42,2026-08-21 21:20:43
96,3486,0,2025-10-27 18:55:33,2026-01-07 20:34:32
97,3486,0,2025-10-27 18:55:33,2026-01-07 20:34:32
19,3486,0,2025-10-27 18:55:33,2026-01-07 20:34:32
22,3486,0,2025-10-27 18:55:33,2026-01-07 20:34:32
27,3486,0,2025-10-27 18:55:33,2026-01-07 20:34:32
0,3487,0,2023-12-06 04:04:25,2024-08-01 19:23:35
0,3488,1,2024-10-25 11:12:54,2025-12-15 03:39:10
99,3488,1,2024-10-25 11:12:54,2025-12-15 03:39:10
96,3488,1,2024-10-25 11:12:54,2025-12-15 03:39:10
1,3489,1,2025-08-06 20:42:57,2026-06-12 22:47:03
2,3489,1,2025-08-06 20:42:57,2026-06-12 22:47:03
14,3489,1,2025-08-06 20:42:57,2026-06-12 22:47:03
0,3490,1,2025-06-11 12:06:35,2026-02-19 07:00:28
32,3491,1,2023-05-07 01:53:57,2025-05-17 23:13:10
28,3491,1,2023-05-07 01:53:57,2025-05-17 23:13:10
96,3492,0,2025-12-23 10:38:43,2026-08-22 06:11:13
1,3492,0,2025-12-23 10:38:43,2026-08-22 06:11:13
97,3492,0,2025-12-23 10:38:43,2026-08-22 06:11:13
3,3492,0,2025-12-23 10:38:43,2026-08-22 06:11:13
7,3492,0,2025-12-23 10:38:43,2026-08-22 06:11:13
15,3492,0,2025-12-23 10:38:43,2026-08-22 06:11:13
0,3493,1,2026-01-01 08:25:10,2026-09-05 09:25:37
1,3494,1,2026-07-27 09:19:22,2026-08-07 19:51:16
2,3494,1,2026-07-27 09:19:22,2026-08-07 19:51:16
14,3494,1,2026-07-27 09:19:22,2026-08-07 19:51:16
0,3495,0,2024-09-23 02:26:21,2025-06-26 07:10:03
96,3496,0,2024-09-18 12:12:32,2025-08-26 17:34:58
1,3496,0,2024-09-18 12:12:32,2025-08-26 17:34:58
99,3496,0,2024-09-18 12:12:32,2025-08-26 17:34:58
3,3496,0,2024-09-18 12:12:32,2025-08-26 17:34:58
7,3496,0,2024-09-18 12:12:32,2025-08-26 17:34:58
15,3496,0,2024-09-18 12:12:32,2025-08-26 17:34:58
28,3497,0,2023-11-17 20:33:07,2025-05-16 01:22:44
29,3497,0,2023-11-17 20:33:07,2025-05-16 01:22:44
96,3498,1,2023-05-14 09:08:53,2026-08-04 19:50:26
97,3498,1,2023-05-14 09:08:53,2026-08-04 19:50:26
28,3498,1,2023-05-14 09:08:53,2026-08-04 19:50:26
29,3498,1,2023-05-14 09:08:53,2026-08-04 19:50:26
1,3499,1,2023-07-16 03:02:30,2025-10-07 15:18:50
3,3499,1,2023-07-16 03:02:30,2025-10-07 15:18:50
7,3499,1,2023-07-16 03:02:30,2025-10-07 15:18:50
15,3499,1,2023-07-16 03:02:30,2025-10-07 15:18:50
0,3500,0,2023-09-18 00:51:46,2025-10-02 01:32:53
19,3501,1,2023-05-09 15:28:47,2026-01-18 04:04:37
27,3501,1,2023-05-09 15:28:47,2026-01-18 04:04:37
22,3501,1,2023-05-09 15:28:47,2026-01-18 04:04:37
28,3502,0,2023-01-08 18:42:50,2023-04-30 14:40:32
29,3502,0,2023-01-08 18:42:50,2023-04-30 14:40:32
1,3503,0,2024-09-12 00:42:59,2025-07-19 21:49:34
3,3503,0,2024-09-12 00:42:59,2025-07-19 21:49:34
7,3503,0,2024-09-12 00:42:59,2025-07-19 21:49:34
15,3503,0,2024-09-12 00:42:59,2025-07-19 21:49:34
0,3504,1,2024-06-20 00:24:29,2025-07-05 16:28:28
97,3504,1,2024-06-20 00:24:29,2025-07-05 16:28:28
96,3504,1,2024-06-20 00:24:29,2025-07-05 16:28:28
32,3505,1,2025-09-10 07:39:15,2026-06-09 08:55:42
28,3505,1,2025-09-10 07:39:15,2026-06-09 08:55:42
33,3506,1,2025-08-27 10:18:11,2026-04-07 02:38:38
28,3506,1,2025-08-27 10:18:11,2026-04-07 02:38:38
24,3507,1,2024-09-26 23:58:35,2025-09-07 05:04:40
19,3507,1,2024-09-26 23:58:35,2025-09-07 05:04:40
20,3507,1,2024-09-26 23:58:35,2025-09-07 05:04:40
33,3508,1,2024-05-13 15:05:18,2025-04-16 12:22:22
28,3508,1,2024-05-13 15:05:18,2025-04-16 12:22:22
35,3509,1,2025-05-02 21:02:38,2025-08-18 15:42:46
28,3509,1,2025-05-02 21:02:38,2025-08-18 15:42:46
96,3510,0,2024-07-29 23:41:57,2026-04-08 17:43:24
97,3510,0,2024-07-29 23:41:57,2026-04-08 17:43:24
19,3510,0,2024-07-29 23:41:57,2026-04-08 17:43:24
20,3510,0,2024-07-29 23:41:57,2026-04-08 17:43:24
24,3510,0,2024-07-29 23:41:57,2026-04-08 17:43:24
0,3511,1,2025-05-21 18:15:25,2026-09-07 04:21:09
96,3512,0,2025-12-18 16:49:34,2026-07-27 21:07:06
1,3512,0,2025-12-18 16:49:34,2026-07-27 21:07:06
2,3512,0,2025-12-18 16:49:34,2026-07-27 21:07:06
99,3512,0,2025-12-18 16:49:34,2026-07-27 21:07:06
13,3512,0,2025-12-18 16:49:34,2026-07-27 21:07:06
1,3513,1,2023-08-26 22:50:33,2026-02-01 10:25:08
4,3513,1,2023-08-26 22:50:33,2026-02-01 10:25:08
0,3514,1,2023-11-17 00:33:34,2024-04-20 20:23:48
26,3515,1,2025-03-14 16:10:40,2026-07-27 22:56:15
19,3515,1,2025-03-14 16:10:40,2026-07-27 22:56:15
21,3515,1,2025-03-14 16:10:40,2026-07-27 22:56:15
96,3516,1,2024-08-12 02:55:06,2026-04-10 01:37:55
1,3516,1,2024-08-12 02:55:06,2026-04-10 01:37:55
97,3516,1,2024-08-12 02:55:06,2026-04-10 01:37:55
3,3516,1,2024-08-12 02:55:06,2026-04-10 01:37:55
7,3516,1,2024-08-12 02:55:06,2026-04-10 01:37:55
15,3516,1,2024-08-12 02:55:06,2026-04-10 01:37:55
1,3517,0,2024-02-14 01:25:46,2025-01-05 15:59:59
3,3517,0,2024-02-14 01:25:46,2025-01-05 15:59:59
7,3517,0,2024-02-14 01:25:46,2025-01-05 15:59:59
15,3517,0,2024-02-14 01:25:46,2025-01-05 15:59:59
1,3518,1,2026-08-28 16:32:24,2026-09-07 15:41:21
2,3518,1,2026-08-28 16:32:24,2026-09-07 15:41:21
14,3518,1,2026-08-28 16:32:24,2026-09-07 15:41:21
32,3519,0,2026-08-26 18:46:11,2026-08-28 02:05:31
28,3519,0,2026-08-26 18:46:11,2026-08-28 02:05:31
0,3520,0,2024-12-21 12:11:49,2025-12-18 22:38:48
99,3520,0,2024-12-21 12:11:49,2025-12-18 22:38:48
96,3520,0,2024-12-21 12:11:49,2025-12-18 22:38:48
1,3521,1,2024-12-19 05:25:15,2025-12-07 12:31:00
4,3521,1,2024-12-19 05:25:15,2025-12-07 12:31:00
0,3522,1,2025-12-14 10:56:02,2026-07-10 20:01:55
97,3522,1,2025-12-14 10:56:02,2026-07-10 20:01:55
96,3522,1,2025-12-14 10:56:02,2026-07-10 20:01:55
0,3523,1,2024-09-15 09:12:28,2025-04-01 02:35:39
1,3524,0,2024-05-25 18:30:55,2025-12-27 21:41:48
4,3524,0,2024-05-25 18:30:55,2025-12-27 21:41:48
0,3525,1,2025-04-13 06:41:25,2026-01-23 02:49:10
0,3526,1,2026-07-17 19:26:03,2026-09-03 04:05:18
24,3527,0,2026-04-16 10:54:18,2026-06-06 10:12:13
19,3527,0,2026-04-16 10:54:18,2026-06-06 10:12:13
20,3527,0,2026-04-16 10:54:18,2026-06-06 10:12:13
96,3528,1,2024-11-20 18:59:45,2024-11-22 06:03:33
1,3528,1,2024-11-20 18:59:45,2024-11-22 06:03:33
4,3528,1,2024-11-20 18:59:45,2024-11-22 06:03:33
97,3528,1,2024-11-20 18:59:45,2024-11-22 06:03:33
1,3529,1,2025-09-11 06:15:54,2026-06-16 10:49:33
2,3529,1,2025-09-11 06:15:54,2026-06-16 10:49:33
14,3529,1,2025-09-11 06:15:54,2026-06-16 10:49:33
1,3530,1,2024-03-27 19:31:55,2024-10-07 04:41:23
4,3530,1,2024-03-27 19:31:55,2024-10-07 04:41:23
35,3531,1,2025-02-14 15:45:52,2025-09-22 18:44:40
28,3531,1,2025-02-14 15:45:52,2025-09-22 18:44:40
0,3532,0,2026-07-05 01:01:03,2026-08-11 17:49:52
1,3533,1,2026-03-23 11:29:11,2026-04-12 20:10:12
4,3533,1,2026-03-23 11:29:11,2026-04-12 20:10:12
0,3534,1,2025-06-11 15:32:14,2025-07-07 14:58:13
97,3534,1,2025-06-11 15:32:14,2025-07-07 14:58:13
96,3534,1,2025-06-11 15:32:14,2025-07-07 14:58:13
0,3535,1,2025-11-22 04:39:39,2025-12-30 04:50:43
96,3536,1,2025-10-29 09:25:49,2026-05-30 20:47:36
99,3536,1,2025-10-29 09:25:49,2026-05-30 20:47:36
19,3536,1,2025-10-29 09:25:49,2026-05-30 20:47:36
20,3536,1,2025-10-29 09:25:49,2026-05-30 20:47:36
24,3536,1,2025-10-29 09:25:49,2026-05-30 20:47:36
32,3537,1,2025-01-26 05:28:54,2025-07-31 18:15:12
28,3537,1,2025-01-26 05:28:54,2025-07-31 18:15:12
24,3538,1,2023-07-18 23:26:03,2024-02-10 08:02:47
19,3538,1,2023-07-18 23:26:03,2024-02-10 08:02:47
20,3538,1,2023-07-18 23:26:03,2024-02-10 08:02:47
35,3539,1,2026-06-28 05:59:16,2026-07-08 14:04:55
28,3539,1,2026-06-28 05:59:16,2026-07-08 14:04:55
96,3540,1,2026-08-24 17:21:18,2026-09-01 05:52:39
97,3540,1,2026-08-24 17:21:18,2026-09-01 05:52:39
28,3540,1,2026-08-24 17:21:18,2026-09-01 05:52:39
31,3540,1,2026-08-24 17:21:18,2026-09-01 05:52:39
0,3541,1,2024-05-02 05:39:13,2026-05-17 13:18:00
32,3542,0,2023-02-04 17:08:40,2023-12-06 05:11:44
28,3542,0,2023-02-04 17:08:40,2023-12-06 05:11:44
1,3543,1,2026-08-03 07:14:50,2026-08-21 00:13:13
2,3543,1,2026-08-03 07:14:50,2026-08-21 00:13:13
13,3543,1,2026-08-03 07:14:50,2026-08-21 00:13:13
99,3544,1,2023-10-09 21:52:07,2026-08-14 18:28:44
35,3544,1,2023-10-09 21:52:07,2026-08-14 18:28:44
28,3544,1,2023-10-09 21:52:07,2026-08-14 18:28:44
96,3544,1,2023-10-09 21:52:07,2026-08-14 18:28:44
26,3545,1,2023-08-08 19:08:47,2025-10-03 17:48:48
19,3545,1,2023-08-08 19:08:47,2025-10-03 17:48:48
21,3545,1,2023-08-08 19:08:47,2025-10-03 17:48:48
96,3546,1,2023-11-01 16:02:06,2024-07-16 22:10:20
97,3546,1,2023-11-01 16:02:06,2024-07-16 22:10:20
28,3546,1,2023-11-01 16:02:06,2024-07-16 22:10:20
29,3546,1,2023-11-01 16:02:06,2024-07-16 22:10:20
24,3547,1,2025-06-28 16:02:13,2026-07-13 15:58:48
19,3547,1,2025-06-28 16:02:13,2026-07-13 15:58:48
20,3547,1,2025-06-28 16:02:13,2026-07-13 15:58:48
35,3548,1,2024-09-04 13:06:27,2026-04-16 11:24:49
28,3548,1,2024-09-04 13:06:27,2026-04-16 11:24:49
1,3549,1,2023-10-08 23:04:44,2025-05-13 04:03:52
3,3549,1,2023-10-08 23:04:44,2025-05-13 04:03:52
7,3549,1,2023-10-08 23:04:44,2025-05-13 04:03:52
15,3549,1,2023-10-08 23:04:44,2025-05-13 04:03:52
1,3550,0,2025-10-31 04:18:52,2026-08-24 02:06:16
3,3550,0,2025-10-31 04:18:52,2026-08-24 02:06:16
7,3550,0,2025-10-31 04:18:52,2026-08-24 02:06:16
15,3550,0,2025-10-31 04:18:52,2026-08-24 02:06:16
1,3551,1,2025-12-03 10:47:17,2026-04-13 18:21:50
3,3551,1,2025-12-03 10:47:17,2026-04-13 18:21:50
7,3551,1,2025-12-03 10:47:17,2026-04-13 18:21:50
15,3551,1,2025-12-03 10:47:17,2026-04-13 18:21:50
96,3552,1,2026-07-25 00:18:47,2026-09-04 15:34:53
33,3552,1,2026-07-25 00:18:47,2026-09-04 15:34:53
28,3552,1,2026-07-25 00:18:47,2026-09-04 15:34:53
97,3552,1,2026-07-25 00:18:47,2026-09-04 15:34:53
28,3553,1,2024-02-09 03:52:11,2025-09-24 13:55:50
29,3553,1,2024-02-09 03:52:11,2025-09-24 13:55:50
33,3554,1,2024-01-13 09:14:18,2025-05-30 03:31:51
28,3554,1,2024-01-13 09:14:18,2025-05-30 03:31:51
0,3555,1,2024-08-27 13:12:41,2024-09-05 10:03:24
28,3556,1,2023-03-13 18:49:44,2026-04-24 09:29:41
31,3556,1,2023-03-13 18:49:44,2026-04-24 09:29:41
32,3557,0,2024-01-04 12:53:09,2025-12-26 22:32:21
28,3557,0,2024-01-04 12:53:09,2025-12-26 22:32:21
96,3558,1,2025-12-06 09:22:49,2025-12-31 21:33:58
97,3558,1,2025-12-06 09:22:49,2025-12-31 21:33:58
19,3558,1,2025-12-06 09:22:49,2025-12-31 21:33:58
22,3558,1,2025-12-06 09:22:49,2025-12-31 21:33:58
27,3558,1,2025-12-06 09:22:49,2025-12-31 21:33:58
26,3559,0,2026-08-06 12:35:33,2026-08-31 13:56:44
19,3559,0,2026-08-06 12:35:33,2026-08-31 13:56:44
21,3559,0,2026-08-06 12:35:33,2026-08-31 13:56:44
96,3560,0,2023-12-12 10:34:02,2024-02-19 21:42:16
99,3560,0,2023-12-12 10:34:02,2024-02-19 21:42:16
19,3560,0,2023-12-12 10:34:02,2024-02-19 21:42:16
22,3560,0,2023-12-12 10:34:02,2024-02-19 21:42:16
27,3560,0,2023-12-12 10:34:02,2024-02-19 21:42:16
24,3561,1,2024-02-03 18:34:00,2026-09-15 18:24:59
19,3561,1,2024-02-03 18:34:00,2026-09-15 18:24:59
20,3561,1,2024-02-03 18:34:00,2026-09-15 18:24:59
26,3562,1,2025-08-04 09:35:43,2025-08-20 06:29:49
19,3562,1,2025-08-04 09:35:43,2025-08-20 06:29:49
21,3562,1,2025-08-04 09:35:43,2025-08-20 06:29:49
19,3563,1,2025-09-29 05:47:24,2025-10-05 05:56:30
27,3563,1,2025-09-29 05:47:24,2025-10-05 05:56:30
22,3563,1,2025-09-29 05:47:24,2025-10-05 05:56:30
0,3564,1,2025-11-26 12:02:42,2025-12-17 02:47:21
97,3564,1,2025-11-26 12:02:42,2025-12-17 02:47:21
96,3564,1,2025-11-26 12:02:42,2025-12-17 02:47:21
1,3565,1,2024-09-08 21:11:10,2025-11-06 01:32:17
4,3565,1,2024-09-08 21:11:10,2025-11-06 01:32:17
33,3566,1,2024-05-30 22:06:05,2025-06-18 00:07:20
28,3566,1,2024-05-30 22:06:05,2025-06-18 00:07:20
24,3567,1,2023-09-24 23:51:49,2025-06-09 17:57:13
19,3567,1,2023-09-24 23:51:49,2025-06-09 17:57:13
20,3567,1,2023-09-24 23:51:49,2025-06-09 17:57:13
96,3568,1,2025-05-05 00:30:32,2026-06-05 04:25:09
1,3568,1,2025-05-05 00:30:32,2026-06-05 04:25:09
2,3568,1,2025-05-05 00:30:32,2026-06-05 04:25:09
99,3568,1,2025-05-05 00:30:32,2026-06-05 04:25:09
13,3568,1,2025-05-05 00:30:32,2026-06-05 04:25:09
0,3569,0,2023-12-27 06:02:44,2024-10-31 08:48:36
0,3570,0,2025-09-19 07:22:58,2025-10-21 10:02:35
97,3570,0,2025-09-19 07:22:58,2025-10-21 10:02:35
96,3570,0,2025-09-19 07:22:58,2025-10-21 10:02:35
1,3571,1,2025-01-15 16:22:02,2025-09-14 15:07:05
2,3571,1,2025-01-15 16:22:02,2025-09-14 15:07:05
13,3571,1,2025-01-15 16:22:02,2025-09-14 15:07:05
1,3572,1,2023-07-09 16:52:46,2023-08-19 02:09:58
3,3572,1,2023-07-09 16:52:46,2023-08-19 02:09:58
7,3572,1,2023-07-09 16:52:46,2023-08-19 02:09:58
15,3572,1,2023-07-09 16:52:46,2023-08-19 02:09:58
0,3573,1,2023-08-22 20:36:21,2025-12-13 12:05:19
0,3574,0,2026-01-02 13:29:08,2026-07-08 19:49:54
32,3575,0,2024-12-05 22:44:00,2025-02-21 14:14:22
28,3575,0,2024-12-05 22:44:00,2025-02-21 14:14:22
96,3576,1,2024-06-20 13:26:01,2026-03-20 17:22:23
97,3576,1,2024-06-20 13:26:01,2026-03-20 17:22:23
19,3576,1,2024-06-20 13:26:01,2026-03-20 17:22:23
20,3576,1,2024-06-20 13:26:01,2026-03-20 17:22:23
24,3576,1,2024-06-20 13:26:01,2026-03-20 17:22:23
28,3577,1,2023-01-08 11:25:51,2024-06-04 01:12:59
29,3577,1,2023-01-08 11:25:51,2024-06-04 01:12:59
24,3578,0,2025-07-06 11:02:20,2026-03-12 14:26:30
19,3578,0,2025-07-06 11:02:20,2026-03-12 14:26:30
20,3578,0,2025-07-06 11:02:20,2026-03-12 14:26:30
28,3579,1,2026-04-01 18:38:35,2026-09-10 11:26:18
31,3579,1,2026-04-01 18:38:35,2026-09-10 11:26:18
19,3580,1,2024-03-10 16:16:16,2025-02-22 08:01:34
27,3580,1,2024-03-10 16:16:16,2025-02-22 08:01:34
22,3580,1,2024-03-10 16:16:16,2025-02-22 08:01:34
1,3581,1,2026-08-02 04:18:57,2026-08-06 01:33:22
2,3581,1,2026-08-02 04:18:57,2026-08-06 01:33:22
14,3581,1,2026-08-02 04:18:57,2026-08-06 01:33:22
0,3582,0,2026-05-14 03:45:21,2026-08-03 18:01:28
97,3582,0,2026-05-14 03:45:21,2026-08-03 18:01:28
96,3582,0,2026-05-14 03:45:21,2026-08-03 18:01:28
0,3583,1,2025-04-23 06:44:02,2025-11-27 11:12:14
99,3584,1,2026-08-03 15:18:54,2026-08-09 07:42:31
35,3584,1,2026-08-03 15:18:54,2026-08-09 07:42:31
28,3584,1,2026-08-03 15:18:54,2026-08-09 07:42:31
96,3584,1,2026-08-03 15:18:54,2026-08-09 07:42:31
35,3585,1,2023-09-09 23:10:38,2025-09-30 06:54:34
28,3585,1,2023-09-09 23:10:38,2025-09-30 06:54:34
0,3586,1,2026-06-01 00:33:01,2026-09-01 17:01:05
26,3587,0,2025-01-04 05:54:37,2025-11-04 21:08:09
19,3587,0,2025-01-04 05:54:37,2025-11-04 21:08:09
21,3587,0,2025-01-04 05:54:37,2025-11-04 21:08:09
96,3588,1,2024-06-14 09:04:43,2026-06-01 00:53:00
1,3588,1,2024-06-14 09:04:43,2026-06-01 00:53:00
2,3588,1,2024-06-14 09:04:43,2026-06-01 00:53:00
97,3588,1,2024-06-14 09:04:43,2026-06-01 00:53:00
14,3588,1,2024-06-14 09:04:43,2026-06-01 00:53:00
33,3589,0,2023-11-23 08:39:36,2025-02-25 05:57:13
28,3589,0,2023-11-23 08:39:36,2025-02-25 05:57:13
28,3590,1,2025-08-03 19:45:44,2026-09-01 23:42:01
29,3590,1,2025-08-03 19:45:44,2026-09-01 23:42:01
0,3591,1,2024-08-11 16:30:26,2026-02-24 16:44:04
32,3592,1,2024-09-28 13:13:26,2026-05-28 18:48:14
99,3592,1,2024-09-28 13:13:26,2026-05-28 18:48:14
28,3592,1,2024-09-28 13:13:26,2026-05-28 18:48:14
96,3592,1,2024-09-28 13:13:26,2026-05-28 18:48:14
35,3593,1,2024-11-13 00:19:54,2026-02-19 01:14:59
28,3593,1,2024-11-13 00:19:54,2026-02-19 01:14:59
0,3594,1,2023-08-13 04:27:23,2025-03-19 16:01:04
97,3594,1,2023-08-13 04:27:23,2025-03-19 16:01:04
96,3594,1,2023-08-13 04:27:23,2025-03-19 16:01:04
0,3595,1,2023-04-19 08:48:25,2026-02-23 07:11:53
24,3596,1,2025-05-10 10:50:16,2026-08-17 05:06:09
19,3596,1,2025-05-10 10:50:16,2026-08-17 05:06:09
20,3596,1,2025-05-10 10:50:16,2026-08-17 05:06:09
26,3597,1,2024-03-22 11:46:49,2025-01-29 20:18:24
19,3597,1,2024-03-22 11:46:49,2025-01-29 20:18:24
21,3597,1,2024-03-22 11:46:49,2025-01-29 20:18:24
0,3598,1,2025-08-16 03:19:18,2026-02-10 14:49:44
0,3599,1,2026-07-20 09:06:12,2026-08-26 01:32:52
32,3600,1,2023-10-24 06:53:58,2025-04-06 01:10:40
97,3600,1,2023-10-24 06:53:58,2025-04-06 01:10:40
28,3600,1,2023-10-24 06:53:58,2025-04-06 01:10:40
96,3600,1,2023-10-24 06:53:58,2025-04-06 01:10:40
0,3601,1,2025-02-24 19:23:31,2025-11-18 17:12:14
0,3602,1,2025-04-04 23:26:43,2026-06-10 14:11:32
1,3603,0,2025-09-08 09:23:27,2026-06-27 23:59:33
3,3603,0,2025-09-08 09:23:27,2026-06-27 23:59:33
7,3603,0,2025-09-08 09:23:27,2026-06-27 23:59:33
15,3603,0,2025-09-08 09:23:27,2026-06-27 23:59:33
28,3604,1,2023-08-11 09:51:38,2025-11-10 19:35:40
29,3604,1,2023-08-11 09:51:38,2025-11-10 19:35:40
1,3605,1,2024-07-21 06:16:58,2025-12-20 14:13:05
2,3605,1,2024-07-21 06:16:58,2025-12-20 14:13:05
13,3605,1,2024-07-21 06:16:58,2025-12-20 14:13:05
96,3606,1,2025-04-25 15:04:46,2026-02-27 21:35:49
1,3606,1,2025-04-25 15:04:46,2026-02-27 21:35:49
2,3606,1,2025-04-25 15:04:46,2026-02-27 21:35:49
97,3606,1,2025-04-25 15:04:46,2026-02-27 21:35:49
13,3606,1,2025-04-25 15:04:46,2026-02-27 21:35:49
1,3607,1,2023-09-20 04:42:58,2024-03-28 06:00:16
2,3607,1,2023-09-20 04:42:58,2024-03-28 06:00:16
13,3607,1,2023-09-20 04:42:58,2024-03-28 06:00:16
96,3608,0,2026-01-18 22:44:53,2026-05-25 13:33:14
99,3608,0,2026-01-18 22:44:53,2026-05-25 13:33:14
19,3608,0,2026-01-18 22:44:53,2026-05-25 13:33:14
20,3608,0,2026-01-18 22:44:53,2026-05-25 13:33:14
24,3608,0,2026-01-18 22:44:53,2026-05-25 13:33:14
35,3609,0,2025-03-25 18:09:39,2026-04-05 17:14:55
28,3609,0,2025-03-25 18:09:39,2026-04-05 17:14:55
24,3610,1,2024-01-26 20:15:52,2024-09-27 12:29:33
19,3610,1,2024-01-26 20:15:52,2024-09-27 12:29:33
20,3610,1,2024-01-26 20:15:52,2024-09-27 12:29:33
1,3611,1,2025-01-06 03:52:45,2026-06-07 20:57:18
2,3611,1,2025-01-06 03:52:45,2026-06-07 20:57:18
14,3611,1,2025-01-06 03:52:45,2026-06-07 20:57:18
32,3612,1,2026-03-26 23:51:55,2026-05-01 11:32:52
97,3612,1,2026-03-26 23:51:55,2026-05-01 11:32:52
28,3612,1,2026-03-26 23:51:55,2026-05-01 11:32:52
96,3612,1,2026-03-26 23:51:55,2026-05-01 11:32:52
35,3613,1,2025-12-25 20:56:26,2026-01-10 22:08:25
28,3613,1,2025-12-25 20:56:26,2026-01-10 22:08:25
0,3614,1,2023-08-17 13:45:39,2026-07-10 15:13:07
0,3615,1,2023-04-14 19:21:03,2024-12-23 14:52:19
0,3616,1,2023-03-28 07:11:22,2024-05-19 06:28:42
99,3616,1,2023-03-28 07:11:22,2024-05-19 06:28:42
96,3616,1,2023-03-28 07:11:22,2024-05-19 06:28:42
19,3617,1,2026-04-26 13:29:08,2026-05-15 12:41:06
27,3617,1,2026-04-26 13:29:08,2026-05-15 12:41:06
22,3617,1,2026-04-26 13:29:08,2026-05-15 12:41:06
0,3618,1,2023-12-24 00:00:16,2025-09-02 15:34:47
97,3618,1,2023-12-24 00:00:16,2025-09-02 15:34:47
96,3618,1,2023-12-24 00:00:16,2025-09-02 15:34:47
0,3619,1,2023-11-10 06:32:55,2023-12-01 02:01:06
32,3620,0,2023-12-02 19:18:15,2025-08-11 21:57:30
28,3620,0,2023-12-02 19:18:15,2025-08-11 21:57:30
35,3621,1,2024-06-05 07:04:03,2026-04-28 06:03:31
28,3621,1,2024-06-05 07:04:03,2026-04-28 06:03:31
0,3622,0,2024-06-15 15:39:34,2026-08-01 15:15:34
1,3623,1,2025-05-28 11:13:45,2026-04-29 05:36:51
4,3623,1,2025-05-28 11:13:45,2026-04-29 05:36:51
0,3624,1,2023-04-25 08:31:37,2025-09-29 01:59:55
97,3624,1,2023-04-25 08:31:37,2025-09-29 01:59:55
96,3624,1,2023-04-25 08:31:37,2025-09-29 01:59:55
33,3625,1,2023-07-16 05:50:38,2024-07-20 09:22:38
28,3625,1,2023-07-16 05:50:38,2024-07-20 09:22:38
0,3626,1,2025-06-12 18:34:10,2025-11-13 08:02:30
0,3627,1,2025-04-11 21:51:54,2026-08-15 12:21:14
24,3628,1,2026-05-30 23:25:19,2026-08-25 02:53:44
19,3628,1,2026-05-30 23:25:19,2026-08-25 02:53:44
20,3628,1,2026-05-30 23:25:19,2026-08-25 02:53:44
24,3629,1,2026-07-14 02:54:33,2026-08-27 17:35:58
19,3629,1,2026-07-14 02:54:33,2026-08-27 17:35:58
20,3629,1,2026-07-14 02:54:33,2026-08-27 17:35:58
96,3630,0,2026-06-13 09:11:12,2026-07-28 19:06:33
1,3630,0,2026-06-13 09:11:12,2026-07-28 19:06:33
2,3630,0,2026-06-13 09:11:12,2026-07-28 19:06:33
97,3630,0,2026-06-13 09:11:12,2026-07-28 19:06:33
14,3630,0,2026-06-13 09:11:12,2026-07-28 19:06:33
0,3631,1,2025-03-14 08:03:30,2026-05-11 23:18:17
0,3632,1,2026-02-04 07:32:13,2026-07-28 21:28:35
99,3632,1,2026-02-04 07:32:13,2026-07-28 21:28:35
96,3632,1,2026-02-04 07:32:13,2026-07-28 21:28:35
0,3633,1,2024-04-06 11:27:35,2025-01-28 14:29:52
1,3634,0,2025-02-08 14:07:31,2025-06-16 14:03:02
2,3634,0,2025-02-08 14:07:31,2025-06-16 14:03:02
14,3634,0,2025-02-08 14:07:31,2025-06-16 14:03:02
0,3635,1,2026-03-15 06:04:07,2026-07-31 07:35:14
96,3636,0,2023-03-14 19:38:09,2026-06-11 22:34:46
1,3636,0,2023-03-14 19:38:09,2026-06-11 22:34:46
2,3636,0,2023-03-14 19:38:09,2026-06-11 22:34:46
97,3636,0,2023-03-14 19:38:09,2026-06-11 22:34:46
14,3636,0,2023-03-14 19:38:09,2026-06-11 22:34:46
0,3637,1,2025-01-01 12:26:09,2026-03-28 22:27:37
26,3638,0,2023-04-13 05:46:49,2025-01-23 01:22:33
19,3638,0,2023-04-13 05:46:49,2025-01-23 01:22:33
21,3638,0,2023-04-13 05:46:49,2025-01-23 01:22:33
0,3639,1,2024-09-21 22:47:25,2025-07-15 14:43:25
96,3640,1,2026-04-29 14:58:35,2026-08-24 01:17:35
33,3640,1,2026-04-29 14:58:35,2026-08-24 01:17:35
99,3640,1,2026-04-29 14:58:35,2026-08-24 01:17:35
28,3640,1,2026-04-29 14:58:35,2026-08-24 01:17:35
0,3641,1,2023-06-05 17:48:25,2026-04-25 04:11:00
96,3642,1,2023-10-14 08:56:31,2024-07-23 12:47:59
1,3642,1,2023-10-14 08:56:31,2024-07-23 12:47:59
97,3642,1,2023-10-14 08:56:31,2024-07-23 12:47:59
3,3642,1,2023-10-14 08:56:31,2024-07-23 12:47:59
7,3642,1,2023-10-14 08:56:31,2024-07-23 12:47:59
15,3642,1,2023-10-14 08:56:31,2024-07-23 12:47:59
19,3643,1,2025-06-06 21:58:04,2025-06-16 19:36:43
27,3643,1,2025-06-06 21:58:04,2025-06-16 19:36:43
22,3643,1,2025-06-06 21:58:04,2025-06-16 19:36:43
1,3644,1,2023-12-04 18:17:24,2025-04-30 08:03:29
2,3644,1,2023-12-04 18:17:24,2025-04-30 08:03:29
13,3644,1,2023-12-04 18:17:24,2025-04-30 08:03:29
0,3645,0,2025-09-17 02:55:49,2025-12-20 05:51:43
1,3646,1,2026-05-23 11:38:52,2026-06-08 11:45:09
3,3646,1,2026-05-23 11:38:52,2026-06-08 11:45:09
7,3646,1,2026-05-23 11:38:52,2026-06-08 11:45:09
15,3646,1,2026-05-23 11:38:52,2026-06-08 11:45:09
0,3647,1,2026-02-26 06:35:17,2026-06-23 05:55:39
0,3648,1,2023-08-11 12:43:47,2026-03-08 13:00:38
97,3648,1,2023-08-11 12:43:47,2026-03-08 13:00:38
96,3648,1,2023-08-11 12:43:47,2026-03-08 13:00:38
32,3649,1,2024-09-23 14:22:21,2024-11-15 01:39:51
28,3649,1,2024-09-23 14:22:21,2024-11-15 01:39:51
1,3650,1,2024-05-09 03:35:10,2025-06-16 17:54:56
2,3650,1,2024-05-09 03:35:10,2025-06-16 17:54:56
14,3650,1,2024-05-09 03:35:10,2025-06-16 17:54:56
0,3651,1,2025-07-19 00:49:06,2025-11-07 13:52:12
0,3652,0,2023-12-15 22:57:24,2026-08-08 03:47:01
28,3653,1,2026-08-19 03:11:08,2026-08-29 10:11:49
31,3653,1,2026-08-19 03:11:08,2026-08-29 10:11:49
32,3654,0,2025-12-13 22:57:35,2026-03-10 08:10:37
97,3654,0,2025-12-13 22:57:35,2026-03-10 08:10:37
28,3654,0,2025-12-13 22:57:35,2026-03-10 08:10:37
96,3654,0,2025-12-13 22:57:35,2026-03-10 08:10:37
1,3655,1,2025-01-17 19:57:48,2025-07-17 09:01:24
3,3655,1,2025-01-17 19:57:48,2025-07-17 09:01:24
7,3655,1,2025-01-17 19:57:48,2025-07-17 09:01:24
15,3655,1,2025-01-17 19:57:48,2025-07-17 09:01:24
0,3656,1,2024-04-26 22:04:10,2024-10-01 13:10:38
99,3656,1,2024-04-26 22:04:10,2024-10-01 13:10:38
96,3656,1,2024-04-26 22:04:10,2024-10-01 13:10:38
0,3657,0,2025-04-16 21:26:48,2026-02-01 15:03:26
28,3658,1,2024-05-18 14:55:39,2024-09-08 10:30:21
31,3658,1,2024-05-18 14:55:39,2024-09-08 10:30:21
19,3659,1,2025-01-27 06:20:11,2026-07-31 17:29:42
27,3659,1,2025-01-27 06:20:11,2026-07-31 17:29:42
22,3659,1,2025-01-27 06:20:11,2026-07-31 17:29:42
96,3660,1,2025-09-11 23:05:37,2026-06-10 03:23:23
97,3660,1,2025-09-11 23:05:37,2026-06-10 03:23:23
19,3660,1,2025-09-11 23:05:37,2026-06-10 03:23:23
20,3660,1,2025-09-11 23:05:37,2026-06-10 03:23:23
24,3660,1,2025-09-11 23:05:37,2026-06-10 03:23:23
0,3661,1,2023-04-21 14:46:04,2023-08-21 20:46:33
32,3662,1,2023-12-28 06:50:46,2026-02-28 14:48:53
28,3662,1,2023-12-28 06:50:46,2026-02-28 14:48:53
0,3663,1,2023-02-03 02:55:26,2024-07-29 17:38:31
0,3664,1,2025-08-15 15:40:55,2026-08-16 01:26:00
99,3664,1,2025-08-15 15:40:55,2026-08-16 01:26:00
96,3664,1,2025-08-15 15:40:55,2026-08-16 01:26:00
1,3665,1,2024-09-01 11:11:32,2025-08-03 04:46:48
4,3665,1,2024-09-01 11:11:32,2025-08-03 04:46:48
0,3666,1,2023-01-28 02:33:42,2026-08-24 20:08:14
97,3666,1,2023-01-28 02:33:42,2026-08-24 20:08:14
96,3666,1,2023-01-28 02:33:42,2026-08-24 20:08:14
26,3667,0,2025-10-17 19:41:55,2026-03-08 10:47:55
19,3667,0,2025-10-17 19:41:55,2026-03-08 10:47:55
21,3667,0,2025-10-17 19:41:55,2026-03-08 10:47:55
26,3668,1,2024-11-08 00:29:17,2025-01-03 20:14:37
19,3668,1,2024-11-08 00:29:17,2025-01-03 20:14:37
21,3668,1,2024-11-08 00:29:17,2025-01-03 20:14:37
1,3669,1,2025-02-17 05:41:44,2025-11-22 16:36:28
3,3669,1,2025-02-17 05:41:44,2025-11-22 16:36:28
7,3669,1,2025-02-17 05:41:44,2025-11-22 16:36:28
15,3669,1,2025-02-17 05:41:44,2025-11-22 16:36:28
26,3670,1,2025-12-12 02:51:38,2026-05-25 04:27:23
19,3670,1,2025-12-12 02:51:38,2026-05-25 04:27:23
21,3670,1,2025-12-12 02:51:38,2026-05-25 04:27:23
1,3671,1,2026-04-03 20:05:51,2026-08-28 07:26:17
2,3671,1,2026-04-03 20:05:51,2026-08-28 07:26:17
13,3671,1,2026-04-03 20:05:51,2026-08-28 07:26:17
96,3672,1,2025-01-24 08:11:19,2026-02-27 03:28:59
97,3672,1,2025-01-24 08:11:19,2026-02-27 03:28:59
19,3672,1,2025-01-24 08:11:19,2026-02-27 03:28:59
21,3672,1,2025-01-24 08:11:19,2026-02-27 03:28:59
26,3672,1,2025-01-24 08:11:19,2026-02-27 03:28:59
28,3673,1,2025-10-16 17:59:32,2025-11-30 05:57:24
29,3673,1,2025-10-16 17:59:32,2025-11-30 05:57:24
19,3674,1,2026-01-04 09:46:17,2026-07-31 10:27:15
27,3674,1,2026-01-04 09:46:17,2026-07-31 10:27:15
22,3674,1,2026-01-04 09:46:17,2026-07-31 10:27:15
0,3675,0,2023-03-13 01:31:54,2024-09-07 13:45:56
0,3676,0,2025-04-13 02:49:06,2025-08-15 15:15:12
19,3677,1,2026-01-14 23:49:12,2026-07-23 14:52:27
27,3677,1,2026-01-14 23:49:12,2026-07-23 14:52:27
22,3677,1,2026-01-14 23:49:12,2026-07-23 14:52:27
0,3678,1,2024-11-26 01:20:49,2025-03-25 22:24:42
97,3678,1,2024-11-26 01:20:49,2025-03-25 22:24:42
96,3678,1,2024-11-26 01:20:49,2025-03-25 22:24:42
28,3679,0,2023-12-13 20:20:14,2024-01-27 13:16:13
31,3679,0,2023-12-13 20:20:14,2024-01-27 13:16:13
99,3680,0,2026-03-26 23:37:01,2026-07-21 04:25:59
35,3680,0,2026-03-26 23:37:01,2026-07-21 04:25:59
28,3680,0,2026-03-26 23:37:01,2026-07-21 04:25:59
96,3680,0,2026-03-26 23:37:01,2026-07-21 04:25:59
32,3681,1,2025-08-01 19:39:36,2026-01-07 14:18:59
28,3681,1,2025-08-01 19:39:36,2026-01-07 14:18:59
26,3682,1,2024-11-06 09:49:46,2025-08-27 17:22:33
19,3682,1,2024-11-06 09:49:46,2025-08-27 17:22:33
21,3682,1,2024-11-06 09:49:46,2025-08-27 17:22:33
28,3683,1,2026-03-31 01:32:14,2026-07-04 11:44:11
29,3683,1,2026-03-31 01:32:14,2026-07-04 11:44:11
96,3684,0,2026-05-20 22:18:45,2026-07-30 21:24:00
1,3684,0,2026-05-20 22:18:45,2026-07-30 21:24:00
4,3684,0,2026-05-20 22:18:45,2026-07-30 21:24:00
97,3684,0,2026-05-20 22:18:45,2026-07-30 21:24:00
19,3685,1,2023-11-22 11:03:51,2026-05-24 18:35:29
27,3685,1,2023-11-22 11:03:51,2026-05-24 18:35:29
22,3685,1,2023-11-22 11:03:51,2026-05-24 18:35:29
33,3686,1,2024-10-27 16:28:01,2025-07-11 23:54:30
28,3686,1,2024-10-27 16:28:01,2025-07-11 23:54:30
28,3687,1,2025-11-17 16:38:45,2026-02-03 09:22:01
31,3687,1,2025-11-17 16:38:45,2026-02-03 09:22:01
96,3688,1,2026-07-28 08:23:36,2026-09-06 17:00:21
1,3688,1,2026-07-28 08:23:36,2026-09-06 17:00:21
99,3688,1,2026-07-28 08:23:36,2026-09-06 17:00:21
4,3688,1,2026-07-28 08:23:36,2026-09-06 17:00:21
1,3689,1,2023-08-12 00:57:01,2024-09-23 00:10:39
4,3689,1,2023-08-12 00:57:01,2024-09-23 00:10:39
0,3690,1,2024-06-15 10:28:08,2025-09-17 22:13:20
97,3690,1,2024-06-15 10:28:08,2025-09-17 22:13:20
96,3690,1,2024-06-15 10:28:08,2025-09-17 22:13:20
32,3691,0,2026-08-02 10:44:49,2026-08-12 13:59:39
28,3691,0,2026-08-02 10:44:49,2026-08-12 13:59:39
32,3692,1,2023-07-29 21:03:55,2024-11-22 05:20:52
28,3692,1,2023-07-29 21:03:55,2024-11-22 05:20:52
19,3693,1,2024-01-22 09:21:01,2026-04-18 17:42:55
27,3693,1,2024-01-22 09:21:01,2026-04-18 17:42:55
22,3693,1,2024-01-22 09:21:01,2026-04-18 17:42:55
0,3694,1,2024-05-01 00:41:21,2024-12-31 12:33:25
0,3695,1,2023-06-15 05:15:40,2025-04-25 03:15:44
32,3696,1,2025-03-06 08:10:16,2026-06-30 06:50:39
97,3696,1,2025-03-06 08:10:16,2026-06-30 06:50:39
28,3696,1,2025-03-06 08:10:16,2026-06-30 06:50:39
96,3696,1,2025-03-06 08:10:16,2026-06-30 06:50:39
0,3697,1,2023-09-01 12:31:13,2024-04-14 04:39:28
1,3698,1,2023-09-15 18:27:09,2024-03-31 16:04:23
3,3698,1,2023-09-15 18:27:09,2024-03-31 16:04:23
7,3698,1,2023-09-15 18:27:09,2024-03-31 16:04:23
15,3698,1,2023-09-15 18:27:09,2024-03-31 16:04:23
0,3699,1,2024-12-02 13:09:47,2025-02-19 20:09:23
0,3700,1,2026-07-07 05:57:50,2026-08-01 17:23:14
1,3701,1,2024-06-07 05:20:42,2024-09-23 02:37:07
4,3701,1,2024-06-07 05:20:42,2024-09-23 02:37:07
96,3702,0,2023-07-17 10:14:54,2025-08-13 04:37:29
97,3702,0,2023-07-17 10:14:54,2025-08-13 04:37:29
19,3702,0,2023-07-17 10:14:54,2025-08-13 04:37:29
21,3702,0,2023-07-17 10:14:54,2025-08-13 04:37:29
26,3702,0,2023-07-17 10:14:54,2025-08-13 04:37:29
28,3703,1,2025-06-25 18:01:59,2026-09-01 06:54:48
29,3703,1,2025-06-25 18:01:59,2026-09-01 06:54:48
96,3704,1,2025-08-07 22:19:54,2026-04-15 18:43:30
99,3704,1,2025-08-07 22:19:54,2026-04-15 18:43:30
19,3704,1,2025-08-07 22:19:54,2026-04-15 18:43:30
22,3704,1,2025-08-07 22:19:54,2026-04-15 18:43:30
27,3704,1,2025-08-07 22:19:54,2026-04-15 18:43:30
35,3705,1,2026-05-26 14:00:11,2026-07-15 23:27:41
28,3705,1,2026-05-26 14:00:11,2026-07-15 23:27:41
35,3706,1,2026-09-10 20:48:24,2026-09-16 11:13:30
28,3706,1,2026-09-10 20:48:24,2026-09-16 11:13:30
0,3707,1,2026-07-25 03:55:22,2026-08-04 19:57:15
96,3708,1,2024-02-14 10:36:39,2024-08-21 05:16:03
97,3708,1,2024-02-14 10:36:39,2024-08-21 05:16:03
35,3708,1,2024-02-14 10:36:39,2024-08-21 05:16:03
28,3708,1,2024-02-14 10:36:39,2024-08-21 05:16:03
0,3709,1,2024-02-14 15:14:07,2026-01-20 05:02:30
24,3710,0,2026-06-03 08:08:41,2026-06-27 15:35:37
19,3710,0,2026-06-03 08:08:41,2026-06-27 15:35:37
20,3710,0,2026-06-03 08:08:41,2026-06-27 15:35:37
1,3711,1,2024-09-27 16:20:27,2025-12-06 19:12:19
3,3711,1,2024-09-27 16:20:27,2025-12-06 19:12:19
7,3711,1,2024-09-27 16:20:27,2025-12-06 19:12:19
15,3711,1,2024-09-27 16:20:27,2025-12-06 19:12:19
99,3712,1,2023-05-02 22:23:33,2024-07-12 07:14:28
35,3712,1,2023-05-02 22:23:33,2024-07-12 07:14:28
28,3712,1,2023-05-02 22:23:33,2024-07-12 07:14:28
96,3712,1,2023-05-02 22:23:33,2024-07-12 07:14:28
24,3713,0,2025-09-11 02:08:52,2025-10-21 07:28:40
19,3713,0,2025-09-11 02:08:52,2025-10-21 07:28:40
20,3713,0,2025-09-11 02:08:52,2025-10-21 07:28:40
96,3714,1,2024-11-22 04:21:07,2026-02-21 07:25:04
1,3714,1,2024-11-22 04:21:07,2026-02-21 07:25:04
2,3714,1,2024-11-22 04:21:07,2026-02-21 07:25:04
97,3714,1,2024-11-22 04:21:07,2026-02-21 07:25:04
14,3714,1,2024-11-22 04:21:07,2026-02-21 07:25:04
1,3715,1,2025-06-08 09:15:55,2026-01-07 21:35:42
2,3715,1,2025-06-08 09:15:55,2026-01-07 21:35:42
13,3715,1,2025-06-08 09:15:55,2026-01-07 21:35:42
0,3716,0,2024-12-13 16:14:01,2026-01-26 16:09:19
28,3717,1,2026-03-31 03:59:50,2026-06-14 20:14:58
31,3717,1,2026-03-31 03:59:50,2026-06-14 20:14:58
0,3718,1,2025-07-20 12:19:49,2026-02-14 06:59:55
0,3719,1,2024-02-17 11:28:34,2025-03-24 16:31:31
0,3720,1,2024-01-19 14:18:00,2026-08-21 19:16:50
97,3720,1,2024-01-19 14:18:00,2026-08-21 19:16:50
96,3720,1,2024-01-19 14:18:00,2026-08-21 19:16:50
1,3721,1,2024-04-11 17:56:31,2024-07-30 17:52:10
4,3721,1,2024-04-11 17:56:31,2024-07-30 17:52:10
1,3722,1,2024-06-28 15:03:02,2025-06-26 17:36:49
2,3722,1,2024-06-28 15:03:02,2025-06-26 17:36:49
13,3722,1,2024-06-28 15:03:02,2025-06-26 17:36:49
24,3723,1,2024-01-11 01:22:56,2024-05-26 02:56:27
19,3723,1,2024-01-11 01:22:56,2024-05-26 02:56:27
20,3723,1,2024-01-11 01:22:56,2024-05-26 02:56:27
0,3724,1,2026-05-07 06:13:58,2026-05-25 15:11:56
0,3725,1,2023-04-06 10:22:56,2024-06-15 19:02:57
0,3726,0,2024-08-11 02:09:02,2026-04-04 23:17:06
97,3726,0,2024-08-11 02:09:02,2026-04-04 23:17:06
96,3726,0,2024-08-11 02:09:02,2026-04-04 23:17:06
32,3727,1,2024-12-26 22:05:53,2025-01-05 07:58:34
28,3727,1,2024-12-26 22:05:53,2025-01-05 07:58:34
0,3728,1,2023-01-07 02:28:23,2026-03-22 14:44:57
99,3728,1,2023-01-07 02:28:23,2026-03-22 14:44:57
96,3728,1,2023-01-07 02:28:23,2026-03-22 14:44:57
24,3729,0,2024-04-26 11:29:13,2025-02-26 22:16:16
19,3729,0,2024-04-26 11:29:13,2025-02-26 22:16:16
20,3729,0,2024-04-26 11:29:13,2025-02-26 22:16:16
28,3730,1,2024-11-18 03:59:38,2025-02-08 23:28:49
31,3730,1,2024-11-18 03:59:38,2025-02-08 23:28:49
32,3731,0,2023-02-06 16:50:35,2023-10-29 03:08:57
28,3731,0,2023-02-06 16:50:35,2023-10-29 03:08:57
96,3732,1,2024-06-03 03:24:59,2026-03-22 01:18:15
97,3732,1,2024-06-03 03:24:59,2026-03-22 01:18:15
19,3732,1,2024-06-03 03:24:59,2026-03-22 01:18:15
20,3732,1,2024-06-03 03:24:59,2026-03-22 01:18:15
24,3732,1,2024-06-03 03:24:59,2026-03-22 01:18:15
0,3733,1,2025-10-27 20:29:57,2026-06-04 03:22:06
26,3734,1,2026-04-20 17:09:10,2026-08-30 16:48:44
19,3734,1,2026-04-20 17:09:10,2026-08-30 16:48:44
21,3734,1,2026-04-20 17:09:10,2026-08-30 16:48:44
1,3735,1,2026-03-22 03:54:00,2026-04-01 22:05:18
2,3735,1,2026-03-22 03:54:00,2026-04-01 22:05:18
13,3735,1,2026-03-22 03:54:00,2026-04-01 22:05:18
96,3736,1,2023-11-30 02:59:23,2025-07-21 15:00:42
1,3736,1,2023-11-30 02:59:23,2025-07-21 15:00:42
2,3736,1,2023-11-30 02:59:23,2025-07-21 15:00:42
99,3736,1,2023-11-30 02:59:23,2025-07-21 15:00:42
14,3736,1,2023-11-30 02:59:23,2025-07-21 15:00:42
1,3737,1,2025-06-01 05:46:44,2026-01-22 22:17:02
4,3737,1,2025-06-01 05:46:44,2026-01-22 22:17:02
96,3738,1,2026-05-16 12:58:29,2026-09-02 07:29:52
97,3738,1,2026-05-16 12:58:29,2026-09-02 07:29:52
19,3738,1,2026-05-16 12:58:29,2026-09-02 07:29:52
21,3738,1,2026-05-16 12:58:29,2026-09-02 07:29:52
26,3738,1,2026-05-16 12:58:29,2026-09-02 07:29:52
0,3739,0,2023-08-27 08:25:41,2025-09-09 16:53:50
19,3740,1,2024-02-29 20:03:27,2026-08-13 09:47:39
27,3740,1,2024-02-29 20:03:27,2026-08-13 09:47:39
22,3740,1,2024-02-29 20:03:27,2026-08-13 09:47:39
28,3741,1,2023-02-21 20:25:39,2024-12-21 11:41:20
31,3741,1,2023-02-21 20:25:39,2024-12-21 11:41:20
1,3742,1,2024-12-19 11:31:50,2026-04-05 08:36:58
2,3742,1,2024-12-19 11:31:50,2026-04-05 08:36:58
13,3742,1,2024-12-19 11:31:50,2026-04-05 08:36:58
33,3743,0,2025-05-15 17:21:36,2026-09-03 08:29:41
28,3743,0,2025-05-15 17:21:36,2026-09-03 08:29:41
96,3744,1,2026-06-27 05:17:10,2026-08-23 17:58:48
97,3744,1,2026-06-27 05:17:10,2026-08-23 17:58:48
19,3744,1,2026-06-27 05:17:10,2026-08-23 17:58:48
20,3744,1,2026-06-27 05:17:10,2026-08-23 17:58:48
24,3744,1,2026-06-27 05:17:10,2026-08-23 17:58:48
35,3745,1,2024-07-14 04:51:32,2026-08-08 04:09:49
28,3745,1,2024-07-14 04:51:32,2026-08-08 04:09:49
1,3746,1,2025-12-16 14:13:41,2026-01-24 01:29:58
2,3746,1,2025-12-16 14:13:41,2026-01-24 01:29:58
13,3746,1,2025-12-16 14:13:41,2026-01-24 01:29:58
35,3747,0,2026-07-19 04:29:23,2026-07-24 12:05:26
28,3747,0,2026-07-19 04:29:23,2026-07-24 12:05:26
1,3748,1,2025-11-01 20:26:53,2025-12-03 00:00:24
3,3748,1,2025-11-01 20:26:53,2025-12-03 00:00:24
7,3748,1,2025-11-01 20:26:53,2025-12-03 00:00:24
15,3748,1,2025-11-01 20:26:53,2025-12-03 00:00:24
1,3749,1,2026-08-07 08:26:45,2026-09-04 18:30:33
4,3749,1,2026-08-07 08:26:45,2026-09-04 18:30:33
0,3750,0,2025-08-31 16:46:36,2026-03-19 10:07:14
97,3750,0,2025-08-31 16:46:36,2026-03-19 10:07:14
96,3750,0,2025-08-31 16:46:36,2026-03-19 10:07:14
24,3751,0,2025-03-06 08:30:43,2025-06-23 01:01:37
19,3751,0,2025-03-06 08:30:43,2025-06-23 01:01:37
20,3751,0,2025-03-06 08:30:43,2025-06-23 01:01:37
96,3752,1,2026-04-02 02:01:31,2026-08-12 04:54:55
99,3752,1,2026-04-02 02:01:31,2026-08-12 04:54:55
28,3752,1,2026-04-02 02:01:31,2026-08-12 04:54:55
31,3752,1,2026-04-02 02:01:31,2026-08-12 04:54:55
35,3753,1,2023-04-25 07:07:33,2023-07-29 14:50:29
28,3753,1,2023-04-25 07:07:33,2023-07-29 14:50:29
0,3754,1,2025-09-02 17:09:17,2025-12-06 20:49:56
26,3755,1,2023-04-22 13:42:24,2026-08-03 23:41:02
19,3755,1,2023-04-22 13:42:24,2026-08-03 23:41:02
21,3755,1,2023-04-22 13:42:24,2026-08-03 23:41:02
96,3756,1,2025-03-28 12:44:27,2026-01-31 09:11:56
97,3756,1,2025-03-28 12:44:27,2026-01-31 09:11:56
28,3756,1,2025-03-28 12:44:27,2026-01-31 09:11:56
29,3756,1,2025-03-28 12:44:27,2026-01-31 09:11:56
1,3757,1,2026-07-10 23:35:58,2026-07-13 19:18:15
2,3757,1,2026-07-10 23:35:58,2026-07-13 19:18:15
14,3757,1,2026-07-10 23:35:58,2026-07-13 19:18:15
33,3758,0,2024-01-06 20:43:01,2025-10-25 20:11:57
28,3758,0,2024-01-06 20:43:01,2025-10-25 20:11:57
28,3759,1,2024-03-01 12:17:36,2024-03-24 17:41:22
29,3759,1,2024-03-01 12:17:36,2024-03-24 17:41:22
0,3760,1,2025-10-20 01:59:07,2025-12-28 20:46:10
99,3760,1,2025-10-20 01:59:07,2025-12-28 20:46:10
96,3760,1,2025-10-20 01:59:07,2025-12-28 20:46:10
1,3761,1,2023-09-29 13:11:53,2025-05-12 16:32:42
3,3761,1,2023-09-29 13:11:53,2025-05-12 16:32:42
7,3761,1,2023-09-29 13:11:53,2025-05-12 16:32:42
15,3761,1,2023-09-29 13:11:53,2025-05-12 16:32:42
0,3762,0,2024-05-13 11:12:20,2025-01-25 10:21:17
97,3762,0,2024-05-13 11:12:20,2025-01-25 10:21:17
96,3762,0,2024-05-13 11:12:20,2025-01-25 10:21:17
0,3763,1,2025-11-28 05:41:35,2026-06-18 06:38:43
0,3764,0,2024-11-06 18:12:32,2025-12-05 18:53:05
1,3765,1,2023-03-13 23:23:19,2025-01-03 21:00:51
4,3765,1,2023-03-13 23:23:19,2025-01-03 21:00:51
0,3766,1,2023-05-13 07:28:32,2024-10-13 01:47:54
1,3767,1,2025-12-21 05:42:42,2026-02-24 01:19:38
3,3767,1,2025-12-21 05:42:42,2026-02-24 01:19:38
7,3767,1,2025-12-21 05:42:42,2026-02-24 01:19:38
15,3767,1,2025-12-21 05:42:42,2026-02-24 01:19:38
0,3768,0,2023-06-02 04:32:49,2026-05-06 02:36:15
97,3768,0,2023-06-02 04:32:49,2026-05-06 02:36:15
96,3768,0,2023-06-02 04:32:49,2026-05-06 02:36:15
33,3769,1,2023-10-05 09:51:13,2025-06-12 21:00:30
28,3769,1,2023-10-05 09:51:13,2025-06-12 21:00:30
19,3770,1,2023-04-23 13:30:51,2025-08-01 22:44:47
27,3770,1,2023-04-23 13:30:51,2025-08-01 22:44:47
22,3770,1,2023-04-23 13:30:51,2025-08-01 22:44:47
1,3771,0,2025-01-30 17:33:29,2026-01-29 13:17:57
2,3771,0,2025-01-30 17:33:29,2026-01-29 13:17:57
13,3771,0,2025-01-30 17:33:29,2026-01-29 13:17:57
0,3772,1,2026-08-17 15:30:59,2026-09-14 17:56:51
1,3773,1,2025-11-25 17:52:23,2025-12-28 21:17:04
3,3773,1,2025-11-25 17:52:23,2025-12-28 21:17:04
7,3773,1,2025-11-25 17:52:23,2025-12-28 21:17:04
15,3773,1,2025-11-25 17:52:23,2025-12-28 21:17:04
96,3774,1,2023-01-19 09:46:47,2023-12-24 16:59:33
97,3774,1,2023-01-19 09:46:47,2023-12-24 16:59:33
19,3774,1,2023-01-19 09:46:47,2023-12-24 16:59:33
20,3774,1,2023-01-19 09:46:47,2023-12-24 16:59:33
24,3774,1,2023-01-19 09:46:47,2023-12-24 16:59:33
28,3775,1,2023-06-11 16:07:15,2023-11-19 07:31:40
29,3775,1,2023-06-11 16:07:15,2023-11-19 07:31:40
0,3776,1,2025-04-23 14:00:57,2025-05-26 22:52:15
99,3776,1,2025-04-23 14:00:57,2025-05-26 22:52:15
96,3776,1,2025-04-23 14:00:57,2025-05-26 22:52:15
0,3777,1,2025-09-17 07:29:32,2026-04-22 06:12:11
33,3778,1,2025-11-26 22:17:33,2026-09-01 00:59:03
28,3778,1,2025-11-26 22:17:33,2026-09-01 00:59:03
28,3779,1,2024-07-02 14:05:03,2025-09-27 00:44:11
29,3779,1,2024-07-02 14:05:03,2025-09-27 00:44:11
96,3780,1,2025-08-16 18:14:23,2026-07-31 15:43:54
97,3780,1,2025-08-16 18:14:23,2026-07-31 15:43:54
35,3780,1,2025-08-16 18:14:23,2026-07-31 15:43:54
28,3780,1,2025-08-16 18:14:23,2026-07-31 15:43:54
1,3781,1,2024-11-09 15:04:48,2026-04-23 06:12:52
2,3781,1,2024-11-09 15:04:48,2026-04-23 06:12:52
13,3781,1,2024-11-09 15:04:48,2026-04-23 06:12:52
0,3782,1,2024-05-21 19:22:30,2024-09-01 16:19:30
0,3783,1,2023-01-29 11:01:59,2024-08-16 00:45:59
96,3784,1,2026-01-07 22:54:57,2026-02-27 00:19:54
99,3784,1,2026-01-07 22:54:57,2026-02-27 00:19:54
19,3784,1,2026-01-07 22:54:57,2026-02-27 00:19:54
20,3784,1,2026-01-07 22:54:57,2026-02-27 00:19:54
24,3784,1,2026-01-07 22:54:57,2026-02-27 00:19:54
33,3785,1,2024-12-02 20:12:20,2025-03-17 10:05:02
28,3785,1,2024-12-02 20:12:20,2025-03-17 10:05:02
96,3786,1,2023-01-05 09:09:29,2026-01-05 03:58:53
33,3786,1,2023-01-05 09:09:29,2026-01-05 03:58:53
28,3786,1,2023-01-05 09:09:29,2026-01-05 03:58:53
97,3786,1,2023-01-05 09:09:29,2026-01-05 03:58:53
28,3787,1,2023-11-03 19:00:44,2025-10-13 13:21:12
31,3787,1,2023-11-03 19:00:44,2025-10-13 13:21:12
1,3788,0,2023-08-08 21:12:37,2025-12-26 05:00:23
3,3788,0,2023-08-08 21:12:37,2025-12-26 05:00:23
7,3788,0,2023-08-08 21:12:37,2025-12-26 05:00:23
15,3788,0,2023-08-08 21:12:37,2025-12-26 05:00:23
1,3789,1,2024-10-17 14:18:07,2026-08-01 05:23:43
2,3789,1,2024-10-17 14:18:07,2026-08-01 05:23:43
13,3789,1,2024-10-17 14:18:07,2026-08-01 05:23:43
26,3790,1,2024-01-22 09:17:53,2024-12-07 22:15:34
19,3790,1,2024-01-22 09:17:53,2024-12-07 22:15:34
21,3790,1,2024-01-22 09:17:53,2024-12-07 22:15:34
1,3791,1,2023-06-04 16:59:30,2025-04-11 20:18:06
2,3791,1,2023-06-04 16:59:30,2025-04-11 20:18:06
13,3791,1,2023-06-04 16:59:30,2025-04-11 20:18:06
96,3792,1,2024-03-26 17:34:15,2025-08-23 08:52:35
97,3792,1,2024-03-26 17:34:15,2025-08-23 08:52:35
19,3792,1,2024-03-26 17:34:15,2025-08-23 08:52:35
22,3792,1,2024-03-26 17:34:15,2025-08-23 08:52:35
27,3792,1,2024-03-26 17:34:15,2025-08-23 08:52:35
35,3793,1,2025-06-20 03:57:00,2026-05-06 20:28:55
28,3793,1,2025-06-20 03:57:00,2026-05-06 20:28:55
0,3794,1,2023-01-10 10:21:01,2024-05-18 04:41:57
1,3795,1,2023-06-03 08:22:48,2026-07-12 14:52:22
2,3795,1,2023-06-03 08:22:48,2026-07-12 14:52:22
13,3795,1,2023-06-03 08:22:48,2026-07-12 14:52:22
28,3796,1,2025-12-20 12:12:22,2026-03-25 11:30:18
31,3796,1,2025-12-20 12:12:22,2026-03-25 11:30:18
0,3797,1,2024-12-09 09:59:49,2026-04-26 16:07:54
0,3798,1,2025-12-22 12:53:21,2026-04-20 09:35:54
97,3798,1,2025-12-22 12:53:21,2026-04-20 09:35:54
96,3798,1,2025-12-22 12:53:21,2026-04-20 09:35:54
0,3799,1,2023-05-16 01:20:38,2023-11-11 23:06:31
96,3800,1,2026-07-20 20:29:39,2026-08-07 11:35:56
1,3800,1,2026-07-20 20:29:39,2026-08-07 11:35:56
99,3800,1,2026-07-20 20:29:39,2026-08-07 11:35:56
3,3800,1,2026-07-20 20:29:39,2026-08-07 11:35:56
7,3800,1,2026-07-20 20:29:39,2026-08-07 11:35:56
15,3800,1,2026-07-20 20:29:39,2026-08-07 11:35:56
0,3801,1,2024-11-22 12:06:15,2025-06-25 03:50:05
35,3802,1,2026-05-31 09:27:53,2026-09-12 00:26:19
28,3802,1,2026-05-31 09:27:53,2026-09-12 00:26:19
28,3803,1,2026-05-26 15:02:42,2026-07-25 17:24:41
29,3803,1,2026-05-26 15:02:42,2026-07-25 17:24:41
96,3804,1,2025-10-23 10:34:41,2026-08-03 06:28:34
33,3804,1,2025-10-23 10:34:41,2026-08-03 06:28:34
28,3804,1,2025-10-23 10:34:41,2026-08-03 06:28:34
97,3804,1,2025-10-23 10:34:41,2026-08-03 06:28:34
0,3805,0,2024-09-23 21:18:16,2025-09-02 22:34:40
1,3806,1,2025-07-09 06:48:10,2026-09-08 02:57:37
3,3806,1,2025-07-09 06:48:10,2026-09-08 02:57:37
7,3806,1,2025-07-09 06:48:10,2026-09-08 02:57:37
15,3806,1,2025-07-09 06:48:10,2026-09-08 02:57:37
0,3807,1,2024-11-17 20:37:05,2025-05-31 03:04:59
96,3808,1,2025-04-04 06:27:33,2026-06-21 08:14:02
1,3808,1,2025-04-04 06:27:33,2026-06-21 08:14:02
99,3808,1,2025-04-04 06:27:33,2026-06-21 08:14:02
3,3808,1,2025-04-04 06:27:33,2026-06-21 08:14:02
7,3808,1,2025-04-04 06:27:33,2026-06-21 08:14:02
15,3808,1,2025-04-04 06:27:33,2026-06-21 08:14:02
24,3809,1,2023-10-10 00:04:50,2024-04-07 15:31:33
19,3809,1,2023-10-10 00:04:50,2024-04-07 15:31:33
20,3809,1,2023-10-10 00:04:50,2024-04-07 15:31:33
96,3810,0,2023-11-01 02:22:11,2024-12-28 02:14:53
97,3810,0,2023-11-01 02:22:11,2024-12-28 02:14:53
28,3810,0,2023-11-01 02:22:11,2024-12-28 02:14:53
31,3810,0,2023-11-01 02:22:11,2024-12-28 02:14:53
0,3811,1,2024-03-12 03:36:48,2025-11-08 15:22:20
1,3812,0,2026-03-19 00:13:08,2026-07-21 02:24:47
4,3812,0,2026-03-19 00:13:08,2026-07-21 02:24:47
0,3813,1,2025-12-17 02:12:49,2026-05-19 02:04:06
24,3814,0,2025-11-17 02:27:01,2026-04-03 02:27:58
19,3814,0,2025-11-17 02:27:01,2026-04-03 02:27:58
20,3814,0,2025-11-17 02:27:01,2026-04-03 02:27:58
33,3815,0,2026-04-15 18:20:22,2026-09-11 16:46:04
28,3815,0,2026-04-15 18:20:22,2026-09-11 16:46:04
0,3816,1,2026-01-10 16:29:42,2026-08-19 11:02:46
97,3816,1,2026-01-10 16:29:42,2026-08-19 11:02:46
96,3816,1,2026-01-10 16:29:42,2026-08-19 11:02:46
1,3817,0,2025-06-23 17:09:49,2026-02-09 13:09:58
2,3817,0,2025-06-23 17:09:49,2026-02-09 13:09:58
13,3817,0,2025-06-23 17:09:49,2026-02-09 13:09:58
0,3818,1,2023-06-21 09:00:09,2023-08-27 12:10:11
0,3819,1,2025-09-21 14:13:55,2026-07-18 02:11:49
1,3820,1,2025-12-06 21:32:56,2026-05-07 17:55:32
3,3820,1,2025-12-06 21:32:56,2026-05-07 17:55:32
7,3820,1,2025-12-06 21:32:56,2026-05-07 17:55:32
15,3820,1,2025-12-06 21:32:56,2026-05-07 17:55:32
1,3821,0,2023-11-22 03:11:37,2026-06-28 15:16:20
2,3821,0,2023-11-22 03:11:37,2026-06-28 15:16:20
13,3821,0,2023-11-22 03:11:37,2026-06-28 15:16:20
96,3822,0,2024-10-28 17:29:09,2025-08-07 08:35:37
97,3822,0,2024-10-28 17:29:09,2025-08-07 08:35:37
28,3822,0,2024-10-28 17:29:09,2025-08-07 08:35:37
29,3822,0,2024-10-28 17:29:09,2025-08-07 08:35:37
28,3823,1,2024-10-09 05:27:16,2026-03-10 12:27:59
29,3823,1,2024-10-09 05:27:16,2026-03-10 12:27:59
99,3824,1,2025-11-17 23:29:30,2025-12-03 02:28:07
35,3824,1,2025-11-17 23:29:30,2025-12-03 02:28:07
28,3824,1,2025-11-17 23:29:30,2025-12-03 02:28:07
96,3824,1,2025-11-17 23:29:30,2025-12-03 02:28:07
0,3825,1,2024-12-24 10:14:45,2025-10-21 17:46:31
1,3826,1,2025-02-27 22:25:58,2026-04-19 04:07:36
4,3826,1,2025-02-27 22:25:58,2026-04-19 04:07:36
28,3827,0,2024-05-14 12:08:06,2025-07-27 09:17:19
31,3827,0,2024-05-14 12:08:06,2025-07-27 09:17:19
96,3828,1,2025-11-25 15:11:55,2025-12-12 10:01:11
1,3828,1,2025-11-25 15:11:55,2025-12-12 10:01:11
2,3828,1,2025-11-25 15:11:55,2025-12-12 10:01:11
97,3828,1,2025-11-25 15:11:55,2025-12-12 10:01:11
13,3828,1,2025-11-25 15:11:55,2025-12-12 10:01:11
0,3829,1,2024-05-04 10:19:33,2025-03-04 05:36:30
0,3830,0,2024-11-30 19:29:46,2025-03-31 21:13:11
0,3831,1,2025-01-18 20:55:29,2026-02-01 08:50:02
96,3832,1,2026-01-08 12:11:00,2026-05-27 03:03:27
99,3832,1,2026-01-08 12:11:00,2026-05-27 03:03:27
19,3832,1,2026-01-08 12:11:00,2026-05-27 03:03:27
20,3832,1,2026-01-08 12:11:00,2026-05-27 03:03:27
24,3832,1,2026-01-08 12:11:00,2026-05-27 03:03:27
1,3833,1,2023-02-27 02:03:33,2023-05-01 16:57:14
3,3833,1,2023-02-27 02:03:33,2023-05-01 16:57:14
7,3833,1,2023-02-27 02:03:33,2023-05-01 16:57:14
15,3833,1,2023-02-27 02:03:33,2023-05-01 16:57:14
96,3834,1,2024-02-17 09:23:59,2025-08-30 07:59:38
97,3834,1,2024-02-17 09:23:59,2025-08-30 07:59:38
19,3834,1,2024-02-17 09:23:59,2025-08-30 07:59:38
21,3834,1,2024-02-17 09:23:59,2025-08-30 07:59:38
26,3834,1,2024-02-17 09:23:59,2025-08-30 07:59:38
32,3835,1,2025-05-05 23:13:41,2026-07-17 19:42:06
28,3835,1,2025-05-05 23:13:41,2026-07-17 19:42:06
24,3836,1,2026-08-02 03:34:58,2026-08-22 11:08:33
19,3836,1,2026-08-02 03:34:58,2026-08-22 11:08:33
20,3836,1,2026-08-02 03:34:58,2026-08-22 11:08:33
1,3837,1,2026-09-12 09:59:11,2026-09-13 07:44:53
3,3837,1,2026-09-12 09:59:11,2026-09-13 07:44:53
7,3837,1,2026-09-12 09:59:11,2026-09-13 07:44:53
15,3837,1,2026-09-12 09:59:11,2026-09-13 07:44:53
35,3838,1,2024-10-13 06:38:10,2025-12-20 06:23:32
28,3838,1,2024-10-13 06:38:10,2025-12-20 06:23:32
0,3839,1,2025-06-20 23:32:30,2026-03-06 14:29:52
0,3840,1,2025-01-26 23:26:04,2026-09-15 14:58:51
97,3840,1,2025-01-26 23:26:04,2026-09-15 14:58:51
96,3840,1,2025-01-26 23:26:04,2026-09-15 14:58:51
35,3841,1,2024-09-28 19:45:54,2026-07-27 02:47:42
28,3841,1,2024-09-28 19:45:54,2026-07-27 02:47:42
28,3842,1,2023-02-15 09:50:20,2025-05-02 12:00:51
31,3842,1,2023-02-15 09:50:20,2025-05-02 12:00:51
0,3843,1,2024-10-20 19:10:43,2026-09-11 22:06:11
32,3844,1,2024-08-04 19:17:39,2026-08-11 20:01:36
28,3844,1,2024-08-04 19:17:39,2026-08-11 20:01:36
1,3845,1,2024-11-01 13:40:21,2026-03-16 05:55:58
3,3845,1,2024-11-01 13:40:21,2026-03-16 05:55:58
7,3845,1,2024-11-01 13:40:21,2026-03-16 05:55:58
15,3845,1,2024-11-01 13:40:21,2026-03-16 05:55:58
0,3846,1,2025-06-26 05:47:31,2025-12-05 09:49:42
97,3846,1,2025-06-26 05:47:31,2025-12-05 09:49:42
96,3846,1,2025-06-26 05:47:31,2025-12-05 09:49:42
0,3847,1,2023-06-27 21:03:49,2025-02-10 21:41:28
0,3848,1,2025-07-02 16:25:30,2025-08-28 01:11:33
99,3848,1,2025-07-02 16:25:30,2025-08-28 01:11:33
96,3848,1,2025-07-02 16:25:30,2025-08-28 01:11:33
0,3849,1,2023-12-15 11:40:40,2024-01-23 03:39:49
0,3850,0,2023-07-15 14:45:44,2024-02-26 08:35:44
28,3851,1,2024-05-05 04:48:00,2025-07-23 14:20:02
29,3851,1,2024-05-05 04:48:00,2025-07-23 14:20:02
0,3852,0,2023-08-14 16:55:42,2023-11-19 05:39:25
97,3852,0,2023-08-14 16:55:42,2023-11-19 05:39:25
96,3852,0,2023-08-14 16:55:42,2023-11-19 05:39:25
19,3853,1,2025-06-15 05:11:28,2026-08-19 01:25:55
27,3853,1,2025-06-15 05:11:28,2026-08-19 01:25:55
22,3853,1,2025-06-15 05:11:28,2026-08-19 01:25:55
24,3854,0,2025-06-19 08:40:34,2026-02-26 01:17:36
19,3854,0,2025-06-19 08:40:34,2026-02-26 01:17:36
20,3854,0,2025-06-19 08:40:34,2026-02-26 01:17:36
33,3855,1,2026-06-25 10:54:22,2026-08-31 16:48:19
28,3855,1,2026-06-25 10:54:22,2026-08-31 16:48:19
96,3856,1,2026-06-22 11:55:18,2026-07-25 18:20:01
1,3856,1,2026-06-22 11:55:18,2026-07-25 18:20:01
2,3856,1,2026-06-22 11:55:18,2026-07-25 18:20:01
99,3856,1,2026-06-22 11:55:18,2026-07-25 18:20:01
13,3856,1,2026-06-22 11:55:18,2026-07-25 18:20:01
0,3857,1,2024-12-29 23:47:11,2026-01-18 07:51:47
96,3858,0,2024-02-28 10:41:27,2025-12-06 13:42:08
97,3858,0,2024-02-28 10:41:27,2025-12-06 13:42:08
19,3858,0,2024-02-28 10:41:27,2025-12-06 13:42:08
20,3858,0,2024-02-28 10:41:27,2025-12-06 13:42:08
24,3858,0,2024-02-28 10:41:27,2025-12-06 13:42:08
1,3859,1,2025-08-13 02:12:49,2026-09-16 06:55:09
3,3859,1,2025-08-13 02:12:49,2026-09-16 06:55:09
7,3859,1,2025-08-13 02:12:49,2026-09-16 06:55:09
15,3859,1,2025-08-13 02:12:49,2026-09-16 06:55:09
28,3860,1,2026-05-20 20:49:43,2026-09-14 03:09:17
29,3860,1,2026-05-20 20:49:43,2026-09-14 03:09:17
33,3861,1,2024-02-04 11:31:36,2024-08-08 03:47:32
28,3861,1,2024-02-04 11:31:36,2024-08-08 03:47:32
0,3862,0,2024-10-21 01:00:36,2024-11-15 21:18:29
1,3863,1,2024-08-10 04:49:12,2025-04-04 13:53:05
3,3863,1,2024-08-10 04:49:12,2025-04-04 13:53:05
7,3863,1,2024-08-10 04:49:12,2025-04-04 13:53:05
15,3863,1,2024-08-10 04:49:12,2025-04-04 13:53:05
0,3864,1,2025-06-24 02:08:38,2026-08-04 20:33:30
97,3864,1,2025-06-24 02:08:38,2026-08-04 20:33:30
96,3864,1,2025-06-24 02:08:38,2026-08-04 20:33:30
24,3865,1,2024-01-06 01:34:27,2025-08-07 15:01:42
19,3865,1,2024-01-06 01:34:27,2025-08-07 15:01:42
20,3865,1,2024-01-06 01:34:27,2025-08-07 15:01:42
0,3866,1,2025-08-16 04:09:06,2026-03-07 10:25:47
35,3867,1,2023-01-02 19:47:42,2025-12-13 00:36:50
28,3867,1,2023-01-02 19:47:42,2025-12-13 00:36:50
28,3868,1,2024-12-26 23:40:16,2026-05-14 23:22:38
29,3868,1,2024-12-26 23:40:16,2026-05-14 23:22:38
1,3869,1,2024-10-21 16:03:19,2025-12-21 06:59:26
4,3869,1,2024-10-21 16:03:19,2025-12-21 06:59:26
32,3870,1,2024-10-02 11:03:24,2024-12-06 02:42:57
97,3870,1,2024-10-02 11:03:24,2024-12-06 02:42:57
28,3870,1,2024-10-02 11:03:24,2024-12-06 02:42:57
96,3870,1,2024-10-02 11:03:24,2024-12-06 02:42:57
0,3871,1,2023-03-21 14:25:37,2026-02-04 04:10:51
0,3872,1,2024-08-01 05:31:00,2024-10-14 21:31:07
99,3872,1,2024-08-01 05:31:00,2024-10-14 21:31:07
96,3872,1,2024-08-01 05:31:00,2024-10-14 21:31:07
33,3873,1,2025-12-28 14:01:26,2026-08-25 12:05:28
28,3873,1,2025-12-28 14:01:26,2026-08-25 12:05:28
0,3874,1,2024-07-20 04:35:23,2026-07-25 13:08:25
0,3875,0,2024-10-17 23:01:45,2025-06-24 12:19:46
0,3876,1,2024-06-22 08:16:10,2025-02-12 10:55:44
97,3876,1,2024-06-22 08:16:10,2025-02-12 10:55:44
96,3876,1,2024-06-22 08:16:10,2025-02-12 10:55:44
19,3877,1,2024-03-12 22:54:10,2024-07-20 11:33:25
27,3877,1,2024-03-12 22:54:10,2024-07-20 11:33:25
22,3877,1,2024-03-12 22:54:10,2024-07-20 11:33:25
19,3878,1,2023-05-25 08:08:48,2024-03-11 20:24:08
27,3878,1,2023-05-25 08:08:48,2024-03-11 20:24:08
22,3878,1,2023-05-25 08:08:48,2024-03-11 20:24:08
0,3879,1,2026-05-21 21:17:01,2026-08-06 16:18:21
32,3880,1,2026-04-06 16:23:56,2026-04-07 14:45:41
99,3880,1,2026-04-06 16:23:56,2026-04-07 14:45:41
28,3880,1,2026-04-06 16:23:56,2026-04-07 14:45:41
96,3880,1,2026-04-06 16:23:56,2026-04-07 14:45:41
28,3881,1,2025-07-19 01:35:21,2025-08-24 03:02:28
29,3881,1,2025-07-19 01:35:21,2025-08-24 03:02:28
0,3882,1,2024-02-28 21:20:12,2026-08-30 16:10:08
97,3882,1,2024-02-28 21:20:12,2026-08-30 16:10:08
96,3882,1,2024-02-28 21:20:12,2026-08-30 16:10:08
0,3883,1,2025-02-20 20:58:17,2025-12-29 03:49:25
0,3884,1,2023-02-11 15:31:08,2025-07-08 05:54:45
0,3885,1,2024-05-07 23:12:56,2024-12-19 18:31:19
0,3886,1,2025-12-25 04:11:25,2026-07-14 09:01:44
0,3887,0,2025-08-05 02:49:07,2026-04-11 20:08:38
0,3888,1,2023-07-02 23:19:21,2025-08-17 19:39:35
97,3888,1,2023-07-02 23:19:21,2025-08-17 19:39:35
96,3888,1,2023-07-02 23:19:21,2025-08-17 19:39:35
28,3889,0,2023-01-13 21:58:22,2026-04-07 12:56:59
31,3889,0,2023-01-13 21:58:22,2026-04-07 12:56:59
24,3890,0,2025-02-08 11:37:00,2026-07-08 05:11:55
19,3890,0,2025-02-08 11:37:00,2026-07-08 05:11:55
20,3890,0,2025-02-08 11:37:00,2026-07-08 05:11:55
33,3891,1,2026-07-01 22:05:29,2026-08-26 16:38:54
28,3891,1,2026-07-01 22:05:29,2026-08-26 16:38:54
28,3892,1,2026-08-19 10:24:02,2026-09-02 02:51:22
29,3892,1,2026-08-19 10:24:02,2026-09-02 02:51:22
0,3893,1,2024-04-02 18:44:35,2024-12-29 20:45:29
32,3894,1,2025-11-25 17:59:44,2026-05-29 00:05:38
97,3894,1,2025-11-25 17:59:44,2026-05-29 00:05:38
28,3894,1,2025-11-25 17:59:44,2026-05-29 00:05:38
96,3894,1,2025-11-25 17:59:44,2026-05-29 00:05:38
0,3895,1,2025-04-11 14:44:54,2025-05-18 10:42:28
0,3896,1,2025-08-20 15:06:09,2026-09-15 16:02:06
99,3896,1,2025-08-20 15:06:09,2026-09-15 16:02:06
96,3896,1,2025-08-20 15:06:09,2026-09-15 16:02:06
28,3897,1,2024-03-09 01:41:49,2025-08-02 18:13:28
29,3897,1,2024-03-09 01:41:49,2025-08-02 18:13:28
28,3898,1,2023-01-07 15:14:57,2023-07-06 03:08:28
29,3898,1,2023-01-07 15:14:57,2023-07-06 03:08:28
24,3899,1,2025-12-09 19:53:05,2026-04-16 07:47:58
19,3899,1,2025-12-09 19:53:05,2026-04-16 07:47:58
20,3899,1,2025-12-09 19:53:05,2026-04-16 07:47:58
0,3900,0,2023-11-21 08:26:11,2024-12-15 12:39:13
97,3900,0,2023-11-21 08:26:11,2024-12-15 12:39:13
96,3900,0,2023-11-21 08:26:11,2024-12-15 12:39:13
24,3901,1,2026-07-31 04:59:14,2026-09-16 15:48:13
19,3901,1,2026-07-31 04:59:14,2026-09-16 15:48:13
20,3901,1,2026-07-31 04:59:14,2026-09-16 15:48:13
28,3902,1,2024-09-24 10:39:59,2024-12-25 17:47:20
29,3902,1,2024-09-24 10:39:59,2024-12-25 17:47:20
24,3903,1,2026-09-10 02:21:10,2026-09-10 20:26:29
19,3903,1,2026-09-10 02:21:10,2026-09-10 20:26:29
20,3903,1,2026-09-10 02:21:10,2026-09-10 20:26:29
0,3904,1,2023-12-27 12:01:56,2024-06-03 04:01:00
99,3904,1,2023-12-27 12:01:56,2024-06-03 04:01:00
96,3904,1,2023-12-27 12:01:56,2024-06-03 04:01:00
19,3905,1,2024-01-10 19:17:20,2025-01-30 04:13:28
27,3905,1,2024-01-10 19:17:20,2025-01-30 04:13:28
22,3905,1,2024-01-10 19:17:20,2025-01-30 04:13:28
0,3906,1,2023-04-15 17:04:10,2025-07-27 17:59:32
97,3906,1,2023-04-15 17:04:10,2025-07-27 17:59:32
96,3906,1,2023-04-15 17:04:10,2025-07-27 17:59:32
26,3907,1,2024-10-11 21:57:25,2025-03-06 23:31:09
19,3907,1,2024-10-11 21:57:25,2025-03-06 23:31:09
21,3907,1,2024-10-11 21:57:25,2025-03-06 23:31:09
24,3908,1,2025-02-02 14:02:28,2026-04-01 12:49:50
19,3908,1,2025-02-02 14:02:28,2026-04-01 12:49:50
20,3908,1,2025-02-02 14:02:28,2026-04-01 12:49:50
0,3909,1,2024-05-10 11:18:57,2025-08-17 15:40:23
0,3910,1,2024-05-21 14:01:05,2025-08-25 02:32:30
24,3911,1,2025-10-26 13:56:40,2026-05-17 19:33:42
19,3911,1,2025-10-26 13:56:40,2026-05-17 19:33:42
20,3911,1,2025-10-26 13:56:40,2026-05-17 19:33:42
96,3912,0,2024-02-28 07:52:04,2025-10-26 08:20:41
97,3912,0,2024-02-28 07:52:04,2025-10-26 08:20:41
35,3912,0,2024-02-28 07:52:04,2025-10-26 08:20:41
28,3912,0,2024-02-28 07:52:04,2025-10-26 08:20:41
24,3913,1,2025-12-12 00:56:48,2026-07-06 21:17:03
19,3913,1,2025-12-12 00:56:48,2026-07-06 21:17:03
20,3913,1,2025-12-12 00:56:48,2026-07-06 21:17:03
1,3914,1,2026-07-28 11:35:34,2026-08-13 18:02:24
2,3914,1,2026-07-28 11:35:34,2026-08-13 18:02:24
14,3914,1,2026-07-28 11:35:34,2026-08-13 18:02:24
0,3915,1,2023-11-22 14:45:33,2024-07-27 03:27:44
1,3916,1,2026-03-09 11:42:11,2026-06-10 19:08:09
2,3916,1,2026-03-09 11:42:11,2026-06-10 19:08:09
13,3916,1,2026-03-09 11:42:11,2026-06-10 19:08:09
35,3917,0,2024-12-19 21:15:26,2026-07-16 17:07:59
28,3917,0,2024-12-19 21:15:26,2026-07-16 17:07:59
96,3918,1,2024-11-28 05:48:42,2026-02-07 00:19:13
97,3918,1,2024-11-28 05:48:42,2026-02-07 00:19:13
19,3918,1,2024-11-28 05:48:42,2026-02-07 00:19:13
22,3918,1,2024-11-28 05:48:42,2026-02-07 00:19:13
27,3918,1,2024-11-28 05:48:42,2026-02-07 00:19:13
0,3919,1,2023-10-10 17:19:44,2026-08-10 01:34:18
99,3920,1,2025-01-16 04:19:23,2025-07-23 16:54:43
35,3920,1,2025-01-16 04:19:23,2025-07-23 16:54:43
28,3920,1,2025-01-16 04:19:23,2025-07-23 16:54:43
96,3920,1,2025-01-16 04:19:23,2025-07-23 16:54:43
1,3921,1,2025-02-15 06:22:53,2026-06-30 17:18:52
3,3921,1,2025-02-15 06:22:53,2026-06-30 17:18:52
7,3921,1,2025-02-15 06:22:53,2026-06-30 17:18:52
15,3921,1,2025-02-15 06:22:53,2026-06-30 17:18:52
0,3922,0,2024-12-30 20:01:11,2025-06-18 09:52:27
0,3923,1,2023-02-05 04:16:26,2024-06-04 02:54:24
0,3924,1,2024-09-29 18:12:41,2025-11-08 14:13:28
97,3924,1,2024-09-29 18:12:41,2025-11-08 14:13:28
96,3924,1,2024-09-29 18:12:41,2025-11-08 14:13:28
0,3925,1,2024-03-31 10:13:57,2024-09-09 09:22:15
1,3926,1,2025-09-17 12:38:12,2026-07-19 03:14:06
4,3926,1,2025-09-17 12:38:12,2026-07-19 03:14:06
1,3927,1,2024-08-13 11:39:48,2025-11-29 07:04:00
2,3927,1,2024-08-13 11:39:48,2025-11-29 07:04:00
14,3927,1,2024-08-13 11:39:48,2025-11-29 07:04:00
96,3928,1,2026-03-05 01:01:41,2026-06-01 16:36:13
1,3928,1,2026-03-05 01:01:41,2026-06-01 16:36:13
2,3928,1,2026-03-05 01:01:41,2026-06-01 16:36:13
99,3928,1,2026-03-05 01:01:41,2026-06-01 16:36:13
13,3928,1,2026-03-05 01:01:41,2026-06-01 16:36:13
28,3929,1,2025-04-25 15:19:28,2026-08-06 10:46:48
31,3929,1,2025-04-25 15:19:28,2026-08-06 10:46:48
96,3930,1,2023-09-09 03:54:01,2024-09-14 16:07:48
1,3930,1,2023-09-09 03:54:01,2024-09-14 16:07:48
97,3930,1,2023-09-09 03:54:01,2024-09-14 16:07:48
3,3930,1,2023-09-09 03:54:01,2024-09-14 16:07:48
7,3930,1,2023-09-09 03:54:01,2024-09-14 16:07:48
15,3930,1,2023-09-09 03:54:01,2024-09-14 16:07:48
0,3931,1,2023-02-19 08:36:40,2025-03-18 17:38:32
26,3932,1,2026-01-21 00:17:46,2026-02-08 08:13:04
19,3932,1,2026-01-21 00:17:46,2026-02-08 08:13:04
21,3932,1,2026-01-21 00:17:46,2026-02-08 08:13:04
0,3933,0,2025-02-13 20:34:34,2025-04-25 15:07:39
19,3934,0,2023-03-24 20:41:53,2024-08-03 16:37:44
27,3934,0,2023-03-24 20:41:53,2024-08-03 16:37:44
22,3934,0,2023-03-24 20:41:53,2024-08-03 16:37:44
35,3935,1,2023-11-18 02:33:36,2025-10-28 02:02:00
28,3935,1,2023-11-18 02:33:36,2025-10-28 02:02:00
0,3936,1,2025-02-01 17:53:15,2025-06-10 10:46:25
97,3936,1,2025-02-01 17:53:15,2025-06-10 10:46:25
96,3936,1,2025-02-01 17:53:15,2025-06-10 10:46:25
28,3937,0,2024-11-01 07:14:23,2026-03-28 23:28:05
29,3937,0,2024-11-01 07:14:23,2026-03-28 23:28:05
0,3938,1,2025-06-01 21:28:24,2026-02-23 12:17:52
0,3939,1,2025-12-05 06:45:45,2026-08-06 15:16:22
19,3940,0,2024-07-20 07:24:15,2025-10-07 22:38:41
27,3940,0,2024-07-20 07:24:15,2025-10-07 22:38:41
22,3940,0,2024-07-20 07:24:15,2025-10-07 22:38:41
24,3941,1,2023-07-23 11:20:33,2026-09-13 13:48:53
19,3941,1,2023-07-23 11:20:33,2026-09-13 13:48:53
20,3941,1,2023-07-23 11:20:33,2026-09-13 13:48:53
0,3942,1,2025-10-06 21:54:26,2026-02-05 14:24:06
97,3942,1,2025-10-06 21:54:26,2026-02-05 14:24:06
96,3942,1,2025-10-06 21:54:26,2026-02-05 14:24:06
1,3943,1,2025-02-02 09:41:25,2025-09-19 20:16:29
4,3943,1,2025-02-02 09:41:25,2025-09-19 20:16:29
96,3944,1,2025-01-05 16:30:06,2026-05-10 13:08:12
1,3944,1,2025-01-05 16:30:06,2026-05-10 13:08:12
2,3944,1,2025-01-05 16:30:06,2026-05-10 13:08:12
99,3944,1,2025-01-05 16:30:06,2026-05-10 13:08:12
14,3944,1,2025-01-05 16:30:06,2026-05-10 13:08:12
19,3945,0,2023-08-08 19:22:25,2024-11-17 03:06:02
27,3945,0,2023-08-08 19:22:25,2024-11-17 03:06:02
22,3945,0,2023-08-08 19:22:25,2024-11-17 03:06:02
0,3946,1,2026-05-05 15:46:28,2026-06-07 09:11:14
1,3947,1,2023-12-29 19:26:03,2025-03-23 15:04:11
2,3947,1,2023-12-29 19:26:03,2025-03-23 15:04:11
14,3947,1,2023-12-29 19:26:03,2025-03-23 15:04:11
96,3948,0,2023-03-02 06:01:01,2024-09-14 03:04:25
1,3948,0,2023-03-02 06:01:01,2024-09-14 03:04:25
2,3948,0,2023-03-02 06:01:01,2024-09-14 03:04:25
97,3948,0,2023-03-02 06:01:01,2024-09-14 03:04:25
13,3948,0,2023-03-02 06:01:01,2024-09-14 03:04:25
0,3949,1,2024-03-14 13:23:45,2026-03-27 19:24:42
24,3950,1,2023-08-28 00:26:19,2025-01-13 18:14:26
19,3950,1,2023-08-28 00:26:19,2025-01-13 18:14:26
20,3950,1,2023-08-28 00:26:19,2025-01-13 18:14:26
1,3951,1,2023-11-13 19:40:16,2025-02-25 21:35:14
2,3951,1,2023-11-13 19:40:16,2025-02-25 21:35:14
14,3951,1,2023-11-13 19:40:16,2025-02-25 21:35:14
0,3952,1,2025-07-22 08:26:21,2026-06-23 05:03:32
99,3952,1,2025-07-22 08:26:21,2026-06-23 05:03:32
96,3952,1,2025-07-22 08:26:21,2026-06-23 05:03:32
24,3953,1,2024-03-27 01:11:11,2024-10-12 13:06:40
19,3953,1,2024-03-27 01:11:11,2024-10-12 13:06:40
20,3953,1,2024-03-27 01:11:11,2024-10-12 13:06:40
96,3954,1,2025-12-16 21:30:33,2026-03-06 01:12:53
1,3954,1,2025-12-16 21:30:33,2026-03-06 01:12:53
4,3954,1,2025-12-16 21:30:33,2026-03-06 01:12:53
97,3954,1,2025-12-16 21:30:33,2026-03-06 01:12:53
28,3955,1,2025-05-20 16:20:16,2025-06-16 09:02:15
29,3955,1,2025-05-20 16:20:16,2025-06-16 09:02:15
0,3956,0,2026-01-10 03:05:22,2026-02-06 09:44:00
32,3957,0,2023-06-17 07:03:48,2026-05-02 13:54:45
28,3957,0,2023-06-17 07:03:48,2026-05-02 13:54:45
32,3958,1,2024-05-13 13:15:57,2026-01-13 08:46:48
28,3958,1,2024-05-13 13:15:57,2026-01-13 08:46:48
35,3959,1,2026-09-01 23:13:26,2026-09-11 15:28:44
28,3959,1,2026-09-01 23:13:26,2026-09-11 15:28:44
0,3960,1,2026-08-26 06:09:41,2026-09-11 03:50:23
97,3960,1,2026-08-26 06:09:41,2026-09-11 03:50:23
96,3960,1,2026-08-26 06:09:41,2026-09-11 03:50:23
28,3961,0,2026-05-17 04:01:26,2026-08-18 04:56:54
31,3961,0,2026-05-17 04:01:26,2026-08-18 04:56:54
1,3962,1,2026-04-29 08:41:31,2026-05-30 05:09:52
2,3962,1,2026-04-29 08:41:31,2026-05-30 05:09:52
14,3962,1,2026-04-29 08:41:31,2026-05-30 05:09:52
1,3963,1,2025-02-04 23:49:46,2025-04-05 12:00:08
2,3963,1,2025-02-04 23:49:46,2025-04-05 12:00:08
13,3963,1,2025-02-04 23:49:46,2025-04-05 12:00:08
24,3964,1,2024-12-05 22:13:01,2025-09-01 06:09:03
19,3964,1,2024-12-05 22:13:01,2025-09-01 06:09:03
20,3964,1,2024-12-05 22:13:01,2025-09-01 06:09:03
33,3965,1,2023-07-02 19:07:36,2025-03-06 10:27:10
28,3965,1,2023-07-02 19:07:36,2025-03-06 10:27:10
96,3966,1,2023-05-25 04:39:18,2026-03-03 13:01:14
1,3966,1,2023-05-25 04:39:18,2026-03-03 13:01:14
2,3966,1,2023-05-25 04:39:18,2026-03-03 13:01:14
97,3966,1,2023-05-25 04:39:18,2026-03-03 13:01:14
13,3966,1,2023-05-25 04:39:18,2026-03-03 13:01:14
0,3967,0,2025-08-08 18:56:03,2026-05-30 06:09:46
96,3968,0,2025-08-01 18:33:51,2026-03-07 23:34:47
99,3968,0,2025-08-01 18:33:51,2026-03-07 23:34:47
28,3968,0,2025-08-01 18:33:51,2026-03-07 23:34:47
31,3968,0,2025-08-01 18:33:51,2026-03-07 23:34:47
24,3969,1,2026-08-30 23:28:22,2026-09-03 07:14:14
19,3969,1,2026-08-30 23:28:22,2026-09-03 07:14:14
20,3969,1,2026-08-30 23:28:22,2026-09-03 07:14:14
0,3970,1,2025-03-23 07:40:56,2025-03-30 05:38:14
1,3971,0,2024-10-15 18:39:22,2025-03-18 11:47:35
2,3971,0,2024-10-15 18:39:22,2025-03-18 11:47:35
13,3971,0,2024-10-15 18:39:22,2025-03-18 11:47:35
0,3972,1,2024-06-08 12:19:36,2026-09-16 20:33:19
97,3972,1,2024-06-08 12:19:36,2026-09-16 20:33:19
96,3972,1,2024-06-08 12:19:36,2026-09-16 20:33:19
0,3973,1,2024-01-14 02:49:37,2026-01-10 07:37:00
1,3974,1,2025-04-21 13:30:14,2025-08-09 08:53:33
3,3974,1,2025-04-21 13:30:14,2025-08-09 08:53:33
7,3974,1,2025-04-21 13:30:14,2025-08-09 08:53:33
15,3974,1,2025-04-21 13:30:14,2025-08-09 08:53:33
0,3975,1,2023-11-25 16:00:39,2026-07-16 02:58:16
96,3976,1,2025-03-17 19:53:55,2025-07-24 01:27:29
1,3976,1,2025-03-17 19:53:55,2025-07-24 01:27:29
99,3976,1,2025-03-17 19:53:55,2025-07-24 01:27:29
4,3976,1,2025-03-17 19:53:55,2025-07-24 01:27:29
0,3977,1,2024-09-07 18:05:23,2026-07-21 17:50:16
32,3978,1,2025-12-15 10:08:43,2026-03-16 20:05:55
97,3978,1,2025-12-15 10:08:43,2026-03-16 20:05:55
28,3978,1,2025-12-15 10:08:43,2026-03-16 20:05:55
96,3978,1,2025-12-15 10:08:43,2026-03-16 20:05:55
26,3979,1,2025-03-14 12:52:30,2026-02-12 02:13:09
19,3979,1,2025-03-14 12:52:30,2026-02-12 02:13:09
21,3979,1,2025-03-14 12:52:30,2026-02-12 02:13:09
0,3980,1,2023-07-22 08:47:45,2023-09-20 07:34:38
19,3981,0,2024-11-18 00:49:59,2025-11-26 11:19:53
27,3981,0,2024-11-18 00:49:59,2025-11-26 11:19:53
22,3981,0,2024-11-18 00:49:59,2025-11-26 11:19:53
19,3982,0,2023-06-10 16:28:15,2023-11-29 23:25:33
27,3982,0,2023-06-10 16:28:15,2023-11-29 23:25:33
22,3982,0,2023-06-10 16:28:15,2023-11-29 23:25:33
0,3983,1,2026-01-10 00:39:01,2026-04-03 04:54:51
96,3984,1,2024-04-21 18:38:52,2025-12-13 12:15:31
97,3984,1,2024-04-21 18:38:52,2025-12-13 12:15:31
19,3984,1,2024-04-21 18:38:52,2025-12-13 12:15:31
20,3984,1,2024-04-21 18:38:52,2025-12-13 12:15:31
24,3984,1,2024-04-21 18:38:52,2025-12-13 12:15:31
1,3985,0,2023-09-16 11:19:00,2025-05-29 08:02:35
2,3985,0,2023-09-16 11:19:00,2025-05-29 08:02:35
13,3985,0,2023-09-16 11:19:00,2025-05-29 08:02:35
1,3986,1,2024-06-28 16:35:19,2025-08-03 19:08:43
2,3986,1,2024-06-28 16:35:19,2025-08-03 19:08:43
13,3986,1,2024-06-28 16:35:19,2025-08-03 19:08:43
0,3987,1,2026-08-12 07:57:30,2026-08-23 13:38:42
0,3988,1,2025-09-08 14:19:06,2026-06-02 00:10:03
1,3989,1,2023-02-14 12:36:17,2023-02-28 07:10:46
3,3989,1,2023-02-14 12:36:17,2023-02-28 07:10:46
7,3989,1,2023-02-14 12:36:17,2023-02-28 07:10:46
15,3989,1,2023-02-14 12:36:17,2023-02-28 07:10:46
0,3990,1,2025-02-10 08:27:57,2025-06-06 17:36:28
97,3990,1,2025-02-10 08:27:57,2025-06-06 17:36:28
96,3990,1,2025-02-10 08:27:57,2025-06-06 17:36:28
0,3991,1,2025-12-08 14:25:16,2026-01-16 01:01:30
0,3992,1,2025-06-21 10:37:58,2026-02-28 18:09:56
99,3992,1,2025-06-21 10:37:58,2026-02-28 18:09:56
96,3992,1,2025-06-21 10:37:58,2026-02-28 18:09:56
0,3993,0,2025-06-10 00:51:48,2025-08-15 02:00:23
26,3994,1,2026-08-22 22:56:03,2026-08-23 21:22:27
19,3994,1,2026-08-22 22:56:03,2026-08-23 21:22:27
21,3994,1,2026-08-22 22:56:03,2026-08-23 21:22:27
0,3995,1,2026-06-16 21:02:51,2026-07-31 20:50:35
0,3996,0,2024-06-05 00:01:19,2024-12-14 19:18:42
97,3996,0,2024-06-05 00:01:19,2024-12-14 19:18:42
96,3996,0,2024-06-05 00:01:19,2024-12-14 19:18:42
1,3997,1,2024-10-26 11:33:19,2026-01-16 22:25:19
2,3997,1,2024-10-26 11:33:19,2026-01-16 22:25:19
14,3997,1,2024-10-26 11:33:19,2026-01-16 22:25:19
1,3998,1,2026-08-01 21:15:55,2026-09-04 15:21:48
3,3998,1,2026-08-01 21:15:55,2026-09-04 15:21:48
7,3998,1,2026-08-01 21:15:55,2026-09-04 15:21:48
15,3998,1,2026-08-01 21:15:55,2026-09-04 15:21:48
0,3999,1,2023-01-19 14:40:40,2023-07-12 23:30:41
96,4000,1,2025-06-19 22:24:44,2026-01-26 23:06:38
99,4000,1,2025-06-19 22:24:44,2026-01-26 23:06:38
19,4000,1,2025-06-19 22:24:44,2026-01-26 23:06:38
21,4000,1,2025-06-19 22:24:44,2026-01-26 23:06:38
26,4000,1,2025-06-19 22:24:44,2026-01-26 23:06:38
1,4001,1,2026-01-10 10:19:34,2026-04-03 02:18:42
3,4001,1,2026-01-10 10:19:34,2026-04-03 02:18:42
7,4001,1,2026-01-10 10:19:34,2026-04-03 02:18:42
15,4001,1,2026-01-10 10:19:34,2026-04-03 02:18:42
96,4002,0,2025-01-25 14:48:14,2026-08-06 15:20:42
97,4002,0,2025-01-25 14:48:14,2026-08-06 15:20:42
35,4002,0,2025-01-25 14:48:14,2026-08-06 15:20:42
28,4002,0,2025-01-25 14:48:14,2026-08-06 15:20:42
24,4003,0,2023-06-10 16:31:00,2023-12-22 13:37:46
19,4003,0,2023-06-10 16:31:00,2023-12-22 13:37:46
20,4003,0,2023-06-10 16:31:00,2023-12-22 13:37:46
0,4004,1,2023-03-05 14:52:47,2024-04-28 22:59:02
32,4005,1,2023-09-27 21:07:55,2026-05-26 13:57:31
28,4005,1,2023-09-27 21:07:55,2026-05-26 13:57:31
0,4006,0,2023-11-10 18:51:08,2026-07-31 20:18:16
28,4007,1,2025-10-19 20:14:00,2026-04-28 21:28:17
31,4007,1,2025-10-19 20:14:00,2026-04-28 21:28:17
32,4008,1,2024-05-20 23:24:14,2025-12-29 17:34:46
97,4008,1,2024-05-20 23:24:14,2025-12-29 17:34:46
28,4008,1,2024-05-20 23:24:14,2025-12-29 17:34:46
96,4008,1,2024-05-20 23:24:14,2025-12-29 17:34:46
0,4009,1,2025-03-15 03:29:07,2026-05-24 09:29:42
24,4010,0,2026-05-12 20:06:10,2026-09-05 06:45:19
19,4010,0,2026-05-12 20:06:10,2026-09-05 06:45:19
20,4010,0,2026-05-12 20:06:10,2026-09-05 06:45:19
0,4011,1,2023-04-29 03:58:04,2024-08-08 06:45:20
19,4012,0,2024-01-10 13:30:35,2024-04-13 07:32:40
27,4012,0,2024-01-10 13:30:35,2024-04-13 07:32:40
22,4012,0,2024-01-10 13:30:35,2024-04-13 07:32:40
32,4013,1,2025-01-30 08:51:58,2025-07-14 17:20:35
28,4013,1,2025-01-30 08:51:58,2025-07-14 17:20:35
96,4014,1,2025-02-11 03:03:24,2026-08-25 14:52:46
97,4014,1,2025-02-11 03:03:24,2026-08-25 14:52:46
19,4014,1,2025-02-11 03:03:24,2026-08-25 14:52:46
20,4014,1,2025-02-11 03:03:24,2026-08-25 14:52:46
24,4014,1,2025-02-11 03:03:24,2026-08-25 14:52:46
0,4015,1,2025-05-20 10:08:59,2026-07-29 18:48:21
96,4016,1,2023-09-01 14:49:38,2024-01-14 01:30:08
1,4016,1,2023-09-01 14:49:38,2024-01-14 01:30:08
99,4016,1,2023-09-01 14:49:38,2024-01-14 01:30:08
4,4016,1,2023-09-01 14:49:38,2024-01-14 01:30:08
35,4017,1,2025-06-07 04:25:53,2026-09-04 23:59:06
28,4017,1,2025-06-07 04:25:53,2026-09-04 23:59:06
0,4018,1,2025-04-20 15:15:31,2026-03-20 22:04:52
24,4019,1,2024-12-14 14:42:43,2025-02-01 16:25:20
19,4019,1,2024-12-14 14:42:43,2025-02-01 16:25:20
20,4019,1,2024-12-14 14:42:43,2025-02-01 16:25:20
96,4020,1,2026-07-11 23:24:28,2026-07-13 07:43:53
97,4020,1,2026-07-11 23:24:28,2026-07-13 07:43:53
19,4020,1,2026-07-11 23:24:28,2026-07-13 07:43:53
21,4020,1,2026-07-11 23:24:28,2026-07-13 07:43:53
26,4020,1,2026-07-11 23:24:28,2026-07-13 07:43:53
28,4021,1,2025-01-27 04:15:57,2026-03-07 05:15:23
31,4021,1,2025-01-27 04:15:57,2026-03-07 05:15:23
0,4022,1,2026-03-13 08:27:50,2026-08-17 04:04:25
32,4023,1,2025-06-05 10:57:51,2026-07-10 08:27:25
28,4023,1,2025-06-05 10:57:51,2026-07-10 08:27:25
0,4024,1,2025-02-02 20:11:56,2026-08-18 01:15:09
99,4024,1,2025-02-02 20:11:56,2026-08-18 01:15:09
96,4024,1,2025-02-02 20:11:56,2026-08-18 01:15:09
1,4025,0,2024-09-28 16:09:38,2025-06-25 16:08:23
2,4025,0,2024-09-28 16:09:38,2025-06-25 16:08:23
14,4025,0,2024-09-28 16:09:38,2025-06-25 16:08:23
0,4026,1,2024-09-05 13:27:32,2025-05-09 12:28:04
97,4026,1,2024-09-05 13:27:32,2025-05-09 12:28:04
96,4026,1,2024-09-05 13:27:32,2025-05-09 12:28:04
0,4027,1,2026-04-16 10:58:07,2026-08-10 14:14:10
28,4028,1,2025-01-10 10:01:06,2026-04-03 21:26:14
29,4028,1,2025-01-10 10:01:06,2026-04-03 21:26:14
0,4029,1,2023-04-05 18:37:20,2024-01-19 13:34:26
26,4030,1,2025-10-27 09:41:51,2026-02-03 16:53:34
19,4030,1,2025-10-27 09:41:51,2026-02-03 16:53:34
21,4030,1,2025-10-27 09:41:51,2026-02-03 16:53:34
0,4031,1,2024-12-17 19:58:18,2026-07-26 01:57:50
0,4032,1,2025-03-10 22:22:17,2025-12-02 05:10:40
97,4032,1,2025-03-10 22:22:17,2025-12-02 05:10:40
96,4032,1,2025-03-10 22:22:17,2025-12-02 05:10:40
33,4033,1,2023-07-09 18:53:22,2024-01-20 04:36:36
28,4033,1,2023-07-09 18:53:22,2024-01-20 04:36:36
1,4034,0,2023-02-08 09:44:49,2023-05-15 11:38:10
3,4034,0,2023-02-08 09:44:49,2023-05-15 11:38:10
7,4034,0,2023-02-08 09:44:49,2023-05-15 11:38:10
15,4034,0,2023-02-08 09:44:49,2023-05-15 11:38:10
0,4035,1,2023-07-31 06:33:34,2025-09-03 10:47:09
26,4036,1,2025-12-18 23:42:43,2026-05-23 10:16:58
19,4036,1,2025-12-18 23:42:43,2026-05-23 10:16:58
21,4036,1,2025-12-18 23:42:43,2026-05-23 10:16:58
0,4037,1,2025-02-11 12:24:23,2026-07-20 03:50:06
0,4038,1,2026-01-19 12:52:31,2026-07-21 15:54:03
97,4038,1,2026-01-19 12:52:31,2026-07-21 15:54:03
96,4038,1,2026-01-19 12:52:31,2026-07-21 15:54:03
0,4039,1,2023-02-22 20:42:21,2024-01-06 09:48:38
0,4040,1,2025-11-26 16:37:19,2026-01-13 18:25:26
99,4040,1,2025-11-26 16:37:19,2026-01-13 18:25:26
96,4040,1,2025-11-26 16:37:19,2026-01-13 18:25:26
24,4041,1,2023-07-18 15:48:38,2025-01-27 23:20:57
19,4041,1,2023-07-18 15:48:38,2025-01-27 23:20:57
20,4041,1,2023-07-18 15:48:38,2025-01-27 23:20:57
24,4042,1,2023-06-06 22:35:01,2025-12-13 06:24:53
19,4042,1,2023-06-06 22:35:01,2025-12-13 06:24:53
20,4042,1,2023-06-06 22:35:01,2025-12-13 06:24:53
28,4043,0,2025-10-20 07:03:06,2026-03-19 01:29:57
29,4043,0,2025-10-20 07:03:06,2026-03-19 01:29:57
96,4044,1,2024-04-14 20:13:04,2024-11-24 15:53:21
97,4044,1,2024-04-14 20:13:04,2024-11-24 15:53:21
35,4044,1,2024-04-14 20:13:04,2024-11-24 15:53:21
28,4044,1,2024-04-14 20:13:04,2024-11-24 15:53:21
1,4045,1,2024-11-06 20:49:01,2025-06-19 14:59:01
4,4045,1,2024-11-06 20:49:01,2025-06-19 14:59:01
1,4046,1,2025-10-03 03:44:37,2026-05-25 03:46:29
2,4046,1,2025-10-03 03:44:37,2026-05-25 03:46:29
13,4046,1,2025-10-03 03:44:37,2026-05-25 03:46:29
26,4047,1,2025-03-28 09:09:08,2026-06-03 07:28:15
19,4047,1,2025-03-28 09:09:08,2026-06-03 07:28:15
21,4047,1,2025-03-28 09:09:08,2026-06-03 07:28:15
96,4048,0,2024-12-29 04:13:59,2026-06-07 23:16:54
99,4048,0,2024-12-29 04:13:59,2026-06-07 23:16:54
28,4048,0,2024-12-29 04:13:59,2026-06-07 23:16:54
31,4048,0,2024-12-29 04:13:59,2026-06-07 23:16:54
28,4049,1,2024-01-05 18:07:20,2024-09-18 01:03:15
29,4049,1,2024-01-05 18:07:20,2024-09-18 01:03:15
96,4050,1,2026-04-25 17:17:45,2026-05-11 09:22:19
1,4050,1,2026-04-25 17:17:45,2026-05-11 09:22:19
4,4050,1,2026-04-25 17:17:45,2026-05-11 09:22:19
97,4050,1,2026-04-25 17:17:45,2026-05-11 09:22:19
1,4051,0,2024-09-20 19:31:35,2026-01-29 06:46:42
2,4051,0,2024-09-20 19:31:35,2026-01-29 06:46:42
13,4051,0,2024-09-20 19:31:35,2026-01-29 06:46:42
0,4052,1,2026-09-14 18:59:21,2026-09-15 16:40:38
32,4053,1,2026-01-29 22:36:19,2026-03-05 12:23:46
28,4053,1,2026-01-29 22:36:19,2026-03-05 12:23:46
1,4054,1,2024-08-15 01:41:33,2024-12-24 06:08:53
2,4054,1,2024-08-15 01:41:33,2024-12-24 06:08:53
13,4054,1,2024-08-15 01:41:33,2024-12-24 06:08:53
33,4055,1,2024-04-03 04:46:16,2025-02-17 01:12:48
28,4055,1,2024-04-03 04:46:16,2025-02-17 01:12:48
32,4056,0,2024-03-24 23:50:00,2024-04-05 05:06:51
97,4056,0,2024-03-24 23:50:00,2024-04-05 05:06:51
28,4056,0,2024-03-24 23:50:00,2024-04-05 05:06:51
96,4056,0,2024-03-24 23:50:00,2024-04-05 05:06:51
28,4057,1,2024-07-16 19:17:38,2026-05-24 07:09:21
31,4057,1,2024-07-16 19:17:38,2026-05-24 07:09:21
0,4058,1,2023-03-25 05:26:04,2023-11-12 15:33:40
24,4059,1,2023-12-11 00:09:17,2024-08-27 14:08:06
19,4059,1,2023-12-11 00:09:17,2024-08-27 14:08:06
20,4059,1,2023-12-11 00:09:17,2024-08-27 14:08:06
0,4060,1,2023-09-22 02:30:04,2024-08-04 19:00:13
1,4061,1,2024-10-23 21:34:56,2026-03-26 09:16:34
2,4061,1,2024-10-23 21:34:56,2026-03-26 09:16:34
14,4061,1,2024-10-23 21:34:56,2026-03-26 09:16:34
96,4062,1,2025-05-02 09:35:51,2026-06-09 19:51:53
97,4062,1,2025-05-02 09:35:51,2026-06-09 19:51:53
19,4062,1,2025-05-02 09:35:51,2026-06-09 19:51:53
22,4062,1,2025-05-02 09:35:51,2026-06-09 19:51:53
27,4062,1,2025-05-02 09:35:51,2026-06-09 19:51:53
26,4063,1,2024-10-04 02:49:03,2025-06-01 13:05:40
19,4063,1,2024-10-04 02:49:03,2025-06-01 13:05:40
21,4063,1,2024-10-04 02:49:03,2025-06-01 13:05:40
96,4064,1,2025-08-11 20:59:06,2026-05-20 21:02:59
1,4064,1,2025-08-11 20:59:06,2026-05-20 21:02:59
2,4064,1,2025-08-11 20:59:06,2026-05-20 21:02:59
99,4064,1,2025-08-11 20:59:06,2026-05-20 21:02:59
14,4064,1,2025-08-11 20:59:06,2026-05-20 21:02:59
0,4065,1,2025-07-20 05:51:57,2025-12-20 21:38:17
0,4066,1,2023-01-23 11:48:54,2024-04-11 02:25:02
0,4067,1,2025-06-11 16:26:40,2026-01-30 19:35:28
96,4068,1,2025-04-18 04:19:30,2026-03-26 07:27:58
97,4068,1,2025-04-18 04:19:30,2026-03-26 07:27:58
19,4068,1,2025-04-18 04:19:30,2026-03-26 07:27:58
20,4068,1,2025-04-18 04:19:30,2026-03-26 07:27:58
24,4068,1,2025-04-18 04:19:30,2026-03-26 07:27:58
24,4069,0,2023-02-16 14:16:25,2025-12-06 14:19:07
19,4069,0,2023-02-16 14:16:25,2025-12-06 14:19:07
20,4069,0,2023-02-16 14:16:25,2025-12-06 14:19:07
1,4070,0,2026-05-25 23:11:49,2026-07-23 19:00:47
3,4070,0,2026-05-25 23:11:49,2026-07-23 19:00:47
7,4070,0,2026-05-25 23:11:49,2026-07-23 19:00:47
15,4070,0,2026-05-25 23:11:49,2026-07-23 19:00:47
0,4071,1,2026-06-20 12:08:51,2026-07-16 03:21:56
0,4072,1,2025-02-20 22:46:01,2025-03-24 11:10:23
99,4072,1,2025-02-20 22:46:01,2025-03-24 11:10:23
96,4072,1,2025-02-20 22:46:01,2025-03-24 11:10:23
19,4073,0,2025-09-28 20:31:27,2026-05-16 15:29:58
27,4073,0,2025-09-28 20:31:27,2026-05-16 15:29:58
22,4073,0,2025-09-28 20:31:27,2026-05-16 15:29:58
96,4074,1,2026-04-18 04:30:51,2026-06-02 06:37:06
97,4074,1,2026-04-18 04:30:51,2026-06-02 06:37:06
19,4074,1,2026-04-18 04:30:51,2026-06-02 06:37:06
22,4074,1,2026-04-18 04:30:51,2026-06-02 06:37:06
27,4074,1,2026-04-18 04:30:51,2026-06-02 06:37:06
0,4075,1,2026-06-28 05:03:07,2026-07-08 03:00:56
0,4076,1,2025-03-20 12:30:03,2026-05-18 12:50:41
0,4077,1,2024-10-25 13:55:27,2024-10-26 02:49:10
1,4078,1,2024-12-14 21:29:03,2025-11-14 03:05:33
2,4078,1,2024-12-14 21:29:03,2025-11-14 03:05:33
14,4078,1,2024-12-14 21:29:03,2025-11-14 03:05:33
32,4079,1,2023-03-10 18:52:04,2026-05-25 22:51:25
28,4079,1,2023-03-10 18:52:04,2026-05-25 22:51:25
0,4080,0,2026-05-10 03:03:14,2026-07-28 12:05:05
97,4080,0,2026-05-10 03:03:14,2026-07-28 12:05:05
96,4080,0,2026-05-10 03:03:14,2026-07-28 12:05:05
28,4081,1,2023-07-10 11:43:28,2024-11-09 01:07:23
29,4081,1,2023-07-10 11:43:28,2024-11-09 01:07:23
28,4082,0,2024-10-08 05:00:09,2026-04-16 07:01:16
29,4082,0,2024-10-08 05:00:09,2026-04-16 07:01:16
19,4083,1,2026-04-05 14:12:46,2026-04-10 14:58:18
27,4083,1,2026-04-05 14:12:46,2026-04-10 14:58:18
22,4083,1,2026-04-05 14:12:46,2026-04-10 14:58:18
0,4084,1,2023-06-14 13:16:57,2023-08-01 23:15:28
24,4085,0,2023-05-24 21:57:56,2024-12-27 02:52:06
19,4085,0,2023-05-24 21:57:56,2024-12-27 02:52:06
20,4085,0,2023-05-24 21:57:56,2024-12-27 02:52:06
96,4086,0,2026-04-12 06:43:21,2026-08-02 14:15:15
97,4086,0,2026-04-12 06:43:21,2026-08-02 14:15:15
35,4086,0,2026-04-12 06:43:21,2026-08-02 14:15:15
28,4086,0,2026-04-12 06:43:21,2026-08-02 14:15:15
1,4087,1,2023-07-07 16:16:39,2025-12-17 19:42:31
4,4087,1,2023-07-07 16:16:39,2025-12-17 19:42:31
96,4088,0,2024-11-03 19:07:09,2026-07-14 06:07:26
1,4088,0,2024-11-03 19:07:09,2026-07-14 06:07:26
99,4088,0,2024-11-03 19:07:09,2026-07-14 06:07:26
4,4088,0,2024-11-03 19:07:09,2026-07-14 06:07:26
0,4089,1,2025-07-17 02:23:16,2025-12-22 13:21:45
0,4090,1,2025-07-21 07:40:56,2026-06-14 12:51:16
24,4091,1,2024-03-10 02:35:47,2026-08-22 15:36:28
19,4091,1,2024-03-10 02:35:47,2026-08-22 15:36:28
20,4091,1,2024-03-10 02:35:47,2026-08-22 15:36:28
0,4092,1,2025-01-12 13:08:58,2026-06-21 18:51:00
97,4092,1,2025-01-12 13:08:58,2026-06-21 18:51:00
96,4092,1,2025-01-12 13:08:58,2026-06-21 18:51:00
24,4093,1,2023-08-29 00:09:34,2026-09-14 19:32:57
19,4093,1,2023-08-29 00:09:34,2026-09-14 19:32:57
20,4093,1,2023-08-29 00:09:34,2026-09-14 19:32:57
0,4094,1,2024-10-05 22:11:59,2026-06-10 18:05:57
33,4095,0,2026-07-13 14:52:26,2026-08-18 14:25:49
28,4095,0,2026-07-13 14:52:26,2026-08-18 14:25:49
96,4096,0,2024-11-01 12:01:17,2024-12-08 20:02:30
99,4096,0,2024-11-01 12:01:17,2024-12-08 20:02:30
19,4096,0,2024-11-01 12:01:17,2024-12-08 20:02:30
20,4096,0,2024-11-01 12:01:17,2024-12-08 20:02:30
24,4096,0,2024-11-01 12:01:17,2024-12-08 20:02:30
24,4097,1,2025-11-21 15:21:21,2026-07-18 07:40:02
19,4097,1,2025-11-21 15:21:21,2026-07-18 07:40:02
20,4097,1,2025-11-21 15:21:21,2026-07-18 07:40:02
96,4098,0,2026-03-04 03:44:40,2026-09-12 12:28:26
97,4098,0,2026-03-04 03:44:40,2026-09-12 12:28:26
19,4098,0,2026-03-04 03:44:40,2026-09-12 12:28:26
20,4098,0,2026-03-04 03:44:40,2026-09-12 12:28:26
24,4098,0,2026-03-04 03:44:40,2026-09-12 12:28:26
32,4099,1,2026-05-13 07:54:41,2026-07-07 13:43:33
28,4099,1,2026-05-13 07:54:41,2026-07-07 13:43:33
1,4100,0,2025-12-29 11:01:21,2026-05-28 17:13:14
3,4100,0,2025-12-29 11:01:21,2026-05-28 17:13:14
7,4100,0,2025-12-29 11:01:21,2026-05-28 17:13:14
15,4100,0,2025-12-29 11:01:21,2026-05-28 17:13:14
1,4101,1,2024-06-18 01:02:40,2025-02-26 16:27:49
4,4101,1,2024-06-18 01:02:40,2025-02-26 16:27:49
24,4102,1,2023-01-10 03:26:14,2025-03-26 04:11:32
19,4102,1,2023-01-10 03:26:14,2025-03-26 04:11:32
20,4102,1,2023-01-10 03:26:14,2025-03-26 04:11:32
1,4103,0,2026-04-09 02:26:33,2026-04-11 16:33:38
4,4103,0,2026-04-09 02:26:33,2026-04-11 16:33:38
0,4104,1,2025-12-10 15:52:20,2026-08-05 00:31:38
97,4104,1,2025-12-10 15:52:20,2026-08-05 00:31:38
96,4104,1,2025-12-10 15:52:20,2026-08-05 00:31:38
24,4105,1,2024-02-29 08:42:26,2025-12-20 08:20:28
19,4105,1,2024-02-29 08:42:26,2025-12-20 08:20:28
20,4105,1,2024-02-29 08:42:26,2025-12-20 08:20:28
32,4106,1,2025-07-06 12:00:18,2026-03-21 16:42:40
28,4106,1,2025-07-06 12:00:18,2026-03-21 16:42:40
28,4107,1,2024-06-12 22:01:29,2026-02-21 18:30:44
29,4107,1,2024-06-12 22:01:29,2026-02-21 18:30:44
26,4108,1,2024-02-05 14:53:42,2024-09-12 16:20:49
19,4108,1,2024-02-05 14:53:42,2024-09-12 16:20:49
21,4108,1,2024-02-05 14:53:42,2024-09-12 16:20:49
0,4109,1,2024-03-27 01:15:06,2025-10-05 20:58:28
96,4110,0,2024-03-22 20:32:49,2026-02-26 08:05:21
97,4110,0,2024-03-22 20:32:49,2026-02-26 08:05:21
19,4110,0,2024-03-22 20:32:49,2026-02-26 08:05:21
20,4110,0,2024-03-22 20:32:49,2026-02-26 08:05:21
24,4110,0,2024-03-22 20:32:49,2026-02-26 08:05:21
19,4111,1,2023-10-31 07:29:18,2024-01-09 01:20:28
27,4111,1,2023-10-31 07:29:18,2024-01-09 01:20:28
22,4111,1,2023-10-31 07:29:18,2024-01-09 01:20:28
96,4112,1,2023-07-11 19:01:34,2025-07-10 00:01:09
1,4112,1,2023-07-11 19:01:34,2025-07-10 00:01:09
99,4112,1,2023-07-11 19:01:34,2025-07-10 00:01:09
4,4112,1,2023-07-11 19:01:34,2025-07-10 00:01:09
1,4113,1,2026-04-30 06:55:39,2026-09-10 13:41:50
2,4113,1,2026-04-30 06:55:39,2026-09-10 13:41:50
14,4113,1,2026-04-30 06:55:39,2026-09-10 13:41:50
19,4114,1,2026-03-24 08:58:44,2026-06-08 03:34:51
27,4114,1,2026-03-24 08:58:44,2026-06-08 03:34:51
22,4114,1,2026-03-24 08:58:44,2026-06-08 03:34:51
19,4115,1,2025-07-16 00:58:43,2026-08-25 13:30:17
27,4115,1,2025-07-16 00:58:43,2026-08-25 13:30:17
22,4115,1,2025-07-16 00:58:43,2026-08-25 13:30:17
96,4116,1,2024-09-06 21:45:44,2025-06-20 23:11:27
33,4116,1,2024-09-06 21:45:44,2025-06-20 23:11:27
28,4116,1,2024-09-06 21:45:44,2025-06-20 23:11:27
97,4116,1,2024-09-06 21:45:44,2025-06-20 23:11:27
19,4117,1,2023-09-03 15:46:40,2023-12-10 09:03:51
27,4117,1,2023-09-03 15:46:40,2023-12-10 09:03:51
22,4117,1,2023-09-03 15:46:40,2023-12-10 09:03:51
0,4118,1,2024-05-15 15:49:10,2024-12-31 12:08:06
0,4119,1,2026-07-15 03:13:54,2026-07-18 10:05:58
96,4120,1,2024-12-04 02:45:18,2025-04-22 17:35:24
1,4120,1,2024-12-04 02:45:18,2025-04-22 17:35:24
2,4120,1,2024-12-04 02:45:18,2025-04-22 17:35:24
99,4120,1,2024-12-04 02:45:18,2025-04-22 17:35:24
13,4120,1,2024-12-04 02:45:18,2025-04-22 17:35:24
1,4121,1,2024-05-28 08:21:55,2025-04-02 19:45:15
4,4121,1,2024-05-28 08:21:55,2025-04-02 19:45:15
96,4122,1,2024-05-26 16:26:32,2025-05-18 21:03:37
97,4122,1,2024-05-26 16:26:32,2025-05-18 21:03:37
19,4122,1,2024-05-26 16:26:32,2025-05-18 21:03:37
20,4122,1,2024-05-26 16:26:32,2025-05-18 21:03:37
24,4122,1,2024-05-26 16:26:32,2025-05-18 21:03:37
1,4123,1,2023-01-11 07:08:15,2025-08-07 09:42:27
2,4123,1,2023-01-11 07:08:15,2025-08-07 09:42:27
14,4123,1,2023-01-11 07:08:15,2025-08-07 09:42:27
24,4124,1,2026-02-01 01:59:52,2026-03-15 09:58:40
19,4124,1,2026-02-01 01:59:52,2026-03-15 09:58:40
20,4124,1,2026-02-01 01:59:52,2026-03-15 09:58:40
24,4125,1,2025-03-06 08:30:31,2025-08-26 03:11:37
19,4125,1,2025-03-06 08:30:31,2025-08-26 03:11:37
20,4125,1,2025-03-06 08:30:31,2025-08-26 03:11:37
0,4126,0,2026-03-29 19:37:20,2026-07-13 10:48:23
33,4127,1,2025-04-04 17:31:25,2025-07-28 02:52:50
28,4127,1,2025-04-04 17:31:25,2025-07-28 02:52:50
0,4128,1,2023-03-08 05:32:07,2026-08-08 05:30:58
97,4128,1,2023-03-08 05:32:07,2026-08-08 05:30:58
96,4128,1,2023-03-08 05:32:07,2026-08-08 05:30:58
32,4129,1,2024-12-20 12:00:34,2026-01-27 20:48:14
28,4129,1,2024-12-20 12:00:34,2026-01-27 20:48:14
0,4130,0,2025-01-05 12:17:33,2025-12-22 07:49:02
1,4131,1,2025-02-19 05:55:55,2026-04-01 05:21:52
2,4131,1,2025-02-19 05:55:55,2026-04-01 05:21:52
14,4131,1,2025-02-19 05:55:55,2026-04-01 05:21:52
35,4132,1,2024-04-27 20:04:30,2025-07-30 18:24:57
28,4132,1,2024-04-27 20:04:30,2025-07-30 18:24:57
0,4133,1,2025-03-28 17:06:59,2026-09-07 13:05:42
96,4134,1,2024-06-06 14:15:11,2025-12-26 09:57:07
97,4134,1,2024-06-06 14:15:11,2025-12-26 09:57:07
35,4134,1,2024-06-06 14:15:11,2025-12-26 09:57:07
28,4134,1,2024-06-06 14:15:11,2025-12-26 09:57:07
0,4135,1,2024-09-08 06:25:29,2025-09-10 12:20:14
96,4136,0,2025-02-08 04:18:10,2025-09-28 14:19:06
99,4136,0,2025-02-08 04:18:10,2025-09-28 14:19:06
19,4136,0,2025-02-08 04:18:10,2025-09-28 14:19:06
21,4136,0,2025-02-08 04:18:10,2025-09-28 14:19:06
26,4136,0,2025-02-08 04:18:10,2025-09-28 14:19:06
1,4137,1,2025-08-30 02:21:02,2026-03-01 15:39:22
3,4137,1,2025-08-30 02:21:02,2026-03-01 15:39:22
7,4137,1,2025-08-30 02:21:02,2026-03-01 15:39:22
15,4137,1,2025-08-30 02:21:02,2026-03-01 15:39:22
1,4138,0,2024-07-13 02:19:58,2025-05-03 14:28:10
3,4138,0,2024-07-13 02:19:58,2025-05-03 14:28:10
7,4138,0,2024-07-13 02:19:58,2025-05-03 14:28:10
15,4138,0,2024-07-13 02:19:58,2025-05-03 14:28:10
1,4139,1,2025-01-16 20:12:23,2025-09-03 09:21:51
4,4139,1,2025-01-16 20:12:23,2025-09-03 09:21:51
96,4140,1,2026-06-04 22:37:09,2026-08-19 05:23:03
97,4140,1,2026-06-04 22:37:09,2026-08-19 05:23:03
19,4140,1,2026-06-04 22:37:09,2026-08-19 05:23:03
20,4140,1,2026-06-04 22:37:09,2026-08-19 05:23:03
24,4140,1,2026-06-04 22:37:09,2026-08-19 05:23:03
24,4141,0,2024-08-16 08:10:24,2026-08-09 18:14:12
19,4141,0,2024-08-16 08:10:24,2026-08-09 18:14:12
20,4141,0,2024-08-16 08:10:24,2026-08-09 18:14:12
1,4142,1,2025-07-13 13:08:33,2026-07-20 11:05:08
2,4142,1,2025-07-13 13:08:33,2026-07-20 11:05:08
14,4142,1,2025-07-13 13:08:33,2026-07-20 11:05:08
1,4143,1,2024-03-05 17:25:06,2026-08-24 16:48:51
4,4143,1,2024-03-05 17:25:06,2026-08-24 16:48:51
0,4144,1,2026-03-05 08:31:00,2026-05-24 08:46:45
99,4144,1,2026-03-05 08:31:00,2026-05-24 08:46:45
96,4144,1,2026-03-05 08:31:00,2026-05-24 08:46:45
1,4145,0,2025-12-24 23:46:05,2026-05-12 05:24:52
2,4145,0,2025-12-24 23:46:05,2026-05-12 05:24:52
14,4145,0,2025-12-24 23:46:05,2026-05-12 05:24:52
96,4146,0,2023-05-24 09:56:59,2025-06-02 02:34:44
97,4146,0,2023-05-24 09:56:59,2025-06-02 02:34:44
35,4146,0,2023-05-24 09:56:59,2025-06-02 02:34:44
28,4146,0,2023-05-24 09:56:59,2025-06-02 02:34:44
28,4147,0,2023-08-27 08:53:45,2025-10-10 18:13:25
29,4147,0,2023-08-27 08:53:45,2025-10-10 18:13:25
0,4148,0,2023-07-18 03:54:53,2025-08-18 23:22:10
1,4149,1,2023-12-22 21:54:21,2026-07-15 05:08:52
2,4149,1,2023-12-22 21:54:21,2026-07-15 05:08:52
14,4149,1,2023-12-22 21:54:21,2026-07-15 05:08:52
1,4150,1,2025-12-01 07:04:21,2026-01-15 23:44:14
3,4150,1,2025-12-01 07:04:21,2026-01-15 23:44:14
7,4150,1,2025-12-01 07:04:21,2026-01-15 23:44:14
15,4150,1,2025-12-01 07:04:21,2026-01-15 23:44:14
1,4151,1,2025-01-02 14:28:18,2026-07-18 05:13:57
2,4151,1,2025-01-02 14:28:18,2026-07-18 05:13:57
14,4151,1,2025-01-02 14:28:18,2026-07-18 05:13:57
0,4152,1,2026-08-28 09:15:57,2026-09-15 21:20:58
97,4152,1,2026-08-28 09:15:57,2026-09-15 21:20:58
96,4152,1,2026-08-28 09:15:57,2026-09-15 21:20:58
0,4153,1,2023-09-09 17:49:11,2026-01-10 13:17:53
33,4154,1,2026-08-26 23:18:15,2026-09-16 18:11:32
28,4154,1,2026-08-26 23:18:15,2026-09-16 18:11:32
28,4155,1,2023-07-27 15:19:44,2025-05-20 10:25:45
29,4155,1,2023-07-27 15:19:44,2025-05-20 10:25:45
0,4156,1,2026-01-26 11:13:22,2026-06-15 08:05:37
32,4157,1,2024-09-14 18:08:19,2026-02-09 11:54:27
28,4157,1,2024-09-14 18:08:19,2026-02-09 11:54:27
96,4158,1,2023-11-11 09:26:37,2024-12-07 10:38:52
97,4158,1,2023-11-11 09:26:37,2024-12-07 10:38:52
19,4158,1,2023-11-11 09:26:37,2024-12-07 10:38:52
22,4158,1,2023-11-11 09:26:37,2024-12-07 10:38:52
27,4158,1,2023-11-11 09:26:37,2024-12-07 10:38:52
0,4159,1,2023-06-24 17:00:15,2025-09-10 19:52:35
96,4160,1,2023-07-03 20:28:18,2023-08-18 00:59:54
1,4160,1,2023-07-03 20:28:18,2023-08-18 00:59:54
2,4160,1,2023-07-03 20:28:18,2023-08-18 00:59:54
99,4160,1,2023-07-03 20:28:18,2023-08-18 00:59:54
14,4160,1,2023-07-03 20:28:18,2023-08-18 00:59:54
19,4161,1,2024-04-21 19:10:09,2026-09-07 08:20:40
27,4161,1,2024-04-21 19:10:09,2026-09-07 08:20:40
22,4161,1,2024-04-21 19:10:09,2026-09-07 08:20:40
0,4162,1,2025-06-19 01:00:31,2026-03-17 14:15:48
0,4163,1,2023-04-24 19:00:49,2025-12-17 01:38:30
0,4164,1,2023-10-28 11:16:00,2025-07-01 08:04:02
97,4164,1,2023-10-28 11:16:00,2025-07-01 08:04:02
96,4164,1,2023-10-28 11:16:00,2025-07-01 08:04:02
1,4165,0,2025-02-03 20:55:03,2026-02-08 18:41:31
3,4165,0,2025-02-03 20:55:03,2026-02-08 18:41:31
7,4165,0,2025-02-03 20:55:03,2026-02-08 18:41:31
15,4165,0,2025-02-03 20:55:03,2026-02-08 18:41:31
0,4166,1,2023-11-21 01:52:00,2025-03-14 11:14:57
24,4167,0,2023-02-06 11:39:09,2025-06-06 08:21:01
19,4167,0,2023-02-06 11:39:09,2025-06-06 08:21:01
20,4167,0,2023-02-06 11:39:09,2025-06-06 08:21:01
99,4168,1,2023-10-26 05:51:15,2024-09-01 16:26:22
35,4168,1,2023-10-26 05:51:15,2024-09-01 16:26:22
28,4168,1,2023-10-26 05:51:15,2024-09-01 16:26:22
96,4168,1,2023-10-26 05:51:15,2024-09-01 16:26:22
0,4169,1,2026-09-07 02:35:23,2026-09-07 10:37:10
0,4170,1,2025-03-27 15:08:12,2025-03-27 19:17:10
97,4170,1,2025-03-27 15:08:12,2025-03-27 19:17:10
96,4170,1,2025-03-27 15:08:12,2025-03-27 19:17:10
1,4171,1,2025-08-18 18:24:14,2025-12-18 03:44:46
2,4171,1,2025-08-18 18:24:14,2025-12-18 03:44:46
14,4171,1,2025-08-18 18:24:14,2025-12-18 03:44:46
24,4172,0,2024-09-03 17:11:01,2024-11-18 06:01:57
19,4172,0,2024-09-03 17:11:01,2024-11-18 06:01:57
20,4172,0,2024-09-03 17:11:01,2024-11-18 06:01:57
19,4173,1,2026-07-27 17:20:44,2026-08-05 10:02:28
27,4173,1,2026-07-27 17:20:44,2026-08-05 10:02:28
22,4173,1,2026-07-27 17:20:44,2026-08-05 10:02:28
1,4174,0,2024-08-14 16:36:38,2025-08-08 08:59:55
3,4174,0,2024-08-14 16:36:38,2025-08-08 08:59:55
7,4174,0,2024-08-14 16:36:38,2025-08-08 08:59:55
15,4174,0,2024-08-14 16:36:38,2025-08-08 08:59:55
0,4175,1,2023-03-11 23:45:14,2026-08-07 05:50:14
0,4176,1,2023-03-30 18:08:29,2024-10-15 22:50:04
97,4176,1,2023-03-30 18:08:29,2024-10-15 22:50:04
96,4176,1,2023-03-30 18:08:29,2024-10-15 22:50:04
28,4177,1,2024-07-18 00:18:25,2026-07-16 12:52:02
29,4177,1,2024-07-18 00:18:25,2026-07-16 12:52:02
1,4178,1,2024-12-26 07:29:02,2024-12-31 20:04:48
4,4178,1,2024-12-26 07:29:02,2024-12-31 20:04:48
1,4179,1,2023-11-16 09:23:44,2026-07-14 20:08:52
4,4179,1,2023-11-16 09:23:44,2026-07-14 20:08:52
0,4180,0,2025-05-07 05:30:54,2026-06-27 14:02:19
35,4181,1,2024-06-22 16:28:54,2026-08-09 21:25:04
28,4181,1,2024-06-22 16:28:54,2026-08-09 21:25:04
96,4182,1,2026-08-21 19:23:33,2026-09-10 17:55:06
97,4182,1,2026-08-21 19:23:33,2026-09-10 17:55:06
19,4182,1,2026-08-21 19:23:33,2026-09-10 17:55:06
22,4182,1,2026-08-21 19:23:33,2026-09-10 17:55:06
27,4182,1,2026-08-21 19:23:33,2026-09-10 17:55:06
0,4183,1,2024-09-06 13:32:03,2026-06-20 17:52:38
0,4184,1,2026-02-16 07:54:19,2026-06-26 08:16:09
99,4184,1,2026-02-16 07:54:19,2026-06-26 08:16:09
96,4184,1,2026-02-16 07:54:19,2026-06-26 08:16:09
28,4185,1,2024-11-18 14:01:18,2026-06-19 22:01:40
29,4185,1,2024-11-18 14:01:18,2026-06-19 22:01:40
24,4186,1,2026-09-03 10:53:41,2026-09-11 05:08:34
19,4186,1,2026-09-03 10:53:41,2026-09-11 05:08:34
20,4186,1,2026-09-03 10:53:41,2026-09-11 05:08:34
0,4187,1,2025-02-08 04:42:57,2025-06-19 23:16:41
0,4188,0,2025-08-07 09:00:12,2026-06-12 19:02:32
97,4188,0,2025-08-07 09:00:12,2026-06-12 19:02:32
96,4188,0,2025-08-07 09:00:12,2026-06-12 19:02:32
1,4189,1,2024-11-15 22:55:22,2026-08-03 00:10:06
3,4189,1,2024-11-15 22:55:22,2026-08-03 00:10:06
7,4189,1,2024-11-15 22:55:22,2026-08-03 00:10:06
15,4189,1,2024-11-15 22:55:22,2026-08-03 00:10:06
0,4190,0,2023-01-12 07:50:32,2024-08-16 05:50:57
0,4191,1,2023-10-17 18:19:50,2026-05-17 22:59:31
96,4192,0,2023-03-08 15:24:16,2026-02-22 19:33:27
1,4192,0,2023-03-08 15:24:16,2026-02-22 19:33:27
99,4192,0,2023-03-08 15:24:16,2026-02-22 19:33:27
4,4192,0,2023-03-08 15:24:16,2026-02-22 19:33:27
0,4193,1,2023-05-16 17:03:31,2024-11-13 03:10:48
96,4194,1,2026-07-26 10:58:27,2026-07-29 07:16:51
1,4194,1,2026-07-26 10:58:27,2026-07-29 07:16:51
2,4194,1,2026-07-26 10:58:27,2026-07-29 07:16:51
97,4194,1,2026-07-26 10:58:27,2026-07-29 07:16:51
13,4194,1,2026-07-26 10:58:27,2026-07-29 07:16:51
1,4195,1,2026-09-12 11:41:27,2026-09-15 17:18:33
3,4195,1,2026-09-12 11:41:27,2026-09-15 17:18:33
7,4195,1,2026-09-12 11:41:27,2026-09-15 17:18:33
15,4195,1,2026-09-12 11:41:27,2026-09-15 17:18:33
0,4196,1,2024-12-26 21:25:39,2025-08-02 06:07:12
26,4197,1,2026-08-14 14:48:05,2026-08-21 05:49:27
19,4197,1,2026-08-14 14:48:05,2026-08-21 05:49:27
21,4197,1,2026-08-14 14:48:05,2026-08-21 05:49:27
0,4198,0,2023-08-16 19:00:31,2023-11-08 04:33:28
32,4199,1,2024-11-08 15:06:40,2024-12-13 12:29:32
28,4199,1,2024-11-08 15:06:40,2024-12-13 12:29:32
0,4200,0,2024-02-12 13:53:34,2026-08-20 01:29:26
97,4200,0,2024-02-12 13:53:34,2026-08-20 01:29:26
96,4200,0,2024-02-12 13:53:34,2026-08-20 01:29:26
0,4201,1,2026-09-02 16:32:27,2026-09-03 05:11:53
26,4202,1,2024-02-23 19:06:16,2026-02-27 16:00:03
19,4202,1,2024-02-23 19:06:16,2026-02-27 16:00:03
21,4202,1,2024-02-23 19:06:16,2026-02-27 16:00:03
28,4203,1,2025-11-04 18:15:03,2026-08-25 21:44:29
29,4203,1,2025-11-04 18:15:03,2026-08-25 21:44:29
0,4204,0,2024-12-31 16:42:32,2025-09-17 05:09:35
26,4205,0,2025-11-22 15:41:47,2026-01-08 03:50:54
19,4205,0,2025-11-22 15:41:47,2026-01-08 03:50:54
21,4205,0,2025-11-22 15:41:47,2026-01-08 03:50:54
0,4206,1,2025-06-04 10:35:38,2025-08-28 17:10:44
97,4206,1,2025-06-04 10:35:38,2025-08-28 17:10:44
96,4206,1,2025-06-04 10:35:38,2025-08-28 17:10:44
33,4207,0,2025-03-20 05:12:14,2025-11-06 08:47:33
28,4207,0,2025-03-20 05:12:14,2025-11-06 08:47:33
96,4208,1,2023-01-14 22:51:24,2024-06-17 12:39:25
1,4208,1,2023-01-14 22:51:24,2024-06-17 12:39:25
99,4208,1,2023-01-14 22:51:24,2024-06-17 12:39:25
4,4208,1,2023-01-14 22:51:24,2024-06-17 12:39:25
28,4209,1,2026-08-05 16:42:47,2026-09-05 19:44:30
29,4209,1,2026-08-05 16:42:47,2026-09-05 19:44:30
0,4210,1,2024-12-07 22:11:27,2026-01-21 19:25:25
28,4211,1,2025-03-06 19:34:02,2025-08-06 06:26:54
31,4211,1,2025-03-06 19:34:02,2025-08-06 06:26:54
96,4212,1,2025-10-22 04:07:42,2026-02-09 18:10:28
1,4212,1,2025-10-22 04:07:42,2026-02-09 18:10:28
2,4212,1,2025-10-22 04:07:42,2026-02-09 18:10:28
97,4212,1,2025-10-22 04:07:42,2026-02-09 18:10:28
13,4212,1,2025-10-22 04:07:42,2026-02-09 18:10:28
1,4213,1,2025-03-09 14:01:15,2025-04-23 10:39:56
2,4213,1,2025-03-09 14:01:15,2025-04-23 10:39:56
13,4213,1,2025-03-09 14:01:15,2025-04-23 10:39:56
0,4214,0,2024-01-16 08:58:21,2025-09-13 03:44:50
0,4215,0,2025-02-19 17:22:58,2025-09-15 02:15:01
0,4216,1,2023-02-07 05:06:23,2023-12-14 18:01:46
99,4216,1,2023-02-07 05:06:23,2023-12-14 18:01:46
96,4216,1,2023-02-07 05:06:23,2023-12-14 18:01:46
0,4217,1,2023-08-29 00:44:23,2025-06-16 15:27:34
0,4218,1,2023-07-22 11:00:07,2026-02-19 11:31:47
97,4218,1,2023-07-22 11:00:07,2026-02-19 11:31:47
96,4218,1,2023-07-22 11:00:07,2026-02-19 11:31:47
0,4219,0,2026-07-01 17:48:09,2026-07-17 18:35:20
0,4220,1,2023-02-15 14:18:26,2024-12-30 08:55:05
0,4221,1,2026-06-03 10:52:16,2026-07-08 09:44:04
0,4222,0,2024-07-09 00:27:39,2025-06-08 00:18:37
24,4223,1,2025-10-28 22:56:43,2026-05-23 10:44:56
19,4223,1,2025-10-28 22:56:43,2026-05-23 10:44:56
20,4223,1,2025-10-28 22:56:43,2026-05-23 10:44:56
96,4224,1,2024-04-12 12:28:10,2026-07-12 06:37:02
33,4224,1,2024-04-12 12:28:10,2026-07-12 06:37:02
28,4224,1,2024-04-12 12:28:10,2026-07-12 06:37:02
97,4224,1,2024-04-12 12:28:10,2026-07-12 06:37:02
1,4225,1,2024-04-06 20:57:26,2026-07-10 06:23:25
4,4225,1,2024-04-06 20:57:26,2026-07-10 06:23:25
1,4226,1,2025-07-21 01:44:06,2026-07-03 07:44:25
2,4226,1,2025-07-21 01:44:06,2026-07-03 07:44:25
14,4226,1,2025-07-21 01:44:06,2026-07-03 07:44:25
28,4227,1,2025-09-18 05:31:25,2026-06-09 06:44:09
31,4227,1,2025-09-18 05:31:25,2026-06-09 06:44:09
1,4228,0,2023-09-01 14:27:04,2025-09-25 14:34:19
3,4228,0,2023-09-01 14:27:04,2025-09-25 14:34:19
7,4228,0,2023-09-01 14:27:04,2025-09-25 14:34:19
15,4228,0,2023-09-01 14:27:04,2025-09-25 14:34:19
33,4229,1,2025-06-30 16:31:47,2026-04-02 10:52:36
28,4229,1,2025-06-30 16:31:47,2026-04-02 10:52:36
96,4230,1,2026-04-17 09:00:22,2026-07-28 21:02:32
1,4230,1,2026-04-17 09:00:22,2026-07-28 21:02:32
4,4230,1,2026-04-17 09:00:22,2026-07-28 21:02:32
97,4230,1,2026-04-17 09:00:22,2026-07-28 21:02:32
28,4231,1,2025-03-08 09:17:10,2025-06-12 15:34:26
29,4231,1,2025-03-08 09:17:10,2025-06-12 15:34:26
32,4232,1,2024-08-25 05:46:51,2024-11-13 11:41:42
99,4232,1,2024-08-25 05:46:51,2024-11-13 11:41:42
28,4232,1,2024-08-25 05:46:51,2024-11-13 11:41:42
96,4232,1,2024-08-25 05:46:51,2024-11-13 11:41:42
1,4233,1,2026-02-19 00:51:51,2026-03-02 20:40:08
3,4233,1,2026-02-19 00:51:51,2026-03-02 20:40:08
7,4233,1,2026-02-19 00:51:51,2026-03-02 20:40:08
15,4233,1,2026-02-19 00:51:51,2026-03-02 20:40:08
28,4234,1,2023-03-05 19:14:25,2024-03-08 11:26:07
29,4234,1,2023-03-05 19:14:25,2024-03-08 11:26:07
1,4235,1,2026-05-02 16:12:22,2026-07-10 02:01:41
3,4235,1,2026-05-02 16:12:22,2026-07-10 02:01:41
7,4235,1,2026-05-02 16:12:22,2026-07-10 02:01:41
15,4235,1,2026-05-02 16:12:22,2026-07-10 02:01:41
0,4236,1,2025-02-27 19:46:07,2026-09-03 16:47:11
97,4236,1,2025-02-27 19:46:07,2026-09-03 16:47:11
96,4236,1,2025-02-27 19:46:07,2026-09-03 16:47:11
33,4237,1,2026-04-07 11:39:43,2026-09-16 21:24:07
28,4237,1,2026-04-07 11:39:43,2026-09-16 21:24:07
0,4238,1,2024-07-28 16:15:44,2025-10-12 15:46:17
1,4239,0,2026-06-15 18:16:31,2026-09-02 13:01:18
4,4239,0,2026-06-15 18:16:31,2026-09-02 13:01:18
0,4240,1,2024-05-29 02:06:40,2025-12-15 20:01:38
99,4240,1,2024-05-29 02:06:40,2025-12-15 20:01:38
96,4240,1,2024-05-29 02:06:40,2025-12-15 20:01:38
0,4241,1,2024-12-18 10:50:02,2025-07-12 09:37:05
96,4242,1,2025-10-20 16:57:58,2026-09-14 01:10:17
1,4242,1,2025-10-20 16:57:58,2026-09-14 01:10:17
4,4242,1,2025-10-20 16:57:58,2026-09-14 01:10:17
97,4242,1,2025-10-20 16:57:58,2026-09-14 01:10:17
0,4243,1,2023-09-20 03:40:47,2025-08-19 19:55:33
26,4244,1,2026-04-20 04:13:32,2026-05-19 21:27:35
19,4244,1,2026-04-20 04:13:32,2026-05-19 21:27:35
21,4244,1,2026-04-20 04:13:32,2026-05-19 21:27:35
0,4245,1,2026-06-23 05:18:15,2026-07-28 22:22:58
1,4246,1,2023-03-28 19:26:17,2024-09-05 09:42:30
4,4246,1,2023-03-28 19:26:17,2024-09-05 09:42:30
1,4247,1,2025-08-24 23:59:55,2026-09-03 03:46:44
2,4247,1,2025-08-24 23:59:55,2026-09-03 03:46:44
14,4247,1,2025-08-24 23:59:55,2026-09-03 03:46:44
96,4248,0,2025-10-27 19:22:50,2026-01-19 04:25:58
1,4248,0,2025-10-27 19:22:50,2026-01-19 04:25:58
97,4248,0,2025-10-27 19:22:50,2026-01-19 04:25:58
3,4248,0,2025-10-27 19:22:50,2026-01-19 04:25:58
7,4248,0,2025-10-27 19:22:50,2026-01-19 04:25:58
15,4248,0,2025-10-27 19:22:50,2026-01-19 04:25:58
28,4249,0,2026-06-28 09:41:30,2026-09-12 08:37:39
31,4249,0,2026-06-28 09:41:30,2026-09-12 08:37:39
0,4250,1,2024-04-01 06:02:44,2025-02-07 08:59:58
24,4251,1,2026-04-04 21:00:38,2026-05-05 16:29:32
19,4251,1,2026-04-04 21:00:38,2026-05-05 16:29:32
20,4251,1,2026-04-04 21:00:38,2026-05-05 16:29:32
24,4252,1,2023-03-13 19:25:28,2026-07-05 01:38:10
19,4252,1,2023-03-13 19:25:28,2026-07-05 01:38:10
20,4252,1,2023-03-13 19:25:28,2026-07-05 01:38:10
0,4253,1,2025-03-24 05:56:53,2026-06-14 10:46:31
96,4254,1,2024-07-31 13:54:55,2025-06-02 11:00:40
97,4254,1,2024-07-31 13:54:55,2025-06-02 11:00:40
28,4254,1,2024-07-31 13:54:55,2025-06-02 11:00:40
29,4254,1,2024-07-31 13:54:55,2025-06-02 11:00:40
0,4255,1,2023-09-09 06:58:36,2025-05-31 19:55:20
96,4256,1,2026-01-04 05:47:38,2026-03-29 13:37:29
1,4256,1,2026-01-04 05:47:38,2026-03-29 13:37:29
2,4256,1,2026-01-04 05:47:38,2026-03-29 13:37:29
99,4256,1,2026-01-04 05:47:38,2026-03-29 13:37:29
14,4256,1,2026-01-04 05:47:38,2026-03-29 13:37:29
32,4257,1,2025-04-24 01:18:09,2026-07-03 10:04:59
28,4257,1,2025-04-24 01:18:09,2026-07-03 10:04:59
0,4258,1,2025-03-31 13:13:14,2025-11-17 08:34:34
1,4259,1,2024-01-21 23:28:42,2025-03-21 00:30:17
2,4259,1,2024-01-21 23:28:42,2025-03-21 00:30:17
14,4259,1,2024-01-21 23:28:42,2025-03-21 00:30:17
96,4260,1,2023-10-16 07:27:11,2025-01-14 22:33:39
33,4260,1,2023-10-16 07:27:11,2025-01-14 22:33:39
28,4260,1,2023-10-16 07:27:11,2025-01-14 22:33:39
97,4260,1,2023-10-16 07:27:11,2025-01-14 22:33:39
0,4261,1,2024-04-21 20:04:39,2025-06-22 17:52:55
1,4262,1,2026-03-29 03:27:18,2026-07-03 05:52:41
2,4262,1,2026-03-29 03:27:18,2026-07-03 05:52:41
13,4262,1,2026-03-29 03:27:18,2026-07-03 05:52:41
0,4263,1,2025-03-16 02:59:49,2025-05-27 07:13:57
99,4264,1,2024-04-28 06:39:06,2025-12-22 06:41:30
35,4264,1,2024-04-28 06:39:06,2025-12-22 06:41:30
28,4264,1,2024-04-28 06:39:06,2025-12-22 06:41:30
96,4264,1,2024-04-28 06:39:06,2025-12-22 06:41:30
28,4265,1,2026-05-17 03:30:13,2026-09-04 15:24:23
29,4265,1,2026-05-17 03:30:13,2026-09-04 15:24:23
0,4266,1,2024-09-18 14:55:24,2025-05-18 03:29:45
97,4266,1,2024-09-18 14:55:24,2025-05-18 03:29:45
96,4266,1,2024-09-18 14:55:24,2025-05-18 03:29:45
33,4267,1,2026-05-15 16:48:05,2026-09-05 23:20:39
28,4267,1,2026-05-15 16:48:05,2026-09-05 23:20:39
1,4268,0,2024-08-26 16:05:37,2025-06-25 23:02:07
2,4268,0,2024-08-26 16:05:37,2025-06-25 23:02:07
13,4268,0,2024-08-26 16:05:37,2025-06-25 23:02:07
26,4269,1,2026-07-28 13:20:57,2026-08-11 01:29:15
19,4269,1,2026-07-28 13:20:57,2026-08-11 01:29:15
21,4269,1,2026-07-28 13:20:57,2026-08-11 01:29:15
32,4270,1,2023-08-02 09:33:30,2024-05-16 22:24:11
28,4270,1,2023-08-02 09:33:30,2024-05-16 22:24:11
0,4271,1,2023-03-24 16:41:53,2024-11-14 13:52:31
96,4272,0,2024-05-22 15:18:48,2026-07-01 19:02:51
97,4272,0,2024-05-22 15:18:48,2026-07-01 19:02:51
19,4272,0,2024-05-22 15:18:48,2026-07-01 19:02:51
20,4272,0,2024-05-22 15:18:48,2026-07-01 19:02:51
24,4272,0,2024-05-22 15:18:48,2026-07-01 19:02:51
28,4273,1,2025-11-15 18:53:11,2026-09-12 23:36:28
29,4273,1,2025-11-15 18:53:11,2026-09-12 23:36:28
0,4274,0,2024-08-21 15:44:51,2025-10-31 21:08:56
1,4275,1,2025-09-16 20:35:17,2026-07-04 14:08:50
2,4275,1,2025-09-16 20:35:17,2026-07-04 14:08:50
13,4275,1,2025-09-16 20:35:17,2026-07-04 14:08:50
0,4276,1,2024-10-05 11:39:15,2026-09-16 13:35:44
0,4277,1,2024-07-05 16:16:05,2025-05-01 07:27:49
0,4278,1,2025-11-30 02:33:38,2026-06-16 05:03:06
97,4278,1,2025-11-30 02:33:38,2026-06-16 05:03:06
96,4278,1,2025-11-30 02:33:38,2026-06-16 05:03:06
26,4279,1,2024-01-23 16:16:56,2025-06-12 18:52:46
19,4279,1,2024-01-23 16:16:56,2025-06-12 18:52:46
21,4279,1,2024-01-23 16:16:56,2025-06-12 18:52:46
96,4280,1,2026-06-03 16:41:12,2026-08-08 18:44:45
99,4280,1,2026-06-03 16:41:12,2026-08-08 18:44:45
19,4280,1,2026-06-03 16:41:12,2026-08-08 18:44:45
20,4280,1,2026-06-03 16:41:12,2026-08-08 18:44:45
24,4280,1,2026-06-03 16:41:12,2026-08-08 18:44:45
26,4281,0,2024-05-11 07:59:29,2024-07-27 11:31:40
19,4281,0,2024-05-11 07:59:29,2024-07-27 11:31:40
21,4281,0,2024-05-11 07:59:29,2024-07-27 11:31:40
35,4282,0,2025-02-16 19:36:29,2026-02-21 09:02:16
28,4282,0,2025-02-16 19:36:29,2026-02-21 09:02:16
26,4283,1,2026-04-25 18:42:49,2026-06-18 23:38:35
19,4283,1,2026-04-25 18:42:49,2026-06-18 23:38:35
21,4283,1,2026-04-25 18:42:49,2026-06-18 23:38:35
96,4284,0,2025-08-14 07:19:54,2025-10-13 10:32:58
33,4284,0,2025-08-14 07:19:54,2025-10-13 10:32:58
28,4284,0,2025-08-14 07:19:54,2025-10-13 10:32:58
97,4284,0,2025-08-14 07:19:54,2025-10-13 10:32:58
0,4285,0,2024-02-20 04:35:41,2025-08-16 05:34:24
24,4286,1,2024-06-02 11:11:21,2024-12-25 14:48:33
19,4286,1,2024-06-02 11:11:21,2024-12-25 14:48:33
20,4286,1,2024-06-02 11:11:21,2024-12-25 14:48:33
0,4287,1,2023-12-01 20:59:13,2025-04-06 14:04:52
96,4288,1,2025-01-14 07:26:32,2026-08-05 12:57:22
99,4288,1,2025-01-14 07:26:32,2026-08-05 12:57:22
28,4288,1,2025-01-14 07:26:32,2026-08-05 12:57:22
29,4288,1,2025-01-14 07:26:32,2026-08-05 12:57:22
0,4289,1,2023-08-06 09:06:18,2024-01-22 07:02:17
96,4290,1,2026-07-02 15:37:08,2026-08-16 07:16:01
97,4290,1,2026-07-02 15:37:08,2026-08-16 07:16:01
19,4290,1,2026-07-02 15:37:08,2026-08-16 07:16:01
22,4290,1,2026-07-02 15:37:08,2026-08-16 07:16:01
27,4290,1,2026-07-02 15:37:08,2026-08-16 07:16:01
1,4291,1,2025-08-04 23:07:47,2025-11-11 00:46:02
4,4291,1,2025-08-04 23:07:47,2025-11-11 00:46:02
0,4292,1,2024-06-29 20:46:10,2026-03-10 08:37:58
0,4293,1,2024-06-11 18:53:39,2026-08-13 08:15:03
1,4294,1,2024-10-15 23:30:37,2025-10-05 20:47:46
2,4294,1,2024-10-15 23:30:37,2025-10-05 20:47:46
13,4294,1,2024-10-15 23:30:37,2025-10-05 20:47:46
24,4295,1,2026-03-07 00:42:32,2026-03-18 04:24:46
19,4295,1,2026-03-07 00:42:32,2026-03-18 04:24:46
20,4295,1,2026-03-07 00:42:32,2026-03-18 04:24:46
96,4296,1,2026-03-08 11:37:38,2026-08-19 15:45:01
33,4296,1,2026-03-08 11:37:38,2026-08-19 15:45:01
28,4296,1,2026-03-08 11:37:38,2026-08-19 15:45:01
97,4296,1,2026-03-08 11:37:38,2026-08-19 15:45:01
26,4297,1,2023-04-29 02:03:24,2026-08-11 06:43:28
19,4297,1,2023-04-29 02:03:24,2026-08-11 06:43:28
21,4297,1,2023-04-29 02:03:24,2026-08-11 06:43:28
24,4298,0,2023-11-11 17:49:37,2024-08-17 17:13:23
19,4298,0,2023-11-11 17:49:37,2024-08-17 17:13:23
20,4298,0,2023-11-11 17:49:37,2024-08-17 17:13:23
0,4299,1,2023-01-26 22:32:48,2025-10-01 01:22:12
0,4300,1,2024-05-28 22:52:20,2026-06-02 20:35:09
24,4301,1,2026-01-02 03:25:12,2026-07-26 04:51:28
19,4301,1,2026-01-02 03:25:12,2026-07-26 04:51:28
20,4301,1,2026-01-02 03:25:12,2026-07-26 04:51:28
0,4302,1,2026-03-10 21:24:36,2026-06-21 11:33:44
97,4302,1,2026-03-10 21:24:36,2026-06-21 11:33:44
96,4302,1,2026-03-10 21:24:36,2026-06-21 11:33:44
1,4303,1,2024-04-18 03:49:57,2024-08-03 01:46:36
3,4303,1,2024-04-18 03:49:57,2024-08-03 01:46:36
7,4303,1,2024-04-18 03:49:57,2024-08-03 01:46:36
15,4303,1,2024-04-18 03:49:57,2024-08-03 01:46:36
96,4304,1,2025-07-31 14:50:06,2026-01-19 13:14:21
99,4304,1,2025-07-31 14:50:06,2026-01-19 13:14:21
19,4304,1,2025-07-31 14:50:06,2026-01-19 13:14:21
20,4304,1,2025-07-31 14:50:06,2026-01-19 13:14:21
24,4304,1,2025-07-31 14:50:06,2026-01-19 13:14:21
28,4305,1,2023-11-12 11:28:20,2024-11-16 09:04:52
31,4305,1,2023-11-12 11:28:20,2024-11-16 09:04:52
1,4306,1,2025-12-24 06:39:59,2026-01-13 20:03:29
2,4306,1,2025-12-24 06:39:59,2026-01-13 20:03:29
13,4306,1,2025-12-24 06:39:59,2026-01-13 20:03:29
1,4307,1,2024-12-01 08:25:45,2025-11-15 01:53:54
2,4307,1,2024-12-01 08:25:45,2025-11-15 01:53:54
13,4307,1,2024-12-01 08:25:45,2025-11-15 01:53:54
0,4308,1,2024-11-15 19:33:44,2025-01-02 13:46:31
97,4308,1,2024-11-15 19:33:44,2025-01-02 13:46:31
96,4308,1,2024-11-15 19:33:44,2025-01-02 13:46:31
1,4309,1,2026-09-02 00:22:19,2026-09-07 03:58:10
4,4309,1,2026-09-02 00:22:19,2026-09-07 03:58:10
32,4310,0,2024-08-04 03:54:25,2025-05-26 20:20:17
28,4310,0,2024-08-04 03:54:25,2025-05-26 20:20:17
28,4311,0,2023-05-27 15:15:14,2025-07-02 09:16:32
29,4311,0,2023-05-27 15:15:14,2025-07-02 09:16:32
0,4312,1,2025-12-01 02:11:08,2026-04-14 21:57:47
99,4312,1,2025-12-01 02:11:08,2026-04-14 21:57:47
96,4312,1,2025-12-01 02:11:08,2026-04-14 21:57:47
24,4313,1,2024-01-20 05:49:43,2024-05-13 15:10:48
19,4313,1,2024-01-20 05:49:43,2024-05-13 15:10:48
20,4313,1,2024-01-20 05:49:43,2024-05-13 15:10:48
0,4314,0,2025-07-24 10:05:00,2026-02-09 13:57:34
97,4314,0,2025-07-24 10:05:00,2026-02-09 13:57:34
96,4314,0,2025-07-24 10:05:00,2026-02-09 13:57:34
1,4315,1,2026-07-10 07:22:11,2026-07-24 19:07:44
2,4315,1,2026-07-10 07:22:11,2026-07-24 19:07:44
14,4315,1,2026-07-10 07:22:11,2026-07-24 19:07:44
1,4316,1,2026-08-17 07:12:05,2026-09-04 20:29:37
3,4316,1,2026-08-17 07:12:05,2026-09-04 20:29:37
7,4316,1,2026-08-17 07:12:05,2026-09-04 20:29:37
15,4316,1,2026-08-17 07:12:05,2026-09-04 20:29:37
0,4317,1,2025-04-15 17:31:19,2026-09-01 01:43:24
1,4318,1,2024-09-29 22:53:03,2024-10-20 04:51:07
3,4318,1,2024-09-29 22:53:03,2024-10-20 04:51:07
7,4318,1,2024-09-29 22:53:03,2024-10-20 04:51:07
15,4318,1,2024-09-29 22:53:03,2024-10-20 04:51:07
24,4319,0,2026-08-30 02:44:57,2026-08-30 14:22:51
19,4319,0,2026-08-30 02:44:57,2026-08-30 14:22:51
20,4319,0,2026-08-30 02:44:57,2026-08-30 14:22:51
96,4320,0,2025-10-05 17:38:13,2025-11-01 03:28:22
1,4320,0,2025-10-05 17:38:13,2025-11-01 03:28:22
4,4320,0,2025-10-05 17:38:13,2025-11-01 03:28:22
97,4320,0,2025-10-05 17:38:13,2025-11-01 03:28:22
32,4321,1,2023-11-01 22:46:08,2024-05-31 02:45:20
28,4321,1,2023-11-01 22:46:08,2024-05-31 02:45:20
0,4322,0,2024-12-18 10:21:12,2025-12-14 13:26:48
0,4323,0,2024-12-22 00:36:46,2025-04-05 05:00:29
19,4324,0,2024-09-15 07:01:16,2025-05-10 21:34:20
27,4324,0,2024-09-15 07:01:16,2025-05-10 21:34:20
22,4324,0,2024-09-15 07:01:16,2025-05-10 21:34:20
26,4325,0,2024-07-16 08:58:16,2026-03-14 18:01:48
19,4325,0,2024-07-16 08:58:16,2026-03-14 18:01:48
21,4325,0,2024-07-16 08:58:16,2026-03-14 18:01:48
32,4326,1,2023-11-14 21:59:24,2025-06-09 04:44:53
97,4326,1,2023-11-14 21:59:24,2025-06-09 04:44:53
28,4326,1,2023-11-14 21:59:24,2025-06-09 04:44:53
96,4326,1,2023-11-14 21:59:24,2025-06-09 04:44:53
19,4327,0,2026-04-30 11:19:08,2026-09-07 14:45:57
27,4327,0,2026-04-30 11:19:08,2026-09-07 14:45:57
22,4327,0,2026-04-30 11:19:08,2026-09-07 14:45:57
0,4328,1,2024-12-26 10:06:42,2026-07-29 15:20:30
99,4328,1,2024-12-26 10:06:42,2026-07-29 15:20:30
96,4328,1,2024-12-26 10:06:42,2026-07-29 15:20:30
24,4329,1,2025-05-05 22:38:49,2025-08-15 11:24:05
19,4329,1,2025-05-05 22:38:49,2025-08-15 11:24:05
20,4329,1,2025-05-05 22:38:49,2025-08-15 11:24:05
1,4330,1,2024-12-01 19:13:38,2026-03-18 10:29:39
4,4330,1,2024-12-01 19:13:38,2026-03-18 10:29:39
0,4331,1,2025-04-14 06:33:45,2025-10-13 22:56:39
0,4332,1,2023-08-13 14:54:15,2023-10-08 16:40:48
97,4332,1,2023-08-13 14:54:15,2023-10-08 16:40:48
96,4332,1,2023-08-13 14:54:15,2023-10-08 16:40:48
24,4333,0,2023-07-11 05:04:47,2024-02-27 05:09:39
19,4333,0,2023-07-11 05:04:47,2024-02-27 05:09:39
20,4333,0,2023-07-11 05:04:47,2024-02-27 05:09:39
19,4334,0,2025-06-12 12:51:42,2025-11-06 10:51:22
27,4334,0,2025-06-12 12:51:42,2025-11-06 10:51:22
22,4334,0,2025-06-12 12:51:42,2025-11-06 10:51:22
28,4335,1,2026-04-02 20:25:19,2026-07-19 15:26:10
31,4335,1,2026-04-02 20:25:19,2026-07-19 15:26:10
0,4336,1,2025-03-11 22:56:45,2026-03-17 19:05:48
99,4336,1,2025-03-11 22:56:45,2026-03-17 19:05:48
96,4336,1,2025-03-11 22:56:45,2026-03-17 19:05:48
0,4337,1,2023-03-24 17:47:57,2023-10-21 14:58:48
0,4338,1,2023-06-26 16:23:58,2024-04-11 02:02:18
97,4338,1,2023-06-26 16:23:58,2024-04-11 02:02:18
96,4338,1,2023-06-26 16:23:58,2024-04-11 02:02:18
35,4339,1,2024-12-03 05:55:49,2025-05-31 11:34:34
28,4339,1,2024-12-03 05:55:49,2025-05-31 11:34:34
32,4340,1,2025-03-04 07:39:00,2026-02-02 11:25:12
28,4340,1,2025-03-04 07:39:00,2026-02-02 11:25:12
1,4341,1,2024-08-03 05:53:49,2026-05-14 23:20:44
3,4341,1,2024-08-03 05:53:49,2026-05-14 23:20:44
7,4341,1,2024-08-03 05:53:49,2026-05-14 23:20:44
15,4341,1,2024-08-03 05:53:49,2026-05-14 23:20:44
0,4342,0,2023-05-03 12:46:12,2025-04-15 01:36:18
1,4343,1,2023-11-17 14:59:41,2025-05-13 22:19:40
2,4343,1,2023-11-17 14:59:41,2025-05-13 22:19:40
14,4343,1,2023-11-17 14:59:41,2025-05-13 22:19:40
0,4344,0,2023-08-07 14:30:59,2025-07-21 07:12:22
97,4344,0,2023-08-07 14:30:59,2025-07-21 07:12:22
96,4344,0,2023-08-07 14:30:59,2025-07-21 07:12:22
0,4345,1,2025-07-07 21:37:07,2026-04-23 17:49:21
0,4346,1,2023-11-06 20:40:43,2026-04-20 14:33:08
1,4347,0,2025-04-14 08:48:17,2025-12-15 08:43:20
4,4347,0,2025-04-14 08:48:17,2025-12-15 08:43:20
1,4348,0,2025-09-26 04:50:29,2026-09-16 21:21:53
3,4348,0,2025-09-26 04:50:29,2026-09-16 21:21:53
7,4348,0,2025-09-26 04:50:29,2026-09-16 21:21:53
15,4348,0,2025-09-26 04:50:29,2026-09-16 21:21:53
0,4349,1,2026-04-25 22:40:46,2026-08-19 02:16:52
0,4350,1,2023-06-28 05:31:20,2023-06-30 09:36:03
97,4350,1,2023-06-28 05:31:20,2023-06-30 09:36:03
96,4350,1,2023-06-28 05:31:20,2023-06-30 09:36:03
1,4351,0,2024-10-07 16:53:17,2026-01-25 12:15:52
4,4351,0,2024-10-07 16:53:17,2026-01-25 12:15:52
0,4352,0,2024-01-17 05:55:05,2025-08-13 13:44:25
99,4352,0,2024-01-17 05:55:05,2025-08-13 13:44:25
96,4352,0,2024-01-17 05:55:05,2025-08-13 13:44:25
0,4353,1,2023-06-06 12:03:46,2023-10-22 23:54:34
1,4354,1,2023-03-24 15:50:09,2025-12-17 13:34:15
3,4354,1,2023-03-24 15:50:09,2025-12-17 13:34:15
7,4354,1,2023-03-24 15:50:09,2025-12-17 13:34:15
15,4354,1,2023-03-24 15:50:09,2025-12-17 13:34:15
24,4355,1,2024-05-17 06:46:43,2025-08-01 04:48:55
19,4355,1,2024-05-17 06:46:43,2025-08-01 04:48:55
20,4355,1,2024-05-17 06:46:43,2025-08-01 04:48:55
96,4356,1,2026-05-16 22:55:27,2026-07-31 13:35:43
97,4356,1,2026-05-16 22:55:27,2026-07-31 13:35:43
19,4356,1,2026-05-16 22:55:27,2026-07-31 13:35:43
21,4356,1,2026-05-16 22:55:27,2026-07-31 13:35:43
26,4356,1,2026-05-16 22:55:27,2026-07-31 13:35:43
0,4357,1,2026-07-23 12:13:47,2026-07-31 14:28:21
0,4358,1,2026-05-29 23:47:00,2026-08-04 02:43:32
0,4359,1,2025-06-05 12:30:32,2026-07-18 16:20:33
96,4360,1,2023-07-27 07:48:40,2023-11-20 03:33:29
99,4360,1,2023-07-27 07:48:40,2023-11-20 03:33:29
19,4360,1,2023-07-27 07:48:40,2023-11-20 03:33:29
20,4360,1,2023-07-27 07:48:40,2023-11-20 03:33:29
24,4360,1,2023-07-27 07:48:40,2023-11-20 03:33:29
0,4361,1,2024-03-28 03:41:47,2024-09-09 21:32:21
0,4362,0,2024-06-08 04:29:13,2026-04-16 16:18:52
97,4362,0,2024-06-08 04:29:13,2026-04-16 16:18:52
96,4362,0,2024-06-08 04:29:13,2026-04-16 16:18:52
0,4363,1,2025-11-13 04:41:38,2026-01-28 17:24:55
26,4364,0,2026-05-27 22:47:36,2026-06-10 00:36:24
19,4364,0,2026-05-27 22:47:36,2026-06-10 00:36:24
21,4364,0,2026-05-27 22:47:36,2026-06-10 00:36:24
1,4365,0,2023-06-03 15:24:17,2026-04-04 18:19:24
3,4365,0,2023-06-03 15:24:17,2026-04-04 18:19:24
7,4365,0,2023-06-03 15:24:17,2026-04-04 18:19:24
15,4365,0,2023-06-03 15:24:17,2026-04-04 18:19:24
0,4366,1,2023-10-04 00:21:26,2025-01-18 06:57:36
32,4367,1,2023-09-06 14:26:23,2026-02-08 17:34:17
28,4367,1,2023-09-06 14:26:23,2026-02-08 17:34:17
96,4368,1,2026-03-12 18:16:44,2026-03-29 02:10:12
97,4368,1,2026-03-12 18:16:44,2026-03-29 02:10:12
19,4368,1,2026-03-12 18:16:44,2026-03-29 02:10:12
20,4368,1,2026-03-12 18:16:44,2026-03-29 02:10:12
24,4368,1,2026-03-12 18:16:44,2026-03-29 02:10:12
28,4369,1,2025-06-20 18:09:08,2025-09-22 17:42:07
31,4369,1,2025-06-20 18:09:08,2025-09-22 17:42:07
1,4370,1,2026-07-11 13:42:54,2026-07-27 07:52:40
2,4370,1,2026-07-11 13:42:54,2026-07-27 07:52:40
14,4370,1,2026-07-11 13:42:54,2026-07-27 07:52:40
1,4371,0,2025-10-01 11:04:27,2026-01-27 00:41:07
2,4371,0,2025-10-01 11:04:27,2026-01-27 00:41:07
13,4371,0,2025-10-01 11:04:27,2026-01-27 00:41:07
1,4372,1,2025-04-24 16:48:35,2025-06-21 06:11:13
2,4372,1,2025-04-24 16:48:35,2025-06-21 06:11:13
14,4372,1,2025-04-24 16:48:35,2025-06-21 06:11:13
35,4373,1,2025-11-03 17:46:06,2026-03-10 17:09:05
28,4373,1,2025-11-03 17:46:06,2026-03-10 17:09:05
0,4374,1,2024-05-01 18:42:52,2025-02-23 02:12:15
97,4374,1,2024-05-01 18:42:52,2025-02-23 02:12:15
96,4374,1,2024-05-01 18:42:52,2025-02-23 02:12:15
33,4375,1,2023-04-06 17:58:06,2025-06-18 11:22:53
28,4375,1,2023-04-06 17:58:06,2025-06-18 11:22:53
96,4376,0,2026-04-07 06:34:07,2026-05-10 10:40:21
1,4376,0,2026-04-07 06:34:07,2026-05-10 10:40:21
99,4376,0,2026-04-07 06:34:07,2026-05-10 10:40:21
3,4376,0,2026-04-07 06:34:07,2026-05-10 10:40:21
7,4376,0,2026-04-07 06:34:07,2026-05-10 10:40:21
15,4376,0,2026-04-07 06:34:07,2026-05-10 10:40:21
0,4377,1,2026-02-03 18:26:38,2026-03-24 11:06:35
24,4378,1,2025-09-05 06:06:25,2025-12-08 12:11:56
19,4378,1,2025-09-05 06:06:25,2025-12-08 12:11:56
20,4378,1,2025-09-05 06:06:25,2025-12-08 12:11:56
0,4379,1,2023-09-04 21:11:25,2024-09-14 09:58:11
96,4380,1,2023-02-16 00:58:41,2024-06-13 01:32:28
97,4380,1,2023-02-16 00:58:41,2024-06-13 01:32:28
35,4380,1,2023-02-16 00:58:41,2024-06-13 01:32:28
28,4380,1,2023-02-16 00:58:41,2024-06-13 01:32:28
33,4381,1,2026-01-05 08:23:33,2026-06-07 19:21:19
28,4381,1,2026-01-05 08:23:33,2026-06-07 19:21:19
0,4382,1,2023-03-03 16:45:54,2025-01-28 22:02:11
1,4383,1,2025-12-21 19:02:33,2026-01-04 16:40:52
3,4383,1,2025-12-21 19:02:33,2026-01-04 16:40:52
7,4383,1,2025-12-21 19:02:33,2026-01-04 16:40:52
15,4383,1,2025-12-21 19:02:33,2026-01-04 16:40:52
0,4384,1,2026-05-25 01:59:27,2026-08-22 18:50:36
99,4384,1,2026-05-25 01:59:27,2026-08-22 18:50:36
96,4384,1,2026-05-25 01:59:27,2026-08-22 18:50:36
33,4385,1,2024-11-09 15:37:11,2026-06-11 06:20:01
28,4385,1,2024-11-09 15:37:11,2026-06-11 06:20:01
96,4386,1,2026-03-14 21:34:59,2026-08-02 11:17:08
97,4386,1,2026-03-14 21:34:59,2026-08-02 11:17:08
35,4386,1,2026-03-14 21:34:59,2026-08-02 11:17:08
28,4386,1,2026-03-14 21:34:59,2026-08-02 11:17:08
0,4387,1,2026-06-04 10:15:31,2026-07-07 07:03:53
28,4388,1,2026-04-22 03:07:53,2026-07-20 08:11:01
29,4388,1,2026-04-22 03:07:53,2026-07-20 08:11:01
35,4389,1,2024-03-01 22:48:47,2024-12-07 13:46:11
28,4389,1,2024-03-01 22:48:47,2024-12-07 13:46:11
0,4390,0,2024-07-24 10:47:40,2025-07-24 22:05:49
24,4391,1,2025-11-13 17:46:12,2025-12-15 03:34:45
19,4391,1,2025-11-13 17:46:12,2025-12-15 03:34:45
20,4391,1,2025-11-13 17:46:12,2025-12-15 03:34:45
96,4392,1,2026-06-20 04:58:24,2026-08-04 18:28:54
97,4392,1,2026-06-20 04:58:24,2026-08-04 18:28:54
28,4392,1,2026-06-20 04:58:24,2026-08-04 18:28:54
31,4392,1,2026-06-20 04:58:24,2026-08-04 18:28:54
1,4393,1,2025-05-29 18:46:27,2026-01-04 05:56:12
2,4393,1,2025-05-29 18:46:27,2026-01-04 05:56:12
13,4393,1,2025-05-29 18:46:27,2026-01-04 05:56:12
32,4394,1,2024-08-10 00:33:57,2025-09-05 22:24:34
28,4394,1,2024-08-10 00:33:57,2025-09-05 22:24:34
26,4395,1,2026-06-15 04:34:55,2026-07-16 18:42:50
19,4395,1,2026-06-15 04:34:55,2026-07-16 18:42:50
21,4395,1,2026-06-15 04:34:55,2026-07-16 18:42:50
32,4396,1,2024-03-07 17:00:40,2024-11-28 20:05:37
28,4396,1,2024-03-07 17:00:40,2024-11-28 20:05:37
24,4397,1,2026-01-04 19:29:00,2026-01-18 05:41:22
19,4397,1,2026-01-04 19:29:00,2026-01-18 05:41:22
20,4397,1,2026-01-04 19:29:00,2026-01-18 05:41:22
96,4398,1,2025-10-21 09:58:21,2026-07-15 21:43:23
1,4398,1,2025-10-21 09:58:21,2026-07-15 21:43:23
97,4398,1,2025-10-21 09:58:21,2026-07-15 21:43:23
3,4398,1,2025-10-21 09:58:21,2026-07-15 21:43:23
7,4398,1,2025-10-21 09:58:21,2026-07-15 21:43:23
15,4398,1,2025-10-21 09:58:21,2026-07-15 21:43:23
0,4399,1,2025-11-10 17:31:34,2026-02-08 04:56:23
96,4400,1,2026-02-14 04:33:34,2026-02-26 00:16:00
99,4400,1,2026-02-14 04:33:34,2026-02-26 00:16:00
19,4400,1,2026-02-14 04:33:34,2026-02-26 00:16:00
21,4400,1,2026-02-14 04:33:34,2026-02-26 00:16:00
26,4400,1,2026-02-14 04:33:34,2026-02-26 00:16:00
0,4401,1,2023-08-07 12:26:18,2024-08-10 02:03:13
0,4402,1,2026-09-10 23:22:22,2026-09-16 19:15:41
0,4403,0,2023-06-24 01:02:15,2024-01-27 09:54:59
96,4404,1,2025-11-14 04:20:13,2026-05-05 06:31:02
97,4404,1,2025-11-14 04:20:13,2026-05-05 06:31:02
28,4404,1,2025-11-14 04:20:13,2026-05-05 06:31:02
29,4404,1,2025-11-14 04:20:13,2026-05-05 06:31:02
1,4405,1,2026-03-09 20:22:04,2026-05-10 10:30:16
3,4405,1,2026-03-09 20:22:04,2026-05-10 10:30:16
7,4405,1,2026-03-09 20:22:04,2026-05-10 10:30:16
15,4405,1,2026-03-09 20:22:04,2026-05-10 10:30:16
32,4406,1,2023-05-17 04:55:47,2024-09-03 06:28:21
28,4406,1,2023-05-17 04:55:47,2024-09-03 06:28:21
0,4407,0,2024-09-17 15:36:24,2025-01-21 11:01:09
0,4408,1,2025-11-11 23:38:27,2025-11-22 05:12:43
99,4408,1,2025-11-11 23:38:27,2025-11-22 05:12:43
96,4408,1,2025-11-11 23:38:27,2025-11-22 05:12:43
1,4409,1,2025-04-29 22:55:08,2026-02-13 01:39:32
2,4409,1,2025-04-29 22:55:08,2026-02-13 01:39:32
13,4409,1,2025-04-29 22:55:08,2026-02-13 01:39:32
96,4410,1,2023-04-28 18:07:50,2026-04-30 03:26:55
97,4410,1,2023-04-28 18:07:50,2026-04-30 03:26:55
19,4410,1,2023-04-28 18:07:50,2026-04-30 03:26:55
20,4410,1,2023-04-28 18:07:50,2026-04-30 03:26:55
24,4410,1,2023-04-28 18:07:50,2026-04-30 03:26:55
0,4411,1,2024-10-18 13:47:03,2024-12-06 06:14:44
26,4412,1,2023-10-13 09:27:26,2024-01-21 04:09:27
19,4412,1,2023-10-13 09:27:26,2024-01-21 04:09:27
21,4412,1,2023-10-13 09:27:26,2024-01-21 04:09:27
1,4413,1,2023-11-22 15:21:57,2024-06-09 00:56:35
2,4413,1,2023-11-22 15:21:57,2024-06-09 00:56:35
14,4413,1,2023-11-22 15:21:57,2024-06-09 00:56:35
1,4414,1,2026-01-30 01:30:19,2026-04-19 15:35:55
2,4414,1,2026-01-30 01:30:19,2026-04-19 15:35:55
13,4414,1,2026-01-30 01:30:19,2026-04-19 15:35:55
1,4415,1,2026-06-04 04:43:50,2026-06-08 05:42:55
2,4415,1,2026-06-04 04:43:50,2026-06-08 05:42:55
14,4415,1,2026-06-04 04:43:50,2026-06-08 05:42:55
96,4416,1,2023-11-06 13:36:38,2024-05-14 00:33:39
1,4416,1,2023-11-06 13:36:38,2024-05-14 00:33:39
2,4416,1,2023-11-06 13:36:38,2024-05-14 00:33:39
97,4416,1,2023-11-06 13:36:38,2024-05-14 00:33:39
14,4416,1,2023-11-06 13:36:38,2024-05-14 00:33:39
0,4417,1,2026-01-24 15:34:10,2026-07-27 02:16:05
33,4418,1,2026-03-18 21:12:23,2026-09-02 00:00:37
28,4418,1,2026-03-18 21:12:23,2026-09-02 00:00:37
0,4419,0,2026-05-28 21:39:26,2026-09-14 12:11:40
32,4420,1,2024-07-30 10:19:05,2024-11-06 04:17:32
28,4420,1,2024-07-30 10:19:05,2024-11-06 04:17:32
28,4421,0,2025-04-14 06:28:52,2025-06-18 12:48:45
31,4421,0,2025-04-14 06:28:52,2025-06-18 12:48:45
96,4422,1,2023-03-06 19:25:29,2024-05-11 06:08:09
97,4422,1,2023-03-06 19:25:29,2024-05-11 06:08:09
35,4422,1,2023-03-06 19:25:29,2024-05-11 06:08:09
28,4422,1,2023-03-06 19:25:29,2024-05-11 06:08:09
28,4423,1,2024-05-10 16:21:21,2025-10-23 07:28:39
29,4423,1,2024-05-10 16:21:21,2025-10-23 07:28:39
96,4424,1,2026-07-10 17:13:57,2026-08-01 09:40:03
99,4424,1,2026-07-10 17:13:57,2026-08-01 09:40:03
28,4424,1,2026-07-10 17:13:57,2026-08-01 09:40:03
29,4424,1,2026-07-10 17:13:57,2026-08-01 09:40:03
0,4425,0,2025-10-18 02:41:19,2026-03-23 12:29:41
1,4426,1,2025-03-03 06:07:56,2025-11-15 16:50:13
2,4426,1,2025-03-03 06:07:56,2025-11-15 16:50:13
14,4426,1,2025-03-03 06:07:56,2025-11-15 16:50:13
0,4427,1,2023-02-21 05:08:35,2024-09-05 02:11:18
0,4428,1,2024-11-27 00:49:26,2025-01-29 01:34:22
97,4428,1,2024-11-27 00:49:26,2025-01-29 01:34:22
96,4428,1,2024-11-27 00:49:26,2025-01-29 01:34:22
32,4429,1,2024-12-09 12:08:29,2024-12-16 01:20:49
28,4429,1,2024-12-09 12:08:29,2024-12-16 01:20:49
33,4430,1,2025-05-18 06:07:34,2025-12-21 01:01:12
28,4430,1,2025-05-18 06:07:34,2025-12-21 01:01:12
0,4431,1,2025-11-12 15:57:18,2026-03-16 18:56:27
0,4432,0,2025-03-27 13:01:47,2026-05-19 10:56:44
99,4432,0,2025-03-27 13:01:47,2026-05-19 10:56:44
96,4432,0,2025-03-27 13:01:47,2026-05-19 10:56:44
24,4433,1,2026-03-30 04:04:55,2026-04-05 05:52:26
19,4433,1,2026-03-30 04:04:55,2026-04-05 05:52:26
20,4433,1,2026-03-30 04:04:55,2026-04-05 05:52:26
0,4434,0,2024-04-27 02:53:53,2026-06-04 06:49:12
97,4434,0,2024-04-27 02:53:53,2026-06-04 06:49:12
96,4434,0,2024-04-27 02:53:53,2026-06-04 06:49:12
24,4435,1,2025-11-04 17:41:41,2026-05-14 17:25:42
19,4435,1,2025-11-04 17:41:41,2026-05-14 17:25:42
20,4435,1,2025-11-04 17:41:41,2026-05-14 17:25:42
35,4436,1,2025-05-07 10:15:12,2026-04-04 11:51:59
28,4436,1,2025-05-07 10:15:12,2026-04-04 11:51:59
26,4437,1,2024-11-04 06:27:37,2025-02-10 04:49:01
19,4437,1,2024-11-04 06:27:37,2025-02-10 04:49:01
21,4437,1,2024-11-04 06:27:37,2025-02-10 04:49:01
1,4438,1,2023-05-08 15:18:17,2023-11-03 06:05:01
2,4438,1,2023-05-08 15:18:17,2023-11-03 06:05:01
14,4438,1,2023-05-08 15:18:17,2023-11-03 06:05:01
1,4439,1,2023-09-01 22:30:33,2025-01-20 19:50:28
2,4439,1,2023-09-01 22:30:33,2025-01-20 19:50:28
13,4439,1,2023-09-01 22:30:33,2025-01-20 19:50:28
0,4440,1,2024-12-21 03:32:45,2025-06-28 21:08:31
97,4440,1,2024-12-21 03:32:45,2025-06-28 21:08:31
96,4440,1,2024-12-21 03:32:45,2025-06-28 21:08:31
33,4441,0,2025-01-20 03:14:34,2026-06-14 15:36:58
28,4441,0,2025-01-20 03:14:34,2026-06-14 15:36:58
0,4442,1,2026-05-24 19:07:58,2026-07-07 23:43:51
28,4443,0,2023-09-07 20:41:36,2024-11-21 11:10:43
29,4443,0,2023-09-07 20:41:36,2024-11-21 11:10:43
0,4444,1,2023-04-02 22:40:59,2023-08-25 19:05:28
28,4445,1,2024-07-09 00:06:24,2026-02-17 16:35:22
29,4445,1,2024-07-09 00:06:24,2026-02-17 16:35:22
0,4446,0,2023-05-06 07:44:08,2025-05-12 15:12:27
97,4446,0,2023-05-06 07:44:08,2025-05-12 15:12:27
96,4446,0,2023-05-06 07:44:08,2025-05-12 15:12:27
0,4447,1,2023-11-04 06:54:29,2024-07-01 09:12:41
96,4448,1,2023-11-23 04:48:21,2025-07-05 10:05:23
99,4448,1,2023-11-23 04:48:21,2025-07-05 10:05:23
19,4448,1,2023-11-23 04:48:21,2025-07-05 10:05:23
20,4448,1,2023-11-23 04:48:21,2025-07-05 10:05:23
24,4448,1,2023-11-23 04:48:21,2025-07-05 10:05:23
33,4449,1,2024-02-05 12:45:56,2024-07-24 04:48:33
28,4449,1,2024-02-05 12:45:56,2024-07-24 04:48:33
24,4450,1,2023-01-18 23:44:41,2025-02-16 07:32:15
19,4450,1,2023-01-18 23:44:41,2025-02-16 07:32:15
20,4450,1,2023-01-18 23:44:41,2025-02-16 07:32:15
1,4451,1,2026-09-15 06:34:28,2026-09-15 15:56:18
4,4451,1,2026-09-15 06:34:28,2026-09-15 15:56:18
0,4452,1,2025-10-12 22:21:32,2026-01-15 19:48:36
97,4452,1,2025-10-12 22:21:32,2026-01-15 19:48:36
96,4452,1,2025-10-12 22:21:32,2026-01-15 19:48:36
0,4453,1,2023-07-06 06:54:30,2024-01-14 10:32:18
26,4454,1,2026-05-15 11:51:34,2026-06-01 01:15:06
19,4454,1,2026-05-15 11:51:34,2026-06-01 01:15:06
21,4454,1,2026-05-15 11:51:34,2026-06-01 01:15:06
35,4455,1,2025-04-11 13:59:39,2025-08-09 08:56:01
28,4455,1,2025-04-11 13:59:39,2025-08-09 08:56:01
96,4456,1,2026-08-15 18:45:25,2026-09-14 11:50:10
99,4456,1,2026-08-15 18:45:25,2026-09-14 11:50:10
19,4456,1,2026-08-15 18:45:25,2026-09-14 11:50:10
22,4456,1,2026-08-15 18:45:25,2026-09-14 11:50:10
27,4456,1,2026-08-15 18:45:25,2026-09-14 11:50:10
32,4457,1,2024-06-23 13:40:40,2026-01-20 00:36:42
28,4457,1,2024-06-23 13:40:40,2026-01-20 00:36:42
32,4458,1,2025-09-28 17:21:27,2025-12-04 06:52:23
97,4458,1,2025-09-28 17:21:27,2025-12-04 06:52:23
28,4458,1,2025-09-28 17:21:27,2025-12-04 06:52:23
96,4458,1,2025-09-28 17:21:27,2025-12-04 06:52:23
28,4459,1,2023-03-12 19:00:55,2025-04-22 23:17:19
29,4459,1,2023-03-12 19:00:55,2025-04-22 23:17:19
28,4460,1,2026-05-09 16:17:12,2026-07-05 21:38:35
29,4460,1,2026-05-09 16:17:12,2026-07-05 21:38:35
33,4461,1,2024-03-19 03:47:38,2025-05-17 23:35:45
28,4461,1,2024-03-19 03:47:38,2025-05-17 23:35:45
32,4462,1,2026-06-07 05:10:02,2026-06-17 11:33:28
28,4462,1,2026-06-07 05:10:02,2026-06-17 11:33:28
0,4463,1,2023-07-15 14:06:48,2026-09-09 19:16:27
0,4464,1,2026-05-04 16:47:15,2026-08-21 22:05:49
97,4464,1,2026-05-04 16:47:15,2026-08-21 22:05:49
96,4464,1,2026-05-04 16:47:15,2026-08-21 22:05:49
24,4465,1,2023-07-08 09:46:24,2023-08-11 19:11:11
19,4465,1,2023-07-08 09:46:24,2023-08-11 19:11:11
20,4465,1,2023-07-08 09:46:24,2023-08-11 19:11:11
0,4466,1,2026-02-09 18:50:11,2026-04-27 17:24:23
0,4467,0,2026-08-20 07:37:20,2026-08-31 02:54:53
33,4468,1,2023-07-31 09:16:41,2025-02-10 12:15:44
28,4468,1,2023-07-31 09:16:41,2025-02-10 12:15:44
1,4469,1,2023-12-05 00:57:46,2024-06-26 14:57:15
4,4469,1,2023-12-05 00:57:46,2024-06-26 14:57:15
0,4470,0,2025-02-28 22:49:58,2026-04-17 12:26:34
97,4470,0,2025-02-28 22:49:58,2026-04-17 12:26:34
96,4470,0,2025-02-28 22:49:58,2026-04-17 12:26:34
0,4471,1,2024-10-25 21:52:17,2025-01-04 10:36:22
0,4472,1,2025-07-28 01:16:46,2026-04-29 06:44:03
99,4472,1,2025-07-28 01:16:46,2026-04-29 06:44:03
96,4472,1,2025-07-28 01:16:46,2026-04-29 06:44:03
0,4473,1,2026-02-01 06:06:41,2026-03-15 15:52:44
0,4474,0,2023-12-22 02:08:47,2024-07-15 06:24:33
24,4475,1,2024-09-04 06:32:25,2026-07-06 04:38:58
19,4475,1,2024-09-04 06:32:25,2026-07-06 04:38:58
20,4475,1,2024-09-04 06:32:25,2026-07-06 04:38:58
96,4476,1,2026-01-08 17:03:54,2026-01-20 12:24:23
33,4476,1,2026-01-08 17:03:54,2026-01-20 12:24:23
28,4476,1,2026-01-08 17:03:54,2026-01-20 12:24:23
97,4476,1,2026-01-08 17:03:54,2026-01-20 12:24:23
0,4477,1,2023-05-06 11:16:56,2024-01-15 06:10:41
35,4478,1,2024-06-28 00:57:44,2024-07-08 05:09:17
28,4478,1,2024-06-28 00:57:44,2024-07-08 05:09:17
33,4479,1,2025-11-21 01:19:40,2026-07-26 05:17:37
28,4479,1,2025-11-21 01:19:40,2026-07-26 05:17:37
96,4480,1,2025-01-31 18:14:58,2026-02-09 18:25:02
1,4480,1,2025-01-31 18:14:58,2026-02-09 18:25:02
99,4480,1,2025-01-31 18:14:58,2026-02-09 18:25:02
3,4480,1,2025-01-31 18:14:58,2026-02-09 18:25:02
7,4480,1,2025-01-31 18:14:58,2026-02-09 18:25:02
15,4480,1,2025-01-31 18:14:58,2026-02-09 18:25:02
0,4481,1,2026-03-14 04:54:31,2026-04-27 17:13:45
0,4482,0,2024-10-11 16:46:02,2026-06-01 13:41:50
97,4482,0,2024-10-11 16:46:02,2026-06-01 13:41:50
96,4482,0,2024-10-11 16:46:02,2026-06-01 13:41:50
32,4483,1,2024-08-12 07:23:44,2024-08-13 09:46:34
28,4483,1,2024-08-12 07:23:44,2024-08-13 09:46:34
0,4484,1,2025-12-18 14:37:12,2026-07-09 07:18:50
24,4485,1,2023-12-03 10:32:28,2026-01-13 01:32:36
19,4485,1,2023-12-03 10:32:28,2026-01-13 01:32:36
20,4485,1,2023-12-03 10:32:28,2026-01-13 01:32:36
24,4486,1,2023-10-09 23:22:32,2023-10-16 15:44:38
19,4486,1,2023-10-09 23:22:32,2023-10-16 15:44:38
20,4486,1,2023-10-09 23:22:32,2023-10-16 15:44:38
35,4487,1,2025-10-30 10:54:06,2026-09-09 23:42:59
28,4487,1,2025-10-30 10:54:06,2026-09-09 23:42:59
32,4488,1,2026-08-13 09:57:43,2026-08-24 11:17:34
97,4488,1,2026-08-13 09:57:43,2026-08-24 11:17:34
28,4488,1,2026-08-13 09:57:43,2026-08-24 11:17:34
96,4488,1,2026-08-13 09:57:43,2026-08-24 11:17:34
1,4489,1,2026-02-26 18:37:44,2026-06-27 16:32:10
4,4489,1,2026-02-26 18:37:44,2026-06-27 16:32:10
28,4490,1,2025-07-31 05:20:44,2025-08-21 00:56:25
29,4490,1,2025-07-31 05:20:44,2025-08-21 00:56:25
28,4491,1,2023-08-23 04:07:07,2024-05-17 15:22:19
29,4491,1,2023-08-23 04:07:07,2024-05-17 15:22:19
1,4492,0,2025-06-26 17:53:39,2026-01-29 15:59:15
2,4492,0,2025-06-26 17:53:39,2026-01-29 15:59:15
13,4492,0,2025-06-26 17:53:39,2026-01-29 15:59:15
0,4493,1,2023-07-24 03:07:45,2024-07-22 12:48:05
96,4494,1,2024-07-14 10:47:41,2026-06-06 11:29:01
97,4494,1,2024-07-14 10:47:41,2026-06-06 11:29:01
28,4494,1,2024-07-14 10:47:41,2026-06-06 11:29:01
31,4494,1,2024-07-14 10:47:41,2026-06-06 11:29:01
0,4495,0,2025-03-27 18:18:21,2026-05-19 23:20:55
0,4496,1,2024-12-23 03:07:25,2025-09-10 06:43:21
99,4496,1,2024-12-23 03:07:25,2025-09-10 06:43:21
96,4496,1,2024-12-23 03:07:25,2025-09-10 06:43:21
1,4497,1,2025-03-08 06:51:27,2026-07-06 22:47:57
2,4497,1,2025-03-08 06:51:27,2026-07-06 22:47:57
13,4497,1,2025-03-08 06:51:27,2026-07-06 22:47:57
35,4498,1,2024-05-19 03:47:57,2025-10-30 09:05:18
28,4498,1,2024-05-19 03:47:57,2025-10-30 09:05:18
35,4499,1,2024-06-04 19:19:24,2024-08-10 17:59:20
28,4499,1,2024-06-04 19:19:24,2024-08-10 17:59:20
96,4500,1,2025-11-17 22:09:12,2026-04-19 16:24:17
1,4500,1,2025-11-17 22:09:12,2026-04-19 16:24:17
2,4500,1,2025-11-17 22:09:12,2026-04-19 16:24:17
97,4500,1,2025-11-17 22:09:12,2026-04-19 16:24:17
14,4500,1,2025-11-17 22:09:12,2026-04-19 16:24:17
33,4501,0,2023-07-13 22:22:18,2024-10-03 09:00:18
28,4501,0,2023-07-13 22:22:18,2024-10-03 09:00:18
33,4502,1,2023-03-13 10:26:32,2026-02-04 20:27:44
28,4502,1,2023-03-13 10:26:32,2026-02-04 20:27:44
24,4503,1,2025-10-26 00:01:34,2026-01-09 02:26:50
19,4503,1,2025-10-26 00:01:34,2026-01-09 02:26:50
20,4503,1,2025-10-26 00:01:34,2026-01-09 02:26:50
96,4504,1,2024-11-28 16:52:21,2025-06-15 20:41:42
1,4504,1,2024-11-28 16:52:21,2025-06-15 20:41:42
2,4504,1,2024-11-28 16:52:21,2025-06-15 20:41:42
99,4504,1,2024-11-28 16:52:21,2025-06-15 20:41:42
14,4504,1,2024-11-28 16:52:21,2025-06-15 20:41:42
0,4505,1,2025-04-07 19:53:37,2025-12-08 05:40:59
0,4506,1,2024-12-12 01:25:13,2026-04-24 00:30:36
97,4506,1,2024-12-12 01:25:13,2026-04-24 00:30:36
96,4506,1,2024-12-12 01:25:13,2026-04-24 00:30:36
33,4507,0,2024-11-30 01:50:10,2026-01-21 22:25:05
28,4507,0,2024-11-30 01:50:10,2026-01-21 22:25:05
24,4508,1,2024-03-09 00:10:02,2026-08-19 05:23:08
19,4508,1,2024-03-09 00:10:02,2026-08-19 05:23:08
20,4508,1,2024-03-09 00:10:02,2026-08-19 05:23:08
24,4509,0,2025-03-21 04:18:34,2025-07-13 12:41:07
19,4509,0,2025-03-21 04:18:34,2025-07-13 12:41:07
20,4509,0,2025-03-21 04:18:34,2025-07-13 12:41:07
0,4510,1,2023-03-03 00:22:21,2025-03-21 12:15:51
32,4511,1,2024-08-02 20:30:38,2025-06-04 19:34:01
28,4511,1,2024-08-02 20:30:38,2025-06-04 19:34:01
32,4512,1,2025-11-04 01:25:54,2026-08-12 17:23:07
97,4512,1,2025-11-04 01:25:54,2026-08-12 17:23:07
28,4512,1,2025-11-04 01:25:54,2026-08-12 17:23:07
96,4512,1,2025-11-04 01:25:54,2026-08-12 17:23:07
0,4513,1,2025-01-21 12:09:02,2025-06-13 21:10:52
24,4514,1,2025-10-21 20:34:53,2026-05-06 08:21:11
19,4514,1,2025-10-21 20:34:53,2026-05-06 08:21:11
20,4514,1,2025-10-21 20:34:53,2026-05-06 08:21:11
32,4515,1,2023-10-10 03:36:30,2025-03-21 23:21:24
28,4515,1,2023-10-10 03:36:30,2025-03-21 23:21:24
19,4516,1,2026-06-14 03:38:23,2026-08-05 08:33:14
27,4516,1,2026-06-14 03:38:23,2026-08-05 08:33:14
22,4516,1,2026-06-14 03:38:23,2026-08-05 08:33:14
28,4517,1,2023-04-24 16:09:14,2024-05-10 15:35:25
31,4517,1,2023-04-24 16:09:14,2024-05-10 15:35:25
96,4518,0,2024-02-19 17:16:23,2026-09-11 23:49:40
97,4518,0,2024-02-19 17:16:23,2026-09-11 23:49:40
19,4518,0,2024-02-19 17:16:23,2026-09-11 23:49:40
22,4518,0,2024-02-19 17:16:23,2026-09-11 23:49:40
27,4518,0,2024-02-19 17:16:23,2026-09-11 23:49:40
0,4519,1,2024-10-24 01:31:21,2024-11-27 05:18:21
96,4520,1,2024-01-20 12:14:06,2025-12-12 00:14:48
1,4520,1,2024-01-20 12:14:06,2025-12-12 00:14:48
2,4520,1,2024-01-20 12:14:06,2025-12-12 00:14:48
99,4520,1,2024-01-20 12:14:06,2025-12-12 00:14:48
13,4520,1,2024-01-20 12:14:06,2025-12-12 00:14:48
0,4521,1,2024-04-24 19:35:18,2025-07-09 13:07:42
28,4522,1,2024-01-06 06:45:49,2026-02-26 19:19:36
31,4522,1,2024-01-06 06:45:49,2026-02-26 19:19:36
0,4523,1,2026-01-04 15:24:50,2026-07-13 20:36:47
96,4524,0,2024-11-10 01:15:56,2025-10-09 07:56:37
1,4524,0,2024-11-10 01:15:56,2025-10-09 07:56:37
2,4524,0,2024-11-10 01:15:56,2025-10-09 07:56:37
97,4524,0,2024-11-10 01:15:56,2025-10-09 07:56:37
14,4524,0,2024-11-10 01:15:56,2025-10-09 07:56:37
1,4525,1,2025-01-29 16:27:55,2026-02-26 15:12:32
4,4525,1,2025-01-29 16:27:55,2026-02-26 15:12:32
24,4526,0,2025-02-20 13:25:10,2026-03-16 08:43:06
19,4526,0,2025-02-20 13:25:10,2026-03-16 08:43:06
20,4526,0,2025-02-20 13:25:10,2026-03-16 08:43:06
0,4527,1,2025-09-10 07:41:08,2025-11-11 20:37:26
96,4528,1,2023-01-23 05:05:14,2025-01-08 09:22:52
33,4528,1,2023-01-23 05:05:14,2025-01-08 09:22:52
99,4528,1,2023-01-23 05:05:14,2025-01-08 09:22:52
28,4528,1,2023-01-23 05:05:14,2025-01-08 09:22:52
1,4529,0,2024-02-06 16:05:40,2025-08-05 02:17:26
4,4529,0,2024-02-06 16:05:40,2025-08-05 02:17:26
96,4530,1,2023-06-21 14:21:30,2026-08-04 23:08:58
97,4530,1,2023-06-21 14:21:30,2026-08-04 23:08:58
19,4530,1,2023-06-21 14:21:30,2026-08-04 23:08:58
21,4530,1,2023-06-21 14:21:30,2026-08-04 23:08:58
26,4530,1,2023-06-21 14:21:30,2026-08-04 23:08:58
0,4531,0,2025-07-04 03:06:33,2025-12-30 07:10:12
32,4532,1,2025-02-02 14:19:06,2026-07-05 22:50:48
28,4532,1,2025-02-02 14:19:06,2026-07-05 22:50:48
0,4533,1,2026-08-31 00:37:30,2026-09-06 03:15:19
0,4534,1,2026-08-13 05:22:59,2026-09-13 07:55:23
33,4535,1,2023-04-20 16:31:05,2025-05-22 10:45:05
28,4535,1,2023-04-20 16:31:05,2025-05-22 10:45:05
0,4536,0,2025-02-17 17:02:41,2026-03-03 11:30:36
97,4536,0,2025-02-17 17:02:41,2026-03-03 11:30:36
96,4536,0,2025-02-17 17:02:41,2026-03-03 11:30:36
33,4537,1,2023-04-30 14:57:14,2026-04-01 17:53:51
28,4537,1,2023-04-30 14:57:14,2026-04-01 17:53:51
35,4538,1,2026-05-02 08:04:48,2026-09-11 06:29:35
28,4538,1,2026-05-02 08:04:48,2026-09-11 06:29:35
0,4539,1,2023-08-06 00:07:07,2024-11-22 06:09:08
26,4540,1,2024-02-04 03:32:03,2025-02-22 02:45:48
19,4540,1,2024-02-04 03:32:03,2025-02-22 02:45:48
21,4540,1,2024-02-04 03:32:03,2025-02-22 02:45:48
0,4541,1,2024-01-11 15:29:44,2024-02-11 10:22:17
96,4542,1,2024-01-26 20:01:39,2026-03-16 07:16:29
97,4542,1,2024-01-26 20:01:39,2026-03-16 07:16:29
19,4542,1,2024-01-26 20:01:39,2026-03-16 07:16:29
20,4542,1,2024-01-26 20:01:39,2026-03-16 07:16:29
24,4542,1,2024-01-26 20:01:39,2026-03-16 07:16:29
35,4543,1,2024-07-06 05:13:24,2025-03-01 15:21:41
28,4543,1,2024-07-06 05:13:24,2025-03-01 15:21:41
32,4544,0,2024-12-11 15:18:37,2025-06-26 02:40:10
99,4544,0,2024-12-11 15:18:37,2025-06-26 02:40:10
28,4544,0,2024-12-11 15:18:37,2025-06-26 02:40:10
96,4544,0,2024-12-11 15:18:37,2025-06-26 02:40:10
0,4545,0,2025-04-28 12:04:36,2025-09-30 15:06:22
28,4546,1,2024-10-20 23:50:33,2026-02-12 17:15:50
29,4546,1,2024-10-20 23:50:33,2026-02-12 17:15:50
26,4547,0,2024-07-06 02:19:04,2026-05-16 12:23:45
19,4547,0,2024-07-06 02:19:04,2026-05-16 12:23:45
21,4547,0,2024-07-06 02:19:04,2026-05-16 12:23:45
0,4548,1,2023-03-13 07:39:29,2026-02-21 01:57:06
97,4548,1,2023-03-13 07:39:29,2026-02-21 01:57:06
96,4548,1,2023-03-13 07:39:29,2026-02-21 01:57:06
1,4549,1,2023-07-20 06:04:44,2024-09-01 22:54:22
4,4549,1,2023-07-20 06:04:44,2024-09-01 22:54:22
26,4550,1,2025-07-08 12:02:52,2025-12-07 16:22:36
19,4550,1,2025-07-08 12:02:52,2025-12-07 16:22:36
21,4550,1,2025-07-08 12:02:52,2025-12-07 16:22:36
19,4551,1,2026-07-23 11:21:04,2026-08-03 19:48:02
27,4551,1,2026-07-23 11:21:04,2026-08-03 19:48:02
22,4551,1,2026-07-23 11:21:04,2026-08-03 19:48:02
0,4552,0,2023-03-17 12:22:23,2023-08-05 00:48:42
99,4552,0,2023-03-17 12:22:23,2023-08-05 00:48:42
96,4552,0,2023-03-17 12:22:23,2023-08-05 00:48:42
1,4553,0,2024-04-30 22:19:43,2024-11-14 12:56:33
2,4553,0,2024-04-30 22:19:43,2024-11-14 12:56:33
13,4553,0,2024-04-30 22:19:43,2024-11-14 12:56:33
96,4554,1,2023-07-12 22:30:45,2025-01-30 11:01:14
1,4554,1,2023-07-12 22:30:45,2025-01-30 11:01:14
2,4554,1,2023-07-12 22:30:45,2025-01-30 11:01:14
97,4554,1,2023-07-12 22:30:45,2025-01-30 11:01:14
13,4554,1,2023-07-12 22:30:45,2025-01-30 11:01:14
24,4555,1,2023-09-24 10:47:55,2025-01-09 20:33:08
19,4555,1,2023-09-24 10:47:55,2025-01-09 20:33:08
20,4555,1,2023-09-24 10:47:55,2025-01-09 20:33:08
0,4556,1,2024-09-25 20:37:19,2025-03-13 11:01:48
0,4557,1,2023-10-20 23:54:43,2024-05-12 05:42:47
19,4558,1,2023-03-25 08:22:31,2025-12-18 12:47:44
27,4558,1,2023-03-25 08:22:31,2025-12-18 12:47:44
22,4558,1,2023-03-25 08:22:31,2025-12-18 12:47:44
0,4559,1,2023-04-06 04:59:36,2023-11-11 11:11:52
96,4560,1,2023-01-23 11:57:09,2026-04-18 01:34:17
1,4560,1,2023-01-23 11:57:09,2026-04-18 01:34:17
2,4560,1,2023-01-23 11:57:09,2026-04-18 01:34:17
97,4560,1,2023-01-23 11:57:09,2026-04-18 01:34:17
14,4560,1,2023-01-23 11:57:09,2026-04-18 01:34:17
0,4561,0,2025-08-02 15:39:50,2026-07-30 07:38:52
1,4562,1,2023-05-14 15:45:58,2023-06-21 00:21:34
2,4562,1,2023-05-14 15:45:58,2023-06-21 00:21:34
13,4562,1,2023-05-14 15:45:58,2023-06-21 00:21:34
0,4563,1,2025-11-18 17:40:51,2026-03-26 07:56:45
24,4564,1,2025-01-30 10:35:05,2026-01-04 05:17:34
19,4564,1,2025-01-30 10:35:05,2026-01-04 05:17:34
20,4564,1,2025-01-30 10:35:05,2026-01-04 05:17:34
0,4565,1,2024-07-08 12:43:33,2026-07-17 16:24:16
0,4566,1,2023-10-07 04:36:50,2025-06-03 11:13:05
97,4566,1,2023-10-07 04:36:50,2025-06-03 11:13:05
96,4566,1,2023-10-07 04:36:50,2025-06-03 11:13:05
26,4567,0,2026-03-03 06:41:38,2026-04-21 19:25:25
19,4567,0,2026-03-03 06:41:38,2026-04-21 19:25:25
21,4567,0,2026-03-03 06:41:38,2026-04-21 19:25:25
0,4568,1,2024-06-21 02:20:10,2024-09-20 13:08:10
99,4568,1,2024-06-21 02:20:10,2024-09-20 13:08:10
96,4568,1,2024-06-21 02:20:10,2024-09-20 13:08:10
1,4569,1,2024-11-09 08:00:56,2025-03-11 17:50:45
4,4569,1,2024-11-09 08:00:56,2025-03-11 17:50:45
0,4570,1,2026-06-15 22:49:57,2026-07-29 07:10:01
0,4571,0,2026-09-05 00:45:43,2026-09-05 13:24:12
0,4572,1,2025-07-20 05:16:42,2026-01-24 12:19:19
97,4572,1,2025-07-20 05:16:42,2026-01-24 12:19:19
96,4572,1,2025-07-20 05:16:42,2026-01-24 12:19:19
32,4573,1,2026-05-30 22:15:46,2026-07-05 00:39:50
28,4573,1,2026-05-30 22:15:46,2026-07-05 00:39:50
24,4574,1,2026-08-23 07:58:16,2026-09-08 02:51:34
19,4574,1,2026-08-23 07:58:16,2026-09-08 02:51:34
20,4574,1,2026-08-23 07:58:16,2026-09-08 02:51:34
0,4575,1,2024-01-26 04:52:37,2024-12-26 02:40:32
96,4576,0,2026-06-09 17:59:25,2026-08-29 23:53:23
99,4576,0,2026-06-09 17:59:25,2026-08-29 23:53:23
19,4576,0,2026-06-09 17:59:25,2026-08-29 23:53:23
22,4576,0,2026-06-09 17:59:25,2026-08-29 23:53:23
27,4576,0,2026-06-09 17:59:25,2026-08-29 23:53:23
32,4577,1,2025-09-08 01:32:24,2025-09-29 22:59:14
28,4577,1,2025-09-08 01:32:24,2025-09-29 22:59:14
0,4578,1,2024-05-10 18:24:21,2025-01-09 23:38:25
97,4578,1,2024-05-10 18:24:21,2025-01-09 23:38:25
96,4578,1,2024-05-10 18:24:21,2025-01-09 23:38:25
0,4579,1,2023-06-15 07:45:30,2023-09-10 21:41:25
24,4580,1,2025-07-02 10:17:16,2025-08-05 03:05:19
19,4580,1,2025-07-02 10:17:16,2025-08-05 03:05:19
20,4580,1,2025-07-02 10:17:16,2025-08-05 03:05:19
0,4581,1,2025-09-29 13:50:08,2026-04-02 09:01:34
24,4582,1,2025-01-14 18:36:09,2025-05-23 11:26:47
19,4582,1,2025-01-14 18:36:09,2025-05-23 11:26:47
20,4582,1,2025-01-14 18:36:09,2025-05-23 11:26:47
35,4583,1,2025-09-17 16:00:47,2025-12-10 18:51:14
28,4583,1,2025-09-17 16:00:47,2025-12-10 18:51:14
0,4584,1,2026-08-22 05:42:54,2026-09-16 21:18:04
97,4584,1,2026-08-22 05:42:54,2026-09-16 21:18:04
96,4584,1,2026-08-22 05:42:54,2026-09-16 21:18:04
1,4585,1,2024-06-01 03:17:48,2024-12-06 05:45:49
2,4585,1,2024-06-01 03:17:48,2024-12-06 05:45:49
14,4585,1,2024-06-01 03:17:48,2024-12-06 05:45:49
0,4586,1,2026-06-24 03:17:51,2026-08-13 02:34:25
0,4587,0,2024-07-14 16:28:17,2026-04-10 02:17:00
1,4588,1,2025-12-31 16:56:52,2026-03-26 17:30:13
3,4588,1,2025-12-31 16:56:52,2026-03-26 17:30:13
7,4588,1,2025-12-31 16:56:52,2026-03-26 17:30:13
15,4588,1,2025-12-31 16:56:52,2026-03-26 17:30:13
0,4589,1,2025-03-12 07:48:01,2025-09-27 09:20:16
96,4590,1,2024-05-21 12:41:05,2024-10-12 08:21:42
33,4590,1,2024-05-21 12:41:05,2024-10-12 08:21:42
28,4590,1,2024-05-21 12:41:05,2024-10-12 08:21:42
97,4590,1,2024-05-21 12:41:05,2024-10-12 08:21:42
0,4591,1,2025-09-23 00:42:02,2025-11-12 16:41:32
0,4592,1,2024-10-29 10:16:43,2025-06-24 19:01:43
99,4592,1,2024-10-29 10:16:43,2025-06-24 19:01:43
96,4592,1,2024-10-29 10:16:43,2025-06-24 19:01:43
28,4593,1,2026-05-12 08:08:20,2026-08-14 20:16:39
31,4593,1,2026-05-12 08:08:20,2026-08-14 20:16:39
33,4594,1,2024-07-15 21:17:20,2025-03-03 17:40:50
28,4594,1,2024-07-15 21:17:20,2025-03-03 17:40:50
1,4595,1,2023-02-21 03:59:33,2023-07-06 05:41:39
2,4595,1,2023-02-21 03:59:33,2023-07-06 05:41:39
14,4595,1,2023-02-21 03:59:33,2023-07-06 05:41:39
96,4596,1,2025-11-17 11:34:56,2026-07-26 12:34:21
1,4596,1,2025-11-17 11:34:56,2026-07-26 12:34:21
2,4596,1,2025-11-17 11:34:56,2026-07-26 12:34:21
97,4596,1,2025-11-17 11:34:56,2026-07-26 12:34:21
14,4596,1,2025-11-17 11:34:56,2026-07-26 12:34:21
32,4597,0,2023-11-26 23:30:15,2026-09-16 01:24:41
28,4597,0,2023-11-26 23:30:15,2026-09-16 01:24:41
1,4598,1,2024-11-11 21:04:17,2025-12-09 17:29:29
2,4598,1,2024-11-11 21:04:17,2025-12-09 17:29:29
14,4598,1,2024-11-11 21:04:17,2025-12-09 17:29:29
33,4599,0,2024-04-24 09:43:41,2026-09-14 10:54:47
28,4599,0,2024-04-24 09:43:41,2026-09-14 10:54:47
0,4600,0,2023-09-04 15:20:29,2026-07-30 12:27:08
99,4600,0,2023-09-04 15:20:29,2026-07-30 12:27:08
96,4600,0,2023-09-04 15:20:29,2026-07-30 12:27:08
24,4601,1,2026-05-07 18:19:16,2026-09-07 17:18:04
19,4601,1,2026-05-07 18:19:16,2026-09-07 17:18:04
20,4601,1,2026-05-07 18:19:16,2026-09-07 17:18:04
96,4602,1,2023-11-24 08:01:46,2024-07-03 02:15:48
97,4602,1,2023-11-24 08:01:46,2024-07-03 02:15:48
19,4602,1,2023-11-24 08:01:46,2024-07-03 02:15:48
21,4602,1,2023-11-24 08:01:46,2024-07-03 02:15:48
26,4602,1,2023-11-24 08:01:46,2024-07-03 02:15:48
1,4603,1,2025-04-19 07:44:26,2026-08-02 19:31:27
3,4603,1,2025-04-19 07:44:26,2026-08-02 19:31:27
7,4603,1,2025-04-19 07:44:26,2026-08-02 19:31:27
15,4603,1,2025-04-19 07:44:26,2026-08-02 19:31:27
0,4604,1,2024-01-29 12:16:45,2025-02-23 01:21:27
26,4605,1,2025-07-20 06:48:21,2026-05-16 08:36:54
19,4605,1,2025-07-20 06:48:21,2026-05-16 08:36:54
21,4605,1,2025-07-20 06:48:21,2026-05-16 08:36:54
24,4606,0,2024-08-22 19:20:59,2026-04-03 08:51:32
19,4606,0,2024-08-22 19:20:59,2026-04-03 08:51:32
20,4606,0,2024-08-22 19:20:59,2026-04-03 08:51:32
28,4607,0,2024-01-31 20:26:23,2024-03-01 09:02:50
29,4607,0,2024-01-31 20:26:23,2024-03-01 09:02:50
0,4608,0,2026-01-03 17:10:28,2026-05-09 13:09:39
97,4608,0,2026-01-03 17:10:28,2026-05-09 13:09:39
96,4608,0,2026-01-03 17:10:28,2026-05-09 13:09:39
26,4609,0,2025-04-19 05:19:17,2025-10-13 04:54:16
19,4609,0,2025-04-19 05:19:17,2025-10-13 04:54:16
21,4609,0,2025-04-19 05:19:17,2025-10-13 04:54:16
0,4610,1,2025-06-18 21:56:57,2025-11-13 23:15:05
0,4611,1,2025-02-06 08:08:53,2026-02-24 21:53:47
0,4612,1,2023-09-06 11:06:21,2023-10-19 15:40:31
24,4613,1,2024-01-09 13:00:31,2026-06-28 10:44:47
19,4613,1,2024-01-09 13:00:31,2026-06-28 10:44:47
20,4613,1,2024-01-09 13:00:31,2026-06-28 10:44:47
96,4614,1,2025-09-16 19:02:11,2026-07-08 21:26:52
1,4614,1,2025-09-16 19:02:11,2026-07-08 21:26:52
4,4614,1,2025-09-16 19:02:11,2026-07-08 21:26:52
97,4614,1,2025-09-16 19:02:11,2026-07-08 21:26:52
28,4615,1,2023-09-18 22:03:36,2025-10-11 09:26:33
31,4615,1,2023-09-18 22:03:36,2025-10-11 09:26:33
0,4616,1,2023-10-12 04:12:59,2026-06-05 01:54:27
99,4616,1,2023-10-12 04:12:59,2026-06-05 01:54:27
96,4616,1,2023-10-12 04:12:59,2026-06-05 01:54:27
0,4617,1,2025-01-24 21:49:18,2026-06-02 14:20:15
1,4618,1,2025-10-16 07:21:19,2026-05-30 06:26:32
3,4618,1,2025-10-16 07:21:19,2026-05-30 06:26:32
7,4618,1,2025-10-16 07:21:19,2026-05-30 06:26:32
15,4618,1,2025-10-16 07:21:19,2026-05-30 06:26:32
24,4619,1,2026-06-29 02:42:46,2026-09-10 16:25:21
19,4619,1,2026-06-29 02:42:46,2026-09-10 16:25:21
20,4619,1,2026-06-29 02:42:46,2026-09-10 16:25:21
0,4620,0,2026-04-23 18:19:00,2026-07-26 03:45:01
97,4620,0,2026-04-23 18:19:00,2026-07-26 03:45:01
96,4620,0,2026-04-23 18:19:00,2026-07-26 03:45:01
1,4621,1,2025-08-19 06:46:37,2025-11-16 19:32:43
4,4621,1,2025-08-19 06:46:37,2025-11-16 19:32:43
1,4622,1,2025-04-08 01:07:21,2025-08-30 19:24:49
4,4622,1,2025-04-08 01:07:21,2025-08-30 19:24:49
0,4623,0,2023-01-16 00:32:02,2026-09-14 14:42:49
96,4624,1,2023-06-25 22:29:16,2025-02-05 22:18:06
99,4624,1,2023-06-25 22:29:16,2025-02-05 22:18:06
19,4624,1,2023-06-25 22:29:16,2025-02-05 22:18:06
20,4624,1,2023-06-25 22:29:16,2025-02-05 22:18:06
24,4624,1,2023-06-25 22:29:16,2025-02-05 22:18:06
1,4625,1,2025-04-28 18:41:21,2025-10-27 02:15:26
2,4625,1,2025-04-28 18:41:21,2025-10-27 02:15:26
13,4625,1,2025-04-28 18:41:21,2025-10-27 02:15:26
96,4626,1,2025-10-15 08:19:30,2025-11-01 00:28:17
33,4626,1,2025-10-15 08:19:30,2025-11-01 00:28:17
28,4626,1,2025-10-15 08:19:30,2025-11-01 00:28:17
97,4626,1,2025-10-15 08:19:30,2025-11-01 00:28:17
0,4627,1,2026-02-01 02:20:22,2026-05-24 18:34:43
0,4628,1,2026-03-09 23:55:38,2026-08-04 01:56:10
24,4629,1,2026-05-19 11:16:36,2026-08-31 17:57:36
19,4629,1,2026-05-19 11:16:36,2026-08-31 17:57:36
20,4629,1,2026-05-19 11:16:36,2026-08-31 17:57:36
26,4630,1,2023-10-21 07:03:00,2025-12-17 04:52:27
19,4630,1,2023-10-21 07:03:00,2025-12-17 04:52:27
21,4630,1,2023-10-21 07:03:00,2025-12-17 04:52:27
19,4631,1,2023-09-23 01:37:31,2024-06-14 21:18:35
27,4631,1,2023-09-23 01:37:31,2024-06-14 21:18:35
22,4631,1,2023-09-23 01:37:31,2024-06-14 21:18:35
0,4632,1,2023-11-21 05:29:09,2026-08-12 13:07:38
97,4632,1,2023-11-21 05:29:09,2026-08-12 13:07:38
96,4632,1,2023-11-21 05:29:09,2026-08-12 13:07:38
1,4633,1,2026-04-25 14:38:44,2026-05-10 00:43:18
2,4633,1,2026-04-25 14:38:44,2026-05-10 00:43:18
13,4633,1,2026-04-25 14:38:44,2026-05-10 00:43:18
0,4634,1,2025-03-30 15:00:55,2025-10-18 03:39:33
28,4635,1,2023-04-07 18:08:37,2024-04-03 05:15:52
29,4635,1,2023-04-07 18:08:37,2024-04-03 05:15:52
0,4636,1,2025-05-18 13:58:17,2025-11-11 01:41:34
1,4637,1,2024-06-11 18:31:05,2026-08-12 22:20:38
2,4637,1,2024-06-11 18:31:05,2026-08-12 22:20:38
13,4637,1,2024-06-11 18:31:05,2026-08-12 22:20:38
0,4638,1,2024-11-17 09:57:26,2025-03-27 03:01:27
97,4638,1,2024-11-17 09:57:26,2025-03-27 03:01:27
96,4638,1,2024-11-17 09:57:26,2025-03-27 03:01:27
0,4639,0,2023-10-19 02:42:45,2026-03-14 08:32:49
96,4640,1,2026-03-13 06:27:51,2026-04-12 21:10:01
1,4640,1,2026-03-13 06:27:51,2026-04-12 21:10:01
2,4640,1,2026-03-13 06:27:51,2026-04-12 21:10:01
99,4640,1,2026-03-13 06:27:51,2026-04-12 21:10:01
13,4640,1,2026-03-13 06:27:51,2026-04-12 21:10:01
24,4641,1,2025-04-09 19:03:29,2025-05-03 21:34:31
19,4641,1,2025-04-09 19:03:29,2025-05-03 21:34:31
20,4641,1,2025-04-09 19:03:29,2025-05-03 21:34:31
24,4642,1,2023-03-06 09:38:39,2024-11-18 16:34:24
19,4642,1,2023-03-06 09:38:39,2024-11-18 16:34:24
20,4642,1,2023-03-06 09:38:39,2024-11-18 16:34:24
1,4643,1,2026-08-22 12:48:37,2026-09-14 13:46:51
3,4643,1,2026-08-22 12:48:37,2026-09-14 13:46:51
7,4643,1,2026-08-22 12:48:37,2026-09-14 13:46:51
15,4643,1,2026-08-22 12:48:37,2026-09-14 13:46:51
96,4644,0,2024-06-30 06:13:40,2026-05-14 16:07:40
97,4644,0,2024-06-30 06:13:40,2026-05-14 16:07:40
19,4644,0,2024-06-30 06:13:40,2026-05-14 16:07:40
20,4644,0,2024-06-30 06:13:40,2026-05-14 16:07:40
24,4644,0,2024-06-30 06:13:40,2026-05-14 16:07:40
32,4645,1,2023-09-12 00:45:03,2024-10-11 13:32:21
28,4645,1,2023-09-12 00:45:03,2024-10-11 13:32:21
0,4646,1,2024-01-18 20:25:08,2026-05-10 10:52:54
28,4647,1,2026-06-29 07:05:18,2026-07-31 20:19:11
29,4647,1,2026-06-29 07:05:18,2026-07-31 20:19:11
96,4648,0,2026-08-29 18:12:07,2026-09-06 23:17:32
99,4648,0,2026-08-29 18:12:07,2026-09-06 23:17:32
19,4648,0,2026-08-29 18:12:07,2026-09-06 23:17:32
21,4648,0,2026-08-29 18:12:07,2026-09-06 23:17:32
26,4648,0,2026-08-29 18:12:07,2026-09-06 23:17:32
33,4649,0,2023-08-27 02:38:17,2024-01-20 23:59:35
28,4649,0,2023-08-27 02:38:17,2024-01-20 23:59:35
0,4650,1,2026-03-24 02:32:40,2026-08-26 03:58:57
97,4650,1,2026-03-24 02:32:40,2026-08-26 03:58:57
96,4650,1,2026-03-24 02:32:40,2026-08-26 03:58:57
0,4651,1,2023-12-24 07:07:57,2025-04-11 14:47:50
0,4652,1,2026-02-05 17:30:17,2026-04-04 12:07:37
0,4653,0,2025-05-13 03:20:33,2026-05-16 12:57:37
0,4654,1,2025-08-20 04:52:27,2026-01-14 21:58:54
28,4655,1,2023-09-11 20:19:54,2026-09-03 07:15:26
31,4655,1,2023-09-11 20:19:54,2026-09-03 07:15:26
0,4656,0,2026-05-27 14:48:33,2026-09-07 05:50:15
97,4656,0,2026-05-27 14:48:33,2026-09-07 05:50:15
96,4656,0,2026-05-27 14:48:33,2026-09-07 05:50:15
1,4657,1,2024-01-21 23:19:58,2026-07-19 13:42:10
2,4657,1,2024-01-21 23:19:58,2026-07-19 13:42:10
14,4657,1,2024-01-21 23:19:58,2026-07-19 13:42:10
35,4658,1,2026-01-08 02:55:15,2026-04-11 05:31:02
28,4658,1,2026-01-08 02:55:15,2026-04-11 05:31:02
0,4659,1,2026-05-10 17:19:14,2026-06-09 22:06:01
0,4660,1,2023-01-05 14:50:25,2024-09-03 03:05:26
0,4661,1,2023-07-01 06:33:08,2024-08-10 23:17:01
96,4662,1,2023-10-03 01:00:06,2025-07-09 15:46:48
33,4662,1,2023-10-03 01:00:06,2025-07-09 15:46:48
28,4662,1,2023-10-03 01:00:06,2025-07-09 15:46:48
97,4662,1,2023-10-03 01:00:06,2025-07-09 15:46:48
28,4663,1,2024-07-20 03:12:00,2026-07-03 17:45:29
31,4663,1,2024-07-20 03:12:00,2026-07-03 17:45:29
0,4664,1,2026-02-23 20:31:35,2026-06-22 21:09:09
99,4664,1,2026-02-23 20:31:35,2026-06-22 21:09:09
96,4664,1,2026-02-23 20:31:35,2026-06-22 21:09:09
28,4665,1,2024-02-16 21:03:09,2026-07-30 10:48:12
31,4665,1,2024-02-16 21:03:09,2026-07-30 10:48:12
0,4666,1,2025-09-08 10:20:00,2026-04-11 15:58:40
35,4667,1,2024-07-24 06:00:48,2024-11-17 03:05:32
28,4667,1,2024-07-24 06:00:48,2024-11-17 03:05:32
0,4668,0,2023-09-27 17:40:29,2024-10-22 16:48:40
97,4668,0,2023-09-27 17:40:29,2024-10-22 16:48:40
96,4668,0,2023-09-27 17:40:29,2024-10-22 16:48:40
19,4669,1,2024-05-17 02:05:30,2025-04-15 03:47:20
27,4669,1,2024-05-17 02:05:30,2025-04-15 03:47:20
22,4669,1,2024-05-17 02:05:30,2025-04-15 03:47:20
0,4670,1,2024-07-13 10:45:14,2025-07-21 01:35:12
1,4671,1,2026-05-22 23:58:59,2026-09-02 17:27:07
2,4671,1,2026-05-22 23:58:59,2026-09-02 17:27:07
13,4671,1,2026-05-22 23:58:59,2026-09-02 17:27:07
0,4672,1,2023-03-17 16:17:20,2024-08-26 05:39:23
99,4672,1,2023-03-17 16:17:20,2024-08-26 05:39:23
96,4672,1,2023-03-17 16:17:20,2024-08-26 05:39:23
0,4673,1,2023-02-09 22:34:41,2026-03-10 23:23:08
96,4674,1,2026-02-27 21:05:08,2026-09-01 16:06:16
97,4674,1,2026-02-27 21:05:08,2026-09-01 16:06:16
28,4674,1,2026-02-27 21:05:08,2026-09-01 16:06:16
29,4674,1,2026-02-27 21:05:08,2026-09-01 16:06:16
35,4675,1,2024-02-22 08:02:23,2025-11-29 04:47:48
28,4675,1,2024-02-22 08:02:23,2025-11-29 04:47:48
1,4676,1,2026-06-10 17:48:10,2026-08-29 23:32:57
2,4676,1,2026-06-10 17:48:10,2026-08-29 23:32:57
13,4676,1,2026-06-10 17:48:10,2026-08-29 23:32:57
0,4677,1,2025-03-17 00:58:37,2026-04-02 11:27:20
0,4678,1,2024-11-11 01:16:26,2025-01-14 22:17:06
0,4679,1,2023-08-04 14:35:00,2026-09-07 04:35:44
96,4680,1,2023-10-18 21:03:07,2025-11-03 11:02:09
97,4680,1,2023-10-18 21:03:07,2025-11-03 11:02:09
28,4680,1,2023-10-18 21:03:07,2025-11-03 11:02:09
31,4680,1,2023-10-18 21:03:07,2025-11-03 11:02:09
0,4681,0,2023-12-19 09:02:47,2026-09-06 19:54:35
33,4682,0,2025-05-01 06:46:11,2025-12-16 16:37:09
28,4682,0,2025-05-01 06:46:11,2025-12-16 16:37:09
33,4683,1,2025-08-17 20:28:40,2026-08-04 10:38:45
28,4683,1,2025-08-17 20:28:40,2026-08-04 10:38:45
24,4684,1,2024-03-20 03:46:49,2024-07-29 20:30:27
19,4684,1,2024-03-20 03:46:49,2024-07-29 20:30:27
20,4684,1,2024-03-20 03:46:49,2024-07-29 20:30:27
0,4685,1,2023-12-13 04:00:06,2026-01-09 18:32:50
0,4686,0,2024-07-26 00:00:55,2025-04-15 13:17:38
97,4686,0,2024-07-26 00:00:55,2025-04-15 13:17:38
96,4686,0,2024-07-26 00:00:55,2025-04-15 13:17:38
28,4687,1,2025-12-19 13:46:17,2026-06-07 05:11:57
29,4687,1,2025-12-19 13:46:17,2026-06-07 05:11:57
96,4688,1,2024-05-03 09:22:06,2026-06-17 10:10:27
99,4688,1,2024-05-03 09:22:06,2026-06-17 10:10:27
19,4688,1,2024-05-03 09:22:06,2026-06-17 10:10:27
20,4688,1,2024-05-03 09:22:06,2026-06-17 10:10:27
24,4688,1,2024-05-03 09:22:06,2026-06-17 10:10:27
0,4689,1,2024-12-29 15:19:07,2025-08-28 21:14:18
1,4690,0,2023-06-10 14:10:09,2024-10-14 04:36:59
4,4690,0,2023-06-10 14:10:09,2024-10-14 04:36:59
1,4691,1,2024-06-13 17:24:23,2026-04-18 09:04:29
2,4691,1,2024-06-13 17:24:23,2026-04-18 09:04:29
13,4691,1,2024-06-13 17:24:23,2026-04-18 09:04:29
96,4692,1,2025-08-19 12:57:25,2026-06-13 01:50:25
1,4692,1,2025-08-19 12:57:25,2026-06-13 01:50:25
2,4692,1,2025-08-19 12:57:25,2026-06-13 01:50:25
97,4692,1,2025-08-19 12:57:25,2026-06-13 01:50:25
13,4692,1,2025-08-19 12:57:25,2026-06-13 01:50:25
26,4693,1,2024-09-02 04:29:20,2024-09-15 11:05:25
19,4693,1,2024-09-02 04:29:20,2024-09-15 11:05:25
21,4693,1,2024-09-02 04:29:20,2024-09-15 11:05:25
0,4694,0,2024-03-27 23:54:52,2024-10-15 05:09:56
19,4695,1,2025-03-28 17:30:05,2025-04-15 20:34:44
27,4695,1,2025-03-28 17:30:05,2025-04-15 20:34:44
22,4695,1,2025-03-28 17:30:05,2025-04-15 20:34:44
96,4696,0,2025-09-10 15:29:59,2025-12-10 13:46:36
33,4696,0,2025-09-10 15:29:59,2025-12-10 13:46:36
99,4696,0,2025-09-10 15:29:59,2025-12-10 13:46:36
28,4696,0,2025-09-10 15:29:59,2025-12-10 13:46:36
1,4697,1,2025-01-01 02:20:21,2026-08-24 09:54:45
3,4697,1,2025-01-01 02:20:21,2026-08-24 09:54:45
7,4697,1,2025-01-01 02:20:21,2026-08-24 09:54:45
15,4697,1,2025-01-01 02:20:21,2026-08-24 09:54:45
0,4698,1,2025-11-25 03:29:26,2026-04-14 22:26:09
97,4698,1,2025-11-25 03:29:26,2026-04-14 22:26:09
96,4698,1,2025-11-25 03:29:26,2026-04-14 22:26:09
1,4699,1,2026-02-04 00:11:55,2026-04-05 02:11:51
3,4699,1,2026-02-04 00:11:55,2026-04-05 02:11:51
7,4699,1,2026-02-04 00:11:55,2026-04-05 02:11:51
15,4699,1,2026-02-04 00:11:55,2026-04-05 02:11:51
1,4700,0,2026-07-12 12:07:42,2026-08-09 16:54:07
3,4700,0,2026-07-12 12:07:42,2026-08-09 16:54:07
7,4700,0,2026-07-12 12:07:42,2026-08-09 16:54:07
15,4700,0,2026-07-12 12:07:42,2026-08-09 16:54:07
26,4701,1,2026-04-15 14:14:42,2026-05-18 14:01:27
19,4701,1,2026-04-15 14:14:42,2026-05-18 14:01:27
21,4701,1,2026-04-15 14:14:42,2026-05-18 14:01:27
0,4702,1,2024-05-24 03:36:14,2025-01-30 23:26:51
28,4703,0,2025-05-25 17:44:07,2026-09-16 15:15:27
31,4703,0,2025-05-25 17:44:07,2026-09-16 15:15:27
0,4704,1,2023-03-01 02:30:40,2025-01-08 23:32:01
97,4704,1,2023-03-01 02:30:40,2025-01-08 23:32:01
96,4704,1,2023-03-01 02:30:40,2025-01-08 23:32:01
1,4705,1,2023-07-20 05:50:44,2024-10-01 15:56:55
2,4705,1,2023-07-20 05:50:44,2024-10-01 15:56:55
13,4705,1,2023-07-20 05:50:44,2024-10-01 15:56:55
33,4706,1,2026-07-24 11:27:35,2026-09-15 05:34:30
28,4706,1,2026-07-24 11:27:35,2026-09-15 05:34:30
1,4707,1,2023-09-08 03:26:42,2026-04-20 13:18:50
3,4707,1,2023-09-08 03:26:42,2026-04-20 13:18:50
7,4707,1,2023-09-08 03:26:42,2026-04-20 13:18:50
15,4707,1,2023-09-08 03:26:42,2026-04-20 13:18:50
1,4708,1,2023-02-03 19:28:43,2024-03-30 23:32:55
2,4708,1,2023-02-03 19:28:43,2024-03-30 23:32:55
14,4708,1,2023-02-03 19:28:43,2024-03-30 23:32:55
0,4709,1,2024-02-14 06:32:58,2025-11-08 11:36:19
96,4710,1,2023-08-12 13:50:21,2025-10-30 08:32:40
97,4710,1,2023-08-12 13:50:21,2025-10-30 08:32:40
19,4710,1,2023-08-12 13:50:21,2025-10-30 08:32:40
20,4710,1,2023-08-12 13:50:21,2025-10-30 08:32:40
24,4710,1,2023-08-12 13:50:21,2025-10-30 08:32:40
0,4711,0,2023-03-05 19:04:59,2024-05-24 09:49:39
96,4712,1,2023-03-16 23:37:29,2024-03-31 21:40:25
1,4712,1,2023-03-16 23:37:29,2024-03-31 21:40:25
99,4712,1,2023-03-16 23:37:29,2024-03-31 21:40:25
4,4712,1,2023-03-16 23:37:29,2024-03-31 21:40:25
28,4713,0,2025-10-06 21:40:18,2026-01-31 22:34:03
31,4713,0,2025-10-06 21:40:18,2026-01-31 22:34:03
0,4714,0,2023-11-06 11:19:50,2024-03-20 20:57:31
0,4715,1,2023-02-18 19:14:23,2025-08-08 08:19:32
96,4716,1,2024-12-07 16:37:28,2025-06-12 05:40:56
97,4716,1,2024-12-07 16:37:28,2025-06-12 05:40:56
19,4716,1,2024-12-07 16:37:28,2025-06-12 05:40:56
20,4716,1,2024-12-07 16:37:28,2025-06-12 05:40:56
24,4716,1,2024-12-07 16:37:28,2025-06-12 05:40:56
26,4717,1,2025-08-17 05:19:22,2025-10-01 09:44:17
19,4717,1,2025-08-17 05:19:22,2025-10-01 09:44:17
21,4717,1,2025-08-17 05:19:22,2025-10-01 09:44:17
28,4718,1,2023-11-10 20:41:06,2025-05-20 08:23:59
31,4718,1,2023-11-10 20:41:06,2025-05-20 08:23:59
1,4719,1,2024-07-31 01:10:29,2025-06-15 03:55:09
4,4719,1,2024-07-31 01:10:29,2025-06-15 03:55:09
0,4720,1,2025-10-11 02:11:25,2025-11-12 00:46:09
99,4720,1,2025-10-11 02:11:25,2025-11-12 00:46:09
96,4720,1,2025-10-11 02:11:25,2025-11-12 00:46:09
28,4721,1,2024-12-22 14:11:25,2025-01-09 07:55:18
31,4721,1,2024-12-22 14:11:25,2025-01-09 07:55:18
96,4722,1,2023-01-23 01:37:42,2024-09-12 22:22:43
33,4722,1,2023-01-23 01:37:42,2024-09-12 22:22:43
28,4722,1,2023-01-23 01:37:42,2024-09-12 22:22:43
97,4722,1,2023-01-23 01:37:42,2024-09-12 22:22:43
0,4723,1,2026-06-20 00:09:09,2026-08-08 05:39:10
0,4724,1,2026-02-15 09:51:31,2026-05-25 10:24:09
33,4725,1,2023-03-25 09:20:20,2025-01-31 21:45:43
28,4725,1,2023-03-25 09:20:20,2025-01-31 21:45:43
32,4726,1,2023-12-22 13:37:49,2025-07-05 17:03:13
28,4726,1,2023-12-22 13:37:49,2025-07-05 17:03:13
28,4727,1,2025-04-28 11:44:12,2025-09-15 20:54:45
29,4727,1,2025-04-28 11:44:12,2025-09-15 20:54:45
96,4728,0,2024-04-11 06:37:26,2025-10-19 18:38:54
97,4728,0,2024-04-11 06:37:26,2025-10-19 18:38:54
35,4728,0,2024-04-11 06:37:26,2025-10-19 18:38:54
28,4728,0,2024-04-11 06:37:26,2025-10-19 18:38:54
24,4729,0,2024-03-05 05:09:18,2025-07-05 07:47:29
19,4729,0,2024-03-05 05:09:18,2025-07-05 07:47:29
20,4729,0,2024-03-05 05:09:18,2025-07-05 07:47:29
19,4730,1,2024-01-06 02:50:53,2026-07-01 14:36:42
27,4730,1,2024-01-06 02:50:53,2026-07-01 14:36:42
22,4730,1,2024-01-06 02:50:53,2026-07-01 14:36:42
1,4731,1,2026-08-19 08:30:02,2026-09-13 21:42:23
2,4731,1,2026-08-19 08:30:02,2026-09-13 21:42:23
13,4731,1,2026-08-19 08:30:02,2026-09-13 21:42:23
19,4732,1,2026-05-08 06:44:55,2026-05-21 16:54:05
27,4732,1,2026-05-08 06:44:55,2026-05-21 16:54:05
22,4732,1,2026-05-08 06:44:55,2026-05-21 16:54:05
28,4733,1,2023-07-14 01:54:54,2026-06-11 23:11:06
29,4733,1,2023-07-14 01:54:54,2026-06-11 23:11:06
96,4734,1,2023-03-11 01:37:38,2026-05-08 03:05:09
1,4734,1,2023-03-11 01:37:38,2026-05-08 03:05:09
2,4734,1,2023-03-11 01:37:38,2026-05-08 03:05:09
97,4734,1,2023-03-11 01:37:38,2026-05-08 03:05:09
14,4734,1,2023-03-11 01:37:38,2026-05-08 03:05:09
24,4735,1,2025-10-31 15:26:55,2025-11-30 10:30:37
19,4735,1,2025-10-31 15:26:55,2025-11-30 10:30:37
20,4735,1,2025-10-31 15:26:55,2025-11-30 10:30:37
0,4736,1,2023-03-08 15:09:48,2026-01-16 23:28:10
99,4736,1,2023-03-08 15:09:48,2026-01-16 23:28:10
96,4736,1,2023-03-08 15:09:48,2026-01-16 23:28:10
0,4737,1,2025-07-01 12:03:45,2025-10-08 12:53:04
24,4738,1,2024-06-20 10:07:29,2025-09-11 17:12:52
19,4738,1,2024-06-20 10:07:29,2025-09-11 17:12:52
20,4738,1,2024-06-20 10:07:29,2025-09-11 17:12:52
0,4739,0,2026-03-17 23:40:45,2026-06-03 14:00:31
0,4740,1,2024-10-18 23:02:23,2026-09-05 23:32:18
97,4740,1,2024-10-18 23:02:23,2026-09-05 23:32:18
96,4740,1,2024-10-18 23:02:23,2026-09-05 23:32:18
19,4741,1,2025-12-11 20:49:52,2026-04-17 02:59:38
27,4741,1,2025-12-11 20:49:52,2026-04-17 02:59:38
22,4741,1,2025-12-11 20:49:52,2026-04-17 02:59:38
0,4742,1,2025-05-19 10:18:21,2026-08-14 16:33:05
1,4743,1,2024-01-25 17:38:24,2025-10-19 12:05:03
2,4743,1,2024-01-25 17:38:24,2025-10-19 12:05:03
14,4743,1,2024-01-25 17:38:24,2025-10-19 12:05:03
96,4744,1,2026-09-03 14:02:09,2026-09-05 07:50:02
1,4744,1,2026-09-03 14:02:09,2026-09-05 07:50:02
2,4744,1,2026-09-03 14:02:09,2026-09-05 07:50:02
99,4744,1,2026-09-03 14:02:09,2026-09-05 07:50:02
13,4744,1,2026-09-03 14:02:09,2026-09-05 07:50:02
0,4745,1,2024-02-10 03:17:42,2025-09-09 03:57:36
96,4746,0,2023-07-19 20:45:53,2023-11-23 12:12:24
97,4746,0,2023-07-19 20:45:53,2023-11-23 12:12:24
19,4746,0,2023-07-19 20:45:53,2023-11-23 12:12:24
20,4746,0,2023-07-19 20:45:53,2023-11-23 12:12:24
24,4746,0,2023-07-19 20:45:53,2023-11-23 12:12:24
33,4747,1,2025-05-16 21:21:00,2026-03-14 03:04:34
28,4747,1,2025-05-16 21:21:00,2026-03-14 03:04:34
32,4748,0,2025-09-01 17:53:24,2026-04-25 07:02:14
28,4748,0,2025-09-01 17:53:24,2026-04-25 07:02:14
26,4749,1,2023-09-09 17:09:08,2025-10-17 03:26:12
19,4749,1,2023-09-09 17:09:08,2025-10-17 03:26:12
21,4749,1,2023-09-09 17:09:08,2025-10-17 03:26:12
0,4750,0,2026-02-10 18:32:16,2026-03-13 06:58:01
26,4751,1,2024-03-13 09:35:47,2025-12-03 02:45:19
19,4751,1,2024-03-13 09:35:47,2025-12-03 02:45:19
21,4751,1,2024-03-13 09:35:47,2025-12-03 02:45:19
96,4752,1,2026-03-15 23:18:37,2026-07-11 15:11:21
97,4752,1,2026-03-15 23:18:37,2026-07-11 15:11:21
19,4752,1,2026-03-15 23:18:37,2026-07-11 15:11:21
20,4752,1,2026-03-15 23:18:37,2026-07-11 15:11:21
24,4752,1,2026-03-15 23:18:37,2026-07-11 15:11:21
24,4753,1,2026-07-24 00:12:37,2026-09-12 21:36:15
19,4753,1,2026-07-24 00:12:37,2026-09-12 21:36:15
20,4753,1,2026-07-24 00:12:37,2026-09-12 21:36:15
0,4754,1,2023-09-27 22:52:02,2024-07-23 05:18:42
1,4755,1,2025-01-31 16:54:20,2026-01-19 22:30:13
2,4755,1,2025-01-31 16:54:20,2026-01-19 22:30:13
13,4755,1,2025-01-31 16:54:20,2026-01-19 22:30:13
0,4756,0,2024-04-25 14:49:16,2024-08-04 09:52:43
1,4757,1,2024-12-29 05:09:00,2025-06-05 01:48:26
2,4757,1,2024-12-29 05:09:00,2025-06-05 01:48:26
13,4757,1,2024-12-29 05:09:00,2025-06-05 01:48:26
96,4758,1,2023-11-18 14:13:00,2025-04-06 06:30:57
1,4758,1,2023-11-18 14:13:00,2025-04-06 06:30:57
2,4758,1,2023-11-18 14:13:00,2025-04-06 06:30:57
97,4758,1,2023-11-18 14:13:00,2025-04-06 06:30:57
13,4758,1,2023-11-18 14:13:00,2025-04-06 06:30:57
33,4759,1,2025-05-14 22:36:40,2026-06-18 20:08:54
28,4759,1,2025-05-14 22:36:40,2026-06-18 20:08:54
96,4760,0,2024-05-26 21:13:02,2026-07-21 06:26:54
33,4760,0,2024-05-26 21:13:02,2026-07-21 06:26:54
99,4760,0,2024-05-26 21:13:02,2026-07-21 06:26:54
28,4760,0,2024-05-26 21:13:02,2026-07-21 06:26:54
26,4761,1,2026-01-08 05:05:35,2026-02-17 04:53:13
19,4761,1,2026-01-08 05:05:35,2026-02-17 04:53:13
21,4761,1,2026-01-08 05:05:35,2026-02-17 04:53:13
1,4762,0,2023-02-16 15:13:38,2026-07-28 05:02:19
4,4762,0,2023-02-16 15:13:38,2026-07-28 05:02:19
28,4763,0,2024-04-16 19:26:49,2026-05-02 17:09:38
31,4763,0,2024-04-16 19:26:49,2026-05-02 17:09:38
0,4764,1,2025-06-22 08:21:25,2026-07-27 16:30:41
97,4764,1,2025-06-22 08:21:25,2026-07-27 16:30:41
96,4764,1,2025-06-22 08:21:25,2026-07-27 16:30:41
0,4765,0,2023-03-18 12:06:43,2026-04-05 12:29:07
0,4766,1,2023-12-06 18:00:43,2025-05-25 17:53:31
28,4767,1,2023-07-15 23:00:15,2026-06-20 16:59:35
31,4767,1,2023-07-15 23:00:15,2026-06-20 16:59:35
0,4768,1,2023-03-15 16:33:04,2026-08-30 02:15:30
99,4768,1,2023-03-15 16:33:04,2026-08-30 02:15:30
96,4768,1,2023-03-15 16:33:04,2026-08-30 02:15:30
0,4769,1,2023-07-15 10:13:33,2026-07-08 09:43:46
96,4770,1,2025-02-16 11:53:37,2025-11-19 15:38:23
97,4770,1,2025-02-16 11:53:37,2025-11-19 15:38:23
19,4770,1,2025-02-16 11:53:37,2025-11-19 15:38:23
22,4770,1,2025-02-16 11:53:37,2025-11-19 15:38:23
27,4770,1,2025-02-16 11:53:37,2025-11-19 15:38:23
0,4771,1,2023-01-07 04:18:01,2026-01-18 20:26:01
24,4772,1,2025-06-11 05:06:14,2025-08-19 12:54:44
19,4772,1,2025-06-11 05:06:14,2025-08-19 12:54:44
20,4772,1,2025-06-11 05:06:14,2025-08-19 12:54:44
0,4773,1,2023-08-02 20:33:48,2025-09-30 05:32:31
0,4774,0,2025-11-01 05:33:40,2026-09-13 14:13:45
1,4775,0,2026-04-24 15:53:36,2026-06-21 05:41:44
2,4775,0,2026-04-24 15:53:36,2026-06-21 05:41:44
13,4775,0,2026-04-24 15:53:36,2026-06-21 05:41:44
96,4776,1,2026-09-03 07:25:18,2026-09-12 21:34:37
97,4776,1,2026-09-03 07:25:18,2026-09-12 21:34:37
28,4776,1,2026-09-03 07:25:18,2026-09-12 21:34:37
31,4776,1,2026-09-03 07:25:18,2026-09-12 21:34:37
24,4777,1,2026-04-21 22:33:49,2026-09-12 00:18:17
19,4777,1,2026-04-21 22:33:49,2026-09-12 00:18:17
20,4777,1,2026-04-21 22:33:49,2026-09-12 00:18:17
0,4778,1,2026-01-23 21:20:56,2026-06-28 08:13:12
0,4779,1,2026-03-21 15:16:39,2026-07-14 10:14:55
28,4780,1,2023-02-17 16:14:30,2024-11-23 11:06:44
31,4780,1,2023-02-17 16:14:30,2024-11-23 11:06:44
19,4781,1,2025-12-31 21:56:55,2026-07-26 03:43:13
27,4781,1,2025-12-31 21:56:55,2026-07-26 03:43:13
22,4781,1,2025-12-31 21:56:55,2026-07-26 03:43:13
0,4782,1,2026-08-25 17:26:12,2026-09-16 15:34:43
97,4782,1,2026-08-25 17:26:12,2026-09-16 15:34:43
96,4782,1,2026-08-25 17:26:12,2026-09-16 15:34:43
24,4783,1,2026-03-24 01:24:06,2026-07-14 06:19:56
19,4783,1,2026-03-24 01:24:06,2026-07-14 06:19:56
20,4783,1,2026-03-24 01:24:06,2026-07-14 06:19:56
0,4784,1,2023-09-12 14:19:41,2023-10-09 16:59:17
99,4784,1,2023-09-12 14:19:41,2023-10-09 16:59:17
96,4784,1,2023-09-12 14:19:41,2023-10-09 16:59:17
28,4785,1,2024-08-06 01:30:47,2025-05-13 22:10:26
31,4785,1,2024-08-06 01:30:47,2025-05-13 22:10:26
26,4786,1,2024-06-23 19:59:40,2026-03-15 23:02:47
19,4786,1,2024-06-23 19:59:40,2026-03-15 23:02:47
21,4786,1,2024-06-23 19:59:40,2026-03-15 23:02:47
1,4787,1,2023-02-22 18:23:31,2024-06-30 05:07:17
3,4787,1,2023-02-22 18:23:31,2024-06-30 05:07:17
7,4787,1,2023-02-22 18:23:31,2024-06-30 05:07:17
15,4787,1,2023-02-22 18:23:31,2024-06-30 05:07:17
0,4788,0,2023-01-09 18:11:04,2025-07-14 19:47:17
97,4788,0,2023-01-09 18:11:04,2025-07-14 19:47:17
96,4788,0,2023-01-09 18:11:04,2025-07-14 19:47:17
1,4789,1,2026-03-18 22:25:33,2026-05-26 15:11:31
3,4789,1,2026-03-18 22:25:33,2026-05-26 15:11:31
7,4789,1,2026-03-18 22:25:33,2026-05-26 15:11:31
15,4789,1,2026-03-18 22:25:33,2026-05-26 15:11:31
28,4790,1,2023-11-26 20:48:08,2024-04-21 16:44:53
29,4790,1,2023-11-26 20:48:08,2024-04-21 16:44:53
33,4791,1,2026-04-22 13:53:53,2026-07-30 07:10:20
28,4791,1,2026-04-22 13:53:53,2026-07-30 07:10:20
0,4792,1,2026-08-12 12:31:37,2026-08-16 22:06:39
99,4792,1,2026-08-12 12:31:37,2026-08-16 22:06:39
96,4792,1,2026-08-12 12:31:37,2026-08-16 22:06:39
1,4793,1,2023-03-05 12:18:53,2023-04-14 05:50:04
2,4793,1,2023-03-05 12:18:53,2023-04-14 05:50:04
14,4793,1,2023-03-05 12:18:53,2023-04-14 05:50:04
96,4794,1,2024-12-01 04:58:48,2025-05-13 00:51:27
97,4794,1,2024-12-01 04:58:48,2025-05-13 00:51:27
19,4794,1,2024-12-01 04:58:48,2025-05-13 00:51:27
20,4794,1,2024-12-01 04:58:48,2025-05-13 00:51:27
24,4794,1,2024-12-01 04:58:48,2025-05-13 00:51:27
28,4795,1,2025-09-06 22:04:58,2026-01-04 22:27:10
29,4795,1,2025-09-06 22:04:58,2026-01-04 22:27:10
0,4796,0,2025-09-15 08:16:24,2025-09-27 22:34:08
35,4797,1,2025-06-12 14:30:55,2026-04-02 04:15:27
28,4797,1,2025-06-12 14:30:55,2026-04-02 04:15:27
0,4798,1,2024-06-27 22:38:33,2025-09-27 08:02:28
24,4799,1,2024-07-10 20:25:40,2024-10-24 02:51:07
19,4799,1,2024-07-10 20:25:40,2024-10-24 02:51:07
20,4799,1,2024-07-10 20:25:40,2024-10-24 02:51:07
96,4800,0,2024-04-11 09:26:44,2024-05-03 18:20:05
1,4800,0,2024-04-11 09:26:44,2024-05-03 18:20:05
4,4800,0,2024-04-11 09:26:44,2024-05-03 18:20:05
97,4800,0,2024-04-11 09:26:44,2024-05-03 18:20:05
32,4801,1,2025-05-27 06:10:37,2026-05-10 14:27:49
28,4801,1,2025-05-27 06:10:37,2026-05-10 14:27:49
0,4802,1,2025-05-16 13:06:51,2026-07-11 17:13:37
0,4803,1,2026-07-15 12:29:57,2026-07-31 13:43:10
28,4804,1,2023-01-26 22:26:21,2025-10-29 01:09:59
29,4804,1,2023-01-26 22:26:21,2025-10-29 01:09:59
28,4805,1,2024-03-21 11:33:53,2025-06-15 06:52:39
31,4805,1,2024-03-21 11:33:53,2025-06-15 06:52:39
96,4806,0,2025-10-29 06:42:08,2026-01-16 17:02:47
97,4806,0,2025-10-29 06:42:08,2026-01-16 17:02:47
28,4806,0,2025-10-29 06:42:08,2026-01-16 17:02:47
31,4806,0,2025-10-29 06:42:08,2026-01-16 17:02:47
0,4807,1,2024-01-12 11:40:51,2026-03-14 10:22:48
96,4808,0,2023-05-05 00:49:53,2025-09-06 21:02:35
99,4808,0,2023-05-05 00:49:53,2025-09-06 21:02:35
19,4808,0,2023-05-05 00:49:53,2025-09-06 21:02:35
20,4808,0,2023-05-05 00:49:53,2025-09-06 21:02:35
24,4808,0,2023-05-05 00:49:53,2025-09-06 21:02:35
1,4809,0,2024-10-06 14:52:51,2024-11-19 11:45:05
3,4809,0,2024-10-06 14:52:51,2024-11-19 11:45:05
7,4809,0,2024-10-06 14:52:51,2024-11-19 11:45:05
15,4809,0,2024-10-06 14:52:51,2024-11-19 11:45:05
1,4810,1,2025-12-30 03:54:00,2026-09-14 09:09:04
3,4810,1,2025-12-30 03:54:00,2026-09-14 09:09:04
7,4810,1,2025-12-30 03:54:00,2026-09-14 09:09:04
15,4810,1,2025-12-30 03:54:00,2026-09-14 09:09:04
35,4811,1,2025-04-04 08:39:56,2026-03-15 03:45:58
28,4811,1,2025-04-04 08:39:56,2026-03-15 03:45:58
96,4812,1,2024-01-06 01:44:58,2024-01-26 04:09:37
1,4812,1,2024-01-06 01:44:58,2024-01-26 04:09:37
97,4812,1,2024-01-06 01:44:58,2024-01-26 04:09:37
3,4812,1,2024-01-06 01:44:58,2024-01-26 04:09:37
7,4812,1,2024-01-06 01:44:58,2024-01-26 04:09:37
15,4812,1,2024-01-06 01:44:58,2024-01-26 04:09:37
28,4813,1,2025-07-12 17:32:34,2025-11-21 13:52:08
31,4813,1,2025-07-12 17:32:34,2025-11-21 13:52:08
0,4814,1,2023-04-10 15:28:29,2024-01-29 18:41:19
19,4815,1,2023-05-28 04:20:18,2026-05-10 20:51:04
27,4815,1,2023-05-28 04:20:18,2026-05-10 20:51:04
22,4815,1,2023-05-28 04:20:18,2026-05-10 20:51:04
96,4816,1,2026-01-22 04:49:35,2026-05-18 21:12:29
1,4816,1,2026-01-22 04:49:35,2026-05-18 21:12:29
2,4816,1,2026-01-22 04:49:35,2026-05-18 21:12:29
99,4816,1,2026-01-22 04:49:35,2026-05-18 21:12:29
14,4816,1,2026-01-22 04:49:35,2026-05-18 21:12:29
1,4817,1,2026-01-23 22:45:22,2026-07-05 18:33:05
2,4817,1,2026-01-23 22:45:22,2026-07-05 18:33:05
14,4817,1,2026-01-23 22:45:22,2026-07-05 18:33:05
0,4818,1,2026-03-29 13:35:59,2026-04-18 13:44:03
97,4818,1,2026-03-29 13:35:59,2026-04-18 13:44:03
96,4818,1,2026-03-29 13:35:59,2026-04-18 13:44:03
1,4819,1,2023-04-26 20:05:06,2024-09-04 13:51:43
4,4819,1,2023-04-26 20:05:06,2024-09-04 13:51:43
0,4820,1,2023-04-04 15:34:18,2026-01-25 12:08:13
26,4821,1,2026-08-28 03:46:30,2026-09-11 07:20:04
19,4821,1,2026-08-28 03:46:30,2026-09-11 07:20:04
21,4821,1,2026-08-28 03:46:30,2026-09-11 07:20:04
0,4822,1,2025-03-01 22:19:04,2026-01-28 14:53:40
0,4823,1,2026-08-19 19:32:19,2026-08-29 20:12:31
96,4824,1,2023-08-04 00:10:33,2024-10-10 06:11:20
97,4824,1,2023-08-04 00:10:33,2024-10-10 06:11:20
35,4824,1,2023-08-04 00:10:33,2024-10-10 06:11:20
28,4824,1,2023-08-04 00:10:33,2024-10-10 06:11:20
1,4825,1,2026-01-27 07:32:08,2026-07-29 00:59:45
3,4825,1,2026-01-27 07:32:08,2026-07-29 00:59:45
7,4825,1,2026-01-27 07:32:08,2026-07-29 00:59:45
15,4825,1,2026-01-27 07:32:08,2026-07-29 00:59:45
28,4826,1,2026-06-03 02:57:28,2026-07-05 09:26:59
29,4826,1,2026-06-03 02:57:28,2026-07-05 09:26:59
0,4827,0,2026-03-07 02:37:21,2026-07-15 13:03:30
19,4828,1,2025-01-17 19:56:58,2025-12-08 11:24:44
27,4828,1,2025-01-17 19:56:58,2025-12-08 11:24:44
22,4828,1,2025-01-17 19:56:58,2025-12-08 11:24:44
24,4829,0,2024-06-19 05:28:39,2025-08-26 19:25:22
19,4829,0,2024-06-19 05:28:39,2025-08-26 19:25:22
20,4829,0,2024-06-19 05:28:39,2025-08-26 19:25:22
0,4830,0,2026-09-10 02:27:39,2026-09-12 09:34:20
97,4830,0,2026-09-10 02:27:39,2026-09-12 09:34:20
96,4830,0,2026-09-10 02:27:39,2026-09-12 09:34:20
1,4831,1,2023-05-21 05:44:53,2026-09-01 08:00:45
4,4831,1,2023-05-21 05:44:53,2026-09-01 08:00:45
96,4832,1,2023-10-16 01:19:26,2025-04-09 11:00:01
99,4832,1,2023-10-16 01:19:26,2025-04-09 11:00:01
19,4832,1,2023-10-16 01:19:26,2025-04-09 11:00:01
20,4832,1,2023-10-16 01:19:26,2025-04-09 11:00:01
24,4832,1,2023-10-16 01:19:26,2025-04-09 11:00:01
0,4833,1,2024-06-14 20:28:05,2026-01-07 14:37:37
0,4834,0,2024-01-07 07:55:35,2024-05-19 05:01:17
0,4835,1,2023-11-12 09:19:55,2024-07-15 15:08:19
96,4836,0,2023-01-15 02:12:46,2024-05-08 02:23:49
97,4836,0,2023-01-15 02:12:46,2024-05-08 02:23:49
28,4836,0,2023-01-15 02:12:46,2024-05-08 02:23:49
29,4836,0,2023-01-15 02:12:46,2024-05-08 02:23:49
0,4837,0,2025-06-26 13:03:02,2026-05-31 17:28:21
33,4838,1,2026-08-14 02:28:41,2026-09-09 07:30:03
28,4838,1,2026-08-14 02:28:41,2026-09-09 07:30:03
26,4839,1,2024-04-08 00:20:37,2026-02-17 19:38:06
19,4839,1,2024-04-08 00:20:37,2026-02-17 19:38:06
21,4839,1,2024-04-08 00:20:37,2026-02-17 19:38:06
96,4840,1,2026-08-15 01:00:26,2026-09-01 14:11:09
99,4840,1,2026-08-15 01:00:26,2026-09-01 14:11:09
19,4840,1,2026-08-15 01:00:26,2026-09-01 14:11:09
22,4840,1,2026-08-15 01:00:26,2026-09-01 14:11:09
27,4840,1,2026-08-15 01:00:26,2026-09-01 14:11:09
35,4841,1,2024-09-02 09:33:11,2025-02-11 23:52:51
28,4841,1,2024-09-02 09:33:11,2025-02-11 23:52:51
96,4842,1,2023-03-07 01:24:47,2023-08-14 06:17:46
97,4842,1,2023-03-07 01:24:47,2023-08-14 06:17:46
19,4842,1,2023-03-07 01:24:47,2023-08-14 06:17:46
20,4842,1,2023-03-07 01:24:47,2023-08-14 06:17:46
24,4842,1,2023-03-07 01:24:47,2023-08-14 06:17:46
0,4843,1,2024-04-29 01:09:24,2024-07-14 07:47:33
28,4844,1,2024-11-03 19:24:25,2026-07-23 15:14:45
29,4844,1,2024-11-03 19:24:25,2026-07-23 15:14:45
0,4845,1,2026-01-13 02:51:19,2026-02-20 03:32:53
19,4846,1,2025-03-25 06:09:27,2025-10-24 04:09:12
27,4846,1,2025-03-25 06:09:27,2025-10-24 04:09:12
22,4846,1,2025-03-25 06:09:27,2025-10-24 04:09:12
0,4847,0,2025-09-14 11:09:31,2026-01-21 03:00:41
0,4848,1,2026-04-01 12:48:47,2026-09-11 04:00:28
97,4848,1,2026-04-01 12:48:47,2026-09-11 04:00:28
96,4848,1,2026-04-01 12:48:47,2026-09-11 04:00:28
1,4849,1,2024-08-17 10:12:59,2026-03-08 07:10:31
4,4849,1,2024-08-17 10:12:59,2026-03-08 07:10:31
26,4850,1,2024-04-05 02:55:18,2026-01-15 18:22:18
19,4850,1,2024-04-05 02:55:18,2026-01-15 18:22:18
21,4850,1,2024-04-05 02:55:18,2026-01-15 18:22:18
32,4851,1,2025-03-04 23:38:59,2026-07-10 14:02:33
28,4851,1,2025-03-04 23:38:59,2026-07-10 14:02:33
0,4852,1,2023-02-07 03:15:54,2024-11-15 00:16:25
19,4853,1,2026-08-10 21:31:32,2026-08-18 01:22:37
27,4853,1,2026-08-10 21:31:32,2026-08-18 01:22:37
22,4853,1,2026-08-10 21:31:32,2026-08-18 01:22:37
96,4854,1,2023-11-25 11:46:33,2026-02-17 18:55:29
97,4854,1,2023-11-25 11:46:33,2026-02-17 18:55:29
19,4854,1,2023-11-25 11:46:33,2026-02-17 18:55:29
20,4854,1,2023-11-25 11:46:33,2026-02-17 18:55:29
24,4854,1,2023-11-25 11:46:33,2026-02-17 18:55:29
32,4855,1,2023-04-29 11:20:56,2023-08-12 14:19:23
28,4855,1,2023-04-29 11:20:56,2023-08-12 14:19:23
96,4856,1,2023-09-20 10:11:36,2024-10-03 06:48:22
1,4856,1,2023-09-20 10:11:36,2024-10-03 06:48:22
2,4856,1,2023-09-20 10:11:36,2024-10-03 06:48:22
99,4856,1,2023-09-20 10:11:36,2024-10-03 06:48:22
13,4856,1,2023-09-20 10:11:36,2024-10-03 06:48:22
1,4857,1,2025-04-20 05:46:35,2026-01-09 04:26:42
2,4857,1,2025-04-20 05:46:35,2026-01-09 04:26:42
13,4857,1,2025-04-20 05:46:35,2026-01-09 04:26:42
24,4858,1,2024-01-31 16:48:56,2026-01-07 15:29:16
19,4858,1,2024-01-31 16:48:56,2026-01-07 15:29:16
20,4858,1,2024-01-31 16:48:56,2026-01-07 15:29:16
32,4859,1,2025-05-24 10:41:07,2026-07-27 12:13:41
28,4859,1,2025-05-24 10:41:07,2026-07-27 12:13:41
0,4860,1,2025-02-27 14:23:18,2026-08-03 03:33:49
97,4860,1,2025-02-27 14:23:18,2026-08-03 03:33:49
96,4860,1,2025-02-27 14:23:18,2026-08-03 03:33:49
35,4861,1,2023-08-04 10:48:06,2024-01-23 08:36:16
28,4861,1,2023-08-04 10:48:06,2024-01-23 08:36:16
0,4862,1,2024-10-09 20:57:17,2026-01-24 13:25:28
26,4863,1,2026-01-11 18:15:45,2026-03-05 12:40:20
19,4863,1,2026-01-11 18:15:45,2026-03-05 12:40:20
21,4863,1,2026-01-11 18:15:45,2026-03-05 12:40:20
0,4864,1,2023-03-26 03:51:47,2024-04-12 23:06:30
99,4864,1,2023-03-26 03:51:47,2024-04-12 23:06:30
96,4864,1,2023-03-26 03:51:47,2024-04-12 23:06:30
0,4865,1,2026-06-18 15:14:40,2026-07-03 09:20:09
0,4866,1,2025-01-18 11:58:22,2026-06-01 10:24:11
97,4866,1,2025-01-18 11:58:22,2026-06-01 10:24:11
96,4866,1,2025-01-18 11:58:22,2026-06-01 10:24:11
19,4867,0,2026-03-22 18:12:26,2026-05-30 22:58:35
27,4867,0,2026-03-22 18:12:26,2026-05-30 22:58:35
22,4867,0,2026-03-22 18:12:26,2026-05-30 22:58:35
28,4868,1,2026-06-29 13:59:03,2026-07-08 21:44:51
29,4868,1,2026-06-29 13:59:03,2026-07-08 21:44:51
1,4869,1,2025-03-11 13:21:17,2025-11-14 13:58:25
2,4869,1,2025-03-11 13:21:17,2025-11-14 13:58:25
14,4869,1,2025-03-11 13:21:17,2025-11-14 13:58:25
1,4870,1,2025-10-23 12:04:15,2025-12-03 14:16:10
2,4870,1,2025-10-23 12:04:15,2025-12-03 14:16:10
13,4870,1,2025-10-23 12:04:15,2025-12-03 14:16:10
1,4871,1,2024-12-25 21:01:13,2026-01-09 02:13:26
3,4871,1,2024-12-25 21:01:13,2026-01-09 02:13:26
7,4871,1,2024-12-25 21:01:13,2026-01-09 02:13:26
15,4871,1,2024-12-25 21:01:13,2026-01-09 02:13:26
0,4872,1,2024-12-31 22:16:03,2026-03-21 12:21:02
97,4872,1,2024-12-31 22:16:03,2026-03-21 12:21:02
96,4872,1,2024-12-31 22:16:03,2026-03-21 12:21:02
0,4873,1,2026-08-19 19:31:48,2026-08-20 07:02:51
1,4874,0,2025-12-04 11:15:40,2026-03-22 01:28:16
2,4874,0,2025-12-04 11:15:40,2026-03-22 01:28:16
13,4874,0,2025-12-04 11:15:40,2026-03-22 01:28:16
28,4875,1,2026-04-27 19:50:12,2026-06-20 20:02:48
29,4875,1,2026-04-27 19:50:12,2026-06-20 20:02:48
0,4876,1,2024-08-10 21:28:22,2026-02-28 14:24:42
0,4877,1,2025-05-17 08:00:36,2025-08-07 08:58:48
96,4878,1,2026-07-29 04:42:07,2026-08-11 02:03:08
97,4878,1,2026-07-29 04:42:07,2026-08-11 02:03:08
35,4878,1,2026-07-29 04:42:07,2026-08-11 02:03:08
28,4878,1,2026-07-29 04:42:07,2026-08-11 02:03:08
35,4879,0,2024-01-19 19:18:43,2025-08-08 20:04:52
28,4879,0,2024-01-19 19:18:43,2025-08-08 20:04:52
96,4880,1,2025-01-20 13:10:54,2025-12-29 04:56:32
1,4880,1,2025-01-20 13:10:54,2025-12-29 04:56:32
99,4880,1,2025-01-20 13:10:54,2025-12-29 04:56:32
4,4880,1,2025-01-20 13:10:54,2025-12-29 04:56:32
0,4881,1,2023-12-04 03:24:22,2024-05-05 09:14:17
26,4882,1,2026-07-19 22:15:08,2026-09-11 15:56:37
19,4882,1,2026-07-19 22:15:08,2026-09-11 15:56:37
21,4882,1,2026-07-19 22:15:08,2026-09-11 15:56:37
24,4883,1,2025-08-05 07:31:09,2026-09-09 10:28:39
19,4883,1,2025-08-05 07:31:09,2026-09-09 10:28:39
20,4883,1,2025-08-05 07:31:09,2026-09-09 10:28:39
0,4884,1,2024-01-09 08:07:43,2026-07-28 11:57:41
97,4884,1,2024-01-09 08:07:43,2026-07-28 11:57:41
96,4884,1,2024-01-09 08:07:43,2026-07-28 11:57:41
0,4885,0,2026-07-23 17:46:59,2026-09-07 04:16:32
0,4886,0,2025-01-29 09:05:53,2026-08-11 11:17:25
1,4887,1,2026-08-23 01:57:53,2026-09-14 13:38:47
2,4887,1,2026-08-23 01:57:53,2026-09-14 13:38:47
14,4887,1,2026-08-23 01:57:53,2026-09-14 13:38:47
0,4888,1,2025-04-09 13:18:52,2025-06-01 06:10:12
99,4888,1,2025-04-09 13:18:52,2025-06-01 06:10:12
96,4888,1,2025-04-09 13:18:52,2025-06-01 06:10:12
0,4889,0,2025-01-14 12:39:34,2025-12-30 14:41:05
0,4890,1,2023-02-02 23:46:18,2024-07-20 00:19:37
97,4890,1,2023-02-02 23:46:18,2024-07-20 00:19:37
96,4890,1,2023-02-02 23:46:18,2024-07-20 00:19:37
0,4891,1,2024-03-31 16:25:51,2024-09-17 19:05:12
24,4892,1,2026-08-21 22:52:09,2026-08-29 19:05:06
19,4892,1,2026-08-21 22:52:09,2026-08-29 19:05:06
20,4892,1,2026-08-21 22:52:09,2026-08-29 19:05:06
1,4893,1,2025-11-18 08:25:30,2026-08-24 13:08:30
4,4893,1,2025-11-18 08:25:30,2026-08-24 13:08:30
26,4894,1,2023-10-09 05:35:30,2024-10-03 00:14:12
19,4894,1,2023-10-09 05:35:30,2024-10-03 00:14:12
21,4894,1,2023-10-09 05:35:30,2024-10-03 00:14:12
26,4895,0,2026-08-27 10:16:17,2026-09-04 11:34:00
19,4895,0,2026-08-27 10:16:17,2026-09-04 11:34:00
21,4895,0,2026-08-27 10:16:17,2026-09-04 11:34:00
0,4896,1,2026-06-11 01:47:32,2026-09-11 17:03:27
97,4896,1,2026-06-11 01:47:32,2026-09-11 17:03:27
96,4896,1,2026-06-11 01:47:32,2026-09-11 17:03:27
0,4897,1,2023-09-16 06:06:49,2025-10-17 06:55:11
35,4898,1,2025-06-16 00:58:21,2026-09-11 11:33:32
28,4898,1,2025-06-16 00:58:21,2026-09-11 11:33:32
24,4899,1,2025-11-18 06:49:35,2026-06-23 20:49:18
19,4899,1,2025-11-18 06:49:35,2026-06-23 20:49:18
20,4899,1,2025-11-18 06:49:35,2026-06-23 20:49:18
1,4900,1,2023-11-30 05:18:31,2025-11-07 04:16:15
3,4900,1,2023-11-30 05:18:31,2025-11-07 04:16:15
7,4900,1,2023-11-30 05:18:31,2025-11-07 04:16:15
15,4900,1,2023-11-30 05:18:31,2025-11-07 04:16:15
26,4901,1,2023-02-03 20:42:33,2025-03-10 18:56:24
19,4901,1,2023-02-03 20:42:33,2025-03-10 18:56:24
21,4901,1,2023-02-03 20:42:33,2025-03-10 18:56:24
96,4902,1,2024-02-25 22:59:31,2025-06-14 10:05:21
1,4902,1,2024-02-25 22:59:31,2025-06-14 10:05:21
4,4902,1,2024-02-25 22:59:31,2025-06-14 10:05:21
97,4902,1,2024-02-25 22:59:31,2025-06-14 10:05:21
1,4903,1,2024-09-29 08:59:55,2024-11-03 10:23:22
2,4903,1,2024-09-29 08:59:55,2024-11-03 10:23:22
13,4903,1,2024-09-29 08:59:55,2024-11-03 10:23:22
96,4904,1,2024-11-21 13:23:27,2026-07-11 15:34:34
33,4904,1,2024-11-21 13:23:27,2026-07-11 15:34:34
99,4904,1,2024-11-21 13:23:27,2026-07-11 15:34:34
28,4904,1,2024-11-21 13:23:27,2026-07-11 15:34:34
0,4905,1,2026-02-12 15:20:34,2026-08-27 02:27:45
1,4906,1,2024-02-06 18:10:07,2026-08-09 06:08:10
3,4906,1,2024-02-06 18:10:07,2026-08-09 06:08:10
7,4906,1,2024-02-06 18:10:07,2026-08-09 06:08:10
15,4906,1,2024-02-06 18:10:07,2026-08-09 06:08:10
0,4907,0,2025-01-16 08:07:21,2026-07-06 00:11:40
96,4908,1,2025-03-01 06:47:48,2026-02-22 16:41:47
97,4908,1,2025-03-01 06:47:48,2026-02-22 16:41:47
28,4908,1,2025-03-01 06:47:48,2026-02-22 16:41:47
31,4908,1,2025-03-01 06:47:48,2026-02-22 16:41:47
35,4909,1,2026-07-28 03:06:41,2026-08-28 10:51:27
28,4909,1,2026-07-28 03:06:41,2026-08-28 10:51:27
28,4910,1,2024-12-14 22:46:50,2025-03-18 10:40:50
31,4910,1,2024-12-14 22:46:50,2025-03-18 10:40:50
35,4911,1,2025-01-08 14:34:43,2025-08-21 10:47:52
28,4911,1,2025-01-08 14:34:43,2025-08-21 10:47:52
0,4912,1,2024-08-08 16:20:53,2026-08-19 17:53:43
99,4912,1,2024-08-08 16:20:53,2026-08-19 17:53:43
96,4912,1,2024-08-08 16:20:53,2026-08-19 17:53:43
0,4913,1,2026-08-08 08:05:59,2026-09-01 07:53:15
0,4914,1,2025-06-13 05:54:24,2026-06-12 07:21:10
97,4914,1,2025-06-13 05:54:24,2026-06-12 07:21:10
96,4914,1,2025-06-13 05:54:24,2026-06-12 07:21:10
1,4915,1,2023-10-05 05:01:10,2025-09-16 11:51:12
4,4915,1,2023-10-05 05:01:10,2025-09-16 11:51:12
0,4916,1,2025-01-26 15:41:10,2026-08-08 08:12:59
26,4917,1,2023-08-12 10:37:00,2025-02-02 15:19:54
19,4917,1,2023-08-12 10:37:00,2025-02-02 15:19:54
21,4917,1,2023-08-12 10:37:00,2025-02-02 15:19:54
1,4918,0,2024-04-24 23:37:56,2026-02-07 23:56:21
2,4918,0,2024-04-24 23:37:56,2026-02-07 23:56:21
14,4918,0,2024-04-24 23:37:56,2026-02-07 23:56:21
24,4919,1,2024-08-19 10:41:51,2026-05-08 04:22:58
19,4919,1,2024-08-19 10:41:51,2026-05-08 04:22:58
20,4919,1,2024-08-19 10:41:51,2026-05-08 04:22:58
96,4920,0,2023-02-03 07:26:04,2024-10-02 08:48:14
97,4920,0,2023-02-03 07:26:04,2024-10-02 08:48:14
19,4920,0,2023-02-03 07:26:04,2024-10-02 08:48:14
20,4920,0,2023-02-03 07:26:04,2024-10-02 08:48:14
24,4920,0,2023-02-03 07:26:04,2024-10-02 08:48:14
1,4921,1,2024-02-04 19:18:47,2024-03-21 15:35:21
4,4921,1,2024-02-04 19:18:47,2024-03-21 15:35:21
0,4922,1,2026-06-20 21:25:58,2026-09-07 22:03:09
26,4923,1,2024-05-18 19:35:40,2025-05-17 19:22:07
19,4923,1,2024-05-18 19:35:40,2025-05-17 19:22:07
21,4923,1,2024-05-18 19:35:40,2025-05-17 19:22:07
0,4924,0,2024-03-07 03:28:38,2025-02-13 20:26:54
1,4925,0,2025-10-30 20:44:11,2025-11-04 12:49:55
3,4925,0,2025-10-30 20:44:11,2025-11-04 12:49:55
7,4925,0,2025-10-30 20:44:11,2025-11-04 12:49:55
15,4925,0,2025-10-30 20:44:11,2025-11-04 12:49:55
0,4926,1,2023-10-18 04:04:12,2024-04-14 23:20:22
97,4926,1,2023-10-18 04:04:12,2024-04-14 23:20:22
96,4926,1,2023-10-18 04:04:12,2024-04-14 23:20:22
0,4927,1,2023-07-27 04:52:56,2025-04-22 04:37:48
96,4928,1,2025-10-30 23:08:54,2026-03-21 20:53:26
1,4928,1,2025-10-30 23:08:54,2026-03-21 20:53:26
99,4928,1,2025-10-30 23:08:54,2026-03-21 20:53:26
4,4928,1,2025-10-30 23:08:54,2026-03-21 20:53:26
0,4929,0,2025-02-04 09:38:01,2025-08-30 17:41:27
1,4930,0,2025-06-23 22:37:33,2026-08-22 03:50:14
2,4930,0,2025-06-23 22:37:33,2026-08-22 03:50:14
14,4930,0,2025-06-23 22:37:33,2026-08-22 03:50:14
32,4931,1,2024-01-18 22:31:41,2025-05-20 03:55:55
28,4931,1,2024-01-18 22:31:41,2025-05-20 03:55:55
96,4932,1,2024-07-22 21:05:33,2024-12-05 15:19:15
97,4932,1,2024-07-22 21:05:33,2024-12-05 15:19:15
19,4932,1,2024-07-22 21:05:33,2024-12-05 15:19:15
21,4932,1,2024-07-22 21:05:33,2024-12-05 15:19:15
26,4932,1,2024-07-22 21:05:33,2024-12-05 15:19:15
0,4933,1,2026-09-07 06:47:14,2026-09-14 09:11:22
28,4934,1,2024-12-06 19:06:50,2026-08-22 04:56:51
31,4934,1,2024-12-06 19:06:50,2026-08-22 04:56:51
28,4935,1,2025-08-27 23:46:44,2026-03-07 06:19:59
31,4935,1,2025-08-27 23:46:44,2026-03-07 06:19:59
96,4936,1,2024-09-08 06:27:40,2025-04-11 14:26:01
99,4936,1,2024-09-08 06:27:40,2025-04-11 14:26:01
19,4936,1,2024-09-08 06:27:40,2025-04-11 14:26:01
21,4936,1,2024-09-08 06:27:40,2025-04-11 14:26:01
26,4936,1,2024-09-08 06:27:40,2025-04-11 14:26:01
19,4937,1,2026-06-16 00:45:36,2026-06-29 17:38:02
27,4937,1,2026-06-16 00:45:36,2026-06-29 17:38:02
22,4937,1,2026-06-16 00:45:36,2026-06-29 17:38:02
96,4938,0,2023-05-28 05:40:15,2023-05-31 23:33:46
33,4938,0,2023-05-28 05:40:15,2023-05-31 23:33:46
28,4938,0,2023-05-28 05:40:15,2023-05-31 23:33:46
97,4938,0,2023-05-28 05:40:15,2023-05-31 23:33:46
1,4939,1,2023-04-23 07:36:11,2025-12-04 08:15:21
4,4939,1,2023-04-23 07:36:11,2025-12-04 08:15:21
35,4940,1,2025-05-10 07:17:03,2025-08-11 00:47:52
28,4940,1,2025-05-10 07:17:03,2025-08-11 00:47:52
24,4941,0,2024-01-23 22:56:48,2024-02-05 19:52:12
19,4941,0,2024-01-23 22:56:48,2024-02-05 19:52:12
20,4941,0,2024-01-23 22:56:48,2024-02-05 19:52:12
1,4942,0,2023-03-06 22:26:08,2025-07-02 21:39:26
2,4942,0,2023-03-06 22:26:08,2025-07-02 21:39:26
13,4942,0,2023-03-06 22:26:08,2025-07-02 21:39:26
1,4943,1,2024-06-12 00:59:47,2024-08-02 19:40:43
4,4943,1,2024-06-12 00:59:47,2024-08-02 19:40:43
96,4944,1,2024-06-14 03:37:39,2026-08-28 04:00:59
97,4944,1,2024-06-14 03:37:39,2026-08-28 04:00:59
35,4944,1,2024-06-14 03:37:39,2026-08-28 04:00:59
28,4944,1,2024-06-14 03:37:39,2026-08-28 04:00:59
26,4945,1,2026-04-23 09:58:01,2026-06-08 05:24:15
19,4945,1,2026-04-23 09:58:01,2026-06-08 05:24:15
21,4945,1,2026-04-23 09:58:01,2026-06-08 05:24:15
24,4946,1,2023-08-01 23:20:14,2026-04-16 12:58:42
19,4946,1,2023-08-01 23:20:14,2026-04-16 12:58:42
20,4946,1,2023-08-01 23:20:14,2026-04-16 12:58:42
24,4947,1,2023-08-12 23:40:05,2025-10-06 14:16:53
19,4947,1,2023-08-12 23:40:05,2025-10-06 14:16:53
20,4947,1,2023-08-12 23:40:05,2025-10-06 14:16:53
1,4948,1,2024-12-10 23:34:49,2026-09-07 12:47:55
4,4948,1,2024-12-10 23:34:49,2026-09-07 12:47:55
0,4949,1,2025-07-19 05:33:50,2025-09-15 08:54:01
0,4950,1,2026-01-29 16:26:31,2026-05-10 13:10:33
97,4950,1,2026-01-29 16:26:31,2026-05-10 13:10:33
96,4950,1,2026-01-29 16:26:31,2026-05-10 13:10:33
26,4951,1,2026-03-25 02:02:13,2026-06-14 13:22:25
19,4951,1,2026-03-25 02:02:13,2026-06-14 13:22:25
21,4951,1,2026-03-25 02:02:13,2026-06-14 13:22:25
96,4952,0,2025-08-26 18:18:06,2026-01-07 21:19:25
99,4952,0,2025-08-26 18:18:06,2026-01-07 21:19:25
19,4952,0,2025-08-26 18:18:06,2026-01-07 21:19:25
22,4952,0,2025-08-26 18:18:06,2026-01-07 21:19:25
27,4952,0,2025-08-26 18:18:06,2026-01-07 21:19:25
0,4953,1,2024-02-25 11:18:36,2025-08-24 19:59:41
0,4954,1,2026-04-09 09:18:06,2026-05-04 01:31:43
0,4955,1,2024-08-21 22:16:34,2025-03-07 17:43:39
96,4956,0,2024-07-19 13:40:52,2026-02-03 12:44:44
1,4956,0,2024-07-19 13:40:52,2026-02-03 12:44:44
4,4956,0,2024-07-19 13:40:52,2026-02-03 12:44:44
97,4956,0,2024-07-19 13:40:52,2026-02-03 12:44:44
0,4957,1,2025-12-04 12:08:04,2026-04-08 21:53:33
28,4958,0,2023-12-07 14:08:58,2025-07-02 19:12:28
29,4958,0,2023-12-07 14:08:58,2025-07-02 19:12:28
0,4959,0,2025-04-03 22:46:12,2026-01-03 00:44:54
32,4960,1,2024-08-02 06:20:29,2025-05-25 02:39:16
99,4960,1,2024-08-02 06:20:29,2025-05-25 02:39:16
28,4960,1,2024-08-02 06:20:29,2025-05-25 02:39:16
96,4960,1,2024-08-02 06:20:29,2025-05-25 02:39:16
0,4961,1,2024-11-07 16:00:44,2026-04-26 07:35:18
0,4962,1,2024-06-12 21:07:37,2025-06-06 06:05:42
97,4962,1,2024-06-12 21:07:37,2025-06-06 06:05:42
96,4962,1,2024-06-12 21:07:37,2025-06-06 06:05:42
0,4963,1,2026-07-21 04:05:14,2026-09-13 15:22:01
0,4964,1,2023-05-06 07:26:08,2026-03-24 11:00:59
1,4965,1,2023-07-27 09:58:10,2025-03-18 22:31:01
2,4965,1,2023-07-27 09:58:10,2025-03-18 22:31:01
13,4965,1,2023-07-27 09:58:10,2025-03-18 22:31:01
32,4966,1,2024-03-07 04:40:11,2024-08-02 12:30:43
28,4966,1,2024-03-07 04:40:11,2024-08-02 12:30:43
1,4967,1,2024-01-06 05:42:43,2024-07-16 09:26:35
2,4967,1,2024-01-06 05:42:43,2024-07-16 09:26:35
14,4967,1,2024-01-06 05:42:43,2024-07-16 09:26:35
96,4968,1,2026-03-02 20:02:26,2026-06-10 15:31:28
97,4968,1,2026-03-02 20:02:26,2026-06-10 15:31:28
28,4968,1,2026-03-02 20:02:26,2026-06-10 15:31:28
29,4968,1,2026-03-02 20:02:26,2026-06-10 15:31:28
0,4969,1,2025-10-25 04:12:31,2025-11-18 01:35:16
1,4970,0,2023-09-27 09:27:15,2025-05-31 21:18:06
2,4970,0,2023-09-27 09:27:15,2025-05-31 21:18:06
14,4970,0,2023-09-27 09:27:15,2025-05-31 21:18:06
1,4971,0,2026-03-15 15:27:23,2026-05-21 18:57:57
2,4971,0,2026-03-15 15:27:23,2026-05-21 18:57:57
13,4971,0,2026-03-15 15:27:23,2026-05-21 18:57:57
0,4972,1,2025-08-14 20:51:00,2025-11-23 14:06:26
33,4973,1,2024-12-09 08:27:53,2025-11-28 16:25:15
28,4973,1,2024-12-09 08:27:53,2025-11-28 16:25:15
0,4974,0,2025-03-27 09:33:38,2025-12-19 19:18:38
97,4974,0,2025-03-27 09:33:38,2025-12-19 19:18:38
96,4974,0,2025-03-27 09:33:38,2025-12-19 19:18:38
0,4975,1,2026-01-09 11:05:09,2026-06-05 10:36:19
96,4976,1,2025-04-21 23:58:20,2026-05-19 15:08:22
99,4976,1,2025-04-21 23:58:20,2026-05-19 15:08:22
28,4976,1,2025-04-21 23:58:20,2026-05-19 15:08:22
31,4976,1,2025-04-21 23:58:20,2026-05-19 15:08:22
1,4977,0,2026-04-14 00:57:30,2026-07-31 20:49:31
2,4977,0,2026-04-14 00:57:30,2026-07-31 20:49:31
14,4977,0,2026-04-14 00:57:30,2026-07-31 20:49:31
0,4978,1,2024-08-18 11:09:33,2025-11-09 00:49:58
0,4979,1,2023-08-22 08:21:46,2024-12-27 03:38:51
96,4980,1,2025-07-08 17:19:23,2026-02-18 19:47:39
1,4980,1,2025-07-08 17:19:23,2026-02-18 19:47:39
2,4980,1,2025-07-08 17:19:23,2026-02-18 19:47:39
97,4980,1,2025-07-08 17:19:23,2026-02-18 19:47:39
14,4980,1,2025-07-08 17:19:23,2026-02-18 19:47:39
26,4981,1,2025-03-18 12:12:00,2026-06-03 20:34:24
19,4981,1,2025-03-18 12:12:00,2026-06-03 20:34:24
21,4981,1,2025-03-18 12:12:00,2026-06-03 20:34:24
28,4982,1,2026-09-13 01:49:07,2026-09-16 13:26:28
29,4982,1,2026-09-13 01:49:07,2026-09-16 13:26:28
1,4983,1,2025-12-30 00:49:56,2026-01-24 03:21:00
3,4983,1,2025-12-30 00:49:56,2026-01-24 03:21:00
7,4983,1,2025-12-30 00:49:56,2026-01-24 03:21:00
15,4983,1,2025-12-30 00:49:56,2026-01-24 03:21:00
96,4984,1,2025-09-06 05:41:42,2025-09-26 07:11:32
1,4984,1,2025-09-06 05:41:42,2025-09-26 07:11:32
99,4984,1,2025-09-06 05:41:42,2025-09-26 07:11:32
4,4984,1,2025-09-06 05:41:42,2025-09-26 07:11:32
24,4985,1,2023-08-02 19:34:02,2025-04-16 18:59:19
19,4985,1,2023-08-02 19:34:02,2025-04-16 18:59:19
20,4985,1,2023-08-02 19:34:02,2025-04-16 18:59:19
96,4986,0,2025-08-24 16:21:33,2026-07-31 14:35:46
97,4986,0,2025-08-24 16:21:33,2026-07-31 14:35:46
28,4986,0,2025-08-24 16:21:33,2026-07-31 14:35:46
31,4986,0,2025-08-24 16:21:33,2026-07-31 14:35:46
0,4987,1,2026-06-12 10:22:23,2026-09-04 10:17:02
33,4988,1,2026-02-27 04:59:51,2026-06-06 10:38:25
28,4988,1,2026-02-27 04:59:51,2026-06-06 10:38:25
0,4989,1,2024-05-11 16:39:08,2024-09-21 23:45:19
1,4990,0,2026-04-06 19:59:55,2026-08-31 09:24:52
3,4990,0,2026-04-06 19:59:55,2026-08-31 09:24:52
7,4990,0,2026-04-06 19:59:55,2026-08-31 09:24:52
15,4990,0,2026-04-06 19:59:55,2026-08-31 09:24:52
0,4991,1,2025-10-28 04:15:39,2026-05-14 17:29:12
96,4992,1,2024-02-28 22:20:46,2024-10-29 05:48:30
1,4992,1,2024-02-28 22:20:46,2024-10-29 05:48:30
2,4992,1,2024-02-28 22:20:46,2024-10-29 05:48:30
97,4992,1,2024-02-28 22:20:46,2024-10-29 05:48:30
13,4992,1,2024-02-28 22:20:46,2024-10-29 05:48:30
0,4993,1,2025-08-19 19:50:06,2026-04-07 19:58:40
28,4994,1,2023-08-30 05:34:31,2025-01-26 19:14:03
29,4994,1,2023-08-30 05:34:31,2025-01-26 19:14:03
24,4995,1,2024-05-23 19:49:26,2025-05-19 05:55:20
19,4995,1,2024-05-23 19:49:26,2025-05-19 05:55:20
20,4995,1,2024-05-23 19:49:26,2025-05-19 05:55:20
26,4996,1,2023-11-27 09:07:53,2024-12-20 19:33:39
19,4996,1,2023-11-27 09:07:53,2024-12-20 19:33:39
21,4996,1,2023-11-27 09:07:53,2024-12-20 19:33:39
33,4997,1,2023-01-15 02:20:37,2024-04-24 10:37:08
28,4997,1,2023-01-15 02:20:37,2024-04-24 10:37:08
32,4998,1,2023-04-27 12:39:29,2025-12-30 11:54:53
97,4998,1,2023-04-27 12:39:29,2025-12-30 11:54:53
28,4998,1,2023-04-27 12:39:29,2025-12-30 11:54:53
96,4998,1,2023-04-27 12:39:29,2025-12-30 11:54:53
0,4999,0,2025-07-15 08:47:29,2025-08-11 17:32:01
0,5000,0,2026-03-31 04:40:09,2026-07-05 19:21:19
99,5000,0,2026-03-31 04:40:09,2026-07-05 19:21:19
96,5000,0,2026-03-31 04:40:09,2026-07-05 19:21:19
