ID,SKU,name,description,current_price,current_stock,creation_date,last_update
1,SKU-00001,Laptop Lenovo 3643,Equipo portátil para trabajo y estudio,27775.21,16,2025-06-27 00:00:00,2025-07-30 00:00:00
2,SKU-00002,Memoria USB Verbatim 9415,Memoria USB para almacenamiento y transferencia de archivos,1610.96,95,2025-01-02 00:00:00,2025-06-18 00:00:00
3,SKU-00003,Router D-Link 1319,Router inalámbrico para conexión de red,1019.04,35,2026-03-10 00:00:00,2026-05-09 00:00:00
4,SKU-00004,Monitor Dell 9083,Monitor para computadora de alta resolución,7193.77,37,2026-05-06 00:00:00,2026-09-21 00:00:00
5,SKU-00005,Disco SSD Crucial 4730,Unidad SSD para almacenamiento de datos,2162.04,43,2026-05-01 00:00:00,2026-09-21 00:00:00
6,SKU-00006,Monitor AOC 3338,Monitor para computadora de alta resolución,4526.18,21,2026-06-28 00:00:00,2026-09-14 00:00:00
7,SKU-00007,Router TP-Link 3953,Router inalámbrico para conexión de red,370.01,50,2025-01-19 00:00:00,2025-06-15 00:00:00
8,SKU-00008,Teclado HP 3468,Teclado para computadora de uso diario,719.47,61,2025-12-25 00:00:00,2026-07-19 00:00:00
9,SKU-00009,Audífonos JBL 9903,"Audífonos para música, llamadas y multimedia",1517.4,75,2025-07-02 00:00:00,2025-11-08 00:00:00
10,SKU-00010,Memoria USB Kingston 2215,Memoria USB para almacenamiento y transferencia de archivos,303.53,121,2025-02-12 00:00:00,2025-07-16 00:00:00
11,SKU-00011,Memoria USB PNY 7775,Memoria USB para almacenamiento y transferencia de archivos,1327.74,34,2026-01-18 00:00:00,2026-07-31 00:00:00
12,SKU-00012,Monitor Samsung 1375,Monitor para computadora de alta resolución,3455.11,16,2025-10-06 00:00:00,2025-10-13 00:00:00
13,SKU-00013,Laptop Lenovo 3136,Equipo portátil para trabajo y estudio,24469.43,26,2026-01-09 00:00:00,2026-05-07 00:00:00
14,SKU-00014,Audífonos JBL 7819,"Audífonos para música, llamadas y multimedia",2621.71,76,2026-02-17 00:00:00,2026-06-23 00:00:00
15,SKU-00015,Cable USB Belkin 9888,Cable USB para conexión y transferencia de datos,422.92,19,2026-05-11 00:00:00,2026-09-21 00:00:00
16,SKU-00016,Disco SSD ADATA 415,Unidad SSD para almacenamiento de datos,1802.5,80,2026-02-12 00:00:00,2026-02-22 00:00:00
17,SKU-00017,Laptop ASUS 8030,Equipo portátil para trabajo y estudio,23052.58,33,2026-03-23 00:00:00,2026-09-21 00:00:00
18,SKU-00018,Webcam Trust 4262,Cámara web para videollamadas,2727.21,52,2025-11-12 00:00:00,2026-02-14 00:00:00
19,SKU-00019,Cable USB UGREEN 8154,Cable USB para conexión y transferencia de datos,696.19,47,2025-12-18 00:00:00,2026-05-26 00:00:00
20,SKU-00020,Teclado Microsoft 7936,Teclado para computadora de uso diario,517.78,39,2025-01-14 00:00:00,2025-01-30 00:00:00
21,SKU-00021,Cable USB Amazon Basics 772,Cable USB para conexión y transferencia de datos,184.29,102,2025-06-26 00:00:00,2026-01-20 00:00:00
22,SKU-00022,Disco SSD Samsung 2375,Unidad SSD para almacenamiento de datos,1850.42,40,2025-10-22 00:00:00,2025-12-12 00:00:00
23,SKU-00023,Webcam Microsoft 3689,Cámara web para videollamadas,1000.83,69,2025-04-09 00:00:00,2025-08-04 00:00:00
24,SKU-00024,Laptop Dell 9277,Equipo portátil para trabajo y estudio,19427.61,6,2025-04-20 00:00:00,2025-06-24 00:00:00
25,SKU-00025,Audífonos HyperX 6013,"Audífonos para música, llamadas y multimedia",1372.37,48,2026-07-19 00:00:00,2026-09-21 00:00:00
26,SKU-00026,Audífonos Sony 6045,"Audífonos para música, llamadas y multimedia",440.57,95,2026-05-03 00:00:00,2026-07-23 00:00:00
27,SKU-00027,Webcam HP 5755,Cámara web para videollamadas,421.65,84,2025-01-05 00:00:00,2025-04-30 00:00:00
28,SKU-00028,Laptop HP 8060,Equipo portátil para trabajo y estudio,12331.3,22,2025-07-17 00:00:00,2026-03-08 00:00:00
29,SKU-00029,Audífonos Philips 1054,"Audífonos para música, llamadas y multimedia",1855.02,21,2026-01-01 00:00:00,2026-02-15 00:00:00
30,SKU-00030,Disco SSD Crucial 3459,Unidad SSD para almacenamiento de datos,1478.35,41,2026-07-15 00:00:00,2026-09-21 00:00:00
31,SKU-00031,Teclado Logitech 4825,Teclado para computadora de uso diario,3000.77,47,2026-02-25 00:00:00,2026-08-29 00:00:00
32,SKU-00032,Laptop Dell 823,Equipo portátil para trabajo y estudio,7277.13,33,2026-03-10 00:00:00,2026-09-21 00:00:00
33,SKU-00033,Mouse Razer 374,Mouse óptico para computadora,3102.98,61,2026-04-10 00:00:00,2026-08-26 00:00:00
34,SKU-00034,Teclado Microsoft 2908,Teclado para computadora de uso diario,448.01,69,2025-08-06 00:00:00,2025-10-18 00:00:00
35,SKU-00035,Teclado HP 7675,Teclado para computadora de uso diario,2011.55,16,2025-08-17 00:00:00,2026-03-19 00:00:00
36,SKU-00036,Mouse Microsoft 2586,Mouse óptico para computadora,2015.28,56,2025-07-30 00:00:00,2026-01-27 00:00:00
37,SKU-00037,Laptop Acer 2659,Equipo portátil para trabajo y estudio,9822.25,10,2026-05-09 00:00:00,2026-09-21 00:00:00
38,SKU-00038,Disco SSD Kingston 7978,Unidad SSD para almacenamiento de datos,747.83,59,2025-07-12 00:00:00,2025-12-23 00:00:00
39,SKU-00039,Cable USB Baseus 2392,Cable USB para conexión y transferencia de datos,1566.46,123,2025-10-03 00:00:00,2025-10-18 00:00:00
40,SKU-00040,Audífonos JBL 3706,"Audífonos para música, llamadas y multimedia",882.32,61,2026-04-25 00:00:00,2026-07-12 00:00:00
41,SKU-00041,Disco SSD Samsung 9133,Unidad SSD para almacenamiento de datos,908.79,16,2026-06-22 00:00:00,2026-09-21 00:00:00
42,SKU-00042,Laptop HP 1621,Equipo portátil para trabajo y estudio,9379.02,6,2026-02-25 00:00:00,2026-05-03 00:00:00
43,SKU-00043,Cable USB Amazon Basics 1189,Cable USB para conexión y transferencia de datos,1023.03,144,2025-11-12 00:00:00,2025-11-16 00:00:00
44,SKU-00044,Audífonos HyperX 2732,"Audífonos para música, llamadas y multimedia",1522.16,7,2026-02-07 00:00:00,2026-03-10 00:00:00
45,SKU-00045,Laptop HP 9028,Equipo portátil para trabajo y estudio,20104.21,23,2025-10-04 00:00:00,2026-05-08 00:00:00
46,SKU-00046,Memoria USB Kingston 1235,Memoria USB para almacenamiento y transferencia de archivos,1525.19,116,2025-10-10 00:00:00,2026-05-06 00:00:00
47,SKU-00047,Cable USB Baseus 7744,Cable USB para conexión y transferencia de datos,908.3,96,2026-03-29 00:00:00,2026-09-21 00:00:00
48,SKU-00048,Mouse Genius 3666,Mouse óptico para computadora,516.43,84,2025-10-15 00:00:00,2026-03-17 00:00:00
49,SKU-00049,Audífonos Philips 2802,"Audífonos para música, llamadas y multimedia",892.98,82,2025-07-30 00:00:00,2025-08-11 00:00:00
50,SKU-00050,Laptop HP 933,Equipo portátil para trabajo y estudio,23000.61,25,2025-08-28 00:00:00,2026-03-29 00:00:00
51,SKU-00051,Audífonos HyperX 1781,"Audífonos para música, llamadas y multimedia",1315.23,65,2025-01-05 00:00:00,2025-06-19 00:00:00
52,SKU-00052,Router Netgear 1438,Router inalámbrico para conexión de red,2020.64,22,2026-03-24 00:00:00,2026-05-24 00:00:00
53,SKU-00053,Memoria USB ADATA 7526,Memoria USB para almacenamiento y transferencia de archivos,1134.51,59,2026-08-09 00:00:00,2026-09-21 00:00:00
54,SKU-00054,Cable USB Amazon Basics 2757,Cable USB para conexión y transferencia de datos,378.35,65,2026-03-08 00:00:00,2026-09-21 00:00:00
55,SKU-00055,Audífonos Philips 7368,"Audífonos para música, llamadas y multimedia",1066.59,35,2026-04-21 00:00:00,2026-08-19 00:00:00
56,SKU-00056,Mouse Razer 6624,Mouse óptico para computadora,2535.46,10,2025-09-19 00:00:00,2025-12-31 00:00:00
57,SKU-00057,Memoria USB PNY 5726,Memoria USB para almacenamiento y transferencia de archivos,1130.13,61,2025-06-15 00:00:00,2025-07-14 00:00:00
58,SKU-00058,Teclado Redragon 1809,Teclado para computadora de uso diario,698.98,92,2025-01-14 00:00:00,2025-02-27 00:00:00
59,SKU-00059,Webcam Trust 5008,Cámara web para videollamadas,663.53,10,2026-07-15 00:00:00,2026-08-06 00:00:00
60,SKU-00060,Webcam Trust 4493,Cámara web para videollamadas,504.74,10,2026-03-19 00:00:00,2026-09-16 00:00:00
61,SKU-00061,Audífonos JBL 2908,"Audífonos para música, llamadas y multimedia",1829.69,34,2026-02-18 00:00:00,2026-04-23 00:00:00
62,SKU-00062,Webcam HP 4918,Cámara web para videollamadas,848.46,96,2026-03-31 00:00:00,2026-09-21 00:00:00
63,SKU-00063,Laptop ASUS 8318,Equipo portátil para trabajo y estudio,12004.88,34,2026-02-04 00:00:00,2026-05-14 00:00:00
64,SKU-00064,Monitor AOC 4525,Monitor para computadora de alta resolución,9762.66,48,2025-11-18 00:00:00,2025-11-28 00:00:00
65,SKU-00065,Webcam AverMedia 7665,Cámara web para videollamadas,2203.54,26,2026-01-06 00:00:00,2026-04-16 00:00:00
66,SKU-00066,Monitor Samsung 2016,Monitor para computadora de alta resolución,5880.1,18,2026-01-09 00:00:00,2026-03-27 00:00:00
67,SKU-00067,Audífonos Logitech 5074,"Audífonos para música, llamadas y multimedia",2782.87,10,2025-06-27 00:00:00,2025-07-02 00:00:00
68,SKU-00068,Audífonos Sony 4838,"Audífonos para música, llamadas y multimedia",1400.69,31,2025-03-04 00:00:00,2025-03-24 00:00:00
69,SKU-00069,Mouse Razer 4166,Mouse óptico para computadora,2519.21,61,2026-04-20 00:00:00,2026-05-21 00:00:00
70,SKU-00070,Webcam Microsoft 7586,Cámara web para videollamadas,3212.95,23,2026-06-06 00:00:00,2026-09-21 00:00:00
71,SKU-00071,Teclado HP 6531,Teclado para computadora de uso diario,587.54,35,2025-09-06 00:00:00,2026-02-16 00:00:00
72,SKU-00072,Audífonos JBL 2388,"Audífonos para música, llamadas y multimedia",2452.33,99,2025-11-15 00:00:00,2026-06-25 00:00:00
73,SKU-00073,Teclado Microsoft 7306,Teclado para computadora de uso diario,2256.55,49,2025-01-29 00:00:00,2025-07-05 00:00:00
74,SKU-00074,Teclado Redragon 3649,Teclado para computadora de uso diario,427.39,92,2026-05-31 00:00:00,2026-08-25 00:00:00
75,SKU-00075,Monitor Samsung 9543,Monitor para computadora de alta resolución,10819.93,43,2025-02-21 00:00:00,2025-05-14 00:00:00
76,SKU-00076,Teclado Redragon 7524,Teclado para computadora de uso diario,378.41,63,2025-04-21 00:00:00,2025-10-13 00:00:00
77,SKU-00077,Mouse Microsoft 9239,Mouse óptico para computadora,1612.02,56,2025-08-22 00:00:00,2026-04-17 00:00:00
78,SKU-00078,Router D-Link 4847,Router inalámbrico para conexión de red,2948.21,57,2026-08-07 00:00:00,2026-09-21 00:00:00
79,SKU-00079,Cable USB Belkin 4348,Cable USB para conexión y transferencia de datos,157.62,137,2026-07-15 00:00:00,2026-09-21 00:00:00
80,SKU-00080,Disco SSD Kingston 6734,Unidad SSD para almacenamiento de datos,3903.76,43,2025-06-28 00:00:00,2025-08-10 00:00:00
81,SKU-00081,Monitor Samsung 3193,Monitor para computadora de alta resolución,4985.1,26,2025-08-18 00:00:00,2026-02-06 00:00:00
82,SKU-00082,Cable USB UGREEN 7119,Cable USB para conexión y transferencia de datos,955.54,120,2026-08-06 00:00:00,2026-09-21 00:00:00
83,SKU-00083,Audífonos Philips 4095,"Audífonos para música, llamadas y multimedia",2651.74,68,2026-05-30 00:00:00,2026-09-21 00:00:00
84,SKU-00084,Cable USB Amazon Basics 209,Cable USB para conexión y transferencia de datos,1713.19,112,2026-06-30 00:00:00,2026-09-21 00:00:00
85,SKU-00085,Disco SSD Samsung 623,Unidad SSD para almacenamiento de datos,4408.3,46,2025-03-16 00:00:00,2025-09-11 00:00:00
86,SKU-00086,Audífonos Logitech 7836,"Audífonos para música, llamadas y multimedia",1926.76,90,2025-03-11 00:00:00,2025-08-05 00:00:00
87,SKU-00087,Mouse Genius 4691,Mouse óptico para computadora,498.9,100,2025-11-11 00:00:00,2025-12-11 00:00:00
88,SKU-00088,Cable USB UGREEN 7993,Cable USB para conexión y transferencia de datos,543.91,89,2025-05-28 00:00:00,2025-08-24 00:00:00
89,SKU-00089,Teclado Redragon 9043,Teclado para computadora de uso diario,3261.81,71,2026-06-08 00:00:00,2026-09-21 00:00:00
90,SKU-00090,Teclado Logitech 6677,Teclado para computadora de uso diario,1950.89,41,2025-03-07 00:00:00,2025-04-13 00:00:00
91,SKU-00091,Memoria USB PNY 1678,Memoria USB para almacenamiento y transferencia de archivos,752.89,26,2026-03-29 00:00:00,2026-07-10 00:00:00
92,SKU-00092,Webcam Trust 623,Cámara web para videollamadas,619.53,31,2025-07-07 00:00:00,2025-11-07 00:00:00
93,SKU-00093,Router Huawei 7920,Router inalámbrico para conexión de red,1230.48,57,2025-07-23 00:00:00,2026-01-21 00:00:00
94,SKU-00094,Audífonos Logitech 5092,"Audífonos para música, llamadas y multimedia",2622.03,75,2026-08-11 00:00:00,2026-09-21 00:00:00
95,SKU-00095,Disco SSD Kingston 8356,Unidad SSD para almacenamiento de datos,1643.25,59,2025-04-17 00:00:00,2025-08-21 00:00:00
96,SKU-00096,Laptop HP 3831,Equipo portátil para trabajo y estudio,26447.16,16,2025-10-20 00:00:00,2026-02-21 00:00:00
97,SKU-00097,Cable USB Steren 6782,Cable USB para conexión y transferencia de datos,827.82,124,2025-11-20 00:00:00,2026-06-11 00:00:00
98,SKU-00098,Laptop Dell 4909,Equipo portátil para trabajo y estudio,12215.46,16,2025-04-29 00:00:00,2025-12-02 00:00:00
99,SKU-00099,Mouse Microsoft 6503,Mouse óptico para computadora,1303.23,5,2026-06-26 00:00:00,2026-07-02 00:00:00
100,SKU-00100,Memoria USB SanDisk 8661,Memoria USB para almacenamiento y transferencia de archivos,1495.73,136,2025-01-20 00:00:00,2025-08-13 00:00:00
101,SKU-00101,Monitor Dell 5725,Monitor para computadora de alta resolución,5820.68,28,2026-05-04 00:00:00,2026-06-12 00:00:00
102,SKU-00102,Webcam HP 759,Cámara web para videollamadas,1226.12,45,2025-03-18 00:00:00,2025-06-28 00:00:00
103,SKU-00103,Disco SSD Crucial 4729,Unidad SSD para almacenamiento de datos,3875.85,69,2026-07-28 00:00:00,2026-09-21 00:00:00
104,SKU-00104,Cable USB Baseus 5421,Cable USB para conexión y transferencia de datos,550.14,56,2026-05-15 00:00:00,2026-09-21 00:00:00
105,SKU-00105,Memoria USB SanDisk 2087,Memoria USB para almacenamiento y transferencia de archivos,1674.15,53,2025-04-30 00:00:00,2025-09-21 00:00:00
106,SKU-00106,Disco SSD Crucial 9950,Unidad SSD para almacenamiento de datos,4013.17,19,2026-05-08 00:00:00,2026-08-18 00:00:00
107,SKU-00107,Mouse Razer 2079,Mouse óptico para computadora,2084.22,21,2025-04-26 00:00:00,2025-07-03 00:00:00
108,SKU-00108,Router Huawei 9797,Router inalámbrico para conexión de red,1675.73,86,2026-02-08 00:00:00,2026-06-18 00:00:00
109,SKU-00109,Audífonos Sony 7337,"Audífonos para música, llamadas y multimedia",996.93,53,2025-01-01 00:00:00,2025-05-08 00:00:00
110,SKU-00110,Router Tenda 5594,Router inalámbrico para conexión de red,2616.56,40,2025-07-24 00:00:00,2025-12-07 00:00:00
111,SKU-00111,Router Tenda 9045,Router inalámbrico para conexión de red,631.2,38,2026-01-27 00:00:00,2026-06-26 00:00:00
112,SKU-00112,Mouse HP 1051,Mouse óptico para computadora,1004.28,43,2026-02-03 00:00:00,2026-07-16 00:00:00
113,SKU-00113,Monitor Dell 5823,Monitor para computadora de alta resolución,2719.47,43,2025-05-23 00:00:00,2025-08-30 00:00:00
114,SKU-00114,Memoria USB ADATA 2051,Memoria USB para almacenamiento y transferencia de archivos,257.02,137,2025-10-29 00:00:00,2026-06-04 00:00:00
115,SKU-00115,Monitor Dell 5476,Monitor para computadora de alta resolución,3666.38,49,2026-01-02 00:00:00,2026-03-23 00:00:00
116,SKU-00116,Cable USB Belkin 9149,Cable USB para conexión y transferencia de datos,980.94,33,2025-04-24 00:00:00,2025-10-22 00:00:00
117,SKU-00117,Disco SSD Kingston 5605,Unidad SSD para almacenamiento de datos,2734.71,73,2026-05-14 00:00:00,2026-08-22 00:00:00
118,SKU-00118,Audífonos HyperX 3011,"Audífonos para música, llamadas y multimedia",2232.73,34,2026-07-26 00:00:00,2026-09-21 00:00:00
119,SKU-00119,Disco SSD ADATA 8936,Unidad SSD para almacenamiento de datos,783.86,58,2026-06-05 00:00:00,2026-09-21 00:00:00
120,SKU-00120,Webcam Microsoft 8418,Cámara web para videollamadas,2980.45,20,2025-10-25 00:00:00,2026-02-23 00:00:00
121,SKU-00121,Teclado Redragon 4277,Teclado para computadora de uso diario,834.17,59,2026-02-02 00:00:00,2026-03-18 00:00:00
122,SKU-00122,Teclado Logitech 1296,Teclado para computadora de uso diario,2236.36,31,2026-03-14 00:00:00,2026-08-21 00:00:00
123,SKU-00123,Memoria USB PNY 3932,Memoria USB para almacenamiento y transferencia de archivos,1233.75,76,2026-01-04 00:00:00,2026-05-03 00:00:00
124,SKU-00124,Monitor AOC 1252,Monitor para computadora de alta resolución,11685.41,49,2026-06-24 00:00:00,2026-07-27 00:00:00
125,SKU-00125,Mouse Razer 5422,Mouse óptico para computadora,784.93,86,2026-05-01 00:00:00,2026-09-21 00:00:00
126,SKU-00126,Teclado Logitech 9698,Teclado para computadora de uso diario,481.67,71,2026-01-29 00:00:00,2026-07-02 00:00:00
127,SKU-00127,Audífonos HyperX 5690,"Audífonos para música, llamadas y multimedia",1588.92,7,2025-09-26 00:00:00,2026-01-14 00:00:00
128,SKU-00128,Webcam Logitech 6236,Cámara web para videollamadas,965.4,95,2025-06-04 00:00:00,2025-12-04 00:00:00
129,SKU-00129,Audífonos Philips 1686,"Audífonos para música, llamadas y multimedia",3466.42,95,2026-01-01 00:00:00,2026-08-31 00:00:00
130,SKU-00130,Webcam Trust 9185,Cámara web para videollamadas,1685.36,33,2026-06-28 00:00:00,2026-09-21 00:00:00
131,SKU-00131,Cable USB Steren 6482,Cable USB para conexión y transferencia de datos,442.18,129,2026-01-03 00:00:00,2026-08-14 00:00:00
132,SKU-00132,Laptop HP 4209,Equipo portátil para trabajo y estudio,11813.86,8,2025-12-22 00:00:00,2026-08-08 00:00:00
133,SKU-00133,Laptop ASUS 3172,Equipo portátil para trabajo y estudio,12936.74,17,2025-08-11 00:00:00,2026-02-26 00:00:00
134,SKU-00134,Audífonos Logitech 6204,"Audífonos para música, llamadas y multimedia",3361.57,55,2026-05-22 00:00:00,2026-05-28 00:00:00
135,SKU-00135,Cable USB Amazon Basics 9535,Cable USB para conexión y transferencia de datos,102.95,147,2025-08-12 00:00:00,2025-08-15 00:00:00
136,SKU-00136,Disco SSD Samsung 9944,Unidad SSD para almacenamiento de datos,4459.65,78,2026-02-21 00:00:00,2026-04-16 00:00:00
137,SKU-00137,Cable USB Amazon Basics 1757,Cable USB para conexión y transferencia de datos,1551.21,30,2025-10-16 00:00:00,2026-02-12 00:00:00
138,SKU-00138,Disco SSD Samsung 9211,Unidad SSD para almacenamiento de datos,2406.2,74,2026-02-13 00:00:00,2026-05-14 00:00:00
139,SKU-00139,Router D-Link 5081,Router inalámbrico para conexión de red,1446.87,35,2025-10-08 00:00:00,2025-11-03 00:00:00
140,SKU-00140,Teclado Logitech 7652,Teclado para computadora de uso diario,2736.74,79,2026-01-12 00:00:00,2026-04-20 00:00:00
141,SKU-00141,Audífonos Logitech 8832,"Audífonos para música, llamadas y multimedia",1220.67,90,2026-08-09 00:00:00,2026-09-21 00:00:00
142,SKU-00142,Disco SSD Western Digital 6192,Unidad SSD para almacenamiento de datos,2792.58,35,2026-05-30 00:00:00,2026-08-29 00:00:00
143,SKU-00143,Monitor ASUS 6431,Monitor para computadora de alta resolución,8129.9,32,2025-01-21 00:00:00,2025-05-27 00:00:00
144,SKU-00144,Monitor Dell 5305,Monitor para computadora de alta resolución,11051.51,34,2025-03-25 00:00:00,2025-06-01 00:00:00
145,SKU-00145,Memoria USB ADATA 144,Memoria USB para almacenamiento y transferencia de archivos,1539.76,32,2026-08-24 00:00:00,2026-09-21 00:00:00
146,SKU-00146,Monitor ASUS 2578,Monitor para computadora de alta resolución,8606.0,18,2025-05-28 00:00:00,2025-11-29 00:00:00
147,SKU-00147,Webcam AverMedia 9975,Cámara web para videollamadas,414.99,81,2026-04-17 00:00:00,2026-06-24 00:00:00
148,SKU-00148,Audífonos Sony 3329,"Audífonos para música, llamadas y multimedia",2950.17,80,2025-11-29 00:00:00,2026-06-24 00:00:00
149,SKU-00149,Cable USB Baseus 3613,Cable USB para conexión y transferencia de datos,1464.26,53,2026-05-14 00:00:00,2026-08-31 00:00:00
150,SKU-00150,Router Tenda 944,Router inalámbrico para conexión de red,2822.43,9,2025-06-07 00:00:00,2025-09-25 00:00:00
151,SKU-00151,Disco SSD ADATA 8298,Unidad SSD para almacenamiento de datos,3917.9,12,2025-02-20 00:00:00,2025-10-27 00:00:00
152,SKU-00152,Webcam Logitech 2104,Cámara web para videollamadas,2667.5,94,2025-01-19 00:00:00,2025-09-01 00:00:00
153,SKU-00153,Cable USB UGREEN 4157,Cable USB para conexión y transferencia de datos,390.4,28,2025-04-19 00:00:00,2025-09-13 00:00:00
154,SKU-00154,Cable USB Steren 5987,Cable USB para conexión y transferencia de datos,564.28,58,2025-07-31 00:00:00,2025-10-22 00:00:00
155,SKU-00155,Teclado HP 9885,Teclado para computadora de uso diario,1935.32,17,2026-08-04 00:00:00,2026-09-21 00:00:00
156,SKU-00156,Audífonos Philips 3902,"Audífonos para música, llamadas y multimedia",3110.29,79,2025-01-05 00:00:00,2025-05-13 00:00:00
157,SKU-00157,Laptop ASUS 562,Equipo portátil para trabajo y estudio,19871.66,27,2026-05-15 00:00:00,2026-09-21 00:00:00
158,SKU-00158,Webcam Logitech 7624,Cámara web para videollamadas,770.05,18,2025-08-28 00:00:00,2026-03-16 00:00:00
159,SKU-00159,Monitor ASUS 1014,Monitor para computadora de alta resolución,4335.82,21,2025-04-21 00:00:00,2025-05-26 00:00:00
160,SKU-00160,Webcam Microsoft 9952,Cámara web para videollamadas,586.63,97,2026-01-20 00:00:00,2026-06-27 00:00:00
161,SKU-00161,Mouse Razer 7799,Mouse óptico para computadora,3135.69,91,2026-06-01 00:00:00,2026-07-22 00:00:00
162,SKU-00162,Teclado Logitech 2165,Teclado para computadora de uso diario,1078.47,90,2025-01-17 00:00:00,2025-04-18 00:00:00
163,SKU-00163,Monitor ASUS 9369,Monitor para computadora de alta resolución,4270.48,48,2026-06-22 00:00:00,2026-08-13 00:00:00
164,SKU-00164,Laptop ASUS 2436,Equipo portátil para trabajo y estudio,12903.43,3,2025-09-30 00:00:00,2026-04-03 00:00:00
165,SKU-00165,Disco SSD Samsung 321,Unidad SSD para almacenamiento de datos,3087.24,5,2026-06-06 00:00:00,2026-09-21 00:00:00
166,SKU-00166,Router D-Link 8066,Router inalámbrico para conexión de red,1922.07,9,2025-02-02 00:00:00,2025-04-01 00:00:00
167,SKU-00167,Router Huawei 6330,Router inalámbrico para conexión de red,400.99,46,2025-02-06 00:00:00,2025-03-20 00:00:00
168,SKU-00168,Router Huawei 3598,Router inalámbrico para conexión de red,1091.98,14,2026-04-07 00:00:00,2026-04-10 00:00:00
169,SKU-00169,Audífonos HyperX 9732,"Audífonos para música, llamadas y multimedia",1743.41,88,2026-05-30 00:00:00,2026-09-05 00:00:00
170,SKU-00170,Laptop Dell 4573,Equipo portátil para trabajo y estudio,23957.3,26,2025-07-06 00:00:00,2026-01-27 00:00:00
171,SKU-00171,Teclado Redragon 8938,Teclado para computadora de uso diario,3315.93,8,2025-11-26 00:00:00,2026-05-24 00:00:00
172,SKU-00172,Cable USB Belkin 7558,Cable USB para conexión y transferencia de datos,434.03,10,2025-04-04 00:00:00,2025-05-12 00:00:00
173,SKU-00173,Monitor LG 8882,Monitor para computadora de alta resolución,8977.39,49,2026-04-12 00:00:00,2026-05-28 00:00:00
174,SKU-00174,Mouse Razer 3945,Mouse óptico para computadora,3200.51,40,2026-05-09 00:00:00,2026-09-21 00:00:00
175,SKU-00175,Cable USB Steren 2263,Cable USB para conexión y transferencia de datos,1656.8,43,2026-04-26 00:00:00,2026-04-26 00:00:00
176,SKU-00176,Router Huawei 3581,Router inalámbrico para conexión de red,2156.96,73,2025-09-20 00:00:00,2025-11-29 00:00:00
177,SKU-00177,Webcam Trust 9894,Cámara web para videollamadas,3134.07,90,2025-08-27 00:00:00,2026-02-13 00:00:00
178,SKU-00178,Teclado Microsoft 3295,Teclado para computadora de uso diario,3015.86,52,2026-08-10 00:00:00,2026-09-21 00:00:00
179,SKU-00179,Mouse HP 548,Mouse óptico para computadora,1413.96,26,2026-01-24 00:00:00,2026-07-26 00:00:00
180,SKU-00180,Router TP-Link 9047,Router inalámbrico para conexión de red,1359.39,91,2025-03-15 00:00:00,2025-05-21 00:00:00
181,SKU-00181,Monitor LG 3834,Monitor para computadora de alta resolución,4077.78,3,2026-01-24 00:00:00,2026-04-30 00:00:00
182,SKU-00182,Monitor Dell 7906,Monitor para computadora de alta resolución,8791.33,47,2026-04-21 00:00:00,2026-09-21 00:00:00
183,SKU-00183,Mouse Razer 1854,Mouse óptico para computadora,874.24,36,2025-06-16 00:00:00,2025-08-23 00:00:00
184,SKU-00184,Cable USB Baseus 6874,Cable USB para conexión y transferencia de datos,561.4,92,2026-04-30 00:00:00,2026-09-21 00:00:00
185,SKU-00185,Monitor Dell 3505,Monitor para computadora de alta resolución,2706.17,41,2025-08-29 00:00:00,2026-03-10 00:00:00
186,SKU-00186,Audífonos Logitech 8915,"Audífonos para música, llamadas y multimedia",1002.89,39,2025-07-14 00:00:00,2025-08-09 00:00:00
187,SKU-00187,Disco SSD Kingston 3397,Unidad SSD para almacenamiento de datos,4001.23,58,2025-11-26 00:00:00,2026-06-21 00:00:00
188,SKU-00188,Mouse HP 7729,Mouse óptico para computadora,978.5,27,2025-12-10 00:00:00,2026-06-23 00:00:00
189,SKU-00189,Teclado Genius 8313,Teclado para computadora de uso diario,535.45,89,2025-01-16 00:00:00,2025-06-30 00:00:00
190,SKU-00190,Teclado Redragon 829,Teclado para computadora de uso diario,2000.01,87,2025-02-17 00:00:00,2025-10-17 00:00:00
191,SKU-00191,Memoria USB Verbatim 9475,Memoria USB para almacenamiento y transferencia de archivos,881.06,26,2025-10-16 00:00:00,2026-02-10 00:00:00
192,SKU-00192,Mouse HP 5282,Mouse óptico para computadora,1245.0,80,2026-03-06 00:00:00,2026-06-30 00:00:00
193,SKU-00193,Audífonos Sony 6634,"Audífonos para música, llamadas y multimedia",1037.62,93,2026-07-12 00:00:00,2026-07-12 00:00:00
194,SKU-00194,Audífonos Logitech 738,"Audífonos para música, llamadas y multimedia",1183.58,45,2025-10-12 00:00:00,2026-04-29 00:00:00
195,SKU-00195,Webcam Logitech 4226,Cámara web para videollamadas,1675.76,28,2026-06-29 00:00:00,2026-09-21 00:00:00
196,SKU-00196,Router Tenda 6612,Router inalámbrico para conexión de red,2210.76,74,2025-04-22 00:00:00,2025-08-31 00:00:00
197,SKU-00197,Mouse Logitech 7791,Mouse óptico para computadora,2513.05,76,2026-04-05 00:00:00,2026-04-13 00:00:00
198,SKU-00198,Laptop ASUS 2383,Equipo portátil para trabajo y estudio,10635.9,2,2025-12-14 00:00:00,2026-07-06 00:00:00
199,SKU-00199,Cable USB Belkin 2471,Cable USB para conexión y transferencia de datos,192.78,100,2026-06-26 00:00:00,2026-08-27 00:00:00
200,SKU-00200,Webcam Logitech 5312,Cámara web para videollamadas,1138.99,99,2025-07-01 00:00:00,2026-01-20 00:00:00
201,SKU-00201,Teclado HP 2136,Teclado para computadora de uso diario,2689.27,26,2025-05-17 00:00:00,2025-10-23 00:00:00
202,SKU-00202,Teclado Microsoft 5408,Teclado para computadora de uso diario,2441.41,74,2026-08-20 00:00:00,2026-09-21 00:00:00
203,SKU-00203,Memoria USB Verbatim 6434,Memoria USB para almacenamiento y transferencia de archivos,1074.5,68,2026-08-12 00:00:00,2026-09-21 00:00:00
204,SKU-00204,Mouse Genius 9871,Mouse óptico para computadora,1171.91,68,2026-03-08 00:00:00,2026-03-26 00:00:00
205,SKU-00205,Monitor ASUS 7097,Monitor para computadora de alta resolución,5106.85,12,2025-06-06 00:00:00,2025-10-27 00:00:00
206,SKU-00206,Monitor Samsung 212,Monitor para computadora de alta resolución,8349.41,10,2025-01-21 00:00:00,2025-09-04 00:00:00
207,SKU-00207,Cable USB Amazon Basics 8558,Cable USB para conexión y transferencia de datos,1321.38,48,2025-11-06 00:00:00,2026-03-04 00:00:00
208,SKU-00208,Monitor AOC 131,Monitor para computadora de alta resolución,3573.62,25,2026-03-03 00:00:00,2026-05-11 00:00:00
209,SKU-00209,Laptop Acer 3600,Equipo portátil para trabajo y estudio,18413.94,15,2025-07-22 00:00:00,2026-02-17 00:00:00
210,SKU-00210,Router Huawei 4311,Router inalámbrico para conexión de red,1842.52,32,2025-04-28 00:00:00,2025-11-10 00:00:00
211,SKU-00211,Monitor ASUS 5662,Monitor para computadora de alta resolución,8427.09,6,2026-01-11 00:00:00,2026-07-04 00:00:00
212,SKU-00212,Memoria USB ADATA 910,Memoria USB para almacenamiento y transferencia de archivos,393.19,142,2025-11-19 00:00:00,2026-03-26 00:00:00
213,SKU-00213,Mouse HP 7573,Mouse óptico para computadora,2328.49,7,2025-11-27 00:00:00,2026-05-31 00:00:00
214,SKU-00214,Laptop Dell 7537,Equipo portátil para trabajo y estudio,24019.74,20,2025-01-25 00:00:00,2025-09-26 00:00:00
215,SKU-00215,Monitor Samsung 3297,Monitor para computadora de alta resolución,2638.51,37,2026-02-08 00:00:00,2026-07-27 00:00:00
216,SKU-00216,Router Tenda 7859,Router inalámbrico para conexión de red,570.61,55,2025-07-09 00:00:00,2025-08-15 00:00:00
217,SKU-00217,Teclado HP 4336,Teclado para computadora de uso diario,2338.99,45,2025-10-12 00:00:00,2026-02-14 00:00:00
218,SKU-00218,Audífonos Logitech 6186,"Audífonos para música, llamadas y multimedia",673.05,54,2025-01-29 00:00:00,2025-09-04 00:00:00
219,SKU-00219,Cable USB Belkin 2508,Cable USB para conexión y transferencia de datos,226.21,118,2025-02-14 00:00:00,2025-07-13 00:00:00
220,SKU-00220,Monitor ASUS 4696,Monitor para computadora de alta resolución,7168.21,48,2025-10-27 00:00:00,2026-05-28 00:00:00
221,SKU-00221,Audífonos Logitech 7885,"Audífonos para música, llamadas y multimedia",3100.14,75,2025-07-03 00:00:00,2025-12-30 00:00:00
222,SKU-00222,Memoria USB Kingston 4038,Memoria USB para almacenamiento y transferencia de archivos,1730.51,125,2026-01-29 00:00:00,2026-05-31 00:00:00
223,SKU-00223,Mouse Genius 7075,Mouse óptico para computadora,826.2,70,2026-06-13 00:00:00,2026-09-21 00:00:00
224,SKU-00224,Router TP-Link 5638,Router inalámbrico para conexión de red,1630.98,9,2025-07-29 00:00:00,2025-10-29 00:00:00
225,SKU-00225,Router D-Link 4929,Router inalámbrico para conexión de red,3385.14,47,2025-11-15 00:00:00,2026-01-25 00:00:00
226,SKU-00226,Mouse HP 7663,Mouse óptico para computadora,924.15,75,2025-07-04 00:00:00,2025-12-04 00:00:00
227,SKU-00227,Teclado Microsoft 2472,Teclado para computadora de uso diario,2769.82,40,2026-06-07 00:00:00,2026-09-21 00:00:00
228,SKU-00228,Audífonos Sony 8088,"Audífonos para música, llamadas y multimedia",2379.09,6,2025-05-05 00:00:00,2025-08-12 00:00:00
229,SKU-00229,Webcam AverMedia 1971,Cámara web para videollamadas,765.02,97,2025-04-15 00:00:00,2025-04-30 00:00:00
230,SKU-00230,Laptop Lenovo 1071,Equipo portátil para trabajo y estudio,10442.81,34,2025-10-27 00:00:00,2025-11-20 00:00:00
231,SKU-00231,Webcam Trust 4371,Cámara web para videollamadas,920.09,16,2026-02-12 00:00:00,2026-03-14 00:00:00
232,SKU-00232,Router TP-Link 2806,Router inalámbrico para conexión de red,801.9,48,2025-06-10 00:00:00,2026-02-10 00:00:00
233,SKU-00233,Laptop HP 3198,Equipo portátil para trabajo y estudio,14544.62,32,2025-02-17 00:00:00,2025-07-21 00:00:00
234,SKU-00234,Disco SSD ADATA 4326,Unidad SSD para almacenamiento de datos,853.08,13,2026-04-04 00:00:00,2026-09-06 00:00:00
235,SKU-00235,Laptop HP 197,Equipo portátil para trabajo y estudio,18836.52,4,2025-08-19 00:00:00,2025-11-11 00:00:00
236,SKU-00236,Router Tenda 2471,Router inalámbrico para conexión de red,1264.47,63,2025-10-19 00:00:00,2026-06-10 00:00:00
237,SKU-00237,Teclado Logitech 9827,Teclado para computadora de uso diario,958.48,51,2025-05-30 00:00:00,2025-06-26 00:00:00
238,SKU-00238,Monitor AOC 4220,Monitor para computadora de alta resolución,6658.73,50,2025-04-27 00:00:00,2025-07-01 00:00:00
239,SKU-00239,Cable USB Amazon Basics 5320,Cable USB para conexión y transferencia de datos,1115.34,29,2026-02-22 00:00:00,2026-04-23 00:00:00
240,SKU-00240,Monitor Dell 1539,Monitor para computadora de alta resolución,5137.86,6,2026-05-25 00:00:00,2026-09-21 00:00:00
241,SKU-00241,Monitor LG 4495,Monitor para computadora de alta resolución,3828.05,29,2026-04-26 00:00:00,2026-06-11 00:00:00
242,SKU-00242,Teclado Microsoft 4659,Teclado para computadora de uso diario,589.69,98,2025-10-09 00:00:00,2026-02-22 00:00:00
243,SKU-00243,Laptop Lenovo 3549,Equipo portátil para trabajo y estudio,23564.73,5,2026-04-02 00:00:00,2026-07-19 00:00:00
244,SKU-00244,Memoria USB ADATA 7499,Memoria USB para almacenamiento y transferencia de archivos,316.44,101,2025-11-11 00:00:00,2025-11-13 00:00:00
245,SKU-00245,Audífonos HyperX 3289,"Audífonos para música, llamadas y multimedia",2421.95,34,2026-01-04 00:00:00,2026-06-14 00:00:00
246,SKU-00246,Webcam Microsoft 1381,Cámara web para videollamadas,1658.87,52,2026-01-02 00:00:00,2026-03-09 00:00:00
247,SKU-00247,Laptop HP 9879,Equipo portátil para trabajo y estudio,20066.29,25,2025-09-23 00:00:00,2025-11-30 00:00:00
248,SKU-00248,Laptop ASUS 4708,Equipo portátil para trabajo y estudio,7547.17,7,2025-06-17 00:00:00,2025-06-20 00:00:00
249,SKU-00249,Teclado HP 4758,Teclado para computadora de uso diario,2285.99,61,2025-03-02 00:00:00,2025-06-02 00:00:00
250,SKU-00250,Router Tenda 6264,Router inalámbrico para conexión de red,453.88,84,2026-07-02 00:00:00,2026-09-21 00:00:00
251,SKU-00251,Laptop Acer 3485,Equipo portátil para trabajo y estudio,21069.99,29,2026-05-17 00:00:00,2026-08-06 00:00:00
252,SKU-00252,Monitor LG 8195,Monitor para computadora de alta resolución,10888.62,5,2025-03-17 00:00:00,2025-11-21 00:00:00
253,SKU-00253,Teclado HP 9683,Teclado para computadora de uso diario,1009.18,84,2025-12-21 00:00:00,2026-04-26 00:00:00
254,SKU-00254,Audífonos Philips 2693,"Audífonos para música, llamadas y multimedia",357.45,88,2026-04-09 00:00:00,2026-09-21 00:00:00
255,SKU-00255,Audífonos HyperX 6033,"Audífonos para música, llamadas y multimedia",1054.11,51,2026-06-22 00:00:00,2026-09-05 00:00:00
256,SKU-00256,Audífonos Logitech 3407,"Audífonos para música, llamadas y multimedia",642.38,36,2025-01-29 00:00:00,2025-08-05 00:00:00
257,SKU-00257,Monitor Dell 3763,Monitor para computadora de alta resolución,5374.28,21,2026-05-25 00:00:00,2026-09-21 00:00:00
258,SKU-00258,Router Netgear 2933,Router inalámbrico para conexión de red,1406.68,23,2026-06-10 00:00:00,2026-09-21 00:00:00
259,SKU-00259,Mouse Microsoft 9283,Mouse óptico para computadora,462.05,27,2025-01-17 00:00:00,2025-09-23 00:00:00
260,SKU-00260,Audífonos JBL 9077,"Audífonos para música, llamadas y multimedia",2651.13,52,2026-06-16 00:00:00,2026-06-30 00:00:00
261,SKU-00261,Audífonos JBL 8778,"Audífonos para música, llamadas y multimedia",2156.02,31,2025-10-23 00:00:00,2025-11-04 00:00:00
262,SKU-00262,Audífonos Philips 5925,"Audífonos para música, llamadas y multimedia",3355.66,90,2025-07-25 00:00:00,2026-03-25 00:00:00
263,SKU-00263,Cable USB Amazon Basics 591,Cable USB para conexión y transferencia de datos,522.36,33,2025-06-25 00:00:00,2026-01-12 00:00:00
264,SKU-00264,Router TP-Link 9566,Router inalámbrico para conexión de red,3468.16,84,2025-04-20 00:00:00,2025-06-21 00:00:00
265,SKU-00265,Laptop ASUS 4859,Equipo portátil para trabajo y estudio,21248.97,8,2026-03-09 00:00:00,2026-08-13 00:00:00
266,SKU-00266,Laptop Acer 8248,Equipo portátil para trabajo y estudio,20212.54,35,2025-01-17 00:00:00,2025-01-26 00:00:00
267,SKU-00267,Audífonos Sony 5850,"Audífonos para música, llamadas y multimedia",2277.57,25,2026-01-26 00:00:00,2026-02-13 00:00:00
268,SKU-00268,Router Huawei 2505,Router inalámbrico para conexión de red,973.06,71,2026-05-26 00:00:00,2026-08-11 00:00:00
269,SKU-00269,Mouse HP 2654,Mouse óptico para computadora,1309.19,16,2025-03-03 00:00:00,2025-08-13 00:00:00
270,SKU-00270,Webcam Trust 3967,Cámara web para videollamadas,3476.55,39,2026-05-24 00:00:00,2026-06-06 00:00:00
271,SKU-00271,Mouse Microsoft 4172,Mouse óptico para computadora,2499.3,54,2025-12-15 00:00:00,2026-05-30 00:00:00
272,SKU-00272,Cable USB Steren 3963,Cable USB para conexión y transferencia de datos,250.08,103,2026-06-19 00:00:00,2026-08-09 00:00:00
273,SKU-00273,Mouse Logitech 4749,Mouse óptico para computadora,1226.23,17,2026-07-24 00:00:00,2026-09-21 00:00:00
274,SKU-00274,Memoria USB PNY 1874,Memoria USB para almacenamiento y transferencia de archivos,162.71,22,2026-04-30 00:00:00,2026-09-21 00:00:00
275,SKU-00275,Teclado Microsoft 3121,Teclado para computadora de uso diario,846.85,49,2025-11-01 00:00:00,2025-11-09 00:00:00
276,SKU-00276,Cable USB UGREEN 4617,Cable USB para conexión y transferencia de datos,917.73,148,2025-09-25 00:00:00,2026-01-08 00:00:00
277,SKU-00277,Router Tenda 1419,Router inalámbrico para conexión de red,682.03,14,2025-10-10 00:00:00,2026-04-17 00:00:00
278,SKU-00278,Cable USB Amazon Basics 9314,Cable USB para conexión y transferencia de datos,1278.89,77,2025-12-09 00:00:00,2026-03-18 00:00:00
279,SKU-00279,Audífonos HyperX 9358,"Audífonos para música, llamadas y multimedia",3138.13,88,2026-07-13 00:00:00,2026-09-21 00:00:00
280,SKU-00280,Monitor LG 8670,Monitor para computadora de alta resolución,8023.25,17,2026-01-31 00:00:00,2026-09-06 00:00:00
281,SKU-00281,Cable USB Baseus 680,Cable USB para conexión y transferencia de datos,682.07,35,2025-11-28 00:00:00,2026-07-14 00:00:00
282,SKU-00282,Teclado Redragon 3310,Teclado para computadora de uso diario,2390.27,75,2025-12-13 00:00:00,2026-06-10 00:00:00
283,SKU-00283,Memoria USB SanDisk 6346,Memoria USB para almacenamiento y transferencia de archivos,1766.18,37,2026-01-12 00:00:00,2026-02-22 00:00:00
284,SKU-00284,Webcam AverMedia 9050,Cámara web para videollamadas,1143.09,72,2026-06-19 00:00:00,2026-07-17 00:00:00
285,SKU-00285,Mouse Razer 2462,Mouse óptico para computadora,655.16,19,2025-03-12 00:00:00,2025-08-08 00:00:00
286,SKU-00286,Cable USB Baseus 165,Cable USB para conexión y transferencia de datos,217.16,88,2025-06-24 00:00:00,2025-08-16 00:00:00
287,SKU-00287,Memoria USB ADATA 5281,Memoria USB para almacenamiento y transferencia de archivos,1313.49,82,2025-02-13 00:00:00,2025-05-25 00:00:00
288,SKU-00288,Webcam Trust 6119,Cámara web para videollamadas,2162.68,25,2026-01-18 00:00:00,2026-07-11 00:00:00
289,SKU-00289,Disco SSD ADATA 4685,Unidad SSD para almacenamiento de datos,3737.39,26,2026-02-07 00:00:00,2026-07-16 00:00:00
290,SKU-00290,Router Netgear 620,Router inalámbrico para conexión de red,1558.69,42,2026-08-10 00:00:00,2026-09-21 00:00:00
291,SKU-00291,Disco SSD Kingston 5701,Unidad SSD para almacenamiento de datos,3030.65,51,2025-03-16 00:00:00,2025-05-21 00:00:00
292,SKU-00292,Audífonos Logitech 9872,"Audífonos para música, llamadas y multimedia",3222.94,68,2025-03-29 00:00:00,2025-10-01 00:00:00
293,SKU-00293,Monitor AOC 280,Monitor para computadora de alta resolución,7986.74,14,2026-03-04 00:00:00,2026-06-28 00:00:00
294,SKU-00294,Disco SSD Kingston 7914,Unidad SSD para almacenamiento de datos,2681.84,29,2025-03-19 00:00:00,2025-11-22 00:00:00
295,SKU-00295,Teclado HP 2064,Teclado para computadora de uso diario,1567.86,69,2025-06-28 00:00:00,2026-02-26 00:00:00
296,SKU-00296,Cable USB UGREEN 7137,Cable USB para conexión y transferencia de datos,1395.68,103,2025-02-24 00:00:00,2025-04-01 00:00:00
297,SKU-00297,Disco SSD Crucial 2505,Unidad SSD para almacenamiento de datos,3967.02,47,2025-03-21 00:00:00,2025-05-30 00:00:00
298,SKU-00298,Monitor ASUS 5659,Monitor para computadora de alta resolución,7762.13,32,2025-12-20 00:00:00,2026-06-09 00:00:00
299,SKU-00299,Memoria USB Verbatim 8154,Memoria USB para almacenamiento y transferencia de archivos,1408.88,74,2025-11-03 00:00:00,2026-02-07 00:00:00
300,SKU-00300,Monitor ASUS 2647,Monitor para computadora de alta resolución,3650.88,48,2025-07-03 00:00:00,2026-03-05 00:00:00
301,SKU-00301,Audífonos Logitech 696,"Audífonos para música, llamadas y multimedia",2401.64,67,2025-06-22 00:00:00,2026-02-09 00:00:00
302,SKU-00302,Router TP-Link 3888,Router inalámbrico para conexión de red,3489.75,49,2025-03-26 00:00:00,2025-07-13 00:00:00
303,SKU-00303,Disco SSD Kingston 4209,Unidad SSD para almacenamiento de datos,3304.03,18,2025-07-29 00:00:00,2026-01-13 00:00:00
304,SKU-00304,Laptop Lenovo 357,Equipo portátil para trabajo y estudio,9343.12,13,2025-11-01 00:00:00,2025-12-22 00:00:00
305,SKU-00305,Router D-Link 156,Router inalámbrico para conexión de red,2007.78,77,2026-04-07 00:00:00,2026-09-12 00:00:00
306,SKU-00306,Mouse Logitech 9251,Mouse óptico para computadora,1067.53,79,2026-05-29 00:00:00,2026-09-21 00:00:00
307,SKU-00307,Cable USB Steren 9262,Cable USB para conexión y transferencia de datos,626.76,134,2026-01-16 00:00:00,2026-04-03 00:00:00
308,SKU-00308,Memoria USB PNY 5229,Memoria USB para almacenamiento y transferencia de archivos,1533.87,40,2025-10-10 00:00:00,2026-03-06 00:00:00
309,SKU-00309,Memoria USB PNY 2259,Memoria USB para almacenamiento y transferencia de archivos,220.42,86,2026-06-22 00:00:00,2026-06-29 00:00:00
310,SKU-00310,Laptop HP 5000,Equipo portátil para trabajo y estudio,9756.71,20,2026-04-26 00:00:00,2026-09-21 00:00:00
311,SKU-00311,Teclado Genius 604,Teclado para computadora de uso diario,2656.52,91,2026-06-11 00:00:00,2026-08-22 00:00:00
312,SKU-00312,Disco SSD Samsung 8309,Unidad SSD para almacenamiento de datos,2865.53,57,2025-03-23 00:00:00,2025-07-26 00:00:00
313,SKU-00313,Laptop HP 6080,Equipo portátil para trabajo y estudio,24367.81,17,2025-02-27 00:00:00,2025-09-08 00:00:00
314,SKU-00314,Memoria USB Kingston 4320,Memoria USB para almacenamiento y transferencia de archivos,330.56,66,2025-04-07 00:00:00,2025-05-01 00:00:00
315,SKU-00315,Mouse Genius 1620,Mouse óptico para computadora,1254.26,49,2025-01-07 00:00:00,2025-09-03 00:00:00
316,SKU-00316,Audífonos Logitech 7608,"Audífonos para música, llamadas y multimedia",3305.11,14,2025-06-21 00:00:00,2026-02-26 00:00:00
317,SKU-00317,Router Netgear 6015,Router inalámbrico para conexión de red,1903.95,83,2025-11-23 00:00:00,2026-03-13 00:00:00
318,SKU-00318,Cable USB Baseus 6598,Cable USB para conexión y transferencia de datos,302.52,31,2026-04-29 00:00:00,2026-09-21 00:00:00
319,SKU-00319,Disco SSD Samsung 8100,Unidad SSD para almacenamiento de datos,4452.78,45,2026-06-20 00:00:00,2026-09-21 00:00:00
320,SKU-00320,Audífonos HyperX 9326,"Audífonos para música, llamadas y multimedia",3149.9,58,2025-08-17 00:00:00,2026-01-31 00:00:00
321,SKU-00321,Cable USB Belkin 274,Cable USB para conexión y transferencia de datos,177.07,119,2025-06-19 00:00:00,2025-06-22 00:00:00
322,SKU-00322,Teclado Microsoft 7138,Teclado para computadora de uso diario,2124.95,62,2025-03-28 00:00:00,2025-04-04 00:00:00
323,SKU-00323,Audífonos Logitech 8741,"Audífonos para música, llamadas y multimedia",3478.2,55,2026-06-04 00:00:00,2026-09-12 00:00:00
324,SKU-00324,Mouse Microsoft 3852,Mouse óptico para computadora,3432.02,73,2025-06-03 00:00:00,2025-06-06 00:00:00
325,SKU-00325,Audífonos JBL 219,"Audífonos para música, llamadas y multimedia",2998.48,95,2026-06-12 00:00:00,2026-09-21 00:00:00
326,SKU-00326,Mouse Microsoft 887,Mouse óptico para computadora,1684.72,15,2026-07-30 00:00:00,2026-09-21 00:00:00
327,SKU-00327,Disco SSD Kingston 4379,Unidad SSD para almacenamiento de datos,826.23,6,2025-06-29 00:00:00,2026-01-11 00:00:00
328,SKU-00328,Mouse Razer 651,Mouse óptico para computadora,758.34,82,2025-02-25 00:00:00,2025-04-05 00:00:00
329,SKU-00329,Monitor LG 6284,Monitor para computadora de alta resolución,8951.75,9,2026-06-02 00:00:00,2026-07-29 00:00:00
330,SKU-00330,Cable USB Belkin 4825,Cable USB para conexión y transferencia de datos,529.5,139,2026-06-26 00:00:00,2026-09-21 00:00:00
331,SKU-00331,Audífonos Philips 3000,"Audífonos para música, llamadas y multimedia",1406.52,57,2025-12-17 00:00:00,2026-03-16 00:00:00
332,SKU-00332,Cable USB UGREEN 4776,Cable USB para conexión y transferencia de datos,1070.6,142,2025-10-22 00:00:00,2026-02-05 00:00:00
333,SKU-00333,Mouse Logitech 8220,Mouse óptico para computadora,3272.77,23,2025-03-24 00:00:00,2025-08-17 00:00:00
334,SKU-00334,Mouse Logitech 2546,Mouse óptico para computadora,459.28,48,2026-08-09 00:00:00,2026-09-21 00:00:00
335,SKU-00335,Teclado HP 5105,Teclado para computadora de uso diario,3130.05,14,2026-07-05 00:00:00,2026-07-17 00:00:00
336,SKU-00336,Audífonos Philips 7259,"Audífonos para música, llamadas y multimedia",3036.75,52,2025-04-02 00:00:00,2025-08-03 00:00:00
337,SKU-00337,Mouse Razer 796,Mouse óptico para computadora,1073.58,20,2025-01-09 00:00:00,2025-03-03 00:00:00
338,SKU-00338,Teclado Microsoft 9689,Teclado para computadora de uso diario,662.79,49,2026-07-30 00:00:00,2026-09-21 00:00:00
339,SKU-00339,Monitor Samsung 3926,Monitor para computadora de alta resolución,11754.4,17,2025-03-04 00:00:00,2025-09-24 00:00:00
340,SKU-00340,Laptop ASUS 9303,Equipo portátil para trabajo y estudio,14239.19,12,2025-09-18 00:00:00,2025-12-13 00:00:00
341,SKU-00341,Router TP-Link 5344,Router inalámbrico para conexión de red,2292.75,8,2026-01-11 00:00:00,2026-04-11 00:00:00
342,SKU-00342,Disco SSD Kingston 388,Unidad SSD para almacenamiento de datos,3150.66,79,2025-11-21 00:00:00,2026-01-09 00:00:00
343,SKU-00343,Webcam Trust 1413,Cámara web para videollamadas,1245.15,92,2026-03-11 00:00:00,2026-05-18 00:00:00
344,SKU-00344,Laptop Acer 1673,Equipo portátil para trabajo y estudio,22094.84,21,2025-05-14 00:00:00,2026-01-01 00:00:00
345,SKU-00345,Cable USB Belkin 9883,Cable USB para conexión y transferencia de datos,1208.64,24,2026-02-28 00:00:00,2026-09-21 00:00:00
346,SKU-00346,Laptop Acer 4798,Equipo portátil para trabajo y estudio,20887.9,30,2025-06-17 00:00:00,2025-09-10 00:00:00
347,SKU-00347,Disco SSD ADATA 839,Unidad SSD para almacenamiento de datos,806.64,20,2026-02-17 00:00:00,2026-07-10 00:00:00
348,SKU-00348,Disco SSD Western Digital 5635,Unidad SSD para almacenamiento de datos,787.42,65,2025-06-19 00:00:00,2025-11-28 00:00:00
349,SKU-00349,Laptop Dell 2058,Equipo portátil para trabajo y estudio,17127.23,33,2025-07-07 00:00:00,2026-01-03 00:00:00
350,SKU-00350,Teclado Redragon 3200,Teclado para computadora de uso diario,2208.52,13,2026-03-18 00:00:00,2026-09-21 00:00:00
351,SKU-00351,Webcam Microsoft 5121,Cámara web para videollamadas,3335.83,57,2025-02-01 00:00:00,2025-05-18 00:00:00
352,SKU-00352,Memoria USB Verbatim 2547,Memoria USB para almacenamiento y transferencia de archivos,1752.28,145,2026-02-07 00:00:00,2026-09-21 00:00:00
353,SKU-00353,Memoria USB PNY 1147,Memoria USB para almacenamiento y transferencia de archivos,772.17,26,2026-06-17 00:00:00,2026-09-21 00:00:00
354,SKU-00354,Webcam Trust 9161,Cámara web para videollamadas,2067.23,97,2025-04-29 00:00:00,2025-11-10 00:00:00
355,SKU-00355,Laptop Acer 8827,Equipo portátil para trabajo y estudio,23104.45,28,2026-01-02 00:00:00,2026-08-25 00:00:00
356,SKU-00356,Cable USB Baseus 1358,Cable USB para conexión y transferencia de datos,1075.94,144,2026-07-31 00:00:00,2026-09-21 00:00:00
357,SKU-00357,Mouse Genius 130,Mouse óptico para computadora,3074.46,76,2025-05-28 00:00:00,2025-11-01 00:00:00
358,SKU-00358,Teclado Logitech 5021,Teclado para computadora de uso diario,589.65,44,2025-03-27 00:00:00,2025-05-22 00:00:00
359,SKU-00359,Monitor AOC 8409,Monitor para computadora de alta resolución,4746.9,16,2026-01-23 00:00:00,2026-03-06 00:00:00
360,SKU-00360,Disco SSD Samsung 9996,Unidad SSD para almacenamiento de datos,3352.86,31,2026-06-12 00:00:00,2026-09-21 00:00:00
361,SKU-00361,Monitor LG 1300,Monitor para computadora de alta resolución,7738.8,10,2025-01-03 00:00:00,2025-06-06 00:00:00
362,SKU-00362,Memoria USB Verbatim 5848,Memoria USB para almacenamiento y transferencia de archivos,850.42,90,2025-05-07 00:00:00,2025-12-29 00:00:00
363,SKU-00363,Disco SSD Samsung 3266,Unidad SSD para almacenamiento de datos,705.22,70,2026-05-10 00:00:00,2026-06-01 00:00:00
364,SKU-00364,Cable USB UGREEN 2039,Cable USB para conexión y transferencia de datos,1288.04,96,2025-07-27 00:00:00,2026-03-05 00:00:00
365,SKU-00365,Laptop HP 3008,Equipo portátil para trabajo y estudio,11120.29,3,2025-11-10 00:00:00,2026-04-30 00:00:00
366,SKU-00366,Cable USB UGREEN 7402,Cable USB para conexión y transferencia de datos,1012.13,121,2025-09-26 00:00:00,2026-01-03 00:00:00
367,SKU-00367,Audífonos Sony 9092,"Audífonos para música, llamadas y multimedia",566.91,64,2026-07-28 00:00:00,2026-09-21 00:00:00
368,SKU-00368,Laptop Lenovo 2230,Equipo portátil para trabajo y estudio,23636.37,12,2025-06-13 00:00:00,2025-08-03 00:00:00
369,SKU-00369,Audífonos Philips 8550,"Audífonos para música, llamadas y multimedia",1241.71,64,2026-06-25 00:00:00,2026-09-20 00:00:00
370,SKU-00370,Laptop HP 4050,Equipo portátil para trabajo y estudio,22946.34,23,2026-04-05 00:00:00,2026-09-17 00:00:00
371,SKU-00371,Cable USB Belkin 5385,Cable USB para conexión y transferencia de datos,558.8,55,2026-06-12 00:00:00,2026-09-21 00:00:00
372,SKU-00372,Cable USB Baseus 2389,Cable USB para conexión y transferencia de datos,1745.54,111,2025-06-25 00:00:00,2025-07-26 00:00:00
373,SKU-00373,Memoria USB PNY 7949,Memoria USB para almacenamiento y transferencia de archivos,1313.9,133,2026-05-04 00:00:00,2026-08-11 00:00:00
374,SKU-00374,Mouse Genius 1767,Mouse óptico para computadora,3388.27,82,2026-03-29 00:00:00,2026-07-11 00:00:00
375,SKU-00375,Teclado Redragon 1837,Teclado para computadora de uso diario,1489.59,85,2026-05-28 00:00:00,2026-09-21 00:00:00
376,SKU-00376,Disco SSD Crucial 3119,Unidad SSD para almacenamiento de datos,1017.62,52,2025-02-20 00:00:00,2025-04-05 00:00:00
377,SKU-00377,Disco SSD Samsung 5960,Unidad SSD para almacenamiento de datos,2032.74,56,2026-07-17 00:00:00,2026-09-21 00:00:00
378,SKU-00378,Teclado Redragon 2761,Teclado para computadora de uso diario,3194.96,13,2025-10-03 00:00:00,2026-02-18 00:00:00
379,SKU-00379,Monitor Samsung 2803,Monitor para computadora de alta resolución,3070.57,50,2026-02-26 00:00:00,2026-06-21 00:00:00
380,SKU-00380,Laptop Dell 1449,Equipo portátil para trabajo y estudio,14258.96,28,2026-05-21 00:00:00,2026-09-21 00:00:00
381,SKU-00381,Teclado Logitech 3883,Teclado para computadora de uso diario,2081.07,33,2026-01-21 00:00:00,2026-07-03 00:00:00
382,SKU-00382,Monitor LG 9864,Monitor para computadora de alta resolución,8923.37,7,2025-03-04 00:00:00,2025-04-26 00:00:00
383,SKU-00383,Router Huawei 934,Router inalámbrico para conexión de red,2105.65,86,2026-06-01 00:00:00,2026-09-21 00:00:00
384,SKU-00384,Mouse HP 6732,Mouse óptico para computadora,2998.84,42,2026-07-08 00:00:00,2026-09-21 00:00:00
385,SKU-00385,Router Tenda 7458,Router inalámbrico para conexión de red,436.88,72,2025-06-16 00:00:00,2025-08-28 00:00:00
386,SKU-00386,Teclado Logitech 811,Teclado para computadora de uso diario,814.68,86,2025-04-26 00:00:00,2025-08-06 00:00:00
387,SKU-00387,Monitor LG 9555,Monitor para computadora de alta resolución,5359.84,3,2026-05-12 00:00:00,2026-07-01 00:00:00
388,SKU-00388,Memoria USB Verbatim 5444,Memoria USB para almacenamiento y transferencia de archivos,1316.51,119,2025-08-30 00:00:00,2026-04-26 00:00:00
389,SKU-00389,Router Huawei 9920,Router inalámbrico para conexión de red,3445.91,13,2025-03-31 00:00:00,2025-08-20 00:00:00
390,SKU-00390,Cable USB Baseus 2711,Cable USB para conexión y transferencia de datos,825.5,77,2025-02-04 00:00:00,2025-06-18 00:00:00
391,SKU-00391,Monitor LG 1690,Monitor para computadora de alta resolución,10442.86,34,2025-11-24 00:00:00,2026-05-11 00:00:00
392,SKU-00392,Audífonos JBL 8638,"Audífonos para música, llamadas y multimedia",1924.44,34,2026-01-09 00:00:00,2026-02-12 00:00:00
393,SKU-00393,Monitor ASUS 8329,Monitor para computadora de alta resolución,7946.06,17,2025-04-27 00:00:00,2025-06-05 00:00:00
394,SKU-00394,Mouse Logitech 2706,Mouse óptico para computadora,2682.88,21,2026-07-15 00:00:00,2026-09-21 00:00:00
395,SKU-00395,Audífonos JBL 8373,"Audífonos para música, llamadas y multimedia",1478.57,17,2025-01-14 00:00:00,2025-06-04 00:00:00
396,SKU-00396,Monitor AOC 8230,Monitor para computadora de alta resolución,3035.06,27,2026-01-29 00:00:00,2026-07-27 00:00:00
397,SKU-00397,Monitor ASUS 5478,Monitor para computadora de alta resolución,11490.55,18,2026-03-03 00:00:00,2026-03-08 00:00:00
398,SKU-00398,Webcam Logitech 6568,Cámara web para videollamadas,1928.81,57,2025-02-28 00:00:00,2025-07-16 00:00:00
399,SKU-00399,Router Netgear 9190,Router inalámbrico para conexión de red,579.77,89,2026-07-11 00:00:00,2026-09-21 00:00:00
400,SKU-00400,Cable USB Steren 2586,Cable USB para conexión y transferencia de datos,654.92,54,2025-02-07 00:00:00,2025-09-20 00:00:00
401,SKU-00401,Memoria USB PNY 3159,Memoria USB para almacenamiento y transferencia de archivos,358.69,10,2025-12-01 00:00:00,2026-06-03 00:00:00
402,SKU-00402,Audífonos Logitech 1955,"Audífonos para música, llamadas y multimedia",2249.29,32,2025-12-14 00:00:00,2026-07-19 00:00:00
403,SKU-00403,Disco SSD Western Digital 1562,Unidad SSD para almacenamiento de datos,3357.41,64,2025-03-08 00:00:00,2025-08-08 00:00:00
404,SKU-00404,Cable USB Amazon Basics 8831,Cable USB para conexión y transferencia de datos,176.73,137,2026-04-12 00:00:00,2026-06-18 00:00:00
405,SKU-00405,Monitor Dell 3199,Monitor para computadora de alta resolución,8204.13,45,2025-09-19 00:00:00,2026-01-02 00:00:00
406,SKU-00406,Monitor AOC 3579,Monitor para computadora de alta resolución,9898.98,14,2026-02-07 00:00:00,2026-03-19 00:00:00
407,SKU-00407,Monitor Samsung 3362,Monitor para computadora de alta resolución,8457.89,11,2026-04-13 00:00:00,2026-09-21 00:00:00
408,SKU-00408,Teclado Microsoft 4738,Teclado para computadora de uso diario,2323.74,70,2026-07-11 00:00:00,2026-08-17 00:00:00
409,SKU-00409,Memoria USB ADATA 1944,Memoria USB para almacenamiento y transferencia de archivos,995.48,144,2026-08-02 00:00:00,2026-09-21 00:00:00
410,SKU-00410,Laptop HP 9567,Equipo portátil para trabajo y estudio,13035.78,7,2025-05-17 00:00:00,2025-12-17 00:00:00
411,SKU-00411,Cable USB Amazon Basics 5385,Cable USB para conexión y transferencia de datos,160.47,70,2026-03-17 00:00:00,2026-08-31 00:00:00
412,SKU-00412,Memoria USB Verbatim 3825,Memoria USB para almacenamiento y transferencia de archivos,485.39,112,2025-02-07 00:00:00,2025-09-15 00:00:00
413,SKU-00413,Webcam Trust 8937,Cámara web para videollamadas,3120.34,71,2026-07-25 00:00:00,2026-09-21 00:00:00
414,SKU-00414,Disco SSD Kingston 6158,Unidad SSD para almacenamiento de datos,3714.43,47,2025-03-05 00:00:00,2025-04-06 00:00:00
415,SKU-00415,Teclado Genius 5459,Teclado para computadora de uso diario,2458.54,78,2026-06-02 00:00:00,2026-09-21 00:00:00
416,SKU-00416,Audífonos JBL 5067,"Audífonos para música, llamadas y multimedia",3359.01,49,2026-03-13 00:00:00,2026-09-21 00:00:00
417,SKU-00417,Webcam Trust 5594,Cámara web para videollamadas,2937.11,99,2025-09-05 00:00:00,2025-09-13 00:00:00
418,SKU-00418,Memoria USB PNY 6457,Memoria USB para almacenamiento y transferencia de archivos,1405.74,146,2026-02-19 00:00:00,2026-05-15 00:00:00
419,SKU-00419,Monitor AOC 5362,Monitor para computadora de alta resolución,8241.2,21,2026-05-11 00:00:00,2026-08-27 00:00:00
420,SKU-00420,Audífonos Sony 7321,"Audífonos para música, llamadas y multimedia",3013.9,88,2025-05-11 00:00:00,2025-12-10 00:00:00
421,SKU-00421,Webcam Trust 3767,Cámara web para videollamadas,2233.63,68,2025-10-07 00:00:00,2026-05-25 00:00:00
422,SKU-00422,Webcam HP 7398,Cámara web para videollamadas,384.48,27,2025-04-20 00:00:00,2025-09-03 00:00:00
423,SKU-00423,Monitor LG 2725,Monitor para computadora de alta resolución,2840.7,7,2025-01-21 00:00:00,2025-04-01 00:00:00
424,SKU-00424,Disco SSD Samsung 6118,Unidad SSD para almacenamiento de datos,1048.62,66,2025-03-05 00:00:00,2025-11-02 00:00:00
425,SKU-00425,Disco SSD Crucial 2526,Unidad SSD para almacenamiento de datos,1727.84,76,2025-10-31 00:00:00,2026-05-26 00:00:00
426,SKU-00426,Webcam Logitech 4480,Cámara web para videollamadas,2353.57,85,2026-03-01 00:00:00,2026-09-21 00:00:00
427,SKU-00427,Mouse Razer 7561,Mouse óptico para computadora,2388.14,77,2025-06-03 00:00:00,2025-11-08 00:00:00
428,SKU-00428,Memoria USB ADATA 2341,Memoria USB para almacenamiento y transferencia de archivos,639.6,35,2026-04-22 00:00:00,2026-06-18 00:00:00
429,SKU-00429,Disco SSD Western Digital 6544,Unidad SSD para almacenamiento de datos,1450.43,66,2026-01-15 00:00:00,2026-03-26 00:00:00
430,SKU-00430,Mouse Razer 8219,Mouse óptico para computadora,472.96,84,2025-01-22 00:00:00,2025-09-29 00:00:00
431,SKU-00431,Audífonos Sony 8642,"Audífonos para música, llamadas y multimedia",959.1,42,2025-06-12 00:00:00,2025-12-19 00:00:00
432,SKU-00432,Memoria USB ADATA 4571,Memoria USB para almacenamiento y transferencia de archivos,875.49,15,2025-04-15 00:00:00,2025-11-12 00:00:00
433,SKU-00433,Disco SSD Samsung 4228,Unidad SSD para almacenamiento de datos,2272.49,12,2026-08-18 00:00:00,2026-09-21 00:00:00
434,SKU-00434,Webcam Trust 7709,Cámara web para videollamadas,2039.17,9,2026-07-24 00:00:00,2026-09-21 00:00:00
435,SKU-00435,Laptop ASUS 3769,Equipo portátil para trabajo y estudio,25110.43,12,2026-06-17 00:00:00,2026-09-21 00:00:00
436,SKU-00436,Audífonos Sony 6381,"Audífonos para música, llamadas y multimedia",800.66,91,2025-04-29 00:00:00,2025-05-02 00:00:00
437,SKU-00437,Memoria USB Kingston 8967,Memoria USB para almacenamiento y transferencia de archivos,1270.52,130,2025-02-13 00:00:00,2025-06-26 00:00:00
438,SKU-00438,Disco SSD ADATA 4180,Unidad SSD para almacenamiento de datos,2674.86,71,2025-02-07 00:00:00,2025-10-05 00:00:00
439,SKU-00439,Webcam Logitech 7472,Cámara web para videollamadas,2730.83,78,2025-05-09 00:00:00,2025-09-25 00:00:00
440,SKU-00440,Mouse Logitech 6977,Mouse óptico para computadora,2769.73,36,2025-01-02 00:00:00,2025-05-13 00:00:00
441,SKU-00441,Audífonos Philips 6438,"Audífonos para música, llamadas y multimedia",1595.61,40,2025-08-31 00:00:00,2026-02-27 00:00:00
442,SKU-00442,Disco SSD Crucial 8506,Unidad SSD para almacenamiento de datos,4139.29,17,2025-07-11 00:00:00,2026-01-20 00:00:00
443,SKU-00443,Monitor Samsung 3922,Monitor para computadora de alta resolución,10593.95,14,2026-07-15 00:00:00,2026-09-21 00:00:00
444,SKU-00444,Teclado Logitech 9546,Teclado para computadora de uso diario,1734.44,42,2026-07-18 00:00:00,2026-09-21 00:00:00
445,SKU-00445,Memoria USB SanDisk 3503,Memoria USB para almacenamiento y transferencia de archivos,1191.94,143,2026-01-13 00:00:00,2026-07-19 00:00:00
446,SKU-00446,Mouse Logitech 8853,Mouse óptico para computadora,2162.72,17,2026-02-05 00:00:00,2026-08-10 00:00:00
447,SKU-00447,Audífonos Logitech 6240,"Audífonos para música, llamadas y multimedia",1927.3,73,2026-01-03 00:00:00,2026-07-13 00:00:00
448,SKU-00448,Mouse Microsoft 8675,Mouse óptico para computadora,1003.2,59,2025-05-15 00:00:00,2025-10-21 00:00:00
449,SKU-00449,Cable USB Steren 2434,Cable USB para conexión y transferencia de datos,546.66,23,2026-02-18 00:00:00,2026-09-21 00:00:00
450,SKU-00450,Audífonos JBL 8410,"Audífonos para música, llamadas y multimedia",2684.95,92,2025-01-05 00:00:00,2025-08-06 00:00:00
451,SKU-00451,Webcam Trust 8501,Cámara web para videollamadas,2603.17,49,2025-06-27 00:00:00,2025-08-17 00:00:00
452,SKU-00452,Memoria USB SanDisk 3157,Memoria USB para almacenamiento y transferencia de archivos,1513.97,101,2026-01-03 00:00:00,2026-06-30 00:00:00
453,SKU-00453,Teclado Redragon 8357,Teclado para computadora de uso diario,945.73,50,2026-07-07 00:00:00,2026-09-21 00:00:00
454,SKU-00454,Mouse Logitech 7037,Mouse óptico para computadora,1034.74,36,2026-07-16 00:00:00,2026-09-21 00:00:00
455,SKU-00455,Disco SSD Western Digital 3800,Unidad SSD para almacenamiento de datos,3481.34,58,2026-07-18 00:00:00,2026-09-21 00:00:00
456,SKU-00456,Webcam Logitech 9613,Cámara web para videollamadas,1869.21,53,2025-01-22 00:00:00,2025-08-07 00:00:00
457,SKU-00457,Disco SSD Crucial 7780,Unidad SSD para almacenamiento de datos,2461.04,61,2026-02-03 00:00:00,2026-06-10 00:00:00
458,SKU-00458,Webcam Microsoft 1866,Cámara web para videollamadas,2552.88,5,2026-03-19 00:00:00,2026-09-21 00:00:00
459,SKU-00459,Router Netgear 4170,Router inalámbrico para conexión de red,2634.37,73,2025-09-06 00:00:00,2026-01-17 00:00:00
460,SKU-00460,Laptop HP 3640,Equipo portátil para trabajo y estudio,8129.76,26,2025-12-15 00:00:00,2025-12-21 00:00:00
461,SKU-00461,Audífonos Logitech 3664,"Audífonos para música, llamadas y multimedia",2366.18,42,2025-12-14 00:00:00,2026-01-11 00:00:00
462,SKU-00462,Router Huawei 8304,Router inalámbrico para conexión de red,3489.54,82,2025-02-23 00:00:00,2025-05-22 00:00:00
463,SKU-00463,Webcam HP 7990,Cámara web para videollamadas,936.89,66,2025-03-14 00:00:00,2025-04-12 00:00:00
464,SKU-00464,Teclado Microsoft 7447,Teclado para computadora de uso diario,2876.23,66,2025-03-31 00:00:00,2025-08-31 00:00:00
465,SKU-00465,Webcam Microsoft 4035,Cámara web para videollamadas,2987.62,5,2025-03-13 00:00:00,2025-03-28 00:00:00
466,SKU-00466,Router D-Link 4692,Router inalámbrico para conexión de red,1458.32,93,2026-03-21 00:00:00,2026-03-30 00:00:00
467,SKU-00467,Monitor Samsung 5681,Monitor para computadora de alta resolución,7880.71,18,2026-06-20 00:00:00,2026-06-22 00:00:00
468,SKU-00468,Mouse Logitech 5934,Mouse óptico para computadora,1382.91,59,2025-09-22 00:00:00,2026-02-07 00:00:00
469,SKU-00469,Monitor Samsung 5299,Monitor para computadora de alta resolución,10845.75,30,2025-06-27 00:00:00,2025-11-04 00:00:00
470,SKU-00470,Router Netgear 2201,Router inalámbrico para conexión de red,504.45,90,2026-08-17 00:00:00,2026-09-21 00:00:00
471,SKU-00471,Teclado Redragon 8378,Teclado para computadora de uso diario,2462.25,98,2025-09-28 00:00:00,2026-03-27 00:00:00
472,SKU-00472,Memoria USB ADATA 6003,Memoria USB para almacenamiento y transferencia de archivos,585.11,62,2025-01-14 00:00:00,2025-08-22 00:00:00
473,SKU-00473,Mouse Microsoft 4365,Mouse óptico para computadora,3161.75,12,2026-01-12 00:00:00,2026-06-23 00:00:00
474,SKU-00474,Laptop Dell 4842,Equipo portátil para trabajo y estudio,16093.25,2,2025-02-13 00:00:00,2025-02-17 00:00:00
475,SKU-00475,Audífonos Philips 6893,"Audífonos para música, llamadas y multimedia",1844.38,91,2026-06-06 00:00:00,2026-09-21 00:00:00
476,SKU-00476,Disco SSD ADATA 8909,Unidad SSD para almacenamiento de datos,3967.73,69,2026-02-27 00:00:00,2026-03-14 00:00:00
477,SKU-00477,Laptop Dell 9801,Equipo portátil para trabajo y estudio,17622.62,28,2025-06-01 00:00:00,2026-01-12 00:00:00
478,SKU-00478,Disco SSD Western Digital 1610,Unidad SSD para almacenamiento de datos,3679.24,57,2026-01-01 00:00:00,2026-03-31 00:00:00
479,SKU-00479,Monitor AOC 3619,Monitor para computadora de alta resolución,3913.02,17,2025-10-04 00:00:00,2026-05-21 00:00:00
480,SKU-00480,Laptop Acer 9897,Equipo portátil para trabajo y estudio,27935.98,32,2025-09-22 00:00:00,2025-12-25 00:00:00
481,SKU-00481,Monitor Samsung 3145,Monitor para computadora de alta resolución,3165.29,14,2025-01-25 00:00:00,2025-06-10 00:00:00
482,SKU-00482,Disco SSD Samsung 5566,Unidad SSD para almacenamiento de datos,3025.66,25,2025-06-13 00:00:00,2025-09-26 00:00:00
483,SKU-00483,Audífonos JBL 112,"Audífonos para música, llamadas y multimedia",787.76,7,2025-07-07 00:00:00,2025-10-07 00:00:00
484,SKU-00484,Teclado Logitech 1133,Teclado para computadora de uso diario,2285.34,41,2025-12-19 00:00:00,2026-06-18 00:00:00
485,SKU-00485,Monitor LG 7999,Monitor para computadora de alta resolución,2777.77,35,2025-09-14 00:00:00,2026-05-10 00:00:00
486,SKU-00486,Monitor Samsung 7895,Monitor para computadora de alta resolución,5579.12,26,2025-10-18 00:00:00,2026-01-31 00:00:00
487,SKU-00487,Mouse Microsoft 7915,Mouse óptico para computadora,2155.63,9,2026-06-15 00:00:00,2026-09-21 00:00:00
488,SKU-00488,Laptop Dell 1609,Equipo portátil para trabajo y estudio,8400.04,23,2025-08-26 00:00:00,2026-03-28 00:00:00
489,SKU-00489,Router Tenda 3253,Router inalámbrico para conexión de red,2476.29,55,2025-06-26 00:00:00,2025-12-02 00:00:00
490,SKU-00490,Laptop Acer 6580,Equipo portátil para trabajo y estudio,7044.61,11,2025-01-29 00:00:00,2025-02-03 00:00:00
491,SKU-00491,Monitor AOC 8563,Monitor para computadora de alta resolución,9477.55,11,2025-05-02 00:00:00,2025-09-02 00:00:00
492,SKU-00492,Mouse HP 9391,Mouse óptico para computadora,1094.8,23,2026-08-06 00:00:00,2026-09-21 00:00:00
493,SKU-00493,Disco SSD Western Digital 7600,Unidad SSD para almacenamiento de datos,1150.73,55,2025-01-22 00:00:00,2025-03-08 00:00:00
494,SKU-00494,Mouse Logitech 3960,Mouse óptico para computadora,2336.18,57,2025-10-25 00:00:00,2026-03-29 00:00:00
495,SKU-00495,Router TP-Link 7373,Router inalámbrico para conexión de red,2585.48,95,2026-05-03 00:00:00,2026-08-05 00:00:00
496,SKU-00496,Monitor ASUS 3103,Monitor para computadora de alta resolución,9605.56,37,2025-09-02 00:00:00,2025-10-31 00:00:00
497,SKU-00497,Teclado HP 5242,Teclado para computadora de uso diario,2742.29,77,2025-06-15 00:00:00,2026-02-07 00:00:00
498,SKU-00498,Teclado HP 9149,Teclado para computadora de uso diario,2457.07,69,2025-10-02 00:00:00,2025-12-01 00:00:00
499,SKU-00499,Memoria USB ADATA 5970,Memoria USB para almacenamiento y transferencia de archivos,1664.3,124,2025-07-08 00:00:00,2025-12-22 00:00:00
500,SKU-00500,Memoria USB SanDisk 7453,Memoria USB para almacenamiento y transferencia de archivos,208.27,36,2025-11-11 00:00:00,2026-05-21 00:00:00
501,SKU-00501,Laptop ASUS 5636,Equipo portátil para trabajo y estudio,9930.65,23,2025-08-27 00:00:00,2025-10-13 00:00:00
502,SKU-00502,Disco SSD ADATA 5258,Unidad SSD para almacenamiento de datos,2120.38,32,2025-06-15 00:00:00,2025-08-13 00:00:00
503,SKU-00503,Router D-Link 3582,Router inalámbrico para conexión de red,794.91,47,2025-08-01 00:00:00,2025-09-12 00:00:00
504,SKU-00504,Monitor ASUS 6782,Monitor para computadora de alta resolución,6689.05,50,2025-07-20 00:00:00,2025-08-05 00:00:00
505,SKU-00505,Cable USB Belkin 8620,Cable USB para conexión y transferencia de datos,1284.95,136,2025-02-05 00:00:00,2025-08-13 00:00:00
506,SKU-00506,Cable USB Amazon Basics 5641,Cable USB para conexión y transferencia de datos,396.21,59,2025-11-03 00:00:00,2026-01-04 00:00:00
507,SKU-00507,Teclado Redragon 3083,Teclado para computadora de uso diario,1901.2,98,2026-02-13 00:00:00,2026-08-03 00:00:00
508,SKU-00508,Audífonos Logitech 3938,"Audífonos para música, llamadas y multimedia",2643.12,90,2025-04-30 00:00:00,2025-08-29 00:00:00
509,SKU-00509,Disco SSD Samsung 6747,Unidad SSD para almacenamiento de datos,3721.12,9,2025-01-15 00:00:00,2025-09-06 00:00:00
510,SKU-00510,Disco SSD Western Digital 2462,Unidad SSD para almacenamiento de datos,747.25,30,2026-04-10 00:00:00,2026-08-24 00:00:00
511,SKU-00511,Cable USB Amazon Basics 2224,Cable USB para conexión y transferencia de datos,856.92,110,2025-10-13 00:00:00,2026-04-12 00:00:00
512,SKU-00512,Memoria USB PNY 9376,Memoria USB para almacenamiento y transferencia de archivos,1162.65,101,2025-08-18 00:00:00,2025-08-19 00:00:00
513,SKU-00513,Laptop Lenovo 7632,Equipo portátil para trabajo y estudio,7977.09,31,2025-05-17 00:00:00,2025-12-08 00:00:00
514,SKU-00514,Memoria USB PNY 7805,Memoria USB para almacenamiento y transferencia de archivos,626.09,94,2026-04-10 00:00:00,2026-08-10 00:00:00
515,SKU-00515,Webcam AverMedia 4541,Cámara web para videollamadas,1194.4,75,2025-10-02 00:00:00,2026-05-23 00:00:00
516,SKU-00516,Router D-Link 5695,Router inalámbrico para conexión de red,2681.13,49,2026-03-13 00:00:00,2026-04-02 00:00:00
517,SKU-00517,Audífonos Logitech 2253,"Audífonos para música, llamadas y multimedia",1706.53,79,2025-07-12 00:00:00,2025-10-21 00:00:00
518,SKU-00518,Cable USB Baseus 9386,Cable USB para conexión y transferencia de datos,688.03,55,2025-05-18 00:00:00,2025-12-03 00:00:00
519,SKU-00519,Memoria USB ADATA 8730,Memoria USB para almacenamiento y transferencia de archivos,450.06,10,2025-01-20 00:00:00,2025-05-24 00:00:00
520,SKU-00520,Audífonos Philips 5490,"Audífonos para música, llamadas y multimedia",1437.66,29,2025-12-14 00:00:00,2026-01-22 00:00:00
521,SKU-00521,Audífonos Sony 2899,"Audífonos para música, llamadas y multimedia",3349.73,95,2025-01-15 00:00:00,2025-01-25 00:00:00
522,SKU-00522,Cable USB Amazon Basics 9636,Cable USB para conexión y transferencia de datos,1594.28,73,2025-05-13 00:00:00,2025-07-12 00:00:00
523,SKU-00523,Cable USB Steren 9409,Cable USB para conexión y transferencia de datos,1412.97,45,2026-07-28 00:00:00,2026-09-21 00:00:00
524,SKU-00524,Cable USB Belkin 3519,Cable USB para conexión y transferencia de datos,1372.31,110,2025-12-24 00:00:00,2026-08-09 00:00:00
525,SKU-00525,Laptop Dell 354,Equipo portátil para trabajo y estudio,10667.81,20,2025-08-27 00:00:00,2025-09-15 00:00:00
526,SKU-00526,Router TP-Link 5802,Router inalámbrico para conexión de red,2824.13,31,2025-07-24 00:00:00,2025-09-17 00:00:00
527,SKU-00527,Teclado Logitech 1608,Teclado para computadora de uso diario,448.95,67,2025-05-06 00:00:00,2025-07-11 00:00:00
528,SKU-00528,Audífonos HyperX 6356,"Audífonos para música, llamadas y multimedia",587.15,18,2026-05-12 00:00:00,2026-09-05 00:00:00
529,SKU-00529,Disco SSD ADATA 7342,Unidad SSD para almacenamiento de datos,4338.49,29,2025-09-05 00:00:00,2026-04-10 00:00:00
530,SKU-00530,Audífonos Sony 1859,"Audífonos para música, llamadas y multimedia",1411.3,70,2025-01-02 00:00:00,2025-08-11 00:00:00
531,SKU-00531,Router D-Link 3770,Router inalámbrico para conexión de red,560.98,56,2026-02-17 00:00:00,2026-09-21 00:00:00
532,SKU-00532,Laptop Dell 3000,Equipo portátil para trabajo y estudio,27685.68,26,2025-11-12 00:00:00,2026-04-02 00:00:00
533,SKU-00533,Webcam Microsoft 202,Cámara web para videollamadas,2961.93,82,2025-05-25 00:00:00,2025-11-08 00:00:00
534,SKU-00534,Cable USB UGREEN 6523,Cable USB para conexión y transferencia de datos,433.17,142,2025-12-12 00:00:00,2026-08-18 00:00:00
535,SKU-00535,Disco SSD ADATA 4393,Unidad SSD para almacenamiento de datos,2553.62,54,2025-06-18 00:00:00,2025-11-12 00:00:00
536,SKU-00536,Cable USB Belkin 1844,Cable USB para conexión y transferencia de datos,1611.65,77,2025-02-12 00:00:00,2025-04-21 00:00:00
537,SKU-00537,Monitor Samsung 9457,Monitor para computadora de alta resolución,6600.34,32,2026-02-15 00:00:00,2026-08-05 00:00:00
538,SKU-00538,Monitor LG 9685,Monitor para computadora de alta resolución,4622.98,42,2025-01-07 00:00:00,2025-08-20 00:00:00
539,SKU-00539,Mouse Logitech 712,Mouse óptico para computadora,2468.01,37,2025-11-19 00:00:00,2026-03-24 00:00:00
540,SKU-00540,Webcam Trust 5267,Cámara web para videollamadas,1737.13,89,2025-03-19 00:00:00,2025-05-09 00:00:00
541,SKU-00541,Laptop ASUS 3164,Equipo portátil para trabajo y estudio,18433.2,26,2025-08-07 00:00:00,2026-01-28 00:00:00
542,SKU-00542,Webcam Microsoft 1490,Cámara web para videollamadas,2268.94,61,2025-07-12 00:00:00,2025-11-25 00:00:00
543,SKU-00543,Laptop Acer 1492,Equipo portátil para trabajo y estudio,27128.72,28,2025-07-04 00:00:00,2025-07-30 00:00:00
544,SKU-00544,Teclado HP 8703,Teclado para computadora de uso diario,1604.81,52,2026-02-28 00:00:00,2026-08-03 00:00:00
545,SKU-00545,Router Tenda 4803,Router inalámbrico para conexión de red,3112.33,92,2025-10-29 00:00:00,2025-11-06 00:00:00
546,SKU-00546,Laptop Dell 4773,Equipo portátil para trabajo y estudio,17459.75,22,2025-04-15 00:00:00,2025-11-28 00:00:00
547,SKU-00547,Mouse Razer 2769,Mouse óptico para computadora,2785.67,51,2025-04-19 00:00:00,2025-12-24 00:00:00
548,SKU-00548,Cable USB Baseus 3133,Cable USB para conexión y transferencia de datos,1688.25,71,2025-01-31 00:00:00,2025-09-01 00:00:00
549,SKU-00549,Memoria USB SanDisk 8611,Memoria USB para almacenamiento y transferencia de archivos,572.83,128,2026-03-27 00:00:00,2026-08-15 00:00:00
550,SKU-00550,Monitor AOC 6471,Monitor para computadora de alta resolución,10161.7,45,2025-01-24 00:00:00,2025-07-18 00:00:00
551,SKU-00551,Teclado Redragon 7115,Teclado para computadora de uso diario,1910.86,56,2025-01-07 00:00:00,2025-09-13 00:00:00
552,SKU-00552,Laptop HP 7522,Equipo portátil para trabajo y estudio,14582.4,14,2025-04-13 00:00:00,2025-11-08 00:00:00
553,SKU-00553,Mouse Logitech 9165,Mouse óptico para computadora,2291.65,55,2025-10-18 00:00:00,2026-03-18 00:00:00
554,SKU-00554,Monitor ASUS 3763,Monitor para computadora de alta resolución,11108.76,46,2025-03-01 00:00:00,2025-06-13 00:00:00
555,SKU-00555,Mouse Genius 7925,Mouse óptico para computadora,3092.78,62,2025-09-19 00:00:00,2025-12-07 00:00:00
556,SKU-00556,Laptop Lenovo 5264,Equipo portátil para trabajo y estudio,25021.17,21,2025-08-08 00:00:00,2025-09-27 00:00:00
557,SKU-00557,Monitor AOC 1806,Monitor para computadora de alta resolución,9963.88,6,2025-12-13 00:00:00,2026-05-22 00:00:00
558,SKU-00558,Memoria USB PNY 3852,Memoria USB para almacenamiento y transferencia de archivos,656.54,11,2025-06-06 00:00:00,2025-11-15 00:00:00
559,SKU-00559,Monitor LG 1783,Monitor para computadora de alta resolución,10683.15,26,2026-05-15 00:00:00,2026-09-21 00:00:00
560,SKU-00560,Mouse HP 7169,Mouse óptico para computadora,1610.68,64,2025-08-20 00:00:00,2025-12-03 00:00:00
561,SKU-00561,Audífonos Sony 7948,"Audífonos para música, llamadas y multimedia",2625.32,98,2025-10-30 00:00:00,2026-05-03 00:00:00
562,SKU-00562,Audífonos JBL 9518,"Audífonos para música, llamadas y multimedia",1130.57,19,2025-04-09 00:00:00,2025-07-07 00:00:00
563,SKU-00563,Laptop Lenovo 9415,Equipo portátil para trabajo y estudio,9212.58,6,2026-06-22 00:00:00,2026-09-21 00:00:00
564,SKU-00564,Cable USB Belkin 8951,Cable USB para conexión y transferencia de datos,1174.89,150,2025-01-30 00:00:00,2025-09-24 00:00:00
565,SKU-00565,Laptop HP 2777,Equipo portátil para trabajo y estudio,10792.4,33,2025-05-12 00:00:00,2025-10-22 00:00:00
566,SKU-00566,Audífonos Philips 5229,"Audífonos para música, llamadas y multimedia",2862.51,71,2025-12-19 00:00:00,2026-05-12 00:00:00
567,SKU-00567,Audífonos Philips 1940,"Audífonos para música, llamadas y multimedia",3393.72,12,2026-05-16 00:00:00,2026-08-26 00:00:00
568,SKU-00568,Cable USB Belkin 5421,Cable USB para conexión y transferencia de datos,733.75,135,2025-11-30 00:00:00,2026-05-19 00:00:00
569,SKU-00569,Teclado Microsoft 4882,Teclado para computadora de uso diario,3270.0,78,2025-12-14 00:00:00,2026-02-18 00:00:00
570,SKU-00570,Monitor AOC 6651,Monitor para computadora de alta resolución,6286.46,40,2025-07-17 00:00:00,2025-09-19 00:00:00
571,SKU-00571,Memoria USB SanDisk 9111,Memoria USB para almacenamiento y transferencia de archivos,1430.35,47,2025-09-21 00:00:00,2025-10-30 00:00:00
572,SKU-00572,Teclado Microsoft 5441,Teclado para computadora de uso diario,505.71,49,2025-11-17 00:00:00,2026-03-16 00:00:00
573,SKU-00573,Laptop Dell 1958,Equipo portátil para trabajo y estudio,14204.67,19,2026-06-20 00:00:00,2026-09-21 00:00:00
574,SKU-00574,Monitor Dell 9768,Monitor para computadora de alta resolución,8105.79,23,2025-05-16 00:00:00,2025-11-01 00:00:00
575,SKU-00575,Cable USB Baseus 1862,Cable USB para conexión y transferencia de datos,766.8,55,2025-04-23 00:00:00,2025-12-19 00:00:00
576,SKU-00576,Router Tenda 1331,Router inalámbrico para conexión de red,770.38,46,2025-08-22 00:00:00,2026-02-17 00:00:00
577,SKU-00577,Teclado Genius 2362,Teclado para computadora de uso diario,3109.97,45,2025-07-18 00:00:00,2025-12-23 00:00:00
578,SKU-00578,Webcam Trust 7130,Cámara web para videollamadas,2221.71,60,2025-10-08 00:00:00,2026-05-12 00:00:00
579,SKU-00579,Memoria USB PNY 9025,Memoria USB para almacenamiento y transferencia de archivos,501.56,110,2026-02-06 00:00:00,2026-07-06 00:00:00
580,SKU-00580,Memoria USB PNY 2675,Memoria USB para almacenamiento y transferencia de archivos,957.74,137,2025-04-17 00:00:00,2025-05-05 00:00:00
581,SKU-00581,Router TP-Link 1491,Router inalámbrico para conexión de red,2224.74,51,2025-03-12 00:00:00,2025-04-09 00:00:00
582,SKU-00582,Laptop ASUS 3727,Equipo portátil para trabajo y estudio,7306.79,24,2025-03-12 00:00:00,2025-08-27 00:00:00
583,SKU-00583,Memoria USB SanDisk 6828,Memoria USB para almacenamiento y transferencia de archivos,1740.33,128,2025-04-09 00:00:00,2025-12-04 00:00:00
584,SKU-00584,Laptop Lenovo 5627,Equipo portátil para trabajo y estudio,9845.89,25,2026-04-05 00:00:00,2026-09-21 00:00:00
585,SKU-00585,Audífonos Logitech 9048,"Audífonos para música, llamadas y multimedia",2319.28,63,2025-03-07 00:00:00,2025-10-27 00:00:00
586,SKU-00586,Teclado Genius 4103,Teclado para computadora de uso diario,3330.28,59,2026-02-03 00:00:00,2026-04-16 00:00:00
587,SKU-00587,Router Netgear 8739,Router inalámbrico para conexión de red,2396.47,60,2025-05-26 00:00:00,2025-10-05 00:00:00
588,SKU-00588,Webcam Microsoft 6213,Cámara web para videollamadas,2565.08,16,2025-06-10 00:00:00,2025-10-31 00:00:00
589,SKU-00589,Laptop ASUS 2070,Equipo portátil para trabajo y estudio,17396.89,4,2025-07-18 00:00:00,2025-10-21 00:00:00
590,SKU-00590,Disco SSD Samsung 4286,Unidad SSD para almacenamiento de datos,3586.97,61,2025-02-11 00:00:00,2025-08-08 00:00:00
591,SKU-00591,Monitor ASUS 3335,Monitor para computadora de alta resolución,3415.07,48,2025-07-09 00:00:00,2025-12-11 00:00:00
592,SKU-00592,Laptop ASUS 3038,Equipo portátil para trabajo y estudio,10143.67,7,2025-08-04 00:00:00,2025-11-11 00:00:00
593,SKU-00593,Monitor ASUS 2221,Monitor para computadora de alta resolución,4340.0,20,2025-11-14 00:00:00,2026-02-27 00:00:00
594,SKU-00594,Memoria USB Kingston 8791,Memoria USB para almacenamiento y transferencia de archivos,460.65,92,2026-03-01 00:00:00,2026-06-18 00:00:00
595,SKU-00595,Monitor Dell 8714,Monitor para computadora de alta resolución,7643.5,41,2026-05-01 00:00:00,2026-05-06 00:00:00
596,SKU-00596,Memoria USB SanDisk 3018,Memoria USB para almacenamiento y transferencia de archivos,459.52,92,2025-02-23 00:00:00,2025-09-26 00:00:00
597,SKU-00597,Laptop HP 8315,Equipo portátil para trabajo y estudio,13785.64,17,2025-06-06 00:00:00,2026-01-25 00:00:00
598,SKU-00598,Teclado Logitech 280,Teclado para computadora de uso diario,1830.88,33,2026-04-27 00:00:00,2026-09-21 00:00:00
599,SKU-00599,Audífonos Philips 345,"Audífonos para música, llamadas y multimedia",2013.17,90,2026-05-10 00:00:00,2026-07-07 00:00:00
600,SKU-00600,Disco SSD Samsung 8098,Unidad SSD para almacenamiento de datos,1696.01,38,2026-07-05 00:00:00,2026-08-20 00:00:00
601,SKU-00601,Monitor AOC 8671,Monitor para computadora de alta resolución,7633.6,42,2025-10-28 00:00:00,2026-02-18 00:00:00
602,SKU-00602,Mouse Genius 1713,Mouse óptico para computadora,2063.68,98,2025-12-15 00:00:00,2025-12-29 00:00:00
603,SKU-00603,Webcam HP 4916,Cámara web para videollamadas,431.5,45,2026-03-28 00:00:00,2026-04-25 00:00:00
604,SKU-00604,Monitor Samsung 7512,Monitor para computadora de alta resolución,11434.44,42,2025-06-07 00:00:00,2025-11-26 00:00:00
605,SKU-00605,Webcam Logitech 6294,Cámara web para videollamadas,2482.11,31,2026-05-30 00:00:00,2026-08-12 00:00:00
606,SKU-00606,Audífonos Philips 800,"Audífonos para música, llamadas y multimedia",869.04,42,2026-04-11 00:00:00,2026-06-08 00:00:00
607,SKU-00607,Audífonos Sony 3424,"Audífonos para música, llamadas y multimedia",1350.0,48,2025-03-29 00:00:00,2025-05-04 00:00:00
608,SKU-00608,Teclado HP 9754,Teclado para computadora de uso diario,2405.72,88,2026-04-20 00:00:00,2026-09-21 00:00:00
609,SKU-00609,Webcam HP 1984,Cámara web para videollamadas,2703.58,96,2025-05-18 00:00:00,2026-01-09 00:00:00
610,SKU-00610,Memoria USB Kingston 9849,Memoria USB para almacenamiento y transferencia de archivos,1024.54,21,2025-09-19 00:00:00,2025-10-01 00:00:00
611,SKU-00611,Teclado Logitech 9752,Teclado para computadora de uso diario,1735.93,13,2025-02-22 00:00:00,2025-06-25 00:00:00
612,SKU-00612,Mouse Genius 4659,Mouse óptico para computadora,3366.3,47,2025-03-02 00:00:00,2025-09-20 00:00:00
613,SKU-00613,Webcam HP 4223,Cámara web para videollamadas,1885.16,37,2025-11-20 00:00:00,2026-06-19 00:00:00
614,SKU-00614,Router TP-Link 6873,Router inalámbrico para conexión de red,2931.69,31,2025-05-01 00:00:00,2025-05-24 00:00:00
615,SKU-00615,Laptop HP 5470,Equipo portátil para trabajo y estudio,22424.96,17,2026-05-24 00:00:00,2026-09-14 00:00:00
616,SKU-00616,Teclado Genius 3528,Teclado para computadora de uso diario,3466.63,75,2026-06-12 00:00:00,2026-09-21 00:00:00
617,SKU-00617,Mouse Microsoft 8837,Mouse óptico para computadora,845.94,15,2026-07-01 00:00:00,2026-08-31 00:00:00
618,SKU-00618,Cable USB Amazon Basics 9156,Cable USB para conexión y transferencia de datos,899.87,52,2025-09-11 00:00:00,2026-05-12 00:00:00
619,SKU-00619,Disco SSD Samsung 9134,Unidad SSD para almacenamiento de datos,3376.91,35,2025-05-05 00:00:00,2025-09-30 00:00:00
620,SKU-00620,Cable USB Belkin 7665,Cable USB para conexión y transferencia de datos,249.97,140,2026-01-20 00:00:00,2026-02-08 00:00:00
621,SKU-00621,Router Tenda 1821,Router inalámbrico para conexión de red,2776.28,79,2026-03-03 00:00:00,2026-06-22 00:00:00
622,SKU-00622,Monitor Dell 9863,Monitor para computadora de alta resolución,8267.14,7,2025-02-18 00:00:00,2025-04-08 00:00:00
623,SKU-00623,Audífonos Sony 9823,"Audífonos para música, llamadas y multimedia",1538.06,73,2025-01-30 00:00:00,2025-08-07 00:00:00
624,SKU-00624,Cable USB Steren 1678,Cable USB para conexión y transferencia de datos,1695.47,88,2025-01-01 00:00:00,2025-08-28 00:00:00
625,SKU-00625,Mouse Razer 1526,Mouse óptico para computadora,2682.1,36,2025-01-30 00:00:00,2025-03-25 00:00:00
626,SKU-00626,Laptop Lenovo 4590,Equipo portátil para trabajo y estudio,23021.77,7,2026-06-10 00:00:00,2026-06-16 00:00:00
627,SKU-00627,Webcam Trust 5138,Cámara web para videollamadas,1183.11,63,2026-07-19 00:00:00,2026-09-21 00:00:00
628,SKU-00628,Router Netgear 7478,Router inalámbrico para conexión de red,522.54,54,2025-08-01 00:00:00,2026-03-11 00:00:00
629,SKU-00629,Mouse Logitech 8984,Mouse óptico para computadora,1298.51,9,2026-04-26 00:00:00,2026-04-27 00:00:00
630,SKU-00630,Disco SSD ADATA 5786,Unidad SSD para almacenamiento de datos,1847.53,76,2025-09-09 00:00:00,2025-09-15 00:00:00
631,SKU-00631,Teclado Redragon 4286,Teclado para computadora de uso diario,1265.75,48,2026-03-06 00:00:00,2026-09-21 00:00:00
632,SKU-00632,Disco SSD Crucial 7912,Unidad SSD para almacenamiento de datos,1326.35,78,2026-02-10 00:00:00,2026-07-17 00:00:00
633,SKU-00633,Mouse Genius 4531,Mouse óptico para computadora,556.5,22,2026-06-11 00:00:00,2026-09-21 00:00:00
634,SKU-00634,Mouse Razer 6229,Mouse óptico para computadora,1159.09,43,2025-06-01 00:00:00,2025-10-01 00:00:00
635,SKU-00635,Audífonos JBL 1881,"Audífonos para música, llamadas y multimedia",1762.72,68,2025-10-08 00:00:00,2025-11-12 00:00:00
636,SKU-00636,Webcam Trust 8323,Cámara web para videollamadas,442.26,16,2025-07-25 00:00:00,2026-02-23 00:00:00
637,SKU-00637,Laptop Dell 7233,Equipo portátil para trabajo y estudio,13201.0,33,2025-01-10 00:00:00,2025-02-24 00:00:00
638,SKU-00638,Router Netgear 5908,Router inalámbrico para conexión de red,1220.86,7,2025-09-27 00:00:00,2025-10-18 00:00:00
639,SKU-00639,Monitor Samsung 5353,Monitor para computadora de alta resolución,2554.44,46,2026-06-09 00:00:00,2026-08-16 00:00:00
640,SKU-00640,Monitor LG 7345,Monitor para computadora de alta resolución,2615.54,15,2025-09-07 00:00:00,2026-02-12 00:00:00
641,SKU-00641,Audífonos Sony 5152,"Audífonos para música, llamadas y multimedia",1001.26,45,2026-01-03 00:00:00,2026-01-19 00:00:00
642,SKU-00642,Cable USB Belkin 7610,Cable USB para conexión y transferencia de datos,253.8,117,2026-08-24 00:00:00,2026-09-21 00:00:00
643,SKU-00643,Teclado Redragon 2079,Teclado para computadora de uso diario,592.01,99,2025-04-13 00:00:00,2025-06-11 00:00:00
644,SKU-00644,Monitor AOC 8010,Monitor para computadora de alta resolución,3151.1,4,2025-12-25 00:00:00,2026-03-19 00:00:00
645,SKU-00645,Mouse HP 388,Mouse óptico para computadora,1802.19,16,2026-04-02 00:00:00,2026-09-21 00:00:00
646,SKU-00646,Webcam Logitech 4972,Cámara web para videollamadas,1242.9,60,2025-11-10 00:00:00,2026-07-15 00:00:00
647,SKU-00647,Laptop HP 5651,Equipo portátil para trabajo y estudio,12000.51,14,2025-06-24 00:00:00,2025-07-02 00:00:00
648,SKU-00648,Cable USB Amazon Basics 6614,Cable USB para conexión y transferencia de datos,416.93,83,2025-07-11 00:00:00,2026-01-11 00:00:00
649,SKU-00649,Disco SSD Western Digital 730,Unidad SSD para almacenamiento de datos,1521.33,58,2026-07-28 00:00:00,2026-09-21 00:00:00
650,SKU-00650,Audífonos Sony 4093,"Audífonos para música, llamadas y multimedia",2247.22,69,2025-04-04 00:00:00,2025-09-16 00:00:00
651,SKU-00651,Cable USB Belkin 8923,Cable USB para conexión y transferencia de datos,473.18,101,2025-06-26 00:00:00,2025-09-26 00:00:00
652,SKU-00652,Teclado Microsoft 1937,Teclado para computadora de uso diario,2675.1,12,2025-08-12 00:00:00,2025-11-29 00:00:00
653,SKU-00653,Cable USB Belkin 6728,Cable USB para conexión y transferencia de datos,242.57,31,2025-12-07 00:00:00,2026-03-17 00:00:00
654,SKU-00654,Mouse HP 8343,Mouse óptico para computadora,427.79,48,2026-07-14 00:00:00,2026-09-21 00:00:00
655,SKU-00655,Router Tenda 1645,Router inalámbrico para conexión de red,1055.59,64,2025-10-24 00:00:00,2026-02-03 00:00:00
656,SKU-00656,Webcam Trust 1317,Cámara web para videollamadas,2770.08,58,2025-01-08 00:00:00,2025-08-12 00:00:00
657,SKU-00657,Webcam Trust 5082,Cámara web para videollamadas,2446.03,96,2026-07-20 00:00:00,2026-09-21 00:00:00
658,SKU-00658,Monitor AOC 1944,Monitor para computadora de alta resolución,4074.95,23,2025-10-13 00:00:00,2026-01-23 00:00:00
659,SKU-00659,Webcam Logitech 1752,Cámara web para videollamadas,2197.3,26,2025-05-12 00:00:00,2025-05-28 00:00:00
660,SKU-00660,Mouse Genius 3788,Mouse óptico para computadora,2473.41,100,2025-10-31 00:00:00,2026-06-10 00:00:00
661,SKU-00661,Monitor LG 2674,Monitor para computadora de alta resolución,11994.45,23,2026-07-01 00:00:00,2026-09-21 00:00:00
662,SKU-00662,Audífonos Philips 7302,"Audífonos para música, llamadas y multimedia",646.79,99,2025-02-28 00:00:00,2025-03-16 00:00:00
663,SKU-00663,Cable USB UGREEN 9802,Cable USB para conexión y transferencia de datos,906.42,138,2026-01-14 00:00:00,2026-08-10 00:00:00
664,SKU-00664,Mouse HP 4019,Mouse óptico para computadora,2499.48,71,2025-06-27 00:00:00,2026-02-05 00:00:00
665,SKU-00665,Teclado Microsoft 4893,Teclado para computadora de uso diario,3052.44,16,2026-03-29 00:00:00,2026-09-21 00:00:00
666,SKU-00666,Mouse Logitech 7044,Mouse óptico para computadora,1432.83,78,2025-10-29 00:00:00,2025-12-26 00:00:00
667,SKU-00667,Cable USB Amazon Basics 8281,Cable USB para conexión y transferencia de datos,1610.62,68,2026-03-26 00:00:00,2026-05-02 00:00:00
668,SKU-00668,Webcam Trust 9313,Cámara web para videollamadas,3495.45,38,2025-03-25 00:00:00,2025-08-22 00:00:00
669,SKU-00669,Teclado Logitech 3747,Teclado para computadora de uso diario,634.96,63,2026-04-14 00:00:00,2026-09-21 00:00:00
670,SKU-00670,Mouse Logitech 5183,Mouse óptico para computadora,438.66,18,2025-07-25 00:00:00,2025-10-21 00:00:00
671,SKU-00671,Mouse Razer 2159,Mouse óptico para computadora,2859.89,63,2025-07-15 00:00:00,2025-12-27 00:00:00
672,SKU-00672,Router Huawei 1201,Router inalámbrico para conexión de red,1232.8,16,2025-09-19 00:00:00,2026-03-07 00:00:00
673,SKU-00673,Mouse Microsoft 2997,Mouse óptico para computadora,3232.98,32,2026-06-22 00:00:00,2026-09-21 00:00:00
674,SKU-00674,Audífonos HyperX 890,"Audífonos para música, llamadas y multimedia",1302.2,81,2025-08-22 00:00:00,2026-01-18 00:00:00
675,SKU-00675,Mouse Logitech 7057,Mouse óptico para computadora,2988.41,43,2025-06-24 00:00:00,2025-07-12 00:00:00
676,SKU-00676,Disco SSD Kingston 9717,Unidad SSD para almacenamiento de datos,3698.43,23,2025-07-31 00:00:00,2025-11-23 00:00:00
677,SKU-00677,Laptop HP 7716,Equipo portátil para trabajo y estudio,22707.97,28,2025-08-19 00:00:00,2025-12-21 00:00:00
678,SKU-00678,Audífonos JBL 1220,"Audífonos para música, llamadas y multimedia",2978.89,84,2025-12-16 00:00:00,2026-03-15 00:00:00
679,SKU-00679,Monitor Dell 9377,Monitor para computadora de alta resolución,9277.33,25,2025-10-04 00:00:00,2026-06-10 00:00:00
680,SKU-00680,Monitor ASUS 3460,Monitor para computadora de alta resolución,11021.1,26,2025-03-04 00:00:00,2025-06-26 00:00:00
681,SKU-00681,Webcam AverMedia 6546,Cámara web para videollamadas,663.01,41,2025-01-31 00:00:00,2025-08-22 00:00:00
682,SKU-00682,Laptop Dell 2396,Equipo portátil para trabajo y estudio,27017.69,17,2026-05-03 00:00:00,2026-09-03 00:00:00
683,SKU-00683,Router Huawei 6466,Router inalámbrico para conexión de red,2658.73,93,2026-08-01 00:00:00,2026-09-21 00:00:00
684,SKU-00684,Disco SSD Kingston 7516,Unidad SSD para almacenamiento de datos,2848.44,60,2026-05-02 00:00:00,2026-09-21 00:00:00
685,SKU-00685,Teclado HP 5270,Teclado para computadora de uso diario,2278.89,25,2025-06-28 00:00:00,2025-11-06 00:00:00
686,SKU-00686,Router D-Link 8684,Router inalámbrico para conexión de red,2093.39,12,2025-01-01 00:00:00,2025-08-30 00:00:00
687,SKU-00687,Cable USB UGREEN 2512,Cable USB para conexión y transferencia de datos,956.92,48,2026-01-01 00:00:00,2026-08-20 00:00:00
688,SKU-00688,Memoria USB SanDisk 7457,Memoria USB para almacenamiento y transferencia de archivos,1157.64,137,2025-04-12 00:00:00,2025-06-02 00:00:00
689,SKU-00689,Laptop Dell 8001,Equipo portátil para trabajo y estudio,16456.82,5,2026-07-01 00:00:00,2026-09-21 00:00:00
690,SKU-00690,Monitor ASUS 7411,Monitor para computadora de alta resolución,8032.94,33,2026-02-13 00:00:00,2026-02-13 00:00:00
691,SKU-00691,Laptop ASUS 501,Equipo portátil para trabajo y estudio,16163.07,21,2025-07-15 00:00:00,2026-03-09 00:00:00
692,SKU-00692,Monitor ASUS 8224,Monitor para computadora de alta resolución,10525.26,19,2026-03-07 00:00:00,2026-07-24 00:00:00
693,SKU-00693,Memoria USB SanDisk 9897,Memoria USB para almacenamiento y transferencia de archivos,489.98,22,2025-02-19 00:00:00,2025-08-30 00:00:00
694,SKU-00694,Monitor Dell 5848,Monitor para computadora de alta resolución,5111.58,27,2026-08-24 00:00:00,2026-09-21 00:00:00
695,SKU-00695,Memoria USB ADATA 3151,Memoria USB para almacenamiento y transferencia de archivos,1070.49,67,2026-08-12 00:00:00,2026-09-21 00:00:00
696,SKU-00696,Disco SSD Samsung 612,Unidad SSD para almacenamiento de datos,3137.49,78,2026-01-14 00:00:00,2026-09-02 00:00:00
697,SKU-00697,Monitor Samsung 7131,Monitor para computadora de alta resolución,8917.48,5,2025-12-28 00:00:00,2026-01-28 00:00:00
698,SKU-00698,Teclado Redragon 1558,Teclado para computadora de uso diario,1844.53,81,2025-03-16 00:00:00,2025-09-01 00:00:00
699,SKU-00699,Teclado Microsoft 7321,Teclado para computadora de uso diario,1608.38,8,2026-05-07 00:00:00,2026-06-11 00:00:00
700,SKU-00700,Webcam AverMedia 8593,Cámara web para videollamadas,1603.54,51,2026-01-07 00:00:00,2026-07-27 00:00:00
701,SKU-00701,Monitor AOC 7779,Monitor para computadora de alta resolución,3712.75,26,2026-02-21 00:00:00,2026-02-27 00:00:00
702,SKU-00702,Webcam AverMedia 9252,Cámara web para videollamadas,2686.26,62,2026-07-26 00:00:00,2026-09-21 00:00:00
703,SKU-00703,Audífonos Sony 8016,"Audífonos para música, llamadas y multimedia",2507.41,44,2026-03-26 00:00:00,2026-09-21 00:00:00
704,SKU-00704,Laptop HP 9710,Equipo portátil para trabajo y estudio,18516.27,29,2025-01-12 00:00:00,2025-04-16 00:00:00
705,SKU-00705,Disco SSD Western Digital 4134,Unidad SSD para almacenamiento de datos,2919.77,64,2025-12-14 00:00:00,2026-05-07 00:00:00
706,SKU-00706,Laptop Acer 7298,Equipo portátil para trabajo y estudio,24111.07,3,2025-09-01 00:00:00,2025-12-26 00:00:00
707,SKU-00707,Disco SSD Western Digital 6815,Unidad SSD para almacenamiento de datos,1884.79,29,2025-02-25 00:00:00,2025-10-03 00:00:00
708,SKU-00708,Webcam Trust 4296,Cámara web para videollamadas,935.28,21,2025-05-04 00:00:00,2025-05-25 00:00:00
709,SKU-00709,Router Netgear 4519,Router inalámbrico para conexión de red,1719.23,70,2025-06-19 00:00:00,2026-01-27 00:00:00
710,SKU-00710,Mouse Genius 889,Mouse óptico para computadora,1560.83,7,2026-06-06 00:00:00,2026-09-21 00:00:00
711,SKU-00711,Monitor AOC 8307,Monitor para computadora de alta resolución,3159.84,29,2025-06-26 00:00:00,2026-01-06 00:00:00
712,SKU-00712,Mouse HP 7942,Mouse óptico para computadora,573.97,29,2026-01-11 00:00:00,2026-05-08 00:00:00
713,SKU-00713,Webcam Microsoft 8585,Cámara web para videollamadas,3362.51,47,2026-04-04 00:00:00,2026-07-21 00:00:00
714,SKU-00714,Monitor LG 4069,Monitor para computadora de alta resolución,8362.98,10,2025-10-17 00:00:00,2026-03-13 00:00:00
715,SKU-00715,Monitor LG 3856,Monitor para computadora de alta resolución,9975.79,45,2025-07-10 00:00:00,2025-09-02 00:00:00
716,SKU-00716,Audífonos JBL 2451,"Audífonos para música, llamadas y multimedia",903.62,38,2025-06-16 00:00:00,2026-01-05 00:00:00
717,SKU-00717,Cable USB UGREEN 7593,Cable USB para conexión y transferencia de datos,284.83,103,2026-06-27 00:00:00,2026-07-05 00:00:00
718,SKU-00718,Disco SSD ADATA 1525,Unidad SSD para almacenamiento de datos,3719.25,5,2026-01-20 00:00:00,2026-08-20 00:00:00
719,SKU-00719,Monitor AOC 736,Monitor para computadora de alta resolución,6432.01,30,2025-12-13 00:00:00,2026-06-06 00:00:00
720,SKU-00720,Mouse Logitech 4852,Mouse óptico para computadora,383.86,66,2026-04-14 00:00:00,2026-06-09 00:00:00
721,SKU-00721,Mouse Logitech 4680,Mouse óptico para computadora,3347.48,46,2026-03-19 00:00:00,2026-06-16 00:00:00
722,SKU-00722,Memoria USB Kingston 7565,Memoria USB para almacenamiento y transferencia de archivos,1504.67,60,2025-10-29 00:00:00,2026-02-07 00:00:00
723,SKU-00723,Teclado Logitech 1275,Teclado para computadora de uso diario,627.37,9,2025-08-01 00:00:00,2026-01-28 00:00:00
724,SKU-00724,Laptop ASUS 656,Equipo portátil para trabajo y estudio,14435.48,29,2026-07-08 00:00:00,2026-07-20 00:00:00
725,SKU-00725,Laptop ASUS 2269,Equipo portátil para trabajo y estudio,8918.96,17,2025-08-22 00:00:00,2025-10-31 00:00:00
726,SKU-00726,Disco SSD Samsung 4121,Unidad SSD para almacenamiento de datos,3457.22,46,2025-06-28 00:00:00,2025-11-12 00:00:00
727,SKU-00727,Mouse HP 1097,Mouse óptico para computadora,1923.3,18,2025-05-03 00:00:00,2025-08-19 00:00:00
728,SKU-00728,Laptop Lenovo 4755,Equipo portátil para trabajo y estudio,17185.94,28,2025-07-29 00:00:00,2025-10-04 00:00:00
729,SKU-00729,Memoria USB PNY 358,Memoria USB para almacenamiento y transferencia de archivos,987.17,145,2026-07-20 00:00:00,2026-09-21 00:00:00
730,SKU-00730,Memoria USB SanDisk 6610,Memoria USB para almacenamiento y transferencia de archivos,1598.63,78,2025-04-04 00:00:00,2025-08-13 00:00:00
731,SKU-00731,Mouse Razer 1681,Mouse óptico para computadora,3151.31,73,2026-03-28 00:00:00,2026-09-21 00:00:00
732,SKU-00732,Teclado HP 9795,Teclado para computadora de uso diario,3328.95,88,2026-03-05 00:00:00,2026-09-14 00:00:00
733,SKU-00733,Router Tenda 9530,Router inalámbrico para conexión de red,1137.56,43,2025-03-28 00:00:00,2025-09-22 00:00:00
734,SKU-00734,Disco SSD Kingston 6098,Unidad SSD para almacenamiento de datos,3169.19,24,2026-05-02 00:00:00,2026-09-21 00:00:00
735,SKU-00735,Teclado HP 3810,Teclado para computadora de uso diario,1633.16,97,2025-10-31 00:00:00,2026-01-01 00:00:00
736,SKU-00736,Disco SSD Crucial 5230,Unidad SSD para almacenamiento de datos,3753.67,77,2025-02-04 00:00:00,2025-06-16 00:00:00
737,SKU-00737,Audífonos Philips 3299,"Audífonos para música, llamadas y multimedia",2310.22,74,2026-02-22 00:00:00,2026-05-31 00:00:00
738,SKU-00738,Webcam HP 6303,Cámara web para videollamadas,2442.67,81,2026-06-12 00:00:00,2026-09-20 00:00:00
739,SKU-00739,Laptop Dell 7274,Equipo portátil para trabajo y estudio,20147.28,17,2025-03-17 00:00:00,2025-07-08 00:00:00
740,SKU-00740,Cable USB Belkin 4886,Cable USB para conexión y transferencia de datos,1655.32,103,2026-06-07 00:00:00,2026-09-21 00:00:00
741,SKU-00741,Memoria USB SanDisk 5828,Memoria USB para almacenamiento y transferencia de archivos,1040.39,131,2026-03-30 00:00:00,2026-05-07 00:00:00
742,SKU-00742,Mouse Logitech 4973,Mouse óptico para computadora,756.1,91,2025-09-26 00:00:00,2026-02-26 00:00:00
743,SKU-00743,Laptop Dell 9590,Equipo portátil para trabajo y estudio,9574.89,7,2025-02-23 00:00:00,2025-03-18 00:00:00
744,SKU-00744,Laptop ASUS 6999,Equipo portátil para trabajo y estudio,26698.43,30,2025-03-09 00:00:00,2025-11-01 00:00:00
745,SKU-00745,Webcam AverMedia 3924,Cámara web para videollamadas,1874.02,60,2025-01-06 00:00:00,2025-07-07 00:00:00
746,SKU-00746,Mouse Genius 2732,Mouse óptico para computadora,406.4,60,2026-05-14 00:00:00,2026-09-21 00:00:00
747,SKU-00747,Monitor ASUS 6672,Monitor para computadora de alta resolución,6561.98,15,2025-06-26 00:00:00,2025-06-29 00:00:00
748,SKU-00748,Mouse Microsoft 7115,Mouse óptico para computadora,3140.73,59,2026-08-04 00:00:00,2026-09-21 00:00:00
749,SKU-00749,Teclado HP 154,Teclado para computadora de uso diario,973.97,55,2025-07-08 00:00:00,2025-12-22 00:00:00
750,SKU-00750,Webcam AverMedia 8620,Cámara web para videollamadas,2166.73,56,2025-04-15 00:00:00,2025-09-26 00:00:00
751,SKU-00751,Audífonos Logitech 1155,"Audífonos para música, llamadas y multimedia",1163.41,16,2025-01-18 00:00:00,2025-07-08 00:00:00
752,SKU-00752,Webcam HP 9926,Cámara web para videollamadas,1480.46,52,2025-10-16 00:00:00,2026-01-04 00:00:00
753,SKU-00753,Audífonos Logitech 8582,"Audífonos para música, llamadas y multimedia",431.77,15,2026-07-16 00:00:00,2026-09-21 00:00:00
754,SKU-00754,Router Tenda 7532,Router inalámbrico para conexión de red,1963.84,37,2026-05-02 00:00:00,2026-09-21 00:00:00
755,SKU-00755,Audífonos Philips 4924,"Audífonos para música, llamadas y multimedia",1524.94,78,2026-02-02 00:00:00,2026-09-21 00:00:00
756,SKU-00756,Webcam Logitech 7507,Cámara web para videollamadas,776.26,21,2025-03-05 00:00:00,2025-07-29 00:00:00
757,SKU-00757,Mouse Genius 1572,Mouse óptico para computadora,2055.66,11,2025-04-02 00:00:00,2025-08-16 00:00:00
758,SKU-00758,Disco SSD Western Digital 9754,Unidad SSD para almacenamiento de datos,3608.14,67,2025-11-10 00:00:00,2026-04-15 00:00:00
759,SKU-00759,Laptop HP 9077,Equipo portátil para trabajo y estudio,22516.54,26,2025-06-01 00:00:00,2025-08-01 00:00:00
760,SKU-00760,Laptop HP 248,Equipo portátil para trabajo y estudio,27539.53,31,2026-01-25 00:00:00,2026-07-14 00:00:00
761,SKU-00761,Teclado HP 8580,Teclado para computadora de uso diario,726.05,66,2025-01-07 00:00:00,2025-07-27 00:00:00
762,SKU-00762,Teclado HP 6502,Teclado para computadora de uso diario,1950.19,98,2025-10-22 00:00:00,2026-04-17 00:00:00
763,SKU-00763,Memoria USB PNY 5362,Memoria USB para almacenamiento y transferencia de archivos,1076.2,92,2025-10-02 00:00:00,2025-12-14 00:00:00
764,SKU-00764,Teclado Redragon 7412,Teclado para computadora de uso diario,791.34,8,2026-02-05 00:00:00,2026-08-01 00:00:00
765,SKU-00765,Teclado Microsoft 9638,Teclado para computadora de uso diario,536.66,41,2025-03-18 00:00:00,2025-11-13 00:00:00
766,SKU-00766,Audífonos HyperX 2078,"Audífonos para música, llamadas y multimedia",2688.15,27,2025-02-03 00:00:00,2025-09-30 00:00:00
767,SKU-00767,Cable USB Belkin 6710,Cable USB para conexión y transferencia de datos,858.45,16,2025-01-12 00:00:00,2025-09-08 00:00:00
768,SKU-00768,Router Netgear 7429,Router inalámbrico para conexión de red,1744.76,90,2025-01-21 00:00:00,2025-03-28 00:00:00
769,SKU-00769,Webcam Microsoft 9208,Cámara web para videollamadas,1634.22,45,2025-01-20 00:00:00,2025-02-12 00:00:00
770,SKU-00770,Webcam HP 268,Cámara web para videollamadas,2259.67,55,2025-06-17 00:00:00,2025-10-17 00:00:00
771,SKU-00771,Laptop HP 7353,Equipo portátil para trabajo y estudio,18388.96,24,2026-06-16 00:00:00,2026-09-14 00:00:00
772,SKU-00772,Mouse HP 8520,Mouse óptico para computadora,2494.7,58,2026-03-01 00:00:00,2026-09-03 00:00:00
773,SKU-00773,Laptop ASUS 8697,Equipo portátil para trabajo y estudio,16903.04,8,2025-04-14 00:00:00,2025-09-16 00:00:00
774,SKU-00774,Router D-Link 3025,Router inalámbrico para conexión de red,608.1,34,2025-05-15 00:00:00,2025-06-17 00:00:00
775,SKU-00775,Monitor AOC 3495,Monitor para computadora de alta resolución,5812.31,11,2025-04-05 00:00:00,2025-08-27 00:00:00
776,SKU-00776,Teclado Redragon 5829,Teclado para computadora de uso diario,3059.78,75,2026-02-22 00:00:00,2026-06-11 00:00:00
777,SKU-00777,Teclado Microsoft 6951,Teclado para computadora de uso diario,384.08,65,2026-04-26 00:00:00,2026-09-12 00:00:00
778,SKU-00778,Webcam AverMedia 5250,Cámara web para videollamadas,1839.41,85,2026-02-14 00:00:00,2026-04-21 00:00:00
779,SKU-00779,Laptop Acer 5714,Equipo portátil para trabajo y estudio,25935.46,29,2025-12-13 00:00:00,2026-01-26 00:00:00
780,SKU-00780,Router D-Link 1643,Router inalámbrico para conexión de red,384.21,6,2025-07-16 00:00:00,2025-12-23 00:00:00
781,SKU-00781,Laptop Lenovo 8443,Equipo portátil para trabajo y estudio,7755.73,23,2026-01-12 00:00:00,2026-03-09 00:00:00
782,SKU-00782,Monitor ASUS 1628,Monitor para computadora de alta resolución,8263.03,40,2025-08-14 00:00:00,2025-12-08 00:00:00
783,SKU-00783,Laptop Dell 101,Equipo portátil para trabajo y estudio,14829.71,17,2026-06-14 00:00:00,2026-09-08 00:00:00
784,SKU-00784,Router TP-Link 7702,Router inalámbrico para conexión de red,449.21,17,2025-11-26 00:00:00,2026-03-19 00:00:00
785,SKU-00785,Audífonos Sony 8941,"Audífonos para música, llamadas y multimedia",2249.31,71,2026-06-09 00:00:00,2026-09-21 00:00:00
786,SKU-00786,Disco SSD Kingston 1765,Unidad SSD para almacenamiento de datos,2373.15,51,2026-07-19 00:00:00,2026-09-21 00:00:00
787,SKU-00787,Memoria USB Verbatim 8353,Memoria USB para almacenamiento y transferencia de archivos,941.42,38,2026-05-31 00:00:00,2026-09-21 00:00:00
788,SKU-00788,Disco SSD ADATA 8707,Unidad SSD para almacenamiento de datos,3681.79,43,2026-05-03 00:00:00,2026-08-21 00:00:00
789,SKU-00789,Mouse Logitech 3955,Mouse óptico para computadora,1116.67,35,2025-11-17 00:00:00,2026-06-15 00:00:00
790,SKU-00790,Disco SSD Crucial 8781,Unidad SSD para almacenamiento de datos,2185.97,29,2025-02-07 00:00:00,2025-08-20 00:00:00
791,SKU-00791,Disco SSD Kingston 2651,Unidad SSD para almacenamiento de datos,4062.39,45,2026-02-04 00:00:00,2026-04-27 00:00:00
792,SKU-00792,Laptop Acer 8746,Equipo portátil para trabajo y estudio,19712.02,11,2026-03-21 00:00:00,2026-09-18 00:00:00
793,SKU-00793,Disco SSD Samsung 5689,Unidad SSD para almacenamiento de datos,877.44,64,2026-01-15 00:00:00,2026-03-16 00:00:00
794,SKU-00794,Monitor ASUS 9600,Monitor para computadora de alta resolución,7427.71,22,2026-04-14 00:00:00,2026-09-07 00:00:00
795,SKU-00795,Router Tenda 1721,Router inalámbrico para conexión de red,885.92,63,2026-05-17 00:00:00,2026-05-20 00:00:00
796,SKU-00796,Disco SSD Western Digital 4653,Unidad SSD para almacenamiento de datos,3561.29,42,2026-06-20 00:00:00,2026-09-21 00:00:00
797,SKU-00797,Laptop Dell 6228,Equipo portátil para trabajo y estudio,25094.77,17,2025-11-15 00:00:00,2026-01-22 00:00:00
798,SKU-00798,Audífonos Philips 2237,"Audífonos para música, llamadas y multimedia",449.64,55,2025-08-07 00:00:00,2025-11-14 00:00:00
799,SKU-00799,Teclado HP 7482,Teclado para computadora de uso diario,2048.13,39,2025-02-07 00:00:00,2025-09-27 00:00:00
800,SKU-00800,Audífonos Philips 4060,"Audífonos para música, llamadas y multimedia",1767.44,10,2025-11-23 00:00:00,2026-01-26 00:00:00
801,SKU-00801,Teclado HP 7186,Teclado para computadora de uso diario,3184.73,91,2026-03-27 00:00:00,2026-09-01 00:00:00
802,SKU-00802,Cable USB Baseus 9503,Cable USB para conexión y transferencia de datos,304.06,13,2025-07-14 00:00:00,2025-11-29 00:00:00
803,SKU-00803,Audífonos JBL 3362,"Audífonos para música, llamadas y multimedia",3478.71,64,2026-04-12 00:00:00,2026-04-22 00:00:00
804,SKU-00804,Audífonos Sony 904,"Audífonos para música, llamadas y multimedia",2692.76,84,2025-03-03 00:00:00,2025-05-24 00:00:00
805,SKU-00805,Laptop Dell 7579,Equipo portátil para trabajo y estudio,13417.88,33,2025-08-29 00:00:00,2025-09-14 00:00:00
806,SKU-00806,Mouse Logitech 9731,Mouse óptico para computadora,1480.87,88,2025-03-20 00:00:00,2025-04-28 00:00:00
807,SKU-00807,Laptop HP 4878,Equipo portátil para trabajo y estudio,20925.47,28,2025-10-28 00:00:00,2026-01-08 00:00:00
808,SKU-00808,Memoria USB Kingston 1409,Memoria USB para almacenamiento y transferencia de archivos,1103.19,41,2026-03-09 00:00:00,2026-09-21 00:00:00
809,SKU-00809,Mouse Logitech 6130,Mouse óptico para computadora,1931.7,44,2025-11-13 00:00:00,2025-11-19 00:00:00
810,SKU-00810,Webcam Microsoft 8933,Cámara web para videollamadas,1834.21,31,2025-08-15 00:00:00,2025-10-13 00:00:00
811,SKU-00811,Laptop ASUS 9173,Equipo portátil para trabajo y estudio,11340.88,15,2025-10-21 00:00:00,2026-02-08 00:00:00
812,SKU-00812,Audífonos HyperX 7491,"Audífonos para música, llamadas y multimedia",902.3,75,2025-12-04 00:00:00,2025-12-24 00:00:00
813,SKU-00813,Router TP-Link 1816,Router inalámbrico para conexión de red,1984.1,73,2025-12-16 00:00:00,2026-05-28 00:00:00
814,SKU-00814,Memoria USB SanDisk 5145,Memoria USB para almacenamiento y transferencia de archivos,1658.86,35,2025-04-26 00:00:00,2025-07-04 00:00:00
815,SKU-00815,Webcam Microsoft 9267,Cámara web para videollamadas,576.28,78,2025-10-10 00:00:00,2025-12-28 00:00:00
816,SKU-00816,Cable USB Belkin 1007,Cable USB para conexión y transferencia de datos,1771.67,22,2026-08-11 00:00:00,2026-09-21 00:00:00
817,SKU-00817,Cable USB Baseus 9060,Cable USB para conexión y transferencia de datos,875.81,115,2025-02-28 00:00:00,2025-10-07 00:00:00
818,SKU-00818,Webcam HP 7862,Cámara web para videollamadas,2860.72,75,2025-05-01 00:00:00,2025-09-19 00:00:00
819,SKU-00819,Webcam AverMedia 4829,Cámara web para videollamadas,1700.11,75,2025-02-02 00:00:00,2025-03-25 00:00:00
820,SKU-00820,Webcam Logitech 3337,Cámara web para videollamadas,1894.77,68,2025-12-14 00:00:00,2026-02-20 00:00:00
821,SKU-00821,Mouse Genius 5609,Mouse óptico para computadora,1811.62,73,2026-07-04 00:00:00,2026-09-09 00:00:00
822,SKU-00822,Cable USB Belkin 6454,Cable USB para conexión y transferencia de datos,689.68,68,2025-02-05 00:00:00,2025-05-21 00:00:00
823,SKU-00823,Cable USB UGREEN 2161,Cable USB para conexión y transferencia de datos,1476.52,144,2025-02-25 00:00:00,2025-05-20 00:00:00
824,SKU-00824,Disco SSD Crucial 9705,Unidad SSD para almacenamiento de datos,3868.36,80,2025-02-24 00:00:00,2025-07-12 00:00:00
825,SKU-00825,Laptop Dell 4898,Equipo portátil para trabajo y estudio,26988.39,6,2025-07-16 00:00:00,2026-03-19 00:00:00
826,SKU-00826,Mouse HP 4439,Mouse óptico para computadora,762.15,75,2025-10-09 00:00:00,2025-11-10 00:00:00
827,SKU-00827,Monitor AOC 8501,Monitor para computadora de alta resolución,2993.58,49,2026-07-29 00:00:00,2026-09-16 00:00:00
828,SKU-00828,Monitor ASUS 3868,Monitor para computadora de alta resolución,6346.61,11,2026-06-04 00:00:00,2026-07-21 00:00:00
829,SKU-00829,Monitor Dell 8161,Monitor para computadora de alta resolución,6443.99,25,2025-05-20 00:00:00,2025-09-15 00:00:00
830,SKU-00830,Monitor Samsung 4969,Monitor para computadora de alta resolución,10954.54,37,2025-12-21 00:00:00,2026-06-14 00:00:00
831,SKU-00831,Mouse Microsoft 2775,Mouse óptico para computadora,3444.47,97,2025-09-29 00:00:00,2025-11-10 00:00:00
832,SKU-00832,Teclado HP 5630,Teclado para computadora de uso diario,2710.91,64,2026-08-20 00:00:00,2026-09-21 00:00:00
833,SKU-00833,Webcam Logitech 3024,Cámara web para videollamadas,2344.68,46,2026-07-24 00:00:00,2026-09-21 00:00:00
834,SKU-00834,Cable USB Steren 2916,Cable USB para conexión y transferencia de datos,970.48,54,2025-07-04 00:00:00,2025-07-07 00:00:00
835,SKU-00835,Monitor AOC 4366,Monitor para computadora de alta resolución,2739.83,42,2026-05-04 00:00:00,2026-05-28 00:00:00
836,SKU-00836,Laptop Lenovo 2390,Equipo portátil para trabajo y estudio,15928.93,27,2026-03-15 00:00:00,2026-09-21 00:00:00
837,SKU-00837,Monitor LG 7140,Monitor para computadora de alta resolución,11698.07,48,2025-07-02 00:00:00,2025-10-17 00:00:00
838,SKU-00838,Disco SSD Crucial 270,Unidad SSD para almacenamiento de datos,3504.71,22,2025-10-21 00:00:00,2025-12-31 00:00:00
839,SKU-00839,Disco SSD ADATA 5743,Unidad SSD para almacenamiento de datos,3086.28,40,2025-03-10 00:00:00,2025-07-31 00:00:00
840,SKU-00840,Audífonos Logitech 2400,"Audífonos para música, llamadas y multimedia",747.01,33,2026-01-27 00:00:00,2026-08-10 00:00:00
841,SKU-00841,Webcam Trust 9637,Cámara web para videollamadas,2635.05,17,2025-03-21 00:00:00,2025-07-02 00:00:00
842,SKU-00842,Router Huawei 6219,Router inalámbrico para conexión de red,2551.56,87,2025-03-23 00:00:00,2025-04-24 00:00:00
843,SKU-00843,Webcam Trust 8499,Cámara web para videollamadas,1545.4,60,2025-07-24 00:00:00,2026-03-05 00:00:00
844,SKU-00844,Disco SSD Western Digital 3054,Unidad SSD para almacenamiento de datos,4475.97,40,2026-02-24 00:00:00,2026-09-21 00:00:00
845,SKU-00845,Laptop Dell 4597,Equipo portátil para trabajo y estudio,21214.13,21,2025-10-08 00:00:00,2025-11-07 00:00:00
846,SKU-00846,Teclado Genius 1011,Teclado para computadora de uso diario,543.28,22,2025-07-13 00:00:00,2025-09-09 00:00:00
847,SKU-00847,Monitor Samsung 937,Monitor para computadora de alta resolución,3943.0,42,2025-11-21 00:00:00,2025-11-25 00:00:00
848,SKU-00848,Monitor ASUS 1636,Monitor para computadora de alta resolución,4399.31,37,2025-02-25 00:00:00,2025-09-28 00:00:00
849,SKU-00849,Webcam Trust 9553,Cámara web para videollamadas,1956.44,31,2025-06-07 00:00:00,2026-01-22 00:00:00
850,SKU-00850,Audífonos Sony 1332,"Audífonos para música, llamadas y multimedia",2711.16,32,2025-02-20 00:00:00,2025-03-08 00:00:00
851,SKU-00851,Disco SSD Crucial 9813,Unidad SSD para almacenamiento de datos,2175.52,18,2025-06-14 00:00:00,2025-12-26 00:00:00
852,SKU-00852,Router D-Link 2034,Router inalámbrico para conexión de red,2033.99,87,2025-11-11 00:00:00,2026-01-15 00:00:00
853,SKU-00853,Memoria USB PNY 4553,Memoria USB para almacenamiento y transferencia de archivos,302.19,20,2025-10-02 00:00:00,2025-11-06 00:00:00
854,SKU-00854,Teclado Redragon 5125,Teclado para computadora de uso diario,821.53,66,2025-10-14 00:00:00,2026-02-01 00:00:00
855,SKU-00855,Webcam Logitech 5052,Cámara web para videollamadas,3396.61,79,2025-02-22 00:00:00,2025-03-27 00:00:00
856,SKU-00856,Webcam Trust 9340,Cámara web para videollamadas,1916.83,69,2026-01-03 00:00:00,2026-09-06 00:00:00
857,SKU-00857,Router Tenda 1501,Router inalámbrico para conexión de red,2815.65,78,2025-11-06 00:00:00,2026-07-07 00:00:00
858,SKU-00858,Monitor ASUS 4242,Monitor para computadora de alta resolución,10355.43,41,2026-02-25 00:00:00,2026-09-21 00:00:00
859,SKU-00859,Mouse Logitech 4604,Mouse óptico para computadora,2392.34,30,2026-07-20 00:00:00,2026-09-21 00:00:00
860,SKU-00860,Laptop Lenovo 3321,Equipo portátil para trabajo y estudio,22349.02,31,2025-09-23 00:00:00,2025-11-11 00:00:00
861,SKU-00861,Memoria USB SanDisk 2655,Memoria USB para almacenamiento y transferencia de archivos,871.04,57,2025-08-14 00:00:00,2025-09-12 00:00:00
862,SKU-00862,Mouse Logitech 8259,Mouse óptico para computadora,576.23,71,2025-01-24 00:00:00,2025-09-12 00:00:00
863,SKU-00863,Router D-Link 1347,Router inalámbrico para conexión de red,1948.81,88,2025-07-22 00:00:00,2025-11-30 00:00:00
864,SKU-00864,Mouse Logitech 3784,Mouse óptico para computadora,1032.6,29,2025-08-06 00:00:00,2026-01-25 00:00:00
865,SKU-00865,Memoria USB PNY 6270,Memoria USB para almacenamiento y transferencia de archivos,1625.93,105,2026-02-19 00:00:00,2026-03-25 00:00:00
866,SKU-00866,Mouse Razer 7665,Mouse óptico para computadora,2670.28,80,2025-11-27 00:00:00,2026-07-15 00:00:00
867,SKU-00867,Memoria USB Kingston 8598,Memoria USB para almacenamiento y transferencia de archivos,1208.96,118,2025-11-07 00:00:00,2025-12-05 00:00:00
868,SKU-00868,Webcam Logitech 8337,Cámara web para videollamadas,2938.67,41,2025-03-30 00:00:00,2025-04-11 00:00:00
869,SKU-00869,Cable USB Amazon Basics 688,Cable USB para conexión y transferencia de datos,1349.16,103,2026-08-12 00:00:00,2026-09-21 00:00:00
870,SKU-00870,Teclado Microsoft 8136,Teclado para computadora de uso diario,887.81,45,2026-07-25 00:00:00,2026-09-21 00:00:00
871,SKU-00871,Teclado Microsoft 5964,Teclado para computadora de uso diario,1946.86,26,2025-05-09 00:00:00,2025-09-07 00:00:00
872,SKU-00872,Memoria USB Kingston 5687,Memoria USB para almacenamiento y transferencia de archivos,192.22,124,2025-04-19 00:00:00,2025-04-27 00:00:00
873,SKU-00873,Teclado HP 7526,Teclado para computadora de uso diario,2714.19,70,2025-10-06 00:00:00,2025-10-31 00:00:00
874,SKU-00874,Laptop Acer 1557,Equipo portátil para trabajo y estudio,27435.14,29,2025-11-20 00:00:00,2025-12-11 00:00:00
875,SKU-00875,Teclado Genius 8931,Teclado para computadora de uso diario,758.74,57,2026-03-01 00:00:00,2026-06-14 00:00:00
876,SKU-00876,Laptop HP 448,Equipo portátil para trabajo y estudio,27730.04,15,2025-08-31 00:00:00,2026-02-20 00:00:00
877,SKU-00877,Memoria USB PNY 1083,Memoria USB para almacenamiento y transferencia de archivos,453.64,42,2025-10-10 00:00:00,2026-01-14 00:00:00
878,SKU-00878,Teclado Logitech 4350,Teclado para computadora de uso diario,1750.03,60,2026-05-19 00:00:00,2026-09-21 00:00:00
879,SKU-00879,Teclado HP 2111,Teclado para computadora de uso diario,2262.01,27,2026-04-26 00:00:00,2026-06-30 00:00:00
880,SKU-00880,Teclado Genius 5145,Teclado para computadora de uso diario,2992.54,62,2025-12-07 00:00:00,2026-08-08 00:00:00
881,SKU-00881,Memoria USB SanDisk 2181,Memoria USB para almacenamiento y transferencia de archivos,980.48,116,2025-02-02 00:00:00,2025-02-10 00:00:00
882,SKU-00882,Monitor LG 6337,Monitor para computadora de alta resolución,4915.16,48,2025-09-24 00:00:00,2026-03-07 00:00:00
883,SKU-00883,Teclado Logitech 878,Teclado para computadora de uso diario,1549.31,72,2026-01-10 00:00:00,2026-08-05 00:00:00
884,SKU-00884,Cable USB UGREEN 2314,Cable USB para conexión y transferencia de datos,322.47,120,2025-09-13 00:00:00,2026-04-25 00:00:00
885,SKU-00885,Monitor LG 1136,Monitor para computadora de alta resolución,6030.33,10,2025-07-15 00:00:00,2025-09-02 00:00:00
886,SKU-00886,Audífonos Philips 8634,"Audífonos para música, llamadas y multimedia",901.83,15,2025-03-11 00:00:00,2025-07-28 00:00:00
887,SKU-00887,Audífonos JBL 6824,"Audífonos para música, llamadas y multimedia",2268.85,92,2025-07-13 00:00:00,2026-02-16 00:00:00
888,SKU-00888,Router TP-Link 7000,Router inalámbrico para conexión de red,2208.07,85,2025-09-20 00:00:00,2025-10-02 00:00:00
889,SKU-00889,Laptop ASUS 1451,Equipo portátil para trabajo y estudio,19773.25,14,2025-04-13 00:00:00,2025-04-18 00:00:00
890,SKU-00890,Mouse Genius 5356,Mouse óptico para computadora,3109.68,57,2026-04-25 00:00:00,2026-09-21 00:00:00
891,SKU-00891,Mouse Microsoft 3752,Mouse óptico para computadora,1556.08,44,2025-06-10 00:00:00,2025-10-31 00:00:00
892,SKU-00892,Webcam Logitech 4928,Cámara web para videollamadas,2645.67,5,2025-12-04 00:00:00,2026-01-26 00:00:00
893,SKU-00893,Webcam Logitech 8782,Cámara web para videollamadas,2755.32,18,2025-01-16 00:00:00,2025-03-07 00:00:00
894,SKU-00894,Memoria USB Verbatim 5157,Memoria USB para almacenamiento y transferencia de archivos,892.59,67,2026-04-01 00:00:00,2026-07-12 00:00:00
895,SKU-00895,Router D-Link 4684,Router inalámbrico para conexión de red,1786.25,93,2026-06-23 00:00:00,2026-09-21 00:00:00
896,SKU-00896,Audífonos Philips 3449,"Audífonos para música, llamadas y multimedia",2220.5,64,2025-10-16 00:00:00,2026-02-05 00:00:00
897,SKU-00897,Laptop Lenovo 1198,Equipo portátil para trabajo y estudio,23761.55,27,2025-02-06 00:00:00,2025-06-13 00:00:00
898,SKU-00898,Cable USB Baseus 6599,Cable USB para conexión y transferencia de datos,459.5,146,2025-03-06 00:00:00,2025-08-24 00:00:00
899,SKU-00899,Laptop Lenovo 6499,Equipo portátil para trabajo y estudio,11615.65,5,2025-03-24 00:00:00,2025-10-16 00:00:00
900,SKU-00900,Laptop Acer 6182,Equipo portátil para trabajo y estudio,17015.18,4,2026-08-09 00:00:00,2026-09-21 00:00:00
901,SKU-00901,Router Netgear 2997,Router inalámbrico para conexión de red,2400.2,82,2025-12-24 00:00:00,2025-12-30 00:00:00
902,SKU-00902,Mouse HP 1681,Mouse óptico para computadora,1746.46,9,2025-03-20 00:00:00,2025-04-30 00:00:00
903,SKU-00903,Disco SSD ADATA 5951,Unidad SSD para almacenamiento de datos,4233.39,11,2025-01-31 00:00:00,2025-04-04 00:00:00
904,SKU-00904,Disco SSD Western Digital 635,Unidad SSD para almacenamiento de datos,2333.94,57,2025-12-20 00:00:00,2026-08-23 00:00:00
905,SKU-00905,Cable USB Belkin 5521,Cable USB para conexión y transferencia de datos,1444.06,67,2025-12-21 00:00:00,2026-01-09 00:00:00
906,SKU-00906,Memoria USB Kingston 3030,Memoria USB para almacenamiento y transferencia de archivos,843.2,10,2026-01-21 00:00:00,2026-03-29 00:00:00
907,SKU-00907,Teclado Genius 8590,Teclado para computadora de uso diario,3190.71,64,2026-01-26 00:00:00,2026-05-23 00:00:00
908,SKU-00908,Audífonos HyperX 7451,"Audífonos para música, llamadas y multimedia",364.83,85,2025-12-09 00:00:00,2026-05-20 00:00:00
909,SKU-00909,Memoria USB ADATA 7193,Memoria USB para almacenamiento y transferencia de archivos,1790.92,60,2026-03-20 00:00:00,2026-05-02 00:00:00
910,SKU-00910,Webcam AverMedia 7244,Cámara web para videollamadas,2365.39,90,2026-01-25 00:00:00,2026-01-27 00:00:00
911,SKU-00911,Memoria USB SanDisk 1408,Memoria USB para almacenamiento y transferencia de archivos,1543.3,69,2025-12-04 00:00:00,2026-05-25 00:00:00
912,SKU-00912,Webcam AverMedia 8693,Cámara web para videollamadas,1679.25,28,2025-02-21 00:00:00,2025-10-16 00:00:00
913,SKU-00913,Disco SSD Samsung 9035,Unidad SSD para almacenamiento de datos,4494.5,53,2026-01-01 00:00:00,2026-06-17 00:00:00
914,SKU-00914,Audífonos HyperX 5237,"Audífonos para música, llamadas y multimedia",2500.43,50,2025-06-06 00:00:00,2025-06-17 00:00:00
915,SKU-00915,Disco SSD ADATA 6376,Unidad SSD para almacenamiento de datos,2975.37,20,2026-03-19 00:00:00,2026-03-26 00:00:00
916,SKU-00916,Laptop Acer 5852,Equipo portátil para trabajo y estudio,10860.47,17,2025-05-04 00:00:00,2025-06-28 00:00:00
917,SKU-00917,Teclado Redragon 4369,Teclado para computadora de uso diario,649.42,82,2025-10-27 00:00:00,2025-10-28 00:00:00
918,SKU-00918,Monitor AOC 4667,Monitor para computadora de alta resolución,10698.49,36,2025-02-13 00:00:00,2025-10-20 00:00:00
919,SKU-00919,Laptop Dell 1299,Equipo portátil para trabajo y estudio,9100.14,32,2026-04-19 00:00:00,2026-09-21 00:00:00
920,SKU-00920,Monitor Dell 4011,Monitor para computadora de alta resolución,3431.69,25,2025-05-29 00:00:00,2025-10-08 00:00:00
921,SKU-00921,Cable USB Amazon Basics 9003,Cable USB para conexión y transferencia de datos,334.43,94,2026-02-02 00:00:00,2026-08-12 00:00:00
922,SKU-00922,Mouse Razer 5304,Mouse óptico para computadora,1335.48,12,2026-06-10 00:00:00,2026-07-31 00:00:00
923,SKU-00923,Laptop HP 1010,Equipo portátil para trabajo y estudio,11732.47,32,2025-11-01 00:00:00,2026-01-20 00:00:00
924,SKU-00924,Cable USB Amazon Basics 998,Cable USB para conexión y transferencia de datos,598.55,70,2026-05-19 00:00:00,2026-09-12 00:00:00
925,SKU-00925,Laptop HP 9084,Equipo portátil para trabajo y estudio,13001.27,25,2026-07-25 00:00:00,2026-08-09 00:00:00
926,SKU-00926,Audífonos Logitech 4714,"Audífonos para música, llamadas y multimedia",1670.95,98,2025-04-25 00:00:00,2025-06-22 00:00:00
927,SKU-00927,Router Tenda 1554,Router inalámbrico para conexión de red,1682.52,9,2026-01-13 00:00:00,2026-01-28 00:00:00
928,SKU-00928,Audífonos Sony 4842,"Audífonos para música, llamadas y multimedia",3371.43,51,2026-02-12 00:00:00,2026-04-20 00:00:00
929,SKU-00929,Teclado Logitech 1143,Teclado para computadora de uso diario,848.47,38,2025-06-13 00:00:00,2025-08-20 00:00:00
930,SKU-00930,Audífonos JBL 324,"Audífonos para música, llamadas y multimedia",799.1,21,2025-12-04 00:00:00,2026-02-26 00:00:00
931,SKU-00931,Webcam HP 985,Cámara web para videollamadas,2500.65,31,2026-03-28 00:00:00,2026-09-21 00:00:00
932,SKU-00932,Webcam Microsoft 8877,Cámara web para videollamadas,1384.79,80,2025-08-31 00:00:00,2025-10-04 00:00:00
933,SKU-00933,Monitor Dell 6843,Monitor para computadora de alta resolución,5610.77,44,2025-01-24 00:00:00,2025-06-28 00:00:00
934,SKU-00934,Audífonos JBL 320,"Audífonos para música, llamadas y multimedia",1214.36,19,2026-01-11 00:00:00,2026-02-05 00:00:00
935,SKU-00935,Mouse HP 1179,Mouse óptico para computadora,1988.25,7,2025-08-04 00:00:00,2025-09-02 00:00:00
936,SKU-00936,Monitor LG 8573,Monitor para computadora de alta resolución,4690.35,50,2026-02-14 00:00:00,2026-04-24 00:00:00
937,SKU-00937,Cable USB Steren 6259,Cable USB para conexión y transferencia de datos,1138.0,90,2025-11-27 00:00:00,2026-07-24 00:00:00
938,SKU-00938,Router Huawei 4640,Router inalámbrico para conexión de red,608.06,75,2026-04-11 00:00:00,2026-05-10 00:00:00
939,SKU-00939,Monitor AOC 1478,Monitor para computadora de alta resolución,6697.64,16,2025-11-02 00:00:00,2026-07-07 00:00:00
940,SKU-00940,Audífonos HyperX 7216,"Audífonos para música, llamadas y multimedia",2961.15,75,2026-06-06 00:00:00,2026-08-13 00:00:00
941,SKU-00941,Mouse Razer 399,Mouse óptico para computadora,2138.5,59,2026-01-01 00:00:00,2026-05-02 00:00:00
942,SKU-00942,Mouse Razer 8903,Mouse óptico para computadora,745.03,70,2026-05-08 00:00:00,2026-09-21 00:00:00
943,SKU-00943,Disco SSD Western Digital 7964,Unidad SSD para almacenamiento de datos,2861.9,73,2026-06-18 00:00:00,2026-08-08 00:00:00
944,SKU-00944,Teclado HP 2581,Teclado para computadora de uso diario,3308.16,7,2025-08-15 00:00:00,2025-09-12 00:00:00
945,SKU-00945,Router D-Link 6151,Router inalámbrico para conexión de red,534.84,81,2026-08-06 00:00:00,2026-09-10 00:00:00
946,SKU-00946,Router Huawei 5952,Router inalámbrico para conexión de red,808.3,83,2025-12-06 00:00:00,2025-12-17 00:00:00
947,SKU-00947,Teclado Logitech 2903,Teclado para computadora de uso diario,3179.92,25,2025-02-01 00:00:00,2025-06-19 00:00:00
948,SKU-00948,Teclado Microsoft 9392,Teclado para computadora de uso diario,2877.81,19,2025-06-20 00:00:00,2025-11-05 00:00:00
949,SKU-00949,Teclado HP 678,Teclado para computadora de uso diario,3214.01,12,2025-01-21 00:00:00,2025-04-01 00:00:00
950,SKU-00950,Mouse Razer 3217,Mouse óptico para computadora,2063.46,36,2025-07-24 00:00:00,2026-01-11 00:00:00
951,SKU-00951,Cable USB Amazon Basics 6076,Cable USB para conexión y transferencia de datos,348.2,19,2026-03-13 00:00:00,2026-05-17 00:00:00
952,SKU-00952,Router Tenda 7238,Router inalámbrico para conexión de red,2754.94,81,2026-08-04 00:00:00,2026-09-21 00:00:00
953,SKU-00953,Memoria USB Verbatim 1548,Memoria USB para almacenamiento y transferencia de archivos,372.38,105,2026-04-01 00:00:00,2026-05-27 00:00:00
954,SKU-00954,Router Huawei 1756,Router inalámbrico para conexión de red,469.38,80,2026-08-02 00:00:00,2026-09-21 00:00:00
955,SKU-00955,Audífonos Sony 3584,"Audífonos para música, llamadas y multimedia",2572.19,41,2025-07-23 00:00:00,2025-08-01 00:00:00
956,SKU-00956,Memoria USB PNY 3735,Memoria USB para almacenamiento y transferencia de archivos,675.62,38,2025-08-13 00:00:00,2025-11-25 00:00:00
957,SKU-00957,Router D-Link 3967,Router inalámbrico para conexión de red,2214.15,67,2025-06-07 00:00:00,2025-11-05 00:00:00
958,SKU-00958,Webcam HP 2045,Cámara web para videollamadas,3493.09,8,2025-02-19 00:00:00,2025-05-18 00:00:00
959,SKU-00959,Router D-Link 8345,Router inalámbrico para conexión de red,3221.85,46,2025-11-26 00:00:00,2025-12-23 00:00:00
960,SKU-00960,Cable USB Steren 6876,Cable USB para conexión y transferencia de datos,1649.53,72,2025-03-10 00:00:00,2025-05-01 00:00:00
961,SKU-00961,Mouse Logitech 710,Mouse óptico para computadora,2290.76,9,2025-06-21 00:00:00,2026-01-23 00:00:00
962,SKU-00962,Router Tenda 2609,Router inalámbrico para conexión de red,763.87,82,2026-02-05 00:00:00,2026-03-26 00:00:00
963,SKU-00963,Audífonos Philips 2230,"Audífonos para música, llamadas y multimedia",454.99,65,2025-12-27 00:00:00,2026-08-20 00:00:00
964,SKU-00964,Laptop Dell 3689,Equipo portátil para trabajo y estudio,7350.79,27,2025-05-01 00:00:00,2025-08-31 00:00:00
965,SKU-00965,Laptop Acer 540,Equipo portátil para trabajo y estudio,11651.58,24,2025-09-10 00:00:00,2026-02-23 00:00:00
966,SKU-00966,Audífonos JBL 3803,"Audífonos para música, llamadas y multimedia",513.94,65,2025-06-16 00:00:00,2026-02-05 00:00:00
967,SKU-00967,Laptop ASUS 8438,Equipo portátil para trabajo y estudio,18049.08,29,2025-08-08 00:00:00,2026-02-17 00:00:00
968,SKU-00968,Cable USB Amazon Basics 7804,Cable USB para conexión y transferencia de datos,981.58,65,2025-12-06 00:00:00,2026-04-01 00:00:00
969,SKU-00969,Cable USB UGREEN 668,Cable USB para conexión y transferencia de datos,843.73,12,2026-05-14 00:00:00,2026-09-21 00:00:00
970,SKU-00970,Disco SSD Samsung 6683,Unidad SSD para almacenamiento de datos,2502.11,14,2025-10-14 00:00:00,2026-06-17 00:00:00
971,SKU-00971,Cable USB Steren 4476,Cable USB para conexión y transferencia de datos,1433.36,106,2025-12-27 00:00:00,2026-03-05 00:00:00
972,SKU-00972,Mouse Razer 1328,Mouse óptico para computadora,1649.96,70,2026-05-30 00:00:00,2026-06-09 00:00:00
973,SKU-00973,Cable USB Baseus 1206,Cable USB para conexión y transferencia de datos,832.99,39,2025-06-07 00:00:00,2026-02-07 00:00:00
974,SKU-00974,Webcam Trust 6371,Cámara web para videollamadas,2486.21,20,2025-08-13 00:00:00,2026-01-30 00:00:00
975,SKU-00975,Teclado Logitech 4985,Teclado para computadora de uso diario,1500.68,8,2025-08-13 00:00:00,2025-11-11 00:00:00
976,SKU-00976,Mouse HP 6751,Mouse óptico para computadora,3295.9,78,2026-07-30 00:00:00,2026-09-21 00:00:00
977,SKU-00977,Mouse Logitech 8954,Mouse óptico para computadora,3493.15,22,2025-10-31 00:00:00,2026-01-25 00:00:00
978,SKU-00978,Mouse Razer 7986,Mouse óptico para computadora,3475.25,28,2025-06-20 00:00:00,2025-07-28 00:00:00
979,SKU-00979,Router D-Link 8816,Router inalámbrico para conexión de red,2469.34,10,2026-04-30 00:00:00,2026-07-10 00:00:00
980,SKU-00980,Teclado Genius 6028,Teclado para computadora de uso diario,2314.28,32,2026-01-30 00:00:00,2026-07-09 00:00:00
981,SKU-00981,Teclado Logitech 9670,Teclado para computadora de uso diario,2402.64,54,2026-05-09 00:00:00,2026-07-01 00:00:00
982,SKU-00982,Laptop Lenovo 6711,Equipo portátil para trabajo y estudio,19405.13,7,2026-08-20 00:00:00,2026-09-21 00:00:00
983,SKU-00983,Teclado Microsoft 6316,Teclado para computadora de uso diario,2032.24,20,2025-04-28 00:00:00,2025-11-19 00:00:00
984,SKU-00984,Monitor ASUS 5885,Monitor para computadora de alta resolución,11516.49,7,2025-11-28 00:00:00,2026-05-30 00:00:00
985,SKU-00985,Cable USB Belkin 1190,Cable USB para conexión y transferencia de datos,1650.89,83,2025-12-29 00:00:00,2026-05-14 00:00:00
986,SKU-00986,Laptop Acer 7021,Equipo portátil para trabajo y estudio,10124.58,12,2025-06-05 00:00:00,2026-02-01 00:00:00
987,SKU-00987,Laptop ASUS 6783,Equipo portátil para trabajo y estudio,16317.0,34,2025-05-27 00:00:00,2026-01-13 00:00:00
988,SKU-00988,Webcam AverMedia 628,Cámara web para videollamadas,2802.32,57,2025-04-28 00:00:00,2025-07-14 00:00:00
989,SKU-00989,Teclado Redragon 7762,Teclado para computadora de uso diario,789.45,74,2026-07-27 00:00:00,2026-09-21 00:00:00
990,SKU-00990,Teclado Logitech 8634,Teclado para computadora de uso diario,3337.73,59,2026-02-05 00:00:00,2026-08-01 00:00:00
991,SKU-00991,Mouse Logitech 5624,Mouse óptico para computadora,1914.07,62,2026-03-05 00:00:00,2026-09-21 00:00:00
992,SKU-00992,Mouse Microsoft 4563,Mouse óptico para computadora,2918.8,99,2025-05-10 00:00:00,2025-12-13 00:00:00
993,SKU-00993,Laptop Lenovo 3790,Equipo portátil para trabajo y estudio,14613.15,11,2025-04-30 00:00:00,2025-12-20 00:00:00
994,SKU-00994,Router TP-Link 674,Router inalámbrico para conexión de red,2732.46,81,2025-10-10 00:00:00,2026-02-28 00:00:00
995,SKU-00995,Mouse Razer 6512,Mouse óptico para computadora,1576.83,6,2025-12-24 00:00:00,2026-04-20 00:00:00
996,SKU-00996,Memoria USB PNY 5533,Memoria USB para almacenamiento y transferencia de archivos,868.25,124,2026-07-22 00:00:00,2026-09-21 00:00:00
997,SKU-00997,Webcam Microsoft 2639,Cámara web para videollamadas,2675.11,67,2026-03-06 00:00:00,2026-08-01 00:00:00
998,SKU-00998,Disco SSD Western Digital 9573,Unidad SSD para almacenamiento de datos,2061.35,31,2025-10-26 00:00:00,2026-05-21 00:00:00
999,SKU-00999,Audífonos HyperX 1285,"Audífonos para música, llamadas y multimedia",662.62,9,2026-07-24 00:00:00,2026-09-21 00:00:00
1000,SKU-01000,Mouse Razer 5387,Mouse óptico para computadora,1292.59,75,2025-11-13 00:00:00,2026-05-11 00:00:00
1001,SKU-01001,Teclado HP 985,Teclado para computadora de uso diario,588.32,72,2026-05-24 00:00:00,2026-07-13 00:00:00
1002,SKU-01002,Webcam Logitech 299,Cámara web para videollamadas,2971.94,18,2026-04-30 00:00:00,2026-07-06 00:00:00
1003,SKU-01003,Disco SSD Western Digital 5449,Unidad SSD para almacenamiento de datos,1388.84,72,2026-03-18 00:00:00,2026-09-21 00:00:00
1004,SKU-01004,Memoria USB Kingston 6037,Memoria USB para almacenamiento y transferencia de archivos,1339.24,103,2025-04-29 00:00:00,2025-07-26 00:00:00
1005,SKU-01005,Webcam Microsoft 8562,Cámara web para videollamadas,3066.97,94,2025-11-07 00:00:00,2025-12-12 00:00:00
1006,SKU-01006,Mouse Genius 1286,Mouse óptico para computadora,2579.17,52,2026-05-17 00:00:00,2026-08-30 00:00:00
1007,SKU-01007,Memoria USB SanDisk 9637,Memoria USB para almacenamiento y transferencia de archivos,613.24,119,2025-07-31 00:00:00,2026-04-01 00:00:00
1008,SKU-01008,Teclado Genius 6946,Teclado para computadora de uso diario,756.29,49,2026-08-12 00:00:00,2026-09-21 00:00:00
1009,SKU-01009,Mouse HP 6539,Mouse óptico para computadora,2817.78,85,2026-07-21 00:00:00,2026-09-21 00:00:00
1010,SKU-01010,Audífonos HyperX 550,"Audífonos para música, llamadas y multimedia",3249.17,26,2026-08-11 00:00:00,2026-08-27 00:00:00
1011,SKU-01011,Cable USB Steren 9815,Cable USB para conexión y transferencia de datos,773.85,130,2025-11-14 00:00:00,2026-04-06 00:00:00
1012,SKU-01012,Webcam Logitech 4506,Cámara web para videollamadas,488.44,90,2025-06-08 00:00:00,2025-12-27 00:00:00
1013,SKU-01013,Laptop Acer 4180,Equipo portátil para trabajo y estudio,7836.59,10,2026-05-22 00:00:00,2026-09-09 00:00:00
1014,SKU-01014,Memoria USB Kingston 3194,Memoria USB para almacenamiento y transferencia de archivos,294.54,100,2025-05-04 00:00:00,2025-11-13 00:00:00
1015,SKU-01015,Memoria USB SanDisk 5328,Memoria USB para almacenamiento y transferencia de archivos,1665.11,101,2025-09-03 00:00:00,2025-09-12 00:00:00
1016,SKU-01016,Router Tenda 9825,Router inalámbrico para conexión de red,2585.74,59,2025-05-16 00:00:00,2025-10-28 00:00:00
1017,SKU-01017,Audífonos Philips 9304,"Audífonos para música, llamadas y multimedia",1081.99,68,2026-07-17 00:00:00,2026-09-21 00:00:00
1018,SKU-01018,Cable USB UGREEN 5642,Cable USB para conexión y transferencia de datos,614.46,131,2026-03-21 00:00:00,2026-06-15 00:00:00
1019,SKU-01019,Laptop Dell 5922,Equipo portátil para trabajo y estudio,17993.57,11,2025-09-30 00:00:00,2026-05-04 00:00:00
1020,SKU-01020,Webcam Logitech 9719,Cámara web para videollamadas,905.28,57,2025-12-11 00:00:00,2026-06-04 00:00:00
1021,SKU-01021,Audífonos Logitech 8965,"Audífonos para música, llamadas y multimedia",554.97,38,2025-10-08 00:00:00,2025-11-17 00:00:00
1022,SKU-01022,Router Netgear 1948,Router inalámbrico para conexión de red,3271.26,64,2025-03-23 00:00:00,2025-05-20 00:00:00
1023,SKU-01023,Mouse Microsoft 7009,Mouse óptico para computadora,2629.38,35,2026-05-20 00:00:00,2026-09-21 00:00:00
1024,SKU-01024,Monitor Samsung 8987,Monitor para computadora de alta resolución,4209.14,10,2025-04-13 00:00:00,2025-10-16 00:00:00
1025,SKU-01025,Cable USB Belkin 9069,Cable USB para conexión y transferencia de datos,524.12,92,2025-10-17 00:00:00,2026-01-05 00:00:00
1026,SKU-01026,Memoria USB PNY 6551,Memoria USB para almacenamiento y transferencia de archivos,113.44,74,2025-12-31 00:00:00,2026-03-27 00:00:00
1027,SKU-01027,Memoria USB Kingston 1552,Memoria USB para almacenamiento y transferencia de archivos,1505.02,84,2025-12-15 00:00:00,2026-08-05 00:00:00
1028,SKU-01028,Audífonos Philips 8622,"Audífonos para música, llamadas y multimedia",1002.94,49,2025-11-05 00:00:00,2026-04-23 00:00:00
1029,SKU-01029,Laptop Dell 2313,Equipo portátil para trabajo y estudio,10345.79,35,2025-01-22 00:00:00,2025-05-12 00:00:00
1030,SKU-01030,Mouse HP 5018,Mouse óptico para computadora,3473.16,60,2025-09-02 00:00:00,2026-04-16 00:00:00
1031,SKU-01031,Memoria USB ADATA 338,Memoria USB para almacenamiento y transferencia de archivos,815.88,112,2025-09-01 00:00:00,2026-02-28 00:00:00
1032,SKU-01032,Mouse Logitech 5269,Mouse óptico para computadora,1272.11,75,2025-02-26 00:00:00,2025-04-05 00:00:00
1033,SKU-01033,Laptop ASUS 7280,Equipo portátil para trabajo y estudio,18895.12,13,2026-04-14 00:00:00,2026-05-22 00:00:00
1034,SKU-01034,Cable USB Amazon Basics 9121,Cable USB para conexión y transferencia de datos,508.31,19,2026-01-25 00:00:00,2026-03-23 00:00:00
1035,SKU-01035,Mouse Logitech 5737,Mouse óptico para computadora,1420.32,75,2026-01-05 00:00:00,2026-07-04 00:00:00
1036,SKU-01036,Monitor AOC 3212,Monitor para computadora de alta resolución,4599.55,10,2025-02-13 00:00:00,2025-08-26 00:00:00
1037,SKU-01037,Disco SSD Kingston 7493,Unidad SSD para almacenamiento de datos,2135.55,46,2026-03-31 00:00:00,2026-09-21 00:00:00
1038,SKU-01038,Laptop Dell 3792,Equipo portátil para trabajo y estudio,20403.81,30,2025-04-23 00:00:00,2025-11-28 00:00:00
1039,SKU-01039,Memoria USB ADATA 3648,Memoria USB para almacenamiento y transferencia de archivos,783.73,149,2026-05-01 00:00:00,2026-06-17 00:00:00
1040,SKU-01040,Memoria USB ADATA 7231,Memoria USB para almacenamiento y transferencia de archivos,543.41,101,2026-06-04 00:00:00,2026-09-21 00:00:00
1041,SKU-01041,Webcam Microsoft 9027,Cámara web para videollamadas,782.67,16,2025-03-09 00:00:00,2025-10-16 00:00:00
1042,SKU-01042,Webcam HP 4627,Cámara web para videollamadas,684.02,82,2026-02-22 00:00:00,2026-09-21 00:00:00
1043,SKU-01043,Webcam Logitech 8042,Cámara web para videollamadas,1155.46,12,2025-06-30 00:00:00,2025-12-31 00:00:00
1044,SKU-01044,Memoria USB PNY 9384,Memoria USB para almacenamiento y transferencia de archivos,1466.18,54,2025-11-02 00:00:00,2026-03-27 00:00:00
1045,SKU-01045,Memoria USB SanDisk 1781,Memoria USB para almacenamiento y transferencia de archivos,603.45,89,2025-08-25 00:00:00,2025-11-17 00:00:00
1046,SKU-01046,Router D-Link 9900,Router inalámbrico para conexión de red,3197.36,81,2026-01-03 00:00:00,2026-06-14 00:00:00
1047,SKU-01047,Memoria USB ADATA 2979,Memoria USB para almacenamiento y transferencia de archivos,1193.56,137,2026-05-04 00:00:00,2026-07-28 00:00:00
1048,SKU-01048,Teclado Microsoft 196,Teclado para computadora de uso diario,2058.02,92,2026-01-28 00:00:00,2026-03-04 00:00:00
1049,SKU-01049,Cable USB Steren 7061,Cable USB para conexión y transferencia de datos,993.61,80,2025-03-12 00:00:00,2025-10-31 00:00:00
1050,SKU-01050,Audífonos JBL 9395,"Audífonos para música, llamadas y multimedia",3186.1,79,2025-07-11 00:00:00,2025-10-27 00:00:00
1051,SKU-01051,Cable USB Steren 5352,Cable USB para conexión y transferencia de datos,109.05,117,2025-02-10 00:00:00,2025-02-11 00:00:00
1052,SKU-01052,Monitor Samsung 7312,Monitor para computadora de alta resolución,9491.3,3,2025-07-17 00:00:00,2025-09-20 00:00:00
1053,SKU-01053,Router Huawei 2272,Router inalámbrico para conexión de red,3238.02,50,2026-08-01 00:00:00,2026-09-21 00:00:00
1054,SKU-01054,Teclado Genius 4669,Teclado para computadora de uso diario,445.84,46,2025-08-06 00:00:00,2026-01-09 00:00:00
1055,SKU-01055,Teclado Microsoft 3872,Teclado para computadora de uso diario,2781.8,20,2026-06-16 00:00:00,2026-09-21 00:00:00
1056,SKU-01056,Memoria USB SanDisk 734,Memoria USB para almacenamiento y transferencia de archivos,1388.16,35,2026-07-27 00:00:00,2026-09-21 00:00:00
1057,SKU-01057,Monitor Samsung 6166,Monitor para computadora de alta resolución,9204.15,32,2025-12-21 00:00:00,2026-07-16 00:00:00
1058,SKU-01058,Mouse Razer 7611,Mouse óptico para computadora,2386.43,52,2025-08-24 00:00:00,2026-02-28 00:00:00
1059,SKU-01059,Router TP-Link 1526,Router inalámbrico para conexión de red,1766.23,95,2025-09-09 00:00:00,2026-05-10 00:00:00
1060,SKU-01060,Disco SSD Kingston 3366,Unidad SSD para almacenamiento de datos,3364.71,50,2025-01-15 00:00:00,2025-04-17 00:00:00
1061,SKU-01061,Laptop Acer 9429,Equipo portátil para trabajo y estudio,22335.34,7,2025-04-09 00:00:00,2025-10-05 00:00:00
1062,SKU-01062,Memoria USB Verbatim 787,Memoria USB para almacenamiento y transferencia de archivos,352.16,109,2025-05-09 00:00:00,2025-06-03 00:00:00
1063,SKU-01063,Webcam HP 8691,Cámara web para videollamadas,2427.27,6,2026-06-11 00:00:00,2026-09-21 00:00:00
1064,SKU-01064,Cable USB Belkin 6995,Cable USB para conexión y transferencia de datos,880.83,12,2025-08-10 00:00:00,2025-12-09 00:00:00
1065,SKU-01065,Mouse Razer 8621,Mouse óptico para computadora,2806.76,48,2025-11-06 00:00:00,2026-01-05 00:00:00
1066,SKU-01066,Mouse Microsoft 6554,Mouse óptico para computadora,740.9,85,2025-06-26 00:00:00,2025-10-24 00:00:00
1067,SKU-01067,Memoria USB SanDisk 5697,Memoria USB para almacenamiento y transferencia de archivos,1115.49,48,2026-07-07 00:00:00,2026-09-21 00:00:00
1068,SKU-01068,Monitor AOC 6630,Monitor para computadora de alta resolución,2784.04,27,2025-02-16 00:00:00,2025-04-19 00:00:00
1069,SKU-01069,Audífonos HyperX 3835,"Audífonos para música, llamadas y multimedia",1275.71,83,2025-01-29 00:00:00,2025-03-14 00:00:00
1070,SKU-01070,Audífonos HyperX 4177,"Audífonos para música, llamadas y multimedia",1691.63,56,2025-08-06 00:00:00,2025-09-22 00:00:00
1071,SKU-01071,Audífonos Philips 829,"Audífonos para música, llamadas y multimedia",2337.53,92,2025-02-09 00:00:00,2025-05-24 00:00:00
1072,SKU-01072,Teclado Redragon 8245,Teclado para computadora de uso diario,3384.14,70,2026-02-03 00:00:00,2026-05-02 00:00:00
1073,SKU-01073,Router Huawei 6991,Router inalámbrico para conexión de red,1845.8,85,2025-12-16 00:00:00,2026-05-31 00:00:00
1074,SKU-01074,Mouse HP 651,Mouse óptico para computadora,2298.83,82,2025-11-07 00:00:00,2026-07-08 00:00:00
1075,SKU-01075,Cable USB Belkin 1840,Cable USB para conexión y transferencia de datos,203.61,72,2025-05-17 00:00:00,2025-10-11 00:00:00
1076,SKU-01076,Audífonos Logitech 9018,"Audífonos para música, llamadas y multimedia",692.5,48,2025-02-14 00:00:00,2025-04-01 00:00:00
1077,SKU-01077,Laptop Dell 8255,Equipo portátil para trabajo y estudio,13252.71,22,2025-11-06 00:00:00,2026-05-28 00:00:00
1078,SKU-01078,Webcam Logitech 1840,Cámara web para videollamadas,1667.62,78,2025-10-03 00:00:00,2026-03-07 00:00:00
1079,SKU-01079,Webcam Microsoft 5949,Cámara web para videollamadas,2700.73,100,2026-02-28 00:00:00,2026-06-12 00:00:00
1080,SKU-01080,Teclado Logitech 2253,Teclado para computadora de uso diario,664.86,6,2025-03-27 00:00:00,2025-10-28 00:00:00
1081,SKU-01081,Laptop ASUS 3431,Equipo portátil para trabajo y estudio,16598.49,12,2026-07-23 00:00:00,2026-09-21 00:00:00
1082,SKU-01082,Disco SSD Western Digital 1551,Unidad SSD para almacenamiento de datos,2368.66,37,2025-03-16 00:00:00,2025-10-03 00:00:00
1083,SKU-01083,Disco SSD Crucial 5472,Unidad SSD para almacenamiento de datos,1450.68,76,2025-07-15 00:00:00,2026-01-29 00:00:00
1084,SKU-01084,Memoria USB PNY 1966,Memoria USB para almacenamiento y transferencia de archivos,1026.87,70,2025-06-20 00:00:00,2026-01-13 00:00:00
1085,SKU-01085,Webcam Logitech 5595,Cámara web para videollamadas,1763.3,89,2025-12-31 00:00:00,2026-06-10 00:00:00
1086,SKU-01086,Monitor LG 1755,Monitor para computadora de alta resolución,10475.45,16,2026-05-11 00:00:00,2026-09-14 00:00:00
1087,SKU-01087,Cable USB Belkin 1299,Cable USB para conexión y transferencia de datos,437.38,46,2025-01-28 00:00:00,2025-03-11 00:00:00
1088,SKU-01088,Disco SSD Kingston 8260,Unidad SSD para almacenamiento de datos,2977.82,27,2025-06-06 00:00:00,2025-10-22 00:00:00
1089,SKU-01089,Laptop Dell 207,Equipo portátil para trabajo y estudio,10016.81,21,2025-11-12 00:00:00,2026-01-03 00:00:00
1090,SKU-01090,Laptop Lenovo 8581,Equipo portátil para trabajo y estudio,7629.93,18,2026-04-05 00:00:00,2026-04-05 00:00:00
1091,SKU-01091,Mouse Logitech 608,Mouse óptico para computadora,2005.31,31,2026-05-23 00:00:00,2026-07-31 00:00:00
1092,SKU-01092,Router D-Link 9539,Router inalámbrico para conexión de red,2675.56,72,2025-03-26 00:00:00,2025-06-01 00:00:00
1093,SKU-01093,Monitor ASUS 5752,Monitor para computadora de alta resolución,9872.59,12,2025-12-23 00:00:00,2026-06-03 00:00:00
1094,SKU-01094,Router D-Link 7386,Router inalámbrico para conexión de red,2589.75,68,2026-08-13 00:00:00,2026-08-21 00:00:00
1095,SKU-01095,Laptop Lenovo 6843,Equipo portátil para trabajo y estudio,26111.28,26,2026-06-24 00:00:00,2026-09-13 00:00:00
1096,SKU-01096,Webcam AverMedia 3117,Cámara web para videollamadas,2233.55,28,2026-06-30 00:00:00,2026-07-27 00:00:00
1097,SKU-01097,Disco SSD Western Digital 9399,Unidad SSD para almacenamiento de datos,4347.01,18,2026-08-11 00:00:00,2026-09-13 00:00:00
1098,SKU-01098,Audífonos Logitech 2115,"Audífonos para música, llamadas y multimedia",1992.88,79,2026-04-14 00:00:00,2026-09-21 00:00:00
1099,SKU-01099,Webcam HP 7909,Cámara web para videollamadas,1717.72,95,2025-02-26 00:00:00,2025-04-21 00:00:00
1100,SKU-01100,Audífonos Sony 9329,"Audífonos para música, llamadas y multimedia",1850.03,11,2026-05-28 00:00:00,2026-08-05 00:00:00
1101,SKU-01101,Disco SSD Kingston 6949,Unidad SSD para almacenamiento de datos,2686.64,15,2026-04-02 00:00:00,2026-07-25 00:00:00
1102,SKU-01102,Webcam Microsoft 8222,Cámara web para videollamadas,1109.23,36,2025-03-25 00:00:00,2025-08-30 00:00:00
1103,SKU-01103,Disco SSD Crucial 1629,Unidad SSD para almacenamiento de datos,1710.81,70,2026-01-10 00:00:00,2026-08-14 00:00:00
1104,SKU-01104,Webcam Logitech 502,Cámara web para videollamadas,2056.04,47,2026-06-23 00:00:00,2026-09-21 00:00:00
1105,SKU-01105,Router Huawei 2159,Router inalámbrico para conexión de red,722.26,78,2025-11-18 00:00:00,2026-02-01 00:00:00
1106,SKU-01106,Audífonos HyperX 2120,"Audífonos para música, llamadas y multimedia",2240.8,52,2026-06-05 00:00:00,2026-09-21 00:00:00
1107,SKU-01107,Cable USB Belkin 8877,Cable USB para conexión y transferencia de datos,1249.49,116,2025-01-28 00:00:00,2025-05-03 00:00:00
1108,SKU-01108,Teclado HP 7642,Teclado para computadora de uso diario,2362.36,55,2025-04-10 00:00:00,2025-08-11 00:00:00
1109,SKU-01109,Mouse HP 634,Mouse óptico para computadora,3106.03,18,2025-11-10 00:00:00,2026-05-17 00:00:00
1110,SKU-01110,Memoria USB PNY 2138,Memoria USB para almacenamiento y transferencia de archivos,1418.02,147,2025-01-02 00:00:00,2025-04-21 00:00:00
1111,SKU-01111,Router Huawei 5374,Router inalámbrico para conexión de red,523.19,52,2025-05-30 00:00:00,2026-01-12 00:00:00
1112,SKU-01112,Memoria USB ADATA 4504,Memoria USB para almacenamiento y transferencia de archivos,480.08,36,2025-04-12 00:00:00,2025-10-23 00:00:00
1113,SKU-01113,Disco SSD ADATA 6252,Unidad SSD para almacenamiento de datos,1553.82,71,2025-05-12 00:00:00,2025-07-13 00:00:00
1114,SKU-01114,Webcam Microsoft 2121,Cámara web para videollamadas,456.76,77,2025-07-22 00:00:00,2025-11-12 00:00:00
1115,SKU-01115,Router Netgear 2204,Router inalámbrico para conexión de red,1428.8,58,2026-07-30 00:00:00,2026-09-21 00:00:00
1116,SKU-01116,Cable USB Baseus 6341,Cable USB para conexión y transferencia de datos,740.86,51,2026-04-20 00:00:00,2026-09-21 00:00:00
1117,SKU-01117,Cable USB Amazon Basics 3740,Cable USB para conexión y transferencia de datos,1601.49,134,2026-03-18 00:00:00,2026-09-21 00:00:00
1118,SKU-01118,Audífonos JBL 2505,"Audífonos para música, llamadas y multimedia",2752.07,32,2026-02-10 00:00:00,2026-09-04 00:00:00
1119,SKU-01119,Teclado HP 5410,Teclado para computadora de uso diario,802.03,28,2025-02-11 00:00:00,2025-09-25 00:00:00
1120,SKU-01120,Router Netgear 1358,Router inalámbrico para conexión de red,2867.38,10,2025-03-28 00:00:00,2025-11-21 00:00:00
1121,SKU-01121,Laptop Dell 538,Equipo portátil para trabajo y estudio,24124.57,7,2026-02-06 00:00:00,2026-09-18 00:00:00
1122,SKU-01122,Laptop Dell 9186,Equipo portátil para trabajo y estudio,21964.31,23,2025-08-16 00:00:00,2026-03-11 00:00:00
1123,SKU-01123,Teclado Redragon 9388,Teclado para computadora de uso diario,2367.95,37,2026-08-15 00:00:00,2026-09-21 00:00:00
1124,SKU-01124,Mouse HP 1499,Mouse óptico para computadora,2188.68,51,2025-06-26 00:00:00,2025-09-05 00:00:00
1125,SKU-01125,Teclado Logitech 7959,Teclado para computadora de uso diario,1661.09,95,2026-01-04 00:00:00,2026-03-14 00:00:00
1126,SKU-01126,Disco SSD Kingston 304,Unidad SSD para almacenamiento de datos,2640.96,12,2025-08-13 00:00:00,2026-01-13 00:00:00
1127,SKU-01127,Mouse Microsoft 4894,Mouse óptico para computadora,2291.38,12,2025-12-04 00:00:00,2026-06-21 00:00:00
1128,SKU-01128,Monitor ASUS 629,Monitor para computadora de alta resolución,11129.56,7,2025-06-19 00:00:00,2025-08-17 00:00:00
1129,SKU-01129,Teclado Microsoft 7836,Teclado para computadora de uso diario,2585.91,83,2025-12-24 00:00:00,2026-05-30 00:00:00
1130,SKU-01130,Webcam HP 4539,Cámara web para videollamadas,590.24,11,2025-11-23 00:00:00,2026-02-20 00:00:00
1131,SKU-01131,Webcam Logitech 5075,Cámara web para videollamadas,688.53,99,2026-05-23 00:00:00,2026-08-13 00:00:00
1132,SKU-01132,Cable USB UGREEN 3240,Cable USB para conexión y transferencia de datos,1261.68,62,2025-05-05 00:00:00,2025-08-05 00:00:00
1133,SKU-01133,Memoria USB PNY 4294,Memoria USB para almacenamiento y transferencia de archivos,1797.33,62,2026-02-22 00:00:00,2026-09-17 00:00:00
1134,SKU-01134,Disco SSD Western Digital 5863,Unidad SSD para almacenamiento de datos,2571.24,8,2025-11-14 00:00:00,2025-12-18 00:00:00
1135,SKU-01135,Cable USB Amazon Basics 2291,Cable USB para conexión y transferencia de datos,633.16,71,2026-07-20 00:00:00,2026-09-21 00:00:00
1136,SKU-01136,Cable USB Baseus 4300,Cable USB para conexión y transferencia de datos,1516.19,88,2025-04-27 00:00:00,2025-11-09 00:00:00
1137,SKU-01137,Audífonos JBL 7656,"Audífonos para música, llamadas y multimedia",2892.07,14,2026-04-13 00:00:00,2026-09-10 00:00:00
1138,SKU-01138,Cable USB Amazon Basics 5632,Cable USB para conexión y transferencia de datos,140.22,51,2026-03-27 00:00:00,2026-09-21 00:00:00
1139,SKU-01139,Audífonos Logitech 7096,"Audífonos para música, llamadas y multimedia",439.49,78,2025-02-24 00:00:00,2025-07-08 00:00:00
1140,SKU-01140,Disco SSD Kingston 4534,Unidad SSD para almacenamiento de datos,1328.1,47,2025-07-11 00:00:00,2026-02-20 00:00:00
1141,SKU-01141,Router D-Link 6922,Router inalámbrico para conexión de red,835.49,93,2025-05-21 00:00:00,2025-11-15 00:00:00
1142,SKU-01142,Laptop Dell 5503,Equipo portátil para trabajo y estudio,17571.1,29,2025-02-14 00:00:00,2025-03-13 00:00:00
1143,SKU-01143,Monitor Samsung 3919,Monitor para computadora de alta resolución,4023.2,19,2025-06-04 00:00:00,2025-10-25 00:00:00
1144,SKU-01144,Monitor Dell 1099,Monitor para computadora de alta resolución,9568.51,32,2025-08-31 00:00:00,2025-09-17 00:00:00
1145,SKU-01145,Mouse Logitech 3689,Mouse óptico para computadora,2318.84,64,2026-05-25 00:00:00,2026-09-21 00:00:00
1146,SKU-01146,Monitor Samsung 7137,Monitor para computadora de alta resolución,6995.07,4,2025-08-13 00:00:00,2025-10-14 00:00:00
1147,SKU-01147,Memoria USB Verbatim 7878,Memoria USB para almacenamiento y transferencia de archivos,1033.32,138,2026-05-09 00:00:00,2026-09-21 00:00:00
1148,SKU-01148,Monitor ASUS 231,Monitor para computadora de alta resolución,3075.57,23,2026-01-29 00:00:00,2026-02-18 00:00:00
1149,SKU-01149,Audífonos HyperX 4708,"Audífonos para música, llamadas y multimedia",2118.49,34,2026-01-14 00:00:00,2026-02-07 00:00:00
1150,SKU-01150,Cable USB Belkin 2593,Cable USB para conexión y transferencia de datos,198.42,57,2026-02-20 00:00:00,2026-07-18 00:00:00
1151,SKU-01151,Router D-Link 2577,Router inalámbrico para conexión de red,468.63,71,2025-02-14 00:00:00,2025-04-21 00:00:00
1152,SKU-01152,Router Huawei 8461,Router inalámbrico para conexión de red,3207.8,35,2026-02-15 00:00:00,2026-02-28 00:00:00
1153,SKU-01153,Disco SSD Crucial 7103,Unidad SSD para almacenamiento de datos,1691.91,33,2025-01-14 00:00:00,2025-05-27 00:00:00
1154,SKU-01154,Teclado Logitech 947,Teclado para computadora de uso diario,432.82,32,2026-02-08 00:00:00,2026-05-29 00:00:00
1155,SKU-01155,Disco SSD Western Digital 2567,Unidad SSD para almacenamiento de datos,2915.36,77,2025-11-30 00:00:00,2025-12-24 00:00:00
1156,SKU-01156,Disco SSD Samsung 6681,Unidad SSD para almacenamiento de datos,3812.01,43,2025-02-05 00:00:00,2025-02-11 00:00:00
1157,SKU-01157,Memoria USB PNY 6883,Memoria USB para almacenamiento y transferencia de archivos,662.82,45,2026-08-23 00:00:00,2026-09-21 00:00:00
1158,SKU-01158,Webcam Logitech 7832,Cámara web para videollamadas,1622.48,57,2026-03-02 00:00:00,2026-09-07 00:00:00
1159,SKU-01159,Audífonos Philips 4085,"Audífonos para música, llamadas y multimedia",1432.65,88,2025-02-10 00:00:00,2025-04-30 00:00:00
1160,SKU-01160,Cable USB Amazon Basics 4588,Cable USB para conexión y transferencia de datos,1258.63,54,2025-09-18 00:00:00,2026-04-08 00:00:00
1161,SKU-01161,Cable USB Belkin 577,Cable USB para conexión y transferencia de datos,288.46,99,2026-08-17 00:00:00,2026-09-21 00:00:00
1162,SKU-01162,Monitor AOC 8371,Monitor para computadora de alta resolución,11862.2,10,2025-12-08 00:00:00,2026-02-21 00:00:00
1163,SKU-01163,Webcam Logitech 5077,Cámara web para videollamadas,3164.29,97,2026-03-02 00:00:00,2026-03-17 00:00:00
1164,SKU-01164,Memoria USB SanDisk 1009,Memoria USB para almacenamiento y transferencia de archivos,1098.02,95,2025-07-01 00:00:00,2025-10-20 00:00:00
1165,SKU-01165,Router D-Link 7455,Router inalámbrico para conexión de red,471.57,76,2025-02-02 00:00:00,2025-02-17 00:00:00
1166,SKU-01166,Disco SSD Kingston 2184,Unidad SSD para almacenamiento de datos,4305.4,71,2026-04-25 00:00:00,2026-09-21 00:00:00
1167,SKU-01167,Router TP-Link 2410,Router inalámbrico para conexión de red,1235.03,82,2025-12-16 00:00:00,2026-01-30 00:00:00
1168,SKU-01168,Monitor ASUS 3087,Monitor para computadora de alta resolución,4820.21,8,2025-03-20 00:00:00,2025-08-10 00:00:00
1169,SKU-01169,Mouse Microsoft 902,Mouse óptico para computadora,1180.56,95,2025-10-02 00:00:00,2026-02-14 00:00:00
1170,SKU-01170,Memoria USB ADATA 919,Memoria USB para almacenamiento y transferencia de archivos,1670.04,13,2025-05-31 00:00:00,2025-10-18 00:00:00
1171,SKU-01171,Memoria USB ADATA 4961,Memoria USB para almacenamiento y transferencia de archivos,1689.7,109,2025-05-25 00:00:00,2025-11-25 00:00:00
1172,SKU-01172,Teclado Microsoft 5101,Teclado para computadora de uso diario,1771.58,82,2025-03-04 00:00:00,2025-03-08 00:00:00
1173,SKU-01173,Cable USB Amazon Basics 7548,Cable USB para conexión y transferencia de datos,1216.73,128,2026-07-19 00:00:00,2026-09-21 00:00:00
1174,SKU-01174,Memoria USB Verbatim 6362,Memoria USB para almacenamiento y transferencia de archivos,155.61,40,2025-04-08 00:00:00,2025-10-24 00:00:00
1175,SKU-01175,Memoria USB Kingston 6328,Memoria USB para almacenamiento y transferencia de archivos,1008.83,129,2025-06-17 00:00:00,2025-11-09 00:00:00
1176,SKU-01176,Memoria USB SanDisk 3858,Memoria USB para almacenamiento y transferencia de archivos,1787.12,10,2025-05-11 00:00:00,2025-11-13 00:00:00
1177,SKU-01177,Mouse Microsoft 9208,Mouse óptico para computadora,907.12,49,2025-12-11 00:00:00,2026-03-21 00:00:00
1178,SKU-01178,Mouse Logitech 6854,Mouse óptico para computadora,2786.19,40,2026-03-30 00:00:00,2026-08-16 00:00:00
1179,SKU-01179,Router Netgear 3823,Router inalámbrico para conexión de red,2264.82,66,2026-06-03 00:00:00,2026-09-21 00:00:00
1180,SKU-01180,Laptop Acer 8859,Equipo portátil para trabajo y estudio,22432.93,3,2025-02-15 00:00:00,2025-06-06 00:00:00
1181,SKU-01181,Router Huawei 4458,Router inalámbrico para conexión de red,2306.36,24,2025-04-07 00:00:00,2025-07-19 00:00:00
1182,SKU-01182,Laptop Lenovo 9233,Equipo portátil para trabajo y estudio,21096.22,19,2025-01-08 00:00:00,2025-09-01 00:00:00
1183,SKU-01183,Mouse Logitech 6465,Mouse óptico para computadora,3490.92,89,2025-12-03 00:00:00,2026-07-17 00:00:00
1184,SKU-01184,Webcam Logitech 7658,Cámara web para videollamadas,2693.63,48,2025-09-30 00:00:00,2025-12-02 00:00:00
1185,SKU-01185,Memoria USB Verbatim 773,Memoria USB para almacenamiento y transferencia de archivos,1121.09,43,2026-07-01 00:00:00,2026-09-21 00:00:00
1186,SKU-01186,Webcam HP 3510,Cámara web para videollamadas,2409.65,71,2026-03-29 00:00:00,2026-09-21 00:00:00
1187,SKU-01187,Cable USB Baseus 3162,Cable USB para conexión y transferencia de datos,855.83,111,2026-06-24 00:00:00,2026-09-21 00:00:00
1188,SKU-01188,Monitor Dell 2611,Monitor para computadora de alta resolución,4632.77,27,2025-06-04 00:00:00,2026-01-27 00:00:00
1189,SKU-01189,Cable USB Steren 6399,Cable USB para conexión y transferencia de datos,591.92,51,2026-07-14 00:00:00,2026-09-21 00:00:00
1190,SKU-01190,Webcam HP 7611,Cámara web para videollamadas,2489.61,7,2025-09-26 00:00:00,2025-12-03 00:00:00
1191,SKU-01191,Disco SSD ADATA 1277,Unidad SSD para almacenamiento de datos,846.57,39,2026-01-08 00:00:00,2026-07-07 00:00:00
1192,SKU-01192,Memoria USB Verbatim 1390,Memoria USB para almacenamiento y transferencia de archivos,1242.35,140,2025-11-12 00:00:00,2026-07-05 00:00:00
1193,SKU-01193,Webcam AverMedia 5417,Cámara web para videollamadas,2607.37,78,2025-09-24 00:00:00,2025-12-22 00:00:00
1194,SKU-01194,Audífonos JBL 8490,"Audífonos para música, llamadas y multimedia",2885.87,81,2025-03-19 00:00:00,2025-06-09 00:00:00
1195,SKU-01195,Laptop Acer 7732,Equipo portátil para trabajo y estudio,14815.68,3,2026-02-05 00:00:00,2026-06-02 00:00:00
1196,SKU-01196,Audífonos Philips 8675,"Audífonos para música, llamadas y multimedia",3218.12,24,2026-02-04 00:00:00,2026-09-21 00:00:00
1197,SKU-01197,Laptop Acer 5093,Equipo portátil para trabajo y estudio,23001.97,17,2025-08-08 00:00:00,2025-12-17 00:00:00
1198,SKU-01198,Laptop ASUS 3187,Equipo portátil para trabajo y estudio,9290.07,8,2026-03-09 00:00:00,2026-09-03 00:00:00
1199,SKU-01199,Router Huawei 830,Router inalámbrico para conexión de red,2198.26,92,2026-07-17 00:00:00,2026-09-21 00:00:00
1200,SKU-01200,Router Tenda 2087,Router inalámbrico para conexión de red,819.98,92,2025-04-14 00:00:00,2025-10-18 00:00:00
1201,SKU-01201,Router TP-Link 6550,Router inalámbrico para conexión de red,3460.81,28,2025-03-14 00:00:00,2025-03-23 00:00:00
1202,SKU-01202,Mouse Logitech 5768,Mouse óptico para computadora,3440.87,48,2026-07-21 00:00:00,2026-09-21 00:00:00
1203,SKU-01203,Teclado Logitech 7297,Teclado para computadora de uso diario,2534.75,73,2025-08-03 00:00:00,2025-11-23 00:00:00
1204,SKU-01204,Audífonos Logitech 3462,"Audífonos para música, llamadas y multimedia",2133.58,43,2026-01-07 00:00:00,2026-08-20 00:00:00
1205,SKU-01205,Cable USB Amazon Basics 8359,Cable USB para conexión y transferencia de datos,1441.7,35,2025-09-04 00:00:00,2025-10-28 00:00:00
1206,SKU-01206,Laptop ASUS 8033,Equipo portátil para trabajo y estudio,9876.32,3,2025-05-17 00:00:00,2025-12-07 00:00:00
1207,SKU-01207,Audífonos Sony 5751,"Audífonos para música, llamadas y multimedia",2882.56,50,2026-07-22 00:00:00,2026-08-20 00:00:00
1208,SKU-01208,Teclado Logitech 756,Teclado para computadora de uso diario,3171.02,73,2025-09-06 00:00:00,2025-09-26 00:00:00
1209,SKU-01209,Teclado Microsoft 8965,Teclado para computadora de uso diario,2167.57,79,2026-05-14 00:00:00,2026-07-23 00:00:00
1210,SKU-01210,Laptop Dell 9936,Equipo portátil para trabajo y estudio,16704.35,14,2025-01-20 00:00:00,2025-07-29 00:00:00
1211,SKU-01211,Cable USB Belkin 8411,Cable USB para conexión y transferencia de datos,883.92,139,2025-05-03 00:00:00,2025-08-15 00:00:00
1212,SKU-01212,Cable USB Belkin 9601,Cable USB para conexión y transferencia de datos,1649.67,49,2026-04-01 00:00:00,2026-09-21 00:00:00
1213,SKU-01213,Webcam Microsoft 4794,Cámara web para videollamadas,794.18,64,2026-07-29 00:00:00,2026-09-21 00:00:00
1214,SKU-01214,Router TP-Link 3378,Router inalámbrico para conexión de red,1039.47,77,2025-03-09 00:00:00,2025-08-12 00:00:00
1215,SKU-01215,Laptop Acer 3347,Equipo portátil para trabajo y estudio,10669.47,17,2025-11-01 00:00:00,2026-05-06 00:00:00
1216,SKU-01216,Audífonos HyperX 4884,"Audífonos para música, llamadas y multimedia",3118.22,91,2025-07-30 00:00:00,2025-09-11 00:00:00
1217,SKU-01217,Webcam AverMedia 5031,Cámara web para videollamadas,2639.43,43,2026-08-09 00:00:00,2026-09-21 00:00:00
1218,SKU-01218,Memoria USB Kingston 8174,Memoria USB para almacenamiento y transferencia de archivos,1092.96,42,2026-03-29 00:00:00,2026-05-18 00:00:00
1219,SKU-01219,Laptop HP 6408,Equipo portátil para trabajo y estudio,20443.63,8,2025-06-29 00:00:00,2025-09-14 00:00:00
1220,SKU-01220,Laptop Acer 2756,Equipo portátil para trabajo y estudio,24949.27,31,2025-03-26 00:00:00,2025-04-27 00:00:00
1221,SKU-01221,Router TP-Link 5174,Router inalámbrico para conexión de red,1131.41,97,2025-03-08 00:00:00,2025-08-25 00:00:00
1222,SKU-01222,Mouse Razer 6333,Mouse óptico para computadora,2508.27,60,2025-12-04 00:00:00,2026-05-24 00:00:00
1223,SKU-01223,Webcam HP 9702,Cámara web para videollamadas,3236.88,29,2026-07-16 00:00:00,2026-09-21 00:00:00
1224,SKU-01224,Audífonos Logitech 5694,"Audífonos para música, llamadas y multimedia",2055.74,48,2026-02-11 00:00:00,2026-09-21 00:00:00
1225,SKU-01225,Teclado Redragon 1734,Teclado para computadora de uso diario,2916.01,93,2026-06-10 00:00:00,2026-09-21 00:00:00
1226,SKU-01226,Laptop ASUS 4650,Equipo portátil para trabajo y estudio,7999.87,16,2026-03-10 00:00:00,2026-09-21 00:00:00
1227,SKU-01227,Monitor AOC 7656,Monitor para computadora de alta resolución,11864.44,29,2026-02-07 00:00:00,2026-06-21 00:00:00
1228,SKU-01228,Mouse Logitech 6474,Mouse óptico para computadora,2044.17,94,2026-03-25 00:00:00,2026-04-24 00:00:00
1229,SKU-01229,Webcam HP 2334,Cámara web para videollamadas,893.99,78,2026-02-03 00:00:00,2026-05-30 00:00:00
1230,SKU-01230,Disco SSD ADATA 2212,Unidad SSD para almacenamiento de datos,753.0,12,2025-11-06 00:00:00,2026-05-13 00:00:00
1231,SKU-01231,Cable USB Baseus 9227,Cable USB para conexión y transferencia de datos,1121.32,41,2026-07-04 00:00:00,2026-09-21 00:00:00
1232,SKU-01232,Monitor ASUS 1317,Monitor para computadora de alta resolución,11281.92,45,2026-01-04 00:00:00,2026-05-02 00:00:00
1233,SKU-01233,Disco SSD ADATA 8434,Unidad SSD para almacenamiento de datos,1977.47,47,2025-04-22 00:00:00,2025-08-18 00:00:00
1234,SKU-01234,Memoria USB Kingston 6936,Memoria USB para almacenamiento y transferencia de archivos,410.19,135,2026-02-13 00:00:00,2026-09-21 00:00:00
1235,SKU-01235,Webcam Trust 5085,Cámara web para videollamadas,3166.04,75,2025-04-18 00:00:00,2025-11-06 00:00:00
1236,SKU-01236,Router Tenda 3274,Router inalámbrico para conexión de red,1062.26,83,2025-09-02 00:00:00,2025-10-01 00:00:00
1237,SKU-01237,Router Tenda 6697,Router inalámbrico para conexión de red,1827.46,49,2026-01-22 00:00:00,2026-05-13 00:00:00
1238,SKU-01238,Disco SSD Kingston 3208,Unidad SSD para almacenamiento de datos,4041.77,77,2026-01-07 00:00:00,2026-02-08 00:00:00
1239,SKU-01239,Disco SSD Kingston 6300,Unidad SSD para almacenamiento de datos,2563.9,31,2025-03-17 00:00:00,2025-07-29 00:00:00
1240,SKU-01240,Teclado Microsoft 2533,Teclado para computadora de uso diario,709.55,45,2025-12-29 00:00:00,2026-03-06 00:00:00
1241,SKU-01241,Monitor Samsung 9759,Monitor para computadora de alta resolución,11980.84,28,2026-05-30 00:00:00,2026-08-18 00:00:00
1242,SKU-01242,Mouse Razer 103,Mouse óptico para computadora,1255.48,80,2025-02-09 00:00:00,2025-02-15 00:00:00
1243,SKU-01243,Teclado Redragon 4004,Teclado para computadora de uso diario,2312.23,24,2025-05-26 00:00:00,2025-09-19 00:00:00
1244,SKU-01244,Monitor ASUS 8180,Monitor para computadora de alta resolución,9412.32,29,2025-03-03 00:00:00,2025-08-05 00:00:00
1245,SKU-01245,Audífonos Logitech 6582,"Audífonos para música, llamadas y multimedia",2625.88,32,2025-11-12 00:00:00,2026-03-14 00:00:00
1246,SKU-01246,Teclado Microsoft 5382,Teclado para computadora de uso diario,3416.7,99,2025-10-20 00:00:00,2026-01-29 00:00:00
1247,SKU-01247,Disco SSD Kingston 8057,Unidad SSD para almacenamiento de datos,2573.53,70,2026-06-24 00:00:00,2026-09-21 00:00:00
1248,SKU-01248,Laptop Lenovo 5928,Equipo portátil para trabajo y estudio,24610.02,27,2026-01-19 00:00:00,2026-05-19 00:00:00
1249,SKU-01249,Webcam HP 7460,Cámara web para videollamadas,1341.1,54,2025-08-25 00:00:00,2026-04-08 00:00:00
1250,SKU-01250,Disco SSD Western Digital 4667,Unidad SSD para almacenamiento de datos,1532.54,51,2025-01-31 00:00:00,2025-05-15 00:00:00
1251,SKU-01251,Webcam Trust 2400,Cámara web para videollamadas,2727.98,79,2025-03-26 00:00:00,2025-04-26 00:00:00
1252,SKU-01252,Mouse Microsoft 3962,Mouse óptico para computadora,681.02,73,2026-04-05 00:00:00,2026-04-22 00:00:00
1253,SKU-01253,Memoria USB SanDisk 9916,Memoria USB para almacenamiento y transferencia de archivos,1318.51,47,2025-05-08 00:00:00,2025-07-21 00:00:00
1254,SKU-01254,Router Netgear 8380,Router inalámbrico para conexión de red,3325.77,13,2025-07-17 00:00:00,2025-08-24 00:00:00
1255,SKU-01255,Mouse Logitech 4723,Mouse óptico para computadora,795.14,70,2026-04-21 00:00:00,2026-09-21 00:00:00
1256,SKU-01256,Teclado HP 845,Teclado para computadora de uso diario,2594.7,8,2026-02-17 00:00:00,2026-09-21 00:00:00
1257,SKU-01257,Memoria USB Verbatim 4722,Memoria USB para almacenamiento y transferencia de archivos,1408.44,92,2026-07-09 00:00:00,2026-09-21 00:00:00
1258,SKU-01258,Audífonos Logitech 4506,"Audífonos para música, llamadas y multimedia",3412.4,58,2025-11-15 00:00:00,2025-11-28 00:00:00
1259,SKU-01259,Cable USB Belkin 6346,Cable USB para conexión y transferencia de datos,517.31,58,2026-02-14 00:00:00,2026-08-31 00:00:00
1260,SKU-01260,Teclado HP 1561,Teclado para computadora de uso diario,1737.47,76,2026-08-12 00:00:00,2026-09-21 00:00:00
1261,SKU-01261,Laptop HP 5042,Equipo portátil para trabajo y estudio,27885.87,23,2026-01-07 00:00:00,2026-02-19 00:00:00
1262,SKU-01262,Router TP-Link 210,Router inalámbrico para conexión de red,2782.36,16,2026-02-23 00:00:00,2026-03-25 00:00:00
1263,SKU-01263,Laptop ASUS 321,Equipo portátil para trabajo y estudio,23286.51,5,2026-05-19 00:00:00,2026-06-06 00:00:00
1264,SKU-01264,Audífonos Logitech 1312,"Audífonos para música, llamadas y multimedia",972.84,79,2025-04-21 00:00:00,2025-06-28 00:00:00
1265,SKU-01265,Mouse Razer 3670,Mouse óptico para computadora,376.03,18,2026-06-09 00:00:00,2026-09-21 00:00:00
1266,SKU-01266,Webcam AverMedia 5389,Cámara web para videollamadas,1171.74,97,2025-06-20 00:00:00,2026-02-13 00:00:00
1267,SKU-01267,Laptop Dell 8674,Equipo portátil para trabajo y estudio,25842.94,27,2026-03-27 00:00:00,2026-06-30 00:00:00
1268,SKU-01268,Disco SSD Crucial 3270,Unidad SSD para almacenamiento de datos,2214.93,38,2025-03-30 00:00:00,2025-08-11 00:00:00
1269,SKU-01269,Cable USB Belkin 9607,Cable USB para conexión y transferencia de datos,1462.0,141,2025-12-28 00:00:00,2026-01-02 00:00:00
1270,SKU-01270,Memoria USB SanDisk 353,Memoria USB para almacenamiento y transferencia de archivos,110.79,65,2025-12-27 00:00:00,2026-07-17 00:00:00
1271,SKU-01271,Cable USB Amazon Basics 9767,Cable USB para conexión y transferencia de datos,1044.93,104,2025-08-27 00:00:00,2026-02-04 00:00:00
1272,SKU-01272,Webcam Microsoft 7654,Cámara web para videollamadas,1351.25,44,2026-05-20 00:00:00,2026-07-29 00:00:00
1273,SKU-01273,Webcam Trust 6369,Cámara web para videollamadas,975.8,69,2025-12-24 00:00:00,2026-08-10 00:00:00
1274,SKU-01274,Memoria USB SanDisk 6533,Memoria USB para almacenamiento y transferencia de archivos,357.23,32,2025-08-24 00:00:00,2025-10-31 00:00:00
1275,SKU-01275,Disco SSD Samsung 9974,Unidad SSD para almacenamiento de datos,1872.26,52,2025-08-29 00:00:00,2025-09-04 00:00:00
1276,SKU-01276,Cable USB Amazon Basics 2719,Cable USB para conexión y transferencia de datos,270.67,128,2025-02-05 00:00:00,2025-06-03 00:00:00
1277,SKU-01277,Cable USB Belkin 5879,Cable USB para conexión y transferencia de datos,376.49,90,2025-10-27 00:00:00,2026-03-28 00:00:00
1278,SKU-01278,Mouse Logitech 6646,Mouse óptico para computadora,2493.27,71,2025-04-27 00:00:00,2025-07-20 00:00:00
1279,SKU-01279,Monitor AOC 8317,Monitor para computadora de alta resolución,8901.83,17,2026-07-03 00:00:00,2026-07-07 00:00:00
1280,SKU-01280,Disco SSD Crucial 4843,Unidad SSD para almacenamiento de datos,2892.48,77,2026-04-15 00:00:00,2026-09-21 00:00:00
1281,SKU-01281,Mouse Microsoft 3766,Mouse óptico para computadora,1036.8,16,2025-02-04 00:00:00,2025-03-07 00:00:00
1282,SKU-01282,Disco SSD Kingston 2400,Unidad SSD para almacenamiento de datos,4423.0,25,2025-10-14 00:00:00,2026-05-05 00:00:00
1283,SKU-01283,Disco SSD Kingston 2758,Unidad SSD para almacenamiento de datos,1183.22,66,2025-03-21 00:00:00,2025-04-16 00:00:00
1284,SKU-01284,Disco SSD Samsung 5923,Unidad SSD para almacenamiento de datos,3212.57,59,2025-06-21 00:00:00,2026-01-18 00:00:00
1285,SKU-01285,Webcam Trust 3090,Cámara web para videollamadas,564.08,31,2025-06-28 00:00:00,2025-11-14 00:00:00
1286,SKU-01286,Disco SSD Kingston 7577,Unidad SSD para almacenamiento de datos,4131.44,53,2026-02-07 00:00:00,2026-08-17 00:00:00
1287,SKU-01287,Monitor Samsung 4242,Monitor para computadora de alta resolución,9960.76,21,2026-08-12 00:00:00,2026-09-21 00:00:00
1288,SKU-01288,Teclado Logitech 1604,Teclado para computadora de uso diario,1765.3,98,2025-07-13 00:00:00,2026-02-10 00:00:00
1289,SKU-01289,Disco SSD Crucial 4632,Unidad SSD para almacenamiento de datos,4160.85,52,2026-03-30 00:00:00,2026-09-03 00:00:00
1290,SKU-01290,Teclado HP 2410,Teclado para computadora de uso diario,2673.51,29,2025-11-15 00:00:00,2025-12-08 00:00:00
1291,SKU-01291,Laptop HP 5496,Equipo portátil para trabajo y estudio,22209.52,26,2025-04-25 00:00:00,2025-05-30 00:00:00
1292,SKU-01292,Mouse Genius 2779,Mouse óptico para computadora,380.04,10,2025-10-26 00:00:00,2026-05-13 00:00:00
1293,SKU-01293,Monitor AOC 1152,Monitor para computadora de alta resolución,3748.4,33,2026-08-18 00:00:00,2026-09-21 00:00:00
1294,SKU-01294,Cable USB Steren 343,Cable USB para conexión y transferencia de datos,1754.93,26,2025-01-28 00:00:00,2025-07-10 00:00:00
1295,SKU-01295,Teclado Redragon 7189,Teclado para computadora de uso diario,2528.3,73,2026-01-28 00:00:00,2026-09-21 00:00:00
1296,SKU-01296,Memoria USB PNY 8888,Memoria USB para almacenamiento y transferencia de archivos,661.46,128,2025-05-10 00:00:00,2025-09-11 00:00:00
1297,SKU-01297,Cable USB Baseus 1543,Cable USB para conexión y transferencia de datos,1627.34,76,2026-01-05 00:00:00,2026-06-09 00:00:00
1298,SKU-01298,Monitor ASUS 7334,Monitor para computadora de alta resolución,3310.96,18,2025-02-10 00:00:00,2025-08-16 00:00:00
1299,SKU-01299,Monitor AOC 5088,Monitor para computadora de alta resolución,10740.65,39,2026-06-11 00:00:00,2026-07-25 00:00:00
1300,SKU-01300,Teclado Redragon 8144,Teclado para computadora de uso diario,3192.02,21,2026-06-08 00:00:00,2026-09-21 00:00:00
1301,SKU-01301,Webcam HP 9118,Cámara web para videollamadas,2141.91,40,2025-05-17 00:00:00,2025-06-03 00:00:00
1302,SKU-01302,Disco SSD Kingston 4990,Unidad SSD para almacenamiento de datos,2896.43,56,2025-07-03 00:00:00,2026-01-04 00:00:00
1303,SKU-01303,Webcam Trust 3619,Cámara web para videollamadas,754.21,13,2026-06-10 00:00:00,2026-09-21 00:00:00
1304,SKU-01304,Audífonos Sony 685,"Audífonos para música, llamadas y multimedia",3314.42,57,2025-06-10 00:00:00,2025-08-09 00:00:00
1305,SKU-01305,Memoria USB Kingston 8465,Memoria USB para almacenamiento y transferencia de archivos,974.6,126,2026-05-13 00:00:00,2026-09-21 00:00:00
1306,SKU-01306,Mouse Logitech 7533,Mouse óptico para computadora,589.99,69,2026-01-07 00:00:00,2026-06-26 00:00:00
1307,SKU-01307,Webcam Microsoft 6510,Cámara web para videollamadas,427.13,80,2025-03-23 00:00:00,2025-04-12 00:00:00
1308,SKU-01308,Teclado Microsoft 1019,Teclado para computadora de uso diario,489.28,36,2025-03-27 00:00:00,2025-10-21 00:00:00
1309,SKU-01309,Monitor ASUS 3310,Monitor para computadora de alta resolución,7410.62,32,2025-06-16 00:00:00,2025-10-21 00:00:00
1310,SKU-01310,Laptop Acer 6004,Equipo portátil para trabajo y estudio,16490.24,18,2026-02-01 00:00:00,2026-09-20 00:00:00
1311,SKU-01311,Disco SSD Kingston 2258,Unidad SSD para almacenamiento de datos,3807.74,68,2025-01-12 00:00:00,2025-02-20 00:00:00
1312,SKU-01312,Cable USB Amazon Basics 1250,Cable USB para conexión y transferencia de datos,198.37,73,2025-07-19 00:00:00,2026-02-09 00:00:00
1313,SKU-01313,Teclado HP 8745,Teclado para computadora de uso diario,1446.51,44,2025-01-25 00:00:00,2025-09-02 00:00:00
1314,SKU-01314,Monitor ASUS 3807,Monitor para computadora de alta resolución,11851.32,7,2026-05-09 00:00:00,2026-09-21 00:00:00
1315,SKU-01315,Router D-Link 3878,Router inalámbrico para conexión de red,2072.65,10,2025-03-27 00:00:00,2025-05-01 00:00:00
1316,SKU-01316,Disco SSD ADATA 6250,Unidad SSD para almacenamiento de datos,3563.17,70,2026-02-16 00:00:00,2026-06-15 00:00:00
1317,SKU-01317,Cable USB Belkin 5926,Cable USB para conexión y transferencia de datos,1063.86,80,2025-08-05 00:00:00,2026-02-09 00:00:00
1318,SKU-01318,Router Netgear 5036,Router inalámbrico para conexión de red,350.69,41,2025-12-27 00:00:00,2026-01-18 00:00:00
1319,SKU-01319,Memoria USB SanDisk 8728,Memoria USB para almacenamiento y transferencia de archivos,1713.98,44,2025-01-15 00:00:00,2025-08-15 00:00:00
1320,SKU-01320,Laptop HP 6215,Equipo portátil para trabajo y estudio,18774.35,32,2026-03-23 00:00:00,2026-07-31 00:00:00
1321,SKU-01321,Disco SSD ADATA 256,Unidad SSD para almacenamiento de datos,1590.67,32,2025-05-17 00:00:00,2025-06-13 00:00:00
1322,SKU-01322,Router Netgear 8725,Router inalámbrico para conexión de red,2083.63,10,2025-05-09 00:00:00,2025-12-02 00:00:00
1323,SKU-01323,Webcam HP 3101,Cámara web para videollamadas,1362.89,56,2025-12-10 00:00:00,2026-03-25 00:00:00
1324,SKU-01324,Teclado Genius 1586,Teclado para computadora de uso diario,2691.82,40,2025-06-07 00:00:00,2026-02-11 00:00:00
1325,SKU-01325,Router Huawei 2114,Router inalámbrico para conexión de red,1412.0,73,2025-12-13 00:00:00,2026-02-15 00:00:00
1326,SKU-01326,Teclado Microsoft 8774,Teclado para computadora de uso diario,689.45,26,2026-08-23 00:00:00,2026-09-21 00:00:00
1327,SKU-01327,Mouse Logitech 1275,Mouse óptico para computadora,1764.06,81,2025-03-17 00:00:00,2025-03-30 00:00:00
1328,SKU-01328,Monitor LG 9670,Monitor para computadora de alta resolución,7439.57,39,2025-02-08 00:00:00,2025-10-11 00:00:00
1329,SKU-01329,Disco SSD Kingston 2158,Unidad SSD para almacenamiento de datos,2310.5,73,2025-04-28 00:00:00,2025-08-31 00:00:00
1330,SKU-01330,Cable USB Baseus 6675,Cable USB para conexión y transferencia de datos,1001.5,122,2025-02-27 00:00:00,2025-08-12 00:00:00
1331,SKU-01331,Webcam Logitech 7985,Cámara web para videollamadas,478.82,64,2025-06-07 00:00:00,2025-12-02 00:00:00
1332,SKU-01332,Teclado Redragon 5058,Teclado para computadora de uso diario,1649.3,86,2026-03-27 00:00:00,2026-04-25 00:00:00
1333,SKU-01333,Teclado HP 4831,Teclado para computadora de uso diario,983.41,20,2026-05-24 00:00:00,2026-09-21 00:00:00
1334,SKU-01334,Teclado HP 5032,Teclado para computadora de uso diario,886.56,43,2025-03-26 00:00:00,2025-06-03 00:00:00
1335,SKU-01335,Router TP-Link 1155,Router inalámbrico para conexión de red,872.34,44,2026-08-21 00:00:00,2026-09-21 00:00:00
1336,SKU-01336,Teclado HP 3476,Teclado para computadora de uso diario,2614.53,22,2025-09-14 00:00:00,2026-05-12 00:00:00
1337,SKU-01337,Laptop Dell 9305,Equipo portátil para trabajo y estudio,26020.99,15,2026-02-03 00:00:00,2026-08-26 00:00:00
1338,SKU-01338,Mouse HP 4807,Mouse óptico para computadora,2340.0,39,2025-10-17 00:00:00,2025-11-08 00:00:00
1339,SKU-01339,Router Huawei 5956,Router inalámbrico para conexión de red,1234.16,56,2026-05-24 00:00:00,2026-09-21 00:00:00
1340,SKU-01340,Cable USB Belkin 7129,Cable USB para conexión y transferencia de datos,1163.73,89,2025-04-20 00:00:00,2025-08-29 00:00:00
1341,SKU-01341,Cable USB Steren 5742,Cable USB para conexión y transferencia de datos,163.56,61,2026-01-18 00:00:00,2026-07-15 00:00:00
1342,SKU-01342,Mouse Razer 637,Mouse óptico para computadora,2061.7,97,2025-12-05 00:00:00,2026-07-14 00:00:00
1343,SKU-01343,Memoria USB SanDisk 3573,Memoria USB para almacenamiento y transferencia de archivos,877.95,47,2025-01-13 00:00:00,2025-04-04 00:00:00
1344,SKU-01344,Memoria USB Verbatim 3355,Memoria USB para almacenamiento y transferencia de archivos,404.25,19,2026-05-20 00:00:00,2026-09-21 00:00:00
1345,SKU-01345,Router TP-Link 1491,Router inalámbrico para conexión de red,1897.88,10,2026-04-25 00:00:00,2026-05-03 00:00:00
1346,SKU-01346,Webcam Trust 9665,Cámara web para videollamadas,2160.19,79,2025-03-25 00:00:00,2025-05-25 00:00:00
1347,SKU-01347,Mouse HP 1023,Mouse óptico para computadora,2424.45,19,2025-04-27 00:00:00,2025-08-13 00:00:00
1348,SKU-01348,Memoria USB PNY 7642,Memoria USB para almacenamiento y transferencia de archivos,1607.29,79,2026-08-10 00:00:00,2026-09-21 00:00:00
1349,SKU-01349,Disco SSD Crucial 4065,Unidad SSD para almacenamiento de datos,1710.77,43,2026-02-22 00:00:00,2026-03-01 00:00:00
1350,SKU-01350,Laptop Lenovo 4403,Equipo portátil para trabajo y estudio,25450.33,21,2026-03-28 00:00:00,2026-07-06 00:00:00
1351,SKU-01351,Monitor AOC 2367,Monitor para computadora de alta resolución,4931.58,32,2026-02-05 00:00:00,2026-05-10 00:00:00
1352,SKU-01352,Laptop Dell 1384,Equipo portátil para trabajo y estudio,12483.69,13,2025-10-01 00:00:00,2026-02-01 00:00:00
1353,SKU-01353,Teclado Microsoft 9399,Teclado para computadora de uso diario,3120.72,47,2025-01-04 00:00:00,2025-01-26 00:00:00
1354,SKU-01354,Router TP-Link 6914,Router inalámbrico para conexión de red,2284.6,21,2026-06-08 00:00:00,2026-07-20 00:00:00
1355,SKU-01355,Audífonos Philips 7724,"Audífonos para música, llamadas y multimedia",1839.7,72,2025-05-13 00:00:00,2025-06-15 00:00:00
1356,SKU-01356,Router TP-Link 7435,Router inalámbrico para conexión de red,1897.83,43,2025-10-18 00:00:00,2026-03-24 00:00:00
1357,SKU-01357,Webcam Logitech 568,Cámara web para videollamadas,1559.65,39,2025-11-30 00:00:00,2026-03-11 00:00:00
1358,SKU-01358,Mouse HP 1613,Mouse óptico para computadora,1133.75,9,2025-08-22 00:00:00,2026-02-20 00:00:00
1359,SKU-01359,Monitor Dell 814,Monitor para computadora de alta resolución,11436.43,30,2026-02-21 00:00:00,2026-08-13 00:00:00
1360,SKU-01360,Teclado Microsoft 8489,Teclado para computadora de uso diario,3210.79,59,2026-02-19 00:00:00,2026-06-16 00:00:00
1361,SKU-01361,Mouse Genius 905,Mouse óptico para computadora,1140.77,91,2026-05-14 00:00:00,2026-09-21 00:00:00
1362,SKU-01362,Memoria USB Kingston 6031,Memoria USB para almacenamiento y transferencia de archivos,1001.94,145,2026-04-16 00:00:00,2026-07-22 00:00:00
1363,SKU-01363,Teclado Logitech 955,Teclado para computadora de uso diario,1761.5,7,2026-06-19 00:00:00,2026-09-21 00:00:00
1364,SKU-01364,Disco SSD Kingston 7979,Unidad SSD para almacenamiento de datos,3869.9,78,2025-01-11 00:00:00,2025-07-22 00:00:00
1365,SKU-01365,Audífonos Philips 2641,"Audífonos para música, llamadas y multimedia",3131.43,74,2026-04-04 00:00:00,2026-05-06 00:00:00
1366,SKU-01366,Router Netgear 5295,Router inalámbrico para conexión de red,3393.35,77,2025-05-17 00:00:00,2025-09-23 00:00:00
1367,SKU-01367,Memoria USB PNY 5956,Memoria USB para almacenamiento y transferencia de archivos,892.94,110,2025-02-26 00:00:00,2025-08-22 00:00:00
1368,SKU-01368,Teclado Logitech 2057,Teclado para computadora de uso diario,1255.61,100,2025-07-21 00:00:00,2025-11-22 00:00:00
1369,SKU-01369,Router Tenda 4332,Router inalámbrico para conexión de red,659.36,56,2025-12-20 00:00:00,2026-04-06 00:00:00
1370,SKU-01370,Cable USB UGREEN 1462,Cable USB para conexión y transferencia de datos,1293.37,42,2026-08-13 00:00:00,2026-09-21 00:00:00
1371,SKU-01371,Router Huawei 273,Router inalámbrico para conexión de red,3048.77,78,2025-02-17 00:00:00,2025-08-30 00:00:00
1372,SKU-01372,Memoria USB ADATA 553,Memoria USB para almacenamiento y transferencia de archivos,1328.02,108,2025-10-16 00:00:00,2026-04-29 00:00:00
1373,SKU-01373,Monitor Dell 3994,Monitor para computadora de alta resolución,4148.24,25,2025-12-05 00:00:00,2026-01-25 00:00:00
1374,SKU-01374,Cable USB Steren 682,Cable USB para conexión y transferencia de datos,830.69,99,2025-03-12 00:00:00,2025-10-13 00:00:00
1375,SKU-01375,Mouse Razer 6723,Mouse óptico para computadora,2367.18,66,2025-03-11 00:00:00,2025-07-12 00:00:00
1376,SKU-01376,Mouse HP 6642,Mouse óptico para computadora,2626.23,45,2026-07-29 00:00:00,2026-09-21 00:00:00
1377,SKU-01377,Webcam Logitech 1389,Cámara web para videollamadas,2576.92,63,2025-07-09 00:00:00,2025-12-01 00:00:00
1378,SKU-01378,Memoria USB Kingston 3652,Memoria USB para almacenamiento y transferencia de archivos,398.61,129,2025-04-19 00:00:00,2025-11-03 00:00:00
1379,SKU-01379,Laptop Dell 7393,Equipo portátil para trabajo y estudio,11595.32,16,2025-02-14 00:00:00,2025-03-02 00:00:00
1380,SKU-01380,Disco SSD ADATA 1237,Unidad SSD para almacenamiento de datos,1689.94,44,2026-06-30 00:00:00,2026-09-05 00:00:00
1381,SKU-01381,Mouse Microsoft 658,Mouse óptico para computadora,1708.78,86,2026-06-15 00:00:00,2026-09-21 00:00:00
1382,SKU-01382,Laptop Dell 2467,Equipo portátil para trabajo y estudio,27728.41,25,2025-12-18 00:00:00,2026-02-06 00:00:00
1383,SKU-01383,Teclado Microsoft 3010,Teclado para computadora de uso diario,1134.99,41,2025-08-21 00:00:00,2025-11-20 00:00:00
1384,SKU-01384,Memoria USB SanDisk 7401,Memoria USB para almacenamiento y transferencia de archivos,776.61,68,2025-01-16 00:00:00,2025-08-07 00:00:00
1385,SKU-01385,Disco SSD Western Digital 9133,Unidad SSD para almacenamiento de datos,1210.43,80,2025-02-02 00:00:00,2025-02-09 00:00:00
1386,SKU-01386,Webcam Microsoft 3212,Cámara web para videollamadas,2748.6,14,2025-09-20 00:00:00,2025-09-28 00:00:00
1387,SKU-01387,Webcam Microsoft 2059,Cámara web para videollamadas,1598.81,38,2026-05-22 00:00:00,2026-09-21 00:00:00
1388,SKU-01388,Mouse Razer 8129,Mouse óptico para computadora,1975.74,27,2026-07-16 00:00:00,2026-09-21 00:00:00
1389,SKU-01389,Monitor ASUS 6741,Monitor para computadora de alta resolución,8682.62,31,2025-04-27 00:00:00,2025-08-06 00:00:00
1390,SKU-01390,Memoria USB Kingston 6214,Memoria USB para almacenamiento y transferencia de archivos,916.3,72,2025-04-19 00:00:00,2025-04-29 00:00:00
1391,SKU-01391,Monitor ASUS 2783,Monitor para computadora de alta resolución,7065.1,12,2025-08-24 00:00:00,2025-10-24 00:00:00
1392,SKU-01392,Laptop Lenovo 3984,Equipo portátil para trabajo y estudio,21771.72,7,2025-09-28 00:00:00,2026-05-29 00:00:00
1393,SKU-01393,Memoria USB Verbatim 6550,Memoria USB para almacenamiento y transferencia de archivos,1264.8,89,2026-06-02 00:00:00,2026-09-21 00:00:00
1394,SKU-01394,Memoria USB Kingston 7145,Memoria USB para almacenamiento y transferencia de archivos,306.46,83,2025-07-01 00:00:00,2025-08-07 00:00:00
1395,SKU-01395,Teclado Microsoft 1974,Teclado para computadora de uso diario,2464.16,56,2025-09-24 00:00:00,2026-01-03 00:00:00
1396,SKU-01396,Webcam AverMedia 7955,Cámara web para videollamadas,1040.5,72,2025-05-20 00:00:00,2025-12-29 00:00:00
1397,SKU-01397,Webcam Trust 5432,Cámara web para videollamadas,2303.94,10,2025-04-28 00:00:00,2025-05-24 00:00:00
1398,SKU-01398,Webcam AverMedia 3402,Cámara web para videollamadas,3010.07,85,2025-07-24 00:00:00,2025-12-15 00:00:00
1399,SKU-01399,Disco SSD Western Digital 1966,Unidad SSD para almacenamiento de datos,1951.29,52,2026-01-06 00:00:00,2026-03-24 00:00:00
1400,SKU-01400,Teclado Microsoft 134,Teclado para computadora de uso diario,3145.13,90,2025-10-27 00:00:00,2026-05-31 00:00:00
1401,SKU-01401,Laptop HP 9791,Equipo portátil para trabajo y estudio,27338.36,17,2025-11-30 00:00:00,2026-06-25 00:00:00
1402,SKU-01402,Mouse Microsoft 2046,Mouse óptico para computadora,1557.1,61,2026-05-19 00:00:00,2026-08-29 00:00:00
1403,SKU-01403,Webcam HP 5038,Cámara web para videollamadas,2404.32,5,2026-08-07 00:00:00,2026-09-21 00:00:00
1404,SKU-01404,Teclado Microsoft 6081,Teclado para computadora de uso diario,764.22,45,2025-04-22 00:00:00,2025-09-03 00:00:00
1405,SKU-01405,Mouse HP 839,Mouse óptico para computadora,1323.05,24,2026-08-06 00:00:00,2026-09-21 00:00:00
1406,SKU-01406,Memoria USB Verbatim 1123,Memoria USB para almacenamiento y transferencia de archivos,847.42,102,2025-06-05 00:00:00,2025-09-20 00:00:00
1407,SKU-01407,Webcam Trust 7183,Cámara web para videollamadas,508.85,47,2025-07-12 00:00:00,2025-11-24 00:00:00
1408,SKU-01408,Monitor Dell 7588,Monitor para computadora de alta resolución,2577.8,8,2025-09-27 00:00:00,2025-12-25 00:00:00
1409,SKU-01409,Router D-Link 5701,Router inalámbrico para conexión de red,2385.78,24,2026-02-27 00:00:00,2026-08-21 00:00:00
1410,SKU-01410,Cable USB Belkin 5991,Cable USB para conexión y transferencia de datos,1273.78,67,2026-01-24 00:00:00,2026-05-12 00:00:00
1411,SKU-01411,Teclado HP 7307,Teclado para computadora de uso diario,2860.22,48,2025-12-17 00:00:00,2026-06-06 00:00:00
1412,SKU-01412,Monitor LG 1527,Monitor para computadora de alta resolución,7645.62,38,2026-05-17 00:00:00,2026-09-21 00:00:00
1413,SKU-01413,Router Tenda 542,Router inalámbrico para conexión de red,3406.33,64,2026-07-15 00:00:00,2026-09-21 00:00:00
1414,SKU-01414,Cable USB Steren 1127,Cable USB para conexión y transferencia de datos,1487.99,45,2026-03-05 00:00:00,2026-04-28 00:00:00
1415,SKU-01415,Webcam Trust 8872,Cámara web para videollamadas,2827.86,22,2025-02-27 00:00:00,2025-05-19 00:00:00
1416,SKU-01416,Monitor ASUS 8559,Monitor para computadora de alta resolución,4099.4,32,2026-03-25 00:00:00,2026-09-21 00:00:00
1417,SKU-01417,Cable USB Belkin 4827,Cable USB para conexión y transferencia de datos,809.94,73,2025-03-22 00:00:00,2025-05-21 00:00:00
1418,SKU-01418,Webcam HP 4557,Cámara web para videollamadas,3034.26,28,2026-04-08 00:00:00,2026-05-18 00:00:00
1419,SKU-01419,Laptop Dell 9278,Equipo portátil para trabajo y estudio,12240.75,9,2025-02-03 00:00:00,2025-02-20 00:00:00
1420,SKU-01420,Audífonos Logitech 4480,"Audífonos para música, llamadas y multimedia",2451.39,50,2025-06-04 00:00:00,2026-01-17 00:00:00
1421,SKU-01421,Mouse HP 6286,Mouse óptico para computadora,2121.13,57,2025-02-14 00:00:00,2025-04-25 00:00:00
1422,SKU-01422,Mouse HP 9929,Mouse óptico para computadora,455.13,73,2025-03-29 00:00:00,2025-07-15 00:00:00
1423,SKU-01423,Laptop Lenovo 7205,Equipo portátil para trabajo y estudio,10822.69,29,2025-07-28 00:00:00,2025-08-26 00:00:00
1424,SKU-01424,Memoria USB ADATA 6055,Memoria USB para almacenamiento y transferencia de archivos,184.51,30,2026-05-14 00:00:00,2026-09-21 00:00:00
1425,SKU-01425,Audífonos Sony 2891,"Audífonos para música, llamadas y multimedia",1606.97,74,2025-10-13 00:00:00,2026-02-06 00:00:00
1426,SKU-01426,Laptop ASUS 9054,Equipo portátil para trabajo y estudio,25424.1,25,2025-08-16 00:00:00,2025-10-23 00:00:00
1427,SKU-01427,Audífonos JBL 1667,"Audífonos para música, llamadas y multimedia",3402.46,7,2026-04-11 00:00:00,2026-06-09 00:00:00
1428,SKU-01428,Memoria USB ADATA 8418,Memoria USB para almacenamiento y transferencia de archivos,1499.46,113,2025-08-04 00:00:00,2025-10-21 00:00:00
1429,SKU-01429,Webcam Logitech 5604,Cámara web para videollamadas,2833.83,78,2025-03-23 00:00:00,2025-10-30 00:00:00
1430,SKU-01430,Cable USB Belkin 9105,Cable USB para conexión y transferencia de datos,1423.82,141,2025-07-12 00:00:00,2026-02-25 00:00:00
1431,SKU-01431,Monitor Samsung 4668,Monitor para computadora de alta resolución,9211.44,15,2025-09-08 00:00:00,2025-11-26 00:00:00
1432,SKU-01432,Laptop Lenovo 4802,Equipo portátil para trabajo y estudio,9802.75,8,2025-02-02 00:00:00,2025-05-27 00:00:00
1433,SKU-01433,Router TP-Link 2231,Router inalámbrico para conexión de red,2715.15,16,2025-11-16 00:00:00,2026-05-22 00:00:00
1434,SKU-01434,Memoria USB ADATA 8319,Memoria USB para almacenamiento y transferencia de archivos,341.52,70,2026-03-05 00:00:00,2026-09-18 00:00:00
1435,SKU-01435,Teclado Genius 6984,Teclado para computadora de uso diario,2441.12,51,2025-01-29 00:00:00,2025-06-19 00:00:00
1436,SKU-01436,Webcam HP 8027,Cámara web para videollamadas,715.16,86,2026-08-20 00:00:00,2026-09-21 00:00:00
1437,SKU-01437,Cable USB Amazon Basics 8992,Cable USB para conexión y transferencia de datos,1785.25,32,2025-02-13 00:00:00,2025-05-18 00:00:00
1438,SKU-01438,Cable USB Amazon Basics 4115,Cable USB para conexión y transferencia de datos,1466.52,11,2025-04-14 00:00:00,2025-09-09 00:00:00
1439,SKU-01439,Memoria USB SanDisk 2554,Memoria USB para almacenamiento y transferencia de archivos,1706.09,147,2025-02-28 00:00:00,2025-05-03 00:00:00
1440,SKU-01440,Webcam Microsoft 3093,Cámara web para videollamadas,2574.81,63,2025-07-19 00:00:00,2025-09-05 00:00:00
1441,SKU-01441,Router TP-Link 2318,Router inalámbrico para conexión de red,707.95,35,2025-12-24 00:00:00,2026-07-01 00:00:00
1442,SKU-01442,Cable USB Belkin 7704,Cable USB para conexión y transferencia de datos,460.05,14,2025-02-27 00:00:00,2025-10-04 00:00:00
1443,SKU-01443,Webcam Logitech 3893,Cámara web para videollamadas,3237.87,88,2025-06-04 00:00:00,2025-10-05 00:00:00
1444,SKU-01444,Mouse Razer 7066,Mouse óptico para computadora,1715.07,33,2026-02-18 00:00:00,2026-05-27 00:00:00
1445,SKU-01445,Audífonos Sony 606,"Audífonos para música, llamadas y multimedia",3181.88,91,2026-03-13 00:00:00,2026-05-28 00:00:00
1446,SKU-01446,Mouse Genius 5087,Mouse óptico para computadora,2496.33,72,2025-12-02 00:00:00,2026-07-18 00:00:00
1447,SKU-01447,Teclado HP 8251,Teclado para computadora de uso diario,3392.32,37,2025-01-23 00:00:00,2025-06-27 00:00:00
1448,SKU-01448,Teclado Logitech 460,Teclado para computadora de uso diario,610.47,39,2026-04-05 00:00:00,2026-09-21 00:00:00
1449,SKU-01449,Monitor Dell 3376,Monitor para computadora de alta resolución,10518.5,48,2025-05-02 00:00:00,2025-12-14 00:00:00
1450,SKU-01450,Webcam Microsoft 4409,Cámara web para videollamadas,2778.6,23,2025-12-20 00:00:00,2026-03-29 00:00:00
1451,SKU-01451,Audífonos HyperX 7593,"Audífonos para música, llamadas y multimedia",1298.38,15,2026-01-30 00:00:00,2026-07-28 00:00:00
1452,SKU-01452,Audífonos Logitech 161,"Audífonos para música, llamadas y multimedia",384.72,12,2026-05-16 00:00:00,2026-06-06 00:00:00
1453,SKU-01453,Router D-Link 7623,Router inalámbrico para conexión de red,513.22,95,2026-03-01 00:00:00,2026-06-18 00:00:00
1454,SKU-01454,Cable USB UGREEN 7089,Cable USB para conexión y transferencia de datos,433.28,31,2026-08-11 00:00:00,2026-09-21 00:00:00
1455,SKU-01455,Memoria USB ADATA 7267,Memoria USB para almacenamiento y transferencia de archivos,1196.3,40,2026-05-08 00:00:00,2026-09-21 00:00:00
1456,SKU-01456,Mouse Logitech 5072,Mouse óptico para computadora,1853.03,45,2026-03-27 00:00:00,2026-04-14 00:00:00
1457,SKU-01457,Router TP-Link 7311,Router inalámbrico para conexión de red,1568.4,44,2025-10-12 00:00:00,2025-10-24 00:00:00
1458,SKU-01458,Teclado Microsoft 9774,Teclado para computadora de uso diario,1761.78,45,2025-12-24 00:00:00,2026-06-08 00:00:00
1459,SKU-01459,Monitor Samsung 9848,Monitor para computadora de alta resolución,9954.62,20,2026-03-22 00:00:00,2026-04-22 00:00:00
1460,SKU-01460,Cable USB Belkin 5225,Cable USB para conexión y transferencia de datos,1724.26,43,2026-06-15 00:00:00,2026-07-11 00:00:00
1461,SKU-01461,Cable USB UGREEN 5699,Cable USB para conexión y transferencia de datos,633.94,44,2025-08-30 00:00:00,2025-10-23 00:00:00
1462,SKU-01462,Disco SSD Crucial 9575,Unidad SSD para almacenamiento de datos,3444.39,52,2025-07-11 00:00:00,2025-08-09 00:00:00
1463,SKU-01463,Mouse Razer 6776,Mouse óptico para computadora,1232.33,88,2025-12-31 00:00:00,2026-04-02 00:00:00
1464,SKU-01464,Audífonos JBL 4447,"Audífonos para música, llamadas y multimedia",1369.82,92,2025-06-09 00:00:00,2025-09-16 00:00:00
1465,SKU-01465,Router TP-Link 1447,Router inalámbrico para conexión de red,1241.55,32,2025-01-31 00:00:00,2025-04-30 00:00:00
1466,SKU-01466,Audífonos Philips 620,"Audífonos para música, llamadas y multimedia",3137.86,61,2026-04-20 00:00:00,2026-09-21 00:00:00
1467,SKU-01467,Laptop ASUS 3236,Equipo portátil para trabajo y estudio,25515.87,27,2025-06-02 00:00:00,2025-10-06 00:00:00
1468,SKU-01468,Memoria USB PNY 222,Memoria USB para almacenamiento y transferencia de archivos,1268.59,68,2026-04-29 00:00:00,2026-09-06 00:00:00
1469,SKU-01469,Laptop Acer 2423,Equipo portátil para trabajo y estudio,19540.15,21,2025-12-28 00:00:00,2026-01-14 00:00:00
1470,SKU-01470,Cable USB Amazon Basics 8384,Cable USB para conexión y transferencia de datos,676.58,27,2025-08-30 00:00:00,2025-10-19 00:00:00
1471,SKU-01471,Router Huawei 8555,Router inalámbrico para conexión de red,621.84,65,2025-04-28 00:00:00,2025-11-10 00:00:00
1472,SKU-01472,Monitor AOC 5968,Monitor para computadora de alta resolución,9343.45,6,2025-06-09 00:00:00,2025-06-17 00:00:00
1473,SKU-01473,Audífonos Sony 8914,"Audífonos para música, llamadas y multimedia",1987.37,24,2025-09-10 00:00:00,2025-09-18 00:00:00
1474,SKU-01474,Monitor AOC 8379,Monitor para computadora de alta resolución,6222.55,44,2026-08-09 00:00:00,2026-09-21 00:00:00
1475,SKU-01475,Cable USB Baseus 3082,Cable USB para conexión y transferencia de datos,425.83,71,2025-05-06 00:00:00,2025-11-13 00:00:00
1476,SKU-01476,Mouse Microsoft 6478,Mouse óptico para computadora,1619.55,72,2026-07-04 00:00:00,2026-09-21 00:00:00
1477,SKU-01477,Disco SSD Samsung 9355,Unidad SSD para almacenamiento de datos,3396.47,57,2026-06-02 00:00:00,2026-09-21 00:00:00
1478,SKU-01478,Disco SSD Crucial 2756,Unidad SSD para almacenamiento de datos,2129.31,70,2026-07-06 00:00:00,2026-09-21 00:00:00
1479,SKU-01479,Router Netgear 4275,Router inalámbrico para conexión de red,2343.67,47,2025-04-16 00:00:00,2025-06-10 00:00:00
1480,SKU-01480,Disco SSD Western Digital 9842,Unidad SSD para almacenamiento de datos,3517.86,66,2025-11-19 00:00:00,2026-07-10 00:00:00
1481,SKU-01481,Router Tenda 2585,Router inalámbrico para conexión de red,987.78,35,2025-09-30 00:00:00,2026-04-29 00:00:00
1482,SKU-01482,Memoria USB PNY 4746,Memoria USB para almacenamiento y transferencia de archivos,1029.74,87,2025-12-18 00:00:00,2026-05-13 00:00:00
1483,SKU-01483,Router D-Link 3732,Router inalámbrico para conexión de red,2012.89,95,2025-03-02 00:00:00,2025-03-18 00:00:00
1484,SKU-01484,Router Netgear 9347,Router inalámbrico para conexión de red,692.08,5,2026-04-13 00:00:00,2026-09-21 00:00:00
1485,SKU-01485,Audífonos Sony 8947,"Audífonos para música, llamadas y multimedia",1434.06,73,2025-02-12 00:00:00,2025-02-15 00:00:00
1486,SKU-01486,Monitor AOC 7806,Monitor para computadora de alta resolución,10358.22,49,2026-01-04 00:00:00,2026-03-21 00:00:00
1487,SKU-01487,Laptop ASUS 2443,Equipo portátil para trabajo y estudio,16020.5,17,2025-04-26 00:00:00,2025-07-21 00:00:00
1488,SKU-01488,Monitor Dell 2958,Monitor para computadora de alta resolución,7412.4,5,2026-01-16 00:00:00,2026-07-17 00:00:00
1489,SKU-01489,Memoria USB PNY 3561,Memoria USB para almacenamiento y transferencia de archivos,1747.15,11,2026-04-17 00:00:00,2026-07-25 00:00:00
1490,SKU-01490,Laptop Dell 1377,Equipo portátil para trabajo y estudio,23584.03,32,2026-03-31 00:00:00,2026-07-08 00:00:00
1491,SKU-01491,Laptop Lenovo 3754,Equipo portátil para trabajo y estudio,15184.65,14,2026-03-20 00:00:00,2026-08-20 00:00:00
1492,SKU-01492,Disco SSD Kingston 8669,Unidad SSD para almacenamiento de datos,4143.66,42,2025-06-10 00:00:00,2025-08-29 00:00:00
1493,SKU-01493,Router Tenda 4173,Router inalámbrico para conexión de red,2407.05,44,2026-02-13 00:00:00,2026-06-04 00:00:00
1494,SKU-01494,Teclado Redragon 8424,Teclado para computadora de uso diario,1682.47,26,2026-01-01 00:00:00,2026-06-23 00:00:00
1495,SKU-01495,Router Huawei 7010,Router inalámbrico para conexión de red,1069.45,31,2025-12-25 00:00:00,2026-05-25 00:00:00
1496,SKU-01496,Mouse Microsoft 1959,Mouse óptico para computadora,1144.18,59,2025-07-08 00:00:00,2025-12-07 00:00:00
1497,SKU-01497,Webcam HP 2910,Cámara web para videollamadas,697.37,86,2025-05-23 00:00:00,2025-10-27 00:00:00
1498,SKU-01498,Laptop Acer 2726,Equipo portátil para trabajo y estudio,23950.08,28,2026-02-25 00:00:00,2026-05-27 00:00:00
1499,SKU-01499,Laptop Dell 2423,Equipo portátil para trabajo y estudio,8040.69,9,2026-06-15 00:00:00,2026-09-21 00:00:00
1500,SKU-01500,Cable USB UGREEN 7240,Cable USB para conexión y transferencia de datos,1097.4,30,2026-06-09 00:00:00,2026-09-21 00:00:00
1501,SKU-01501,Mouse HP 205,Mouse óptico para computadora,2917.45,61,2026-05-30 00:00:00,2026-08-08 00:00:00
1502,SKU-01502,Audífonos Sony 5404,"Audífonos para música, llamadas y multimedia",805.04,75,2026-03-19 00:00:00,2026-04-20 00:00:00
1503,SKU-01503,Audífonos HyperX 6080,"Audífonos para música, llamadas y multimedia",2484.99,95,2025-09-16 00:00:00,2025-10-31 00:00:00
1504,SKU-01504,Monitor AOC 5902,Monitor para computadora de alta resolución,10023.95,4,2025-05-07 00:00:00,2025-06-20 00:00:00
1505,SKU-01505,Monitor AOC 8667,Monitor para computadora de alta resolución,7133.13,37,2026-08-17 00:00:00,2026-09-21 00:00:00
1506,SKU-01506,Router TP-Link 3465,Router inalámbrico para conexión de red,3376.72,17,2026-04-25 00:00:00,2026-06-12 00:00:00
1507,SKU-01507,Memoria USB SanDisk 7622,Memoria USB para almacenamiento y transferencia de archivos,320.48,12,2025-07-31 00:00:00,2026-03-12 00:00:00
1508,SKU-01508,Disco SSD ADATA 2692,Unidad SSD para almacenamiento de datos,1055.25,21,2025-06-27 00:00:00,2026-01-22 00:00:00
1509,SKU-01509,Cable USB Belkin 3949,Cable USB para conexión y transferencia de datos,852.17,41,2025-06-28 00:00:00,2025-12-25 00:00:00
1510,SKU-01510,Mouse Razer 9117,Mouse óptico para computadora,1932.66,25,2025-10-10 00:00:00,2026-04-13 00:00:00
1511,SKU-01511,Memoria USB Verbatim 9427,Memoria USB para almacenamiento y transferencia de archivos,568.74,146,2025-04-08 00:00:00,2025-12-13 00:00:00
1512,SKU-01512,Router Tenda 291,Router inalámbrico para conexión de red,686.82,6,2025-06-08 00:00:00,2025-08-14 00:00:00
1513,SKU-01513,Monitor Dell 5449,Monitor para computadora de alta resolución,8498.74,44,2025-06-04 00:00:00,2025-11-14 00:00:00
1514,SKU-01514,Teclado Redragon 5433,Teclado para computadora de uso diario,1768.39,42,2026-06-24 00:00:00,2026-09-21 00:00:00
1515,SKU-01515,Mouse Microsoft 7209,Mouse óptico para computadora,2631.85,99,2025-04-28 00:00:00,2025-07-09 00:00:00
1516,SKU-01516,Laptop Acer 6005,Equipo portátil para trabajo y estudio,19399.12,34,2026-07-27 00:00:00,2026-09-21 00:00:00
1517,SKU-01517,Webcam HP 1093,Cámara web para videollamadas,2008.19,34,2025-11-19 00:00:00,2025-12-15 00:00:00
1518,SKU-01518,Disco SSD Kingston 2240,Unidad SSD para almacenamiento de datos,1035.57,34,2026-01-16 00:00:00,2026-06-02 00:00:00
1519,SKU-01519,Teclado Redragon 4490,Teclado para computadora de uso diario,2924.35,64,2025-12-03 00:00:00,2026-03-16 00:00:00
1520,SKU-01520,Mouse Logitech 6639,Mouse óptico para computadora,2164.22,34,2025-09-13 00:00:00,2025-10-11 00:00:00
1521,SKU-01521,Cable USB Baseus 5982,Cable USB para conexión y transferencia de datos,578.4,62,2025-05-11 00:00:00,2025-08-15 00:00:00
1522,SKU-01522,Router Tenda 1101,Router inalámbrico para conexión de red,2807.18,76,2026-05-08 00:00:00,2026-09-21 00:00:00
1523,SKU-01523,Laptop Acer 9411,Equipo portátil para trabajo y estudio,14897.79,14,2025-12-20 00:00:00,2026-04-03 00:00:00
1524,SKU-01524,Audífonos Sony 1548,"Audífonos para música, llamadas y multimedia",3225.48,19,2025-05-19 00:00:00,2025-11-06 00:00:00
1525,SKU-01525,Audífonos Logitech 6690,"Audífonos para música, llamadas y multimedia",1166.12,35,2025-11-17 00:00:00,2026-03-19 00:00:00
1526,SKU-01526,Teclado Redragon 6410,Teclado para computadora de uso diario,2795.0,29,2025-02-13 00:00:00,2025-07-31 00:00:00
1527,SKU-01527,Memoria USB PNY 2025,Memoria USB para almacenamiento y transferencia de archivos,1451.1,14,2025-11-26 00:00:00,2026-07-28 00:00:00
1528,SKU-01528,Webcam AverMedia 1298,Cámara web para videollamadas,2925.53,56,2025-09-12 00:00:00,2025-11-13 00:00:00
1529,SKU-01529,Memoria USB PNY 1161,Memoria USB para almacenamiento y transferencia de archivos,1778.07,31,2025-01-28 00:00:00,2025-03-11 00:00:00
1530,SKU-01530,Disco SSD Kingston 5625,Unidad SSD para almacenamiento de datos,1599.83,80,2025-12-20 00:00:00,2026-04-18 00:00:00
1531,SKU-01531,Laptop HP 2379,Equipo portátil para trabajo y estudio,19845.01,31,2026-01-12 00:00:00,2026-04-06 00:00:00
1532,SKU-01532,Monitor LG 4917,Monitor para computadora de alta resolución,4515.28,26,2026-07-04 00:00:00,2026-07-08 00:00:00
1533,SKU-01533,Memoria USB Kingston 1056,Memoria USB para almacenamiento y transferencia de archivos,169.48,59,2025-08-22 00:00:00,2026-04-18 00:00:00
1534,SKU-01534,Monitor LG 3692,Monitor para computadora de alta resolución,5511.28,48,2025-01-09 00:00:00,2025-08-24 00:00:00
1535,SKU-01535,Cable USB UGREEN 7266,Cable USB para conexión y transferencia de datos,1540.29,81,2025-12-06 00:00:00,2026-01-28 00:00:00
1536,SKU-01536,Audífonos Sony 3117,"Audífonos para música, llamadas y multimedia",871.33,81,2026-02-15 00:00:00,2026-09-21 00:00:00
1537,SKU-01537,Laptop HP 7368,Equipo portátil para trabajo y estudio,10741.39,21,2025-02-01 00:00:00,2025-07-29 00:00:00
1538,SKU-01538,Cable USB Amazon Basics 7956,Cable USB para conexión y transferencia de datos,1274.46,92,2026-07-20 00:00:00,2026-08-10 00:00:00
1539,SKU-01539,Laptop Lenovo 1596,Equipo portátil para trabajo y estudio,20415.25,9,2025-02-01 00:00:00,2025-08-31 00:00:00
1540,SKU-01540,Teclado Microsoft 4773,Teclado para computadora de uso diario,3327.37,56,2026-02-17 00:00:00,2026-02-21 00:00:00
1541,SKU-01541,Teclado HP 9580,Teclado para computadora de uso diario,2418.56,15,2025-01-13 00:00:00,2025-02-17 00:00:00
1542,SKU-01542,Cable USB Amazon Basics 4350,Cable USB para conexión y transferencia de datos,429.55,134,2025-01-29 00:00:00,2025-06-24 00:00:00
1543,SKU-01543,Cable USB Steren 9180,Cable USB para conexión y transferencia de datos,1350.27,102,2026-01-08 00:00:00,2026-05-22 00:00:00
1544,SKU-01544,Memoria USB PNY 1107,Memoria USB para almacenamiento y transferencia de archivos,1492.68,150,2026-06-25 00:00:00,2026-07-15 00:00:00
1545,SKU-01545,Router Netgear 8463,Router inalámbrico para conexión de red,768.45,87,2026-03-30 00:00:00,2026-06-12 00:00:00
1546,SKU-01546,Teclado HP 6094,Teclado para computadora de uso diario,1767.9,21,2025-06-05 00:00:00,2025-06-18 00:00:00
1547,SKU-01547,Teclado Genius 730,Teclado para computadora de uso diario,442.5,76,2026-01-11 00:00:00,2026-07-09 00:00:00
1548,SKU-01548,Laptop HP 4989,Equipo portátil para trabajo y estudio,21579.87,19,2026-03-22 00:00:00,2026-09-21 00:00:00
1549,SKU-01549,Monitor AOC 6833,Monitor para computadora de alta resolución,10004.55,23,2026-05-24 00:00:00,2026-07-20 00:00:00
1550,SKU-01550,Audífonos JBL 7530,"Audífonos para música, llamadas y multimedia",1837.33,46,2025-02-04 00:00:00,2025-04-08 00:00:00
1551,SKU-01551,Router Huawei 2951,Router inalámbrico para conexión de red,2617.12,12,2026-08-13 00:00:00,2026-09-21 00:00:00
1552,SKU-01552,Webcam Microsoft 3360,Cámara web para videollamadas,509.74,36,2026-03-06 00:00:00,2026-03-07 00:00:00
1553,SKU-01553,Router Tenda 7724,Router inalámbrico para conexión de red,1291.79,73,2026-06-06 00:00:00,2026-09-21 00:00:00
1554,SKU-01554,Teclado Genius 2130,Teclado para computadora de uso diario,2795.13,31,2025-10-02 00:00:00,2026-04-22 00:00:00
1555,SKU-01555,Laptop Lenovo 5510,Equipo portátil para trabajo y estudio,7995.12,16,2025-02-06 00:00:00,2025-08-06 00:00:00
1556,SKU-01556,Router D-Link 7074,Router inalámbrico para conexión de red,858.84,8,2025-07-07 00:00:00,2025-11-12 00:00:00
1557,SKU-01557,Disco SSD Kingston 4693,Unidad SSD para almacenamiento de datos,1845.49,78,2025-11-25 00:00:00,2026-01-19 00:00:00
1558,SKU-01558,Cable USB UGREEN 1875,Cable USB para conexión y transferencia de datos,1621.21,98,2025-11-04 00:00:00,2025-12-25 00:00:00
1559,SKU-01559,Memoria USB Verbatim 6562,Memoria USB para almacenamiento y transferencia de archivos,1760.62,136,2025-08-03 00:00:00,2026-04-08 00:00:00
1560,SKU-01560,Cable USB Belkin 3087,Cable USB para conexión y transferencia de datos,1445.96,56,2026-03-02 00:00:00,2026-09-01 00:00:00
1561,SKU-01561,Memoria USB ADATA 6744,Memoria USB para almacenamiento y transferencia de archivos,136.12,16,2025-05-31 00:00:00,2025-10-24 00:00:00
1562,SKU-01562,Teclado HP 4017,Teclado para computadora de uso diario,1434.74,19,2026-04-28 00:00:00,2026-06-16 00:00:00
1563,SKU-01563,Disco SSD Kingston 1781,Unidad SSD para almacenamiento de datos,2390.45,22,2026-06-01 00:00:00,2026-09-21 00:00:00
1564,SKU-01564,Audífonos Sony 953,"Audífonos para música, llamadas y multimedia",1645.47,76,2026-04-05 00:00:00,2026-06-14 00:00:00
1565,SKU-01565,Webcam Trust 7524,Cámara web para videollamadas,1175.92,58,2025-10-20 00:00:00,2025-11-04 00:00:00
1566,SKU-01566,Mouse Genius 241,Mouse óptico para computadora,2673.39,74,2026-04-30 00:00:00,2026-09-21 00:00:00
1567,SKU-01567,Cable USB Steren 1070,Cable USB para conexión y transferencia de datos,1220.84,136,2026-03-13 00:00:00,2026-09-21 00:00:00
1568,SKU-01568,Webcam Logitech 3817,Cámara web para videollamadas,1195.99,20,2025-12-14 00:00:00,2026-01-07 00:00:00
1569,SKU-01569,Audífonos Logitech 5567,"Audífonos para música, llamadas y multimedia",2214.74,29,2026-01-12 00:00:00,2026-05-15 00:00:00
1570,SKU-01570,Router TP-Link 7687,Router inalámbrico para conexión de red,3103.98,96,2025-02-13 00:00:00,2025-09-15 00:00:00
1571,SKU-01571,Router D-Link 2212,Router inalámbrico para conexión de red,1384.27,74,2025-10-12 00:00:00,2026-01-23 00:00:00
1572,SKU-01572,Cable USB Baseus 7795,Cable USB para conexión y transferencia de datos,249.94,114,2025-04-09 00:00:00,2025-04-17 00:00:00
1573,SKU-01573,Teclado Microsoft 7315,Teclado para computadora de uso diario,1351.31,68,2025-09-03 00:00:00,2025-10-31 00:00:00
1574,SKU-01574,Audífonos Sony 8102,"Audífonos para música, llamadas y multimedia",2008.98,48,2025-08-08 00:00:00,2025-12-21 00:00:00
1575,SKU-01575,Router Huawei 7246,Router inalámbrico para conexión de red,605.83,59,2025-05-23 00:00:00,2025-08-19 00:00:00
1576,SKU-01576,Memoria USB ADATA 8257,Memoria USB para almacenamiento y transferencia de archivos,1150.33,59,2026-04-08 00:00:00,2026-05-11 00:00:00
1577,SKU-01577,Monitor AOC 6039,Monitor para computadora de alta resolución,8581.2,36,2025-02-08 00:00:00,2025-10-15 00:00:00
1578,SKU-01578,Memoria USB Verbatim 2553,Memoria USB para almacenamiento y transferencia de archivos,712.43,33,2026-08-04 00:00:00,2026-09-04 00:00:00
1579,SKU-01579,Monitor LG 5883,Monitor para computadora de alta resolución,2577.52,42,2025-08-15 00:00:00,2025-08-28 00:00:00
1580,SKU-01580,Router Tenda 8256,Router inalámbrico para conexión de red,1731.67,88,2026-05-29 00:00:00,2026-06-20 00:00:00
1581,SKU-01581,Laptop HP 3386,Equipo portátil para trabajo y estudio,21695.63,25,2026-07-06 00:00:00,2026-09-21 00:00:00
1582,SKU-01582,Monitor ASUS 1056,Monitor para computadora de alta resolución,4289.46,49,2025-03-05 00:00:00,2025-03-18 00:00:00
1583,SKU-01583,Memoria USB ADATA 7580,Memoria USB para almacenamiento y transferencia de archivos,1334.62,65,2025-10-03 00:00:00,2026-03-16 00:00:00
1584,SKU-01584,Mouse HP 2905,Mouse óptico para computadora,1075.63,77,2025-08-20 00:00:00,2025-11-18 00:00:00
1585,SKU-01585,Audífonos HyperX 7894,"Audífonos para música, llamadas y multimedia",3209.63,32,2025-10-07 00:00:00,2025-10-18 00:00:00
1586,SKU-01586,Mouse Logitech 1592,Mouse óptico para computadora,1130.77,81,2026-01-01 00:00:00,2026-08-08 00:00:00
1587,SKU-01587,Mouse HP 2415,Mouse óptico para computadora,382.82,68,2026-04-17 00:00:00,2026-06-11 00:00:00
1588,SKU-01588,Laptop HP 1999,Equipo portátil para trabajo y estudio,10796.64,16,2025-08-10 00:00:00,2025-12-19 00:00:00
1589,SKU-01589,Teclado Redragon 4972,Teclado para computadora de uso diario,2493.06,100,2025-04-30 00:00:00,2025-11-15 00:00:00
1590,SKU-01590,Cable USB Amazon Basics 9083,Cable USB para conexión y transferencia de datos,1032.15,121,2025-05-29 00:00:00,2025-07-15 00:00:00
1591,SKU-01591,Disco SSD Samsung 3845,Unidad SSD para almacenamiento de datos,857.53,58,2025-05-19 00:00:00,2025-06-16 00:00:00
1592,SKU-01592,Laptop HP 6753,Equipo portátil para trabajo y estudio,24929.03,16,2025-09-03 00:00:00,2026-01-01 00:00:00
1593,SKU-01593,Laptop Acer 5011,Equipo portátil para trabajo y estudio,26102.92,21,2025-12-04 00:00:00,2026-02-24 00:00:00
1594,SKU-01594,Webcam HP 5835,Cámara web para videollamadas,613.66,92,2025-05-21 00:00:00,2025-06-12 00:00:00
1595,SKU-01595,Disco SSD Western Digital 3879,Unidad SSD para almacenamiento de datos,2248.44,80,2026-07-22 00:00:00,2026-08-13 00:00:00
1596,SKU-01596,Webcam Trust 9583,Cámara web para videollamadas,3036.59,91,2025-12-01 00:00:00,2026-06-22 00:00:00
1597,SKU-01597,Memoria USB SanDisk 601,Memoria USB para almacenamiento y transferencia de archivos,1069.32,72,2026-01-04 00:00:00,2026-08-29 00:00:00
1598,SKU-01598,Mouse Microsoft 9462,Mouse óptico para computadora,1606.14,66,2026-03-04 00:00:00,2026-08-16 00:00:00
1599,SKU-01599,Mouse Logitech 4066,Mouse óptico para computadora,2997.75,45,2025-02-06 00:00:00,2025-08-25 00:00:00
1600,SKU-01600,Monitor LG 5933,Monitor para computadora de alta resolución,5822.44,32,2025-05-29 00:00:00,2026-01-06 00:00:00
1601,SKU-01601,Audífonos Logitech 7557,"Audífonos para música, llamadas y multimedia",1041.09,54,2026-04-15 00:00:00,2026-05-20 00:00:00
1602,SKU-01602,Cable USB Steren 8703,Cable USB para conexión y transferencia de datos,1104.23,45,2025-12-23 00:00:00,2026-03-19 00:00:00
1603,SKU-01603,Mouse Razer 9265,Mouse óptico para computadora,1418.38,85,2026-06-04 00:00:00,2026-09-21 00:00:00
1604,SKU-01604,Memoria USB ADATA 2650,Memoria USB para almacenamiento y transferencia de archivos,252.74,147,2026-05-20 00:00:00,2026-09-21 00:00:00
1605,SKU-01605,Router Netgear 8785,Router inalámbrico para conexión de red,1660.09,27,2025-02-15 00:00:00,2025-04-25 00:00:00
1606,SKU-01606,Mouse Microsoft 2351,Mouse óptico para computadora,2772.3,67,2025-12-19 00:00:00,2026-05-25 00:00:00
1607,SKU-01607,Disco SSD ADATA 5238,Unidad SSD para almacenamiento de datos,1660.46,69,2026-06-29 00:00:00,2026-09-05 00:00:00
1608,SKU-01608,Cable USB Steren 8421,Cable USB para conexión y transferencia de datos,1798.25,38,2025-08-05 00:00:00,2026-02-16 00:00:00
1609,SKU-01609,Mouse Microsoft 1105,Mouse óptico para computadora,2913.11,59,2026-05-17 00:00:00,2026-09-21 00:00:00
1610,SKU-01610,Laptop HP 1065,Equipo portátil para trabajo y estudio,16090.47,12,2026-08-17 00:00:00,2026-09-21 00:00:00
1611,SKU-01611,Webcam Trust 3240,Cámara web para videollamadas,2260.79,51,2025-02-14 00:00:00,2025-07-11 00:00:00
1612,SKU-01612,Memoria USB SanDisk 5583,Memoria USB para almacenamiento y transferencia de archivos,164.03,47,2025-09-27 00:00:00,2025-12-29 00:00:00
1613,SKU-01613,Teclado Microsoft 5575,Teclado para computadora de uso diario,590.32,9,2025-01-10 00:00:00,2025-03-16 00:00:00
1614,SKU-01614,Webcam HP 5711,Cámara web para videollamadas,1411.66,72,2025-05-28 00:00:00,2025-07-19 00:00:00
1615,SKU-01615,Teclado Microsoft 6959,Teclado para computadora de uso diario,1393.52,44,2025-09-17 00:00:00,2026-05-10 00:00:00
1616,SKU-01616,Teclado HP 7002,Teclado para computadora de uso diario,1608.11,84,2025-04-12 00:00:00,2025-06-22 00:00:00
1617,SKU-01617,Laptop HP 6802,Equipo portátil para trabajo y estudio,22488.4,23,2026-08-17 00:00:00,2026-09-21 00:00:00
1618,SKU-01618,Webcam Logitech 6158,Cámara web para videollamadas,1333.78,95,2025-06-12 00:00:00,2025-11-11 00:00:00
1619,SKU-01619,Teclado Redragon 7030,Teclado para computadora de uso diario,1545.57,92,2026-03-17 00:00:00,2026-09-13 00:00:00
1620,SKU-01620,Memoria USB SanDisk 3001,Memoria USB para almacenamiento y transferencia de archivos,539.69,150,2025-02-06 00:00:00,2025-03-22 00:00:00
1621,SKU-01621,Router Tenda 4576,Router inalámbrico para conexión de red,2423.38,79,2025-08-22 00:00:00,2026-03-25 00:00:00
1622,SKU-01622,Laptop Acer 147,Equipo portátil para trabajo y estudio,12564.9,5,2026-02-19 00:00:00,2026-04-06 00:00:00
1623,SKU-01623,Laptop Lenovo 2243,Equipo portátil para trabajo y estudio,12360.35,13,2026-06-11 00:00:00,2026-09-21 00:00:00
1624,SKU-01624,Router Tenda 6955,Router inalámbrico para conexión de red,419.06,61,2025-03-23 00:00:00,2025-06-23 00:00:00
1625,SKU-01625,Memoria USB ADATA 1942,Memoria USB para almacenamiento y transferencia de archivos,952.17,127,2025-06-10 00:00:00,2025-07-07 00:00:00
1626,SKU-01626,Disco SSD Kingston 8123,Unidad SSD para almacenamiento de datos,3459.18,41,2026-01-04 00:00:00,2026-04-29 00:00:00
1627,SKU-01627,Teclado HP 6106,Teclado para computadora de uso diario,2155.51,15,2025-08-16 00:00:00,2026-01-01 00:00:00
1628,SKU-01628,Audífonos HyperX 5342,"Audífonos para música, llamadas y multimedia",1004.93,47,2025-09-01 00:00:00,2026-04-23 00:00:00
1629,SKU-01629,Cable USB UGREEN 6977,Cable USB para conexión y transferencia de datos,1662.37,125,2025-02-23 00:00:00,2025-08-24 00:00:00
1630,SKU-01630,Audífonos Philips 2557,"Audífonos para música, llamadas y multimedia",852.81,44,2026-03-02 00:00:00,2026-08-14 00:00:00
1631,SKU-01631,Cable USB UGREEN 847,Cable USB para conexión y transferencia de datos,431.79,130,2026-03-20 00:00:00,2026-09-02 00:00:00
1632,SKU-01632,Router Tenda 3401,Router inalámbrico para conexión de red,3128.15,49,2026-02-17 00:00:00,2026-05-13 00:00:00
1633,SKU-01633,Cable USB Steren 4574,Cable USB para conexión y transferencia de datos,471.32,20,2025-05-04 00:00:00,2026-01-02 00:00:00
1634,SKU-01634,Cable USB Steren 5602,Cable USB para conexión y transferencia de datos,1102.0,109,2026-08-01 00:00:00,2026-09-21 00:00:00
1635,SKU-01635,Teclado Microsoft 4516,Teclado para computadora de uso diario,2891.7,61,2026-07-30 00:00:00,2026-09-21 00:00:00
1636,SKU-01636,Cable USB Baseus 5131,Cable USB para conexión y transferencia de datos,738.01,12,2026-04-28 00:00:00,2026-06-02 00:00:00
1637,SKU-01637,Audífonos Philips 391,"Audífonos para música, llamadas y multimedia",2007.14,88,2026-08-17 00:00:00,2026-09-21 00:00:00
1638,SKU-01638,Laptop ASUS 6921,Equipo portátil para trabajo y estudio,8484.87,11,2026-01-15 00:00:00,2026-03-13 00:00:00
1639,SKU-01639,Audífonos JBL 7522,"Audífonos para música, llamadas y multimedia",1031.65,56,2025-01-27 00:00:00,2025-06-28 00:00:00
1640,SKU-01640,Monitor AOC 3733,Monitor para computadora de alta resolución,5966.49,4,2026-02-17 00:00:00,2026-07-17 00:00:00
1641,SKU-01641,Monitor Samsung 862,Monitor para computadora de alta resolución,8370.26,27,2025-10-31 00:00:00,2025-11-14 00:00:00
1642,SKU-01642,Disco SSD Samsung 5113,Unidad SSD para almacenamiento de datos,2520.17,77,2026-07-21 00:00:00,2026-08-31 00:00:00
1643,SKU-01643,Mouse HP 1508,Mouse óptico para computadora,1826.86,87,2025-10-09 00:00:00,2025-10-28 00:00:00
1644,SKU-01644,Audífonos JBL 1656,"Audífonos para música, llamadas y multimedia",2463.18,95,2026-07-10 00:00:00,2026-09-21 00:00:00
1645,SKU-01645,Cable USB Amazon Basics 3550,Cable USB para conexión y transferencia de datos,491.8,29,2025-09-01 00:00:00,2025-12-17 00:00:00
1646,SKU-01646,Memoria USB Verbatim 8054,Memoria USB para almacenamiento y transferencia de archivos,1075.88,134,2026-07-30 00:00:00,2026-09-21 00:00:00
1647,SKU-01647,Webcam Microsoft 1293,Cámara web para videollamadas,2990.14,58,2025-09-19 00:00:00,2026-04-23 00:00:00
1648,SKU-01648,Monitor Samsung 1182,Monitor para computadora de alta resolución,8822.78,9,2026-01-20 00:00:00,2026-07-15 00:00:00
1649,SKU-01649,Disco SSD Western Digital 2297,Unidad SSD para almacenamiento de datos,1116.28,75,2025-01-03 00:00:00,2025-04-18 00:00:00
1650,SKU-01650,Teclado Genius 6991,Teclado para computadora de uso diario,661.89,43,2025-01-06 00:00:00,2025-06-28 00:00:00
1651,SKU-01651,Webcam Microsoft 2167,Cámara web para videollamadas,1511.53,9,2025-09-11 00:00:00,2025-10-08 00:00:00
1652,SKU-01652,Teclado HP 2700,Teclado para computadora de uso diario,590.26,74,2026-08-23 00:00:00,2026-09-21 00:00:00
1653,SKU-01653,Disco SSD Western Digital 8847,Unidad SSD para almacenamiento de datos,2395.97,22,2026-07-05 00:00:00,2026-09-21 00:00:00
1654,SKU-01654,Laptop Acer 7824,Equipo portátil para trabajo y estudio,14013.82,34,2026-05-13 00:00:00,2026-09-07 00:00:00
1655,SKU-01655,Disco SSD ADATA 8621,Unidad SSD para almacenamiento de datos,3015.9,25,2026-04-12 00:00:00,2026-08-21 00:00:00
1656,SKU-01656,Router Huawei 3848,Router inalámbrico para conexión de red,3282.24,87,2025-06-17 00:00:00,2025-07-10 00:00:00
1657,SKU-01657,Webcam AverMedia 6274,Cámara web para videollamadas,1744.56,50,2025-11-13 00:00:00,2026-07-17 00:00:00
1658,SKU-01658,Router Tenda 2385,Router inalámbrico para conexión de red,1775.27,97,2025-10-06 00:00:00,2026-06-07 00:00:00
1659,SKU-01659,Audífonos Logitech 4411,"Audífonos para música, llamadas y multimedia",1968.4,66,2025-02-25 00:00:00,2025-05-02 00:00:00
1660,SKU-01660,Audífonos HyperX 396,"Audífonos para música, llamadas y multimedia",1193.92,9,2025-01-21 00:00:00,2025-03-17 00:00:00
1661,SKU-01661,Audífonos Logitech 5696,"Audífonos para música, llamadas y multimedia",2585.96,27,2025-05-28 00:00:00,2025-12-22 00:00:00
1662,SKU-01662,Webcam Trust 1670,Cámara web para videollamadas,1134.04,7,2025-01-26 00:00:00,2025-09-22 00:00:00
1663,SKU-01663,Cable USB UGREEN 2469,Cable USB para conexión y transferencia de datos,821.11,31,2026-03-29 00:00:00,2026-06-27 00:00:00
1664,SKU-01664,Laptop Lenovo 2781,Equipo portátil para trabajo y estudio,19635.44,5,2026-08-09 00:00:00,2026-09-21 00:00:00
1665,SKU-01665,Laptop ASUS 4815,Equipo portátil para trabajo y estudio,9582.71,24,2026-05-23 00:00:00,2026-08-10 00:00:00
1666,SKU-01666,Laptop Dell 7601,Equipo portátil para trabajo y estudio,10837.13,20,2025-01-25 00:00:00,2025-05-06 00:00:00
1667,SKU-01667,Webcam HP 6866,Cámara web para videollamadas,2285.65,8,2025-05-09 00:00:00,2025-10-17 00:00:00
1668,SKU-01668,Monitor AOC 3906,Monitor para computadora de alta resolución,10099.95,13,2026-06-06 00:00:00,2026-09-21 00:00:00
1669,SKU-01669,Cable USB Baseus 1230,Cable USB para conexión y transferencia de datos,1592.3,49,2026-03-18 00:00:00,2026-07-11 00:00:00
1670,SKU-01670,Teclado Genius 1225,Teclado para computadora de uso diario,2308.72,9,2025-05-28 00:00:00,2025-06-14 00:00:00
1671,SKU-01671,Monitor ASUS 1585,Monitor para computadora de alta resolución,6292.7,18,2025-04-27 00:00:00,2025-05-29 00:00:00
1672,SKU-01672,Laptop Lenovo 940,Equipo portátil para trabajo y estudio,21568.11,23,2025-02-01 00:00:00,2025-02-08 00:00:00
1673,SKU-01673,Disco SSD Crucial 6182,Unidad SSD para almacenamiento de datos,929.19,26,2025-10-05 00:00:00,2025-10-31 00:00:00
1674,SKU-01674,Webcam HP 2986,Cámara web para videollamadas,1211.53,76,2026-06-17 00:00:00,2026-09-20 00:00:00
1675,SKU-01675,Webcam HP 8717,Cámara web para videollamadas,418.27,22,2025-12-05 00:00:00,2026-05-18 00:00:00
1676,SKU-01676,Audífonos Sony 709,"Audífonos para música, llamadas y multimedia",2117.36,35,2026-07-23 00:00:00,2026-09-21 00:00:00
1677,SKU-01677,Audífonos Logitech 2097,"Audífonos para música, llamadas y multimedia",2257.37,53,2025-09-11 00:00:00,2026-01-29 00:00:00
1678,SKU-01678,Monitor Dell 4302,Monitor para computadora de alta resolución,10370.44,42,2025-11-12 00:00:00,2026-05-06 00:00:00
1679,SKU-01679,Disco SSD Crucial 130,Unidad SSD para almacenamiento de datos,2013.35,39,2026-03-16 00:00:00,2026-09-21 00:00:00
1680,SKU-01680,Laptop Acer 898,Equipo portátil para trabajo y estudio,11158.41,6,2025-12-14 00:00:00,2026-06-22 00:00:00
1681,SKU-01681,Disco SSD ADATA 4125,Unidad SSD para almacenamiento de datos,4231.37,7,2025-03-14 00:00:00,2025-06-11 00:00:00
1682,SKU-01682,Mouse HP 8925,Mouse óptico para computadora,2544.2,23,2025-07-19 00:00:00,2026-02-22 00:00:00
1683,SKU-01683,Router D-Link 6935,Router inalámbrico para conexión de red,3361.48,89,2025-07-03 00:00:00,2026-02-22 00:00:00
1684,SKU-01684,Monitor ASUS 8585,Monitor para computadora de alta resolución,3595.42,18,2026-07-22 00:00:00,2026-09-21 00:00:00
1685,SKU-01685,Cable USB Amazon Basics 5447,Cable USB para conexión y transferencia de datos,1290.98,29,2025-05-17 00:00:00,2025-08-14 00:00:00
1686,SKU-01686,Teclado Microsoft 4676,Teclado para computadora de uso diario,375.17,18,2026-03-29 00:00:00,2026-09-21 00:00:00
1687,SKU-01687,Audífonos Philips 8686,"Audífonos para música, llamadas y multimedia",3060.38,93,2026-07-27 00:00:00,2026-09-21 00:00:00
1688,SKU-01688,Webcam Trust 2219,Cámara web para videollamadas,485.03,50,2025-11-23 00:00:00,2026-07-03 00:00:00
1689,SKU-01689,Laptop Acer 4414,Equipo portátil para trabajo y estudio,9510.43,26,2026-08-14 00:00:00,2026-09-21 00:00:00
1690,SKU-01690,Monitor Dell 3888,Monitor para computadora de alta resolución,4611.12,10,2026-01-03 00:00:00,2026-05-17 00:00:00
1691,SKU-01691,Monitor Samsung 9047,Monitor para computadora de alta resolución,5447.6,29,2025-01-24 00:00:00,2025-03-16 00:00:00
1692,SKU-01692,Monitor Dell 3432,Monitor para computadora de alta resolución,10522.76,6,2025-01-21 00:00:00,2025-07-09 00:00:00
1693,SKU-01693,Audífonos HyperX 6930,"Audífonos para música, llamadas y multimedia",1516.64,44,2026-04-12 00:00:00,2026-08-14 00:00:00
1694,SKU-01694,Webcam Trust 907,Cámara web para videollamadas,950.29,15,2026-04-09 00:00:00,2026-08-30 00:00:00
1695,SKU-01695,Audífonos HyperX 5967,"Audífonos para música, llamadas y multimedia",895.27,57,2025-06-30 00:00:00,2025-09-05 00:00:00
1696,SKU-01696,Teclado Genius 2950,Teclado para computadora de uso diario,3151.23,98,2025-01-26 00:00:00,2025-05-10 00:00:00
1697,SKU-01697,Mouse Genius 5379,Mouse óptico para computadora,3214.03,63,2025-05-02 00:00:00,2025-08-15 00:00:00
1698,SKU-01698,Memoria USB Verbatim 2718,Memoria USB para almacenamiento y transferencia de archivos,1237.02,31,2025-08-04 00:00:00,2025-10-26 00:00:00
1699,SKU-01699,Memoria USB SanDisk 5393,Memoria USB para almacenamiento y transferencia de archivos,762.48,82,2025-05-27 00:00:00,2025-10-20 00:00:00
1700,SKU-01700,Disco SSD Kingston 2813,Unidad SSD para almacenamiento de datos,3659.42,79,2026-07-14 00:00:00,2026-08-06 00:00:00
1701,SKU-01701,Router Tenda 8545,Router inalámbrico para conexión de red,876.84,10,2025-05-27 00:00:00,2025-08-11 00:00:00
1702,SKU-01702,Audífonos JBL 5550,"Audífonos para música, llamadas y multimedia",1686.67,9,2025-04-24 00:00:00,2025-07-19 00:00:00
1703,SKU-01703,Mouse Razer 3716,Mouse óptico para computadora,2225.57,55,2025-01-20 00:00:00,2025-06-05 00:00:00
1704,SKU-01704,Monitor ASUS 4683,Monitor para computadora de alta resolución,11174.05,42,2025-12-02 00:00:00,2025-12-15 00:00:00
1705,SKU-01705,Mouse Genius 5527,Mouse óptico para computadora,951.62,82,2026-03-27 00:00:00,2026-05-15 00:00:00
1706,SKU-01706,Webcam AverMedia 620,Cámara web para videollamadas,1687.82,9,2026-04-15 00:00:00,2026-09-20 00:00:00
1707,SKU-01707,Audífonos Logitech 7188,"Audífonos para música, llamadas y multimedia",3218.5,91,2025-02-23 00:00:00,2025-04-09 00:00:00
1708,SKU-01708,Laptop Dell 3580,Equipo portátil para trabajo y estudio,10575.26,10,2025-07-09 00:00:00,2025-12-21 00:00:00
1709,SKU-01709,Monitor LG 2394,Monitor para computadora de alta resolución,3905.2,50,2026-05-03 00:00:00,2026-09-21 00:00:00
1710,SKU-01710,Cable USB UGREEN 7109,Cable USB para conexión y transferencia de datos,1318.18,122,2026-04-07 00:00:00,2026-05-12 00:00:00
1711,SKU-01711,Audífonos Philips 738,"Audífonos para música, llamadas y multimedia",3181.83,11,2025-04-01 00:00:00,2025-10-25 00:00:00
1712,SKU-01712,Monitor AOC 1889,Monitor para computadora de alta resolución,6531.23,5,2026-06-25 00:00:00,2026-09-21 00:00:00
1713,SKU-01713,Laptop Acer 9159,Equipo portátil para trabajo y estudio,26222.79,28,2025-12-18 00:00:00,2026-02-10 00:00:00
1714,SKU-01714,Mouse Logitech 9925,Mouse óptico para computadora,2361.04,38,2025-08-24 00:00:00,2026-02-28 00:00:00
1715,SKU-01715,Monitor AOC 7786,Monitor para computadora de alta resolución,5330.18,34,2025-05-01 00:00:00,2025-08-06 00:00:00
1716,SKU-01716,Monitor AOC 2984,Monitor para computadora de alta resolución,4717.76,32,2026-07-28 00:00:00,2026-09-21 00:00:00
1717,SKU-01717,Teclado Redragon 6169,Teclado para computadora de uso diario,1174.79,48,2026-04-19 00:00:00,2026-06-18 00:00:00
1718,SKU-01718,Disco SSD Samsung 4922,Unidad SSD para almacenamiento de datos,1906.07,19,2025-08-26 00:00:00,2026-03-30 00:00:00
1719,SKU-01719,Disco SSD ADATA 3930,Unidad SSD para almacenamiento de datos,1428.35,22,2026-08-10 00:00:00,2026-09-21 00:00:00
1720,SKU-01720,Monitor AOC 3575,Monitor para computadora de alta resolución,3270.32,6,2025-06-19 00:00:00,2026-02-14 00:00:00
1721,SKU-01721,Webcam Logitech 5381,Cámara web para videollamadas,2183.63,27,2025-10-26 00:00:00,2026-03-30 00:00:00
1722,SKU-01722,Webcam AverMedia 5765,Cámara web para videollamadas,2925.02,69,2026-08-21 00:00:00,2026-09-21 00:00:00
1723,SKU-01723,Laptop ASUS 9642,Equipo portátil para trabajo y estudio,23059.52,15,2025-08-18 00:00:00,2025-09-15 00:00:00
1724,SKU-01724,Router D-Link 144,Router inalámbrico para conexión de red,2641.95,40,2025-11-03 00:00:00,2026-03-22 00:00:00
1725,SKU-01725,Audífonos Philips 364,"Audífonos para música, llamadas y multimedia",1954.91,93,2025-09-24 00:00:00,2025-12-22 00:00:00
1726,SKU-01726,Cable USB Steren 802,Cable USB para conexión y transferencia de datos,429.94,20,2025-12-28 00:00:00,2026-01-21 00:00:00
1727,SKU-01727,Audífonos Logitech 6382,"Audífonos para música, llamadas y multimedia",1894.9,67,2025-11-03 00:00:00,2026-02-26 00:00:00
1728,SKU-01728,Cable USB UGREEN 9866,Cable USB para conexión y transferencia de datos,899.35,45,2026-04-29 00:00:00,2026-08-05 00:00:00
1729,SKU-01729,Cable USB Amazon Basics 9896,Cable USB para conexión y transferencia de datos,1487.3,71,2025-06-06 00:00:00,2025-12-01 00:00:00
1730,SKU-01730,Laptop Lenovo 2388,Equipo portátil para trabajo y estudio,13958.48,15,2025-03-25 00:00:00,2025-08-20 00:00:00
1731,SKU-01731,Router D-Link 6130,Router inalámbrico para conexión de red,2275.8,79,2026-06-30 00:00:00,2026-09-21 00:00:00
1732,SKU-01732,Webcam Trust 8454,Cámara web para videollamadas,2270.85,39,2025-04-08 00:00:00,2025-07-02 00:00:00
1733,SKU-01733,Router D-Link 6173,Router inalámbrico para conexión de red,1982.85,85,2025-11-08 00:00:00,2026-06-11 00:00:00
1734,SKU-01734,Monitor Dell 8716,Monitor para computadora de alta resolución,7682.63,31,2026-07-14 00:00:00,2026-09-21 00:00:00
1735,SKU-01735,Cable USB Amazon Basics 4296,Cable USB para conexión y transferencia de datos,921.19,44,2026-05-10 00:00:00,2026-09-21 00:00:00
1736,SKU-01736,Disco SSD Kingston 7355,Unidad SSD para almacenamiento de datos,4046.9,10,2025-03-23 00:00:00,2025-05-05 00:00:00
1737,SKU-01737,Audífonos JBL 2947,"Audífonos para música, llamadas y multimedia",2059.34,99,2025-10-11 00:00:00,2025-12-27 00:00:00
1738,SKU-01738,Teclado Logitech 7771,Teclado para computadora de uso diario,413.89,37,2026-03-22 00:00:00,2026-07-06 00:00:00
1739,SKU-01739,Cable USB Steren 9450,Cable USB para conexión y transferencia de datos,514.76,120,2026-02-16 00:00:00,2026-09-21 00:00:00
1740,SKU-01740,Router Tenda 4671,Router inalámbrico para conexión de red,3232.34,43,2025-04-21 00:00:00,2025-05-22 00:00:00
1741,SKU-01741,Mouse Genius 1529,Mouse óptico para computadora,481.45,99,2026-03-29 00:00:00,2026-06-09 00:00:00
1742,SKU-01742,Mouse Razer 6081,Mouse óptico para computadora,2653.72,21,2026-01-28 00:00:00,2026-07-07 00:00:00
1743,SKU-01743,Memoria USB SanDisk 7315,Memoria USB para almacenamiento y transferencia de archivos,268.96,111,2026-04-25 00:00:00,2026-07-27 00:00:00
1744,SKU-01744,Monitor Samsung 9378,Monitor para computadora de alta resolución,8146.51,42,2025-05-25 00:00:00,2025-12-19 00:00:00
1745,SKU-01745,Laptop HP 8395,Equipo portátil para trabajo y estudio,13206.17,3,2025-11-13 00:00:00,2026-03-31 00:00:00
1746,SKU-01746,Disco SSD Kingston 5642,Unidad SSD para almacenamiento de datos,2209.0,75,2025-10-21 00:00:00,2025-12-08 00:00:00
1747,SKU-01747,Webcam AverMedia 7900,Cámara web para videollamadas,876.49,7,2026-04-05 00:00:00,2026-06-25 00:00:00
1748,SKU-01748,Memoria USB Kingston 4022,Memoria USB para almacenamiento y transferencia de archivos,1795.33,129,2025-06-29 00:00:00,2026-01-20 00:00:00
1749,SKU-01749,Audífonos HyperX 8051,"Audífonos para música, llamadas y multimedia",3403.75,73,2025-07-18 00:00:00,2025-11-03 00:00:00
1750,SKU-01750,Monitor AOC 3276,Monitor para computadora de alta resolución,10920.7,4,2025-07-09 00:00:00,2025-08-26 00:00:00
1751,SKU-01751,Router Netgear 5510,Router inalámbrico para conexión de red,1042.04,11,2025-01-20 00:00:00,2025-03-22 00:00:00
1752,SKU-01752,Monitor Samsung 8349,Monitor para computadora de alta resolución,4677.82,35,2025-02-28 00:00:00,2025-04-18 00:00:00
1753,SKU-01753,Audífonos Sony 6108,"Audífonos para música, llamadas y multimedia",2673.66,71,2026-01-14 00:00:00,2026-08-13 00:00:00
1754,SKU-01754,Monitor LG 5623,Monitor para computadora de alta resolución,4100.96,21,2025-11-12 00:00:00,2026-06-11 00:00:00
1755,SKU-01755,Disco SSD Samsung 2382,Unidad SSD para almacenamiento de datos,4435.71,47,2026-08-21 00:00:00,2026-09-21 00:00:00
1756,SKU-01756,Teclado Genius 2250,Teclado para computadora de uso diario,2822.67,61,2025-12-26 00:00:00,2025-12-29 00:00:00
1757,SKU-01757,Laptop Acer 9004,Equipo portátil para trabajo y estudio,16729.44,25,2026-06-27 00:00:00,2026-07-28 00:00:00
1758,SKU-01758,Monitor LG 7278,Monitor para computadora de alta resolución,8534.19,17,2026-03-05 00:00:00,2026-05-16 00:00:00
1759,SKU-01759,Webcam AverMedia 2746,Cámara web para videollamadas,1592.44,79,2026-07-26 00:00:00,2026-09-21 00:00:00
1760,SKU-01760,Teclado Microsoft 8243,Teclado para computadora de uso diario,2492.46,93,2025-04-03 00:00:00,2025-04-16 00:00:00
1761,SKU-01761,Laptop ASUS 3314,Equipo portátil para trabajo y estudio,19318.78,22,2026-01-01 00:00:00,2026-07-02 00:00:00
1762,SKU-01762,Memoria USB Kingston 5170,Memoria USB para almacenamiento y transferencia de archivos,1009.21,28,2026-04-25 00:00:00,2026-09-09 00:00:00
1763,SKU-01763,Laptop Lenovo 3848,Equipo portátil para trabajo y estudio,16008.2,19,2026-02-07 00:00:00,2026-05-02 00:00:00
1764,SKU-01764,Audífonos Logitech 2664,"Audífonos para música, llamadas y multimedia",484.05,45,2026-05-03 00:00:00,2026-06-23 00:00:00
1765,SKU-01765,Memoria USB Verbatim 390,Memoria USB para almacenamiento y transferencia de archivos,1354.15,15,2026-06-25 00:00:00,2026-07-16 00:00:00
1766,SKU-01766,Cable USB Baseus 9933,Cable USB para conexión y transferencia de datos,1464.77,34,2025-12-17 00:00:00,2026-04-25 00:00:00
1767,SKU-01767,Router Tenda 4314,Router inalámbrico para conexión de red,1873.86,7,2026-08-19 00:00:00,2026-09-21 00:00:00
1768,SKU-01768,Router Tenda 3809,Router inalámbrico para conexión de red,3260.12,65,2026-03-13 00:00:00,2026-07-02 00:00:00
1769,SKU-01769,Router Tenda 9127,Router inalámbrico para conexión de red,1300.73,92,2025-09-27 00:00:00,2025-11-03 00:00:00
1770,SKU-01770,Audífonos JBL 1480,"Audífonos para música, llamadas y multimedia",2551.98,27,2025-12-15 00:00:00,2026-08-06 00:00:00
1771,SKU-01771,Cable USB Belkin 1368,Cable USB para conexión y transferencia de datos,1566.45,37,2026-04-01 00:00:00,2026-04-22 00:00:00
1772,SKU-01772,Webcam Trust 4715,Cámara web para videollamadas,1771.54,88,2025-09-26 00:00:00,2026-03-22 00:00:00
1773,SKU-01773,Memoria USB Verbatim 5402,Memoria USB para almacenamiento y transferencia de archivos,1332.83,108,2025-11-21 00:00:00,2026-04-25 00:00:00
1774,SKU-01774,Disco SSD Crucial 9510,Unidad SSD para almacenamiento de datos,2607.16,37,2026-07-01 00:00:00,2026-09-21 00:00:00
1775,SKU-01775,Disco SSD ADATA 6861,Unidad SSD para almacenamiento de datos,3650.44,30,2025-07-08 00:00:00,2025-07-25 00:00:00
1776,SKU-01776,Router Huawei 2984,Router inalámbrico para conexión de red,3183.7,64,2026-02-25 00:00:00,2026-03-27 00:00:00
1777,SKU-01777,Webcam AverMedia 1032,Cámara web para videollamadas,2118.16,69,2025-10-26 00:00:00,2025-11-04 00:00:00
1778,SKU-01778,Disco SSD Kingston 6223,Unidad SSD para almacenamiento de datos,2843.94,26,2025-03-31 00:00:00,2025-09-12 00:00:00
1779,SKU-01779,Cable USB Amazon Basics 1410,Cable USB para conexión y transferencia de datos,1690.02,75,2026-03-25 00:00:00,2026-09-21 00:00:00
1780,SKU-01780,Audífonos Logitech 2339,"Audífonos para música, llamadas y multimedia",406.1,14,2026-06-11 00:00:00,2026-09-21 00:00:00
1781,SKU-01781,Disco SSD Western Digital 2059,Unidad SSD para almacenamiento de datos,2399.51,44,2025-02-19 00:00:00,2025-05-09 00:00:00
1782,SKU-01782,Memoria USB SanDisk 9245,Memoria USB para almacenamiento y transferencia de archivos,236.49,37,2026-03-05 00:00:00,2026-09-21 00:00:00
1783,SKU-01783,Laptop Acer 8198,Equipo portátil para trabajo y estudio,7308.0,14,2025-09-10 00:00:00,2026-02-27 00:00:00
1784,SKU-01784,Mouse Genius 2113,Mouse óptico para computadora,3497.05,49,2025-08-29 00:00:00,2025-12-03 00:00:00
1785,SKU-01785,Teclado Genius 3277,Teclado para computadora de uso diario,3055.77,14,2025-08-19 00:00:00,2025-10-07 00:00:00
1786,SKU-01786,Laptop Dell 5355,Equipo portátil para trabajo y estudio,27452.83,17,2026-01-23 00:00:00,2026-03-16 00:00:00
1787,SKU-01787,Audífonos HyperX 1096,"Audífonos para música, llamadas y multimedia",3409.95,45,2026-05-08 00:00:00,2026-08-05 00:00:00
1788,SKU-01788,Teclado Genius 7350,Teclado para computadora de uso diario,3232.08,35,2025-04-19 00:00:00,2025-08-12 00:00:00
1789,SKU-01789,Webcam Logitech 5274,Cámara web para videollamadas,1525.2,74,2025-11-27 00:00:00,2026-01-12 00:00:00
1790,SKU-01790,Webcam Logitech 6071,Cámara web para videollamadas,2254.26,26,2025-07-20 00:00:00,2026-03-24 00:00:00
1791,SKU-01791,Cable USB Baseus 9845,Cable USB para conexión y transferencia de datos,217.18,79,2025-05-21 00:00:00,2025-08-22 00:00:00
1792,SKU-01792,Laptop Lenovo 8632,Equipo portátil para trabajo y estudio,26080.78,11,2026-04-24 00:00:00,2026-05-27 00:00:00
1793,SKU-01793,Memoria USB Kingston 2459,Memoria USB para almacenamiento y transferencia de archivos,1301.43,74,2026-02-06 00:00:00,2026-05-18 00:00:00
1794,SKU-01794,Monitor Dell 1566,Monitor para computadora de alta resolución,11406.8,22,2026-07-05 00:00:00,2026-09-21 00:00:00
1795,SKU-01795,Disco SSD Western Digital 1244,Unidad SSD para almacenamiento de datos,1638.14,29,2025-06-06 00:00:00,2026-01-19 00:00:00
1796,SKU-01796,Webcam HP 4004,Cámara web para videollamadas,542.29,15,2026-06-13 00:00:00,2026-09-21 00:00:00
1797,SKU-01797,Memoria USB SanDisk 3139,Memoria USB para almacenamiento y transferencia de archivos,683.34,102,2026-02-19 00:00:00,2026-02-26 00:00:00
1798,SKU-01798,Cable USB Belkin 8135,Cable USB para conexión y transferencia de datos,676.29,98,2026-05-07 00:00:00,2026-09-21 00:00:00
1799,SKU-01799,Disco SSD Crucial 8717,Unidad SSD para almacenamiento de datos,2235.12,64,2025-06-11 00:00:00,2025-12-28 00:00:00
1800,SKU-01800,Monitor Samsung 3180,Monitor para computadora de alta resolución,4496.78,7,2026-03-05 00:00:00,2026-09-21 00:00:00
1801,SKU-01801,Monitor AOC 7017,Monitor para computadora de alta resolución,11454.4,28,2026-01-04 00:00:00,2026-05-18 00:00:00
1802,SKU-01802,Mouse Razer 4204,Mouse óptico para computadora,2403.59,45,2026-06-18 00:00:00,2026-08-06 00:00:00
1803,SKU-01803,Cable USB UGREEN 2873,Cable USB para conexión y transferencia de datos,1349.29,87,2025-03-26 00:00:00,2025-11-12 00:00:00
1804,SKU-01804,Mouse HP 8147,Mouse óptico para computadora,1850.21,62,2026-03-13 00:00:00,2026-05-20 00:00:00
1805,SKU-01805,Memoria USB ADATA 8322,Memoria USB para almacenamiento y transferencia de archivos,985.01,140,2025-10-30 00:00:00,2026-04-04 00:00:00
1806,SKU-01806,Teclado Microsoft 245,Teclado para computadora de uso diario,667.23,12,2025-04-11 00:00:00,2025-12-15 00:00:00
1807,SKU-01807,Mouse Microsoft 8325,Mouse óptico para computadora,1792.31,33,2025-01-02 00:00:00,2025-08-25 00:00:00
1808,SKU-01808,Cable USB Baseus 4134,Cable USB para conexión y transferencia de datos,900.23,83,2025-11-03 00:00:00,2026-03-08 00:00:00
1809,SKU-01809,Webcam Trust 1243,Cámara web para videollamadas,2003.13,85,2026-05-15 00:00:00,2026-09-21 00:00:00
1810,SKU-01810,Disco SSD Crucial 5399,Unidad SSD para almacenamiento de datos,3458.53,16,2025-11-19 00:00:00,2026-03-12 00:00:00
1811,SKU-01811,Monitor AOC 8712,Monitor para computadora de alta resolución,5832.6,6,2026-04-14 00:00:00,2026-05-20 00:00:00
1812,SKU-01812,Disco SSD ADATA 8293,Unidad SSD para almacenamiento de datos,3536.17,18,2026-04-19 00:00:00,2026-09-21 00:00:00
1813,SKU-01813,Laptop ASUS 8854,Equipo portátil para trabajo y estudio,27164.77,26,2025-06-28 00:00:00,2026-02-08 00:00:00
1814,SKU-01814,Laptop Acer 8375,Equipo portátil para trabajo y estudio,27280.87,5,2026-04-29 00:00:00,2026-09-21 00:00:00
1815,SKU-01815,Cable USB Steren 8791,Cable USB para conexión y transferencia de datos,1658.32,84,2025-12-25 00:00:00,2026-04-19 00:00:00
1816,SKU-01816,Mouse Genius 7146,Mouse óptico para computadora,2639.58,84,2026-01-22 00:00:00,2026-09-21 00:00:00
1817,SKU-01817,Monitor LG 9978,Monitor para computadora de alta resolución,8214.68,20,2025-08-11 00:00:00,2025-12-23 00:00:00
1818,SKU-01818,Disco SSD ADATA 1686,Unidad SSD para almacenamiento de datos,2903.51,53,2025-03-17 00:00:00,2025-08-04 00:00:00
1819,SKU-01819,Mouse Genius 3086,Mouse óptico para computadora,2215.69,75,2026-07-01 00:00:00,2026-09-21 00:00:00
1820,SKU-01820,Cable USB UGREEN 3272,Cable USB para conexión y transferencia de datos,901.47,99,2026-04-11 00:00:00,2026-09-21 00:00:00
1821,SKU-01821,Teclado HP 9132,Teclado para computadora de uso diario,1397.03,23,2026-02-08 00:00:00,2026-05-29 00:00:00
1822,SKU-01822,Teclado Microsoft 6967,Teclado para computadora de uso diario,2336.11,22,2026-02-05 00:00:00,2026-05-22 00:00:00
1823,SKU-01823,Disco SSD Kingston 8926,Unidad SSD para almacenamiento de datos,1628.34,43,2025-12-19 00:00:00,2026-04-25 00:00:00
1824,SKU-01824,Disco SSD Crucial 8516,Unidad SSD para almacenamiento de datos,1955.86,32,2026-04-26 00:00:00,2026-05-18 00:00:00
1825,SKU-01825,Router Netgear 1826,Router inalámbrico para conexión de red,469.59,94,2026-07-22 00:00:00,2026-08-29 00:00:00
1826,SKU-01826,Disco SSD Western Digital 4037,Unidad SSD para almacenamiento de datos,1834.1,54,2026-02-06 00:00:00,2026-02-14 00:00:00
1827,SKU-01827,Webcam Trust 5348,Cámara web para videollamadas,872.84,55,2025-08-10 00:00:00,2025-12-07 00:00:00
1828,SKU-01828,Disco SSD Samsung 7797,Unidad SSD para almacenamiento de datos,772.19,45,2026-04-15 00:00:00,2026-08-16 00:00:00
1829,SKU-01829,Webcam Trust 5968,Cámara web para videollamadas,2249.87,62,2025-05-28 00:00:00,2025-07-18 00:00:00
1830,SKU-01830,Router TP-Link 3450,Router inalámbrico para conexión de red,1837.1,33,2026-01-10 00:00:00,2026-08-30 00:00:00
1831,SKU-01831,Audífonos Sony 7299,"Audífonos para música, llamadas y multimedia",2807.84,99,2026-07-06 00:00:00,2026-09-21 00:00:00
1832,SKU-01832,Monitor Dell 8672,Monitor para computadora de alta resolución,7770.33,14,2025-03-14 00:00:00,2025-11-03 00:00:00
1833,SKU-01833,Memoria USB SanDisk 9389,Memoria USB para almacenamiento y transferencia de archivos,1197.8,34,2025-06-07 00:00:00,2025-10-28 00:00:00
1834,SKU-01834,Webcam Trust 9772,Cámara web para videollamadas,3119.38,71,2026-08-01 00:00:00,2026-09-15 00:00:00
1835,SKU-01835,Monitor LG 1843,Monitor para computadora de alta resolución,11652.88,37,2025-11-11 00:00:00,2026-02-09 00:00:00
1836,SKU-01836,Mouse Microsoft 4759,Mouse óptico para computadora,3348.95,97,2025-03-20 00:00:00,2025-08-23 00:00:00
1837,SKU-01837,Mouse Logitech 9104,Mouse óptico para computadora,3262.65,86,2025-08-25 00:00:00,2026-02-27 00:00:00
1838,SKU-01838,Mouse Microsoft 8156,Mouse óptico para computadora,804.27,93,2026-08-15 00:00:00,2026-09-21 00:00:00
1839,SKU-01839,Cable USB UGREEN 7334,Cable USB para conexión y transferencia de datos,392.72,123,2026-04-06 00:00:00,2026-08-26 00:00:00
1840,SKU-01840,Router Huawei 7081,Router inalámbrico para conexión de red,2297.78,52,2025-05-30 00:00:00,2025-11-13 00:00:00
1841,SKU-01841,Memoria USB Kingston 1597,Memoria USB para almacenamiento y transferencia de archivos,1096.51,36,2026-02-04 00:00:00,2026-08-11 00:00:00
1842,SKU-01842,Audífonos HyperX 4963,"Audífonos para música, llamadas y multimedia",2785.38,37,2025-04-06 00:00:00,2025-06-19 00:00:00
1843,SKU-01843,Audífonos JBL 3334,"Audífonos para música, llamadas y multimedia",2636.71,75,2025-02-13 00:00:00,2025-03-11 00:00:00
1844,SKU-01844,Router Huawei 5568,Router inalámbrico para conexión de red,2034.99,36,2025-07-12 00:00:00,2025-12-24 00:00:00
1845,SKU-01845,Audífonos Logitech 8102,"Audífonos para música, llamadas y multimedia",1262.86,45,2025-09-14 00:00:00,2026-01-02 00:00:00
1846,SKU-01846,Cable USB UGREEN 1358,Cable USB para conexión y transferencia de datos,1081.72,12,2025-09-10 00:00:00,2026-04-21 00:00:00
1847,SKU-01847,Mouse Logitech 9423,Mouse óptico para computadora,962.72,17,2025-08-18 00:00:00,2025-12-23 00:00:00
1848,SKU-01848,Disco SSD ADATA 696,Unidad SSD para almacenamiento de datos,1327.21,59,2025-09-05 00:00:00,2026-03-28 00:00:00
1849,SKU-01849,Router TP-Link 4019,Router inalámbrico para conexión de red,595.2,71,2026-07-28 00:00:00,2026-09-21 00:00:00
1850,SKU-01850,Mouse Logitech 3482,Mouse óptico para computadora,1843.45,18,2026-08-02 00:00:00,2026-08-06 00:00:00
1851,SKU-01851,Mouse HP 6408,Mouse óptico para computadora,1439.1,43,2026-02-22 00:00:00,2026-09-21 00:00:00
1852,SKU-01852,Audífonos Logitech 4661,"Audífonos para música, llamadas y multimedia",2400.77,26,2026-02-16 00:00:00,2026-03-28 00:00:00
1853,SKU-01853,Disco SSD ADATA 4768,Unidad SSD para almacenamiento de datos,1455.11,27,2026-06-19 00:00:00,2026-09-21 00:00:00
1854,SKU-01854,Teclado Redragon 5487,Teclado para computadora de uso diario,1038.5,62,2025-10-20 00:00:00,2026-06-18 00:00:00
1855,SKU-01855,Disco SSD Western Digital 9598,Unidad SSD para almacenamiento de datos,709.22,77,2025-01-11 00:00:00,2025-03-17 00:00:00
1856,SKU-01856,Monitor LG 1158,Monitor para computadora de alta resolución,10080.52,14,2026-01-15 00:00:00,2026-05-01 00:00:00
1857,SKU-01857,Audífonos HyperX 5523,"Audífonos para música, llamadas y multimedia",1038.02,60,2025-10-07 00:00:00,2025-10-25 00:00:00
1858,SKU-01858,Teclado Logitech 8022,Teclado para computadora de uso diario,1566.78,27,2025-12-15 00:00:00,2026-06-28 00:00:00
1859,SKU-01859,Webcam Logitech 6671,Cámara web para videollamadas,1226.68,6,2025-08-05 00:00:00,2025-12-01 00:00:00
1860,SKU-01860,Memoria USB Verbatim 7481,Memoria USB para almacenamiento y transferencia de archivos,994.65,57,2025-07-15 00:00:00,2026-01-11 00:00:00
1861,SKU-01861,Router TP-Link 2413,Router inalámbrico para conexión de red,2378.75,65,2026-04-10 00:00:00,2026-09-21 00:00:00
1862,SKU-01862,Mouse Genius 5615,Mouse óptico para computadora,856.77,71,2025-12-24 00:00:00,2026-01-06 00:00:00
1863,SKU-01863,Laptop Dell 7376,Equipo portátil para trabajo y estudio,21987.98,2,2026-05-11 00:00:00,2026-09-21 00:00:00
1864,SKU-01864,Router TP-Link 7754,Router inalámbrico para conexión de red,2133.66,76,2026-07-18 00:00:00,2026-09-21 00:00:00
1865,SKU-01865,Cable USB Steren 1946,Cable USB para conexión y transferencia de datos,826.23,136,2025-12-17 00:00:00,2026-04-07 00:00:00
1866,SKU-01866,Cable USB Amazon Basics 7103,Cable USB para conexión y transferencia de datos,1158.19,104,2026-05-29 00:00:00,2026-07-04 00:00:00
1867,SKU-01867,Cable USB UGREEN 5454,Cable USB para conexión y transferencia de datos,516.01,58,2026-02-10 00:00:00,2026-06-02 00:00:00
1868,SKU-01868,Mouse Logitech 433,Mouse óptico para computadora,3484.73,28,2025-02-10 00:00:00,2025-08-13 00:00:00
1869,SKU-01869,Mouse Microsoft 7046,Mouse óptico para computadora,1706.74,82,2025-04-23 00:00:00,2025-08-28 00:00:00
1870,SKU-01870,Memoria USB ADATA 7259,Memoria USB para almacenamiento y transferencia de archivos,334.07,39,2026-05-30 00:00:00,2026-09-21 00:00:00
1871,SKU-01871,Audífonos Philips 684,"Audífonos para música, llamadas y multimedia",1060.87,37,2025-01-31 00:00:00,2025-09-12 00:00:00
1872,SKU-01872,Router Netgear 8928,Router inalámbrico para conexión de red,1179.07,98,2026-06-10 00:00:00,2026-07-10 00:00:00
1873,SKU-01873,Monitor Dell 434,Monitor para computadora de alta resolución,7605.04,30,2025-10-02 00:00:00,2026-04-19 00:00:00
1874,SKU-01874,Teclado HP 8651,Teclado para computadora de uso diario,3286.52,77,2025-06-25 00:00:00,2025-09-12 00:00:00
1875,SKU-01875,Memoria USB Kingston 3330,Memoria USB para almacenamiento y transferencia de archivos,894.85,68,2026-05-30 00:00:00,2026-09-21 00:00:00
1876,SKU-01876,Webcam AverMedia 9699,Cámara web para videollamadas,2002.84,66,2026-01-30 00:00:00,2026-07-31 00:00:00
1877,SKU-01877,Cable USB Baseus 9001,Cable USB para conexión y transferencia de datos,424.85,109,2025-10-12 00:00:00,2026-05-23 00:00:00
1878,SKU-01878,Webcam HP 2536,Cámara web para videollamadas,3306.42,8,2025-09-06 00:00:00,2026-01-15 00:00:00
1879,SKU-01879,Monitor LG 6513,Monitor para computadora de alta resolución,6575.56,30,2025-08-14 00:00:00,2025-08-24 00:00:00
1880,SKU-01880,Router Netgear 6648,Router inalámbrico para conexión de red,1823.57,40,2025-02-05 00:00:00,2025-07-14 00:00:00
1881,SKU-01881,Memoria USB Verbatim 9013,Memoria USB para almacenamiento y transferencia de archivos,139.38,73,2025-07-31 00:00:00,2026-03-12 00:00:00
1882,SKU-01882,Disco SSD Western Digital 9094,Unidad SSD para almacenamiento de datos,909.96,28,2025-08-27 00:00:00,2026-01-30 00:00:00
1883,SKU-01883,Router TP-Link 7167,Router inalámbrico para conexión de red,681.34,39,2025-10-21 00:00:00,2026-05-03 00:00:00
1884,SKU-01884,Monitor ASUS 2832,Monitor para computadora de alta resolución,8672.47,38,2026-08-16 00:00:00,2026-09-21 00:00:00
1885,SKU-01885,Monitor Samsung 4267,Monitor para computadora de alta resolución,11984.4,14,2026-03-05 00:00:00,2026-09-21 00:00:00
1886,SKU-01886,Webcam Logitech 6808,Cámara web para videollamadas,1484.56,86,2025-07-27 00:00:00,2025-10-05 00:00:00
1887,SKU-01887,Router D-Link 9551,Router inalámbrico para conexión de red,2497.2,57,2025-12-24 00:00:00,2026-08-20 00:00:00
1888,SKU-01888,Memoria USB Kingston 109,Memoria USB para almacenamiento y transferencia de archivos,1268.87,123,2025-08-02 00:00:00,2026-02-23 00:00:00
1889,SKU-01889,Teclado Genius 6658,Teclado para computadora de uso diario,668.8,79,2025-06-20 00:00:00,2025-09-12 00:00:00
1890,SKU-01890,Cable USB Steren 7233,Cable USB para conexión y transferencia de datos,913.51,12,2025-03-12 00:00:00,2025-10-20 00:00:00
1891,SKU-01891,Memoria USB Verbatim 6122,Memoria USB para almacenamiento y transferencia de archivos,209.75,86,2025-01-08 00:00:00,2025-03-25 00:00:00
1892,SKU-01892,Audífonos Logitech 1758,"Audífonos para música, llamadas y multimedia",2907.24,66,2025-12-21 00:00:00,2026-03-19 00:00:00
1893,SKU-01893,Laptop ASUS 9208,Equipo portátil para trabajo y estudio,22429.1,33,2025-10-10 00:00:00,2025-10-27 00:00:00
1894,SKU-01894,Mouse Genius 7186,Mouse óptico para computadora,3248.1,36,2025-12-20 00:00:00,2026-06-02 00:00:00
1895,SKU-01895,Mouse Logitech 5892,Mouse óptico para computadora,1831.32,22,2026-06-20 00:00:00,2026-09-21 00:00:00
1896,SKU-01896,Memoria USB Kingston 2759,Memoria USB para almacenamiento y transferencia de archivos,627.43,147,2025-04-24 00:00:00,2025-11-05 00:00:00
1897,SKU-01897,Router Huawei 7725,Router inalámbrico para conexión de red,1780.37,24,2025-06-21 00:00:00,2025-09-17 00:00:00
1898,SKU-01898,Laptop Dell 4586,Equipo portátil para trabajo y estudio,8488.52,24,2025-05-23 00:00:00,2025-11-30 00:00:00
1899,SKU-01899,Audífonos Sony 913,"Audífonos para música, llamadas y multimedia",2542.72,68,2025-05-03 00:00:00,2025-11-20 00:00:00
1900,SKU-01900,Audífonos Sony 4938,"Audífonos para música, llamadas y multimedia",2103.0,42,2025-04-15 00:00:00,2025-08-30 00:00:00
1901,SKU-01901,Laptop HP 3515,Equipo portátil para trabajo y estudio,24637.4,27,2026-01-18 00:00:00,2026-09-21 00:00:00
1902,SKU-01902,Cable USB Belkin 6214,Cable USB para conexión y transferencia de datos,679.07,46,2026-02-20 00:00:00,2026-03-13 00:00:00
1903,SKU-01903,Disco SSD Samsung 595,Unidad SSD para almacenamiento de datos,3659.46,64,2025-02-15 00:00:00,2025-08-29 00:00:00
1904,SKU-01904,Teclado Genius 795,Teclado para computadora de uso diario,543.4,59,2026-08-22 00:00:00,2026-09-21 00:00:00
1905,SKU-01905,Webcam Logitech 4901,Cámara web para videollamadas,398.54,97,2025-06-13 00:00:00,2026-01-27 00:00:00
1906,SKU-01906,Mouse Microsoft 7876,Mouse óptico para computadora,694.62,14,2026-02-24 00:00:00,2026-05-09 00:00:00
1907,SKU-01907,Cable USB UGREEN 6210,Cable USB para conexión y transferencia de datos,1014.15,123,2026-07-07 00:00:00,2026-09-21 00:00:00
1908,SKU-01908,Audífonos Philips 8944,"Audífonos para música, llamadas y multimedia",1880.74,95,2025-10-14 00:00:00,2025-12-12 00:00:00
1909,SKU-01909,Audífonos JBL 7389,"Audífonos para música, llamadas y multimedia",2596.85,59,2026-03-04 00:00:00,2026-09-21 00:00:00
1910,SKU-01910,Teclado Microsoft 2848,Teclado para computadora de uso diario,2057.74,95,2026-04-23 00:00:00,2026-09-21 00:00:00
1911,SKU-01911,Router Netgear 3362,Router inalámbrico para conexión de red,746.31,19,2026-02-05 00:00:00,2026-02-14 00:00:00
1912,SKU-01912,Webcam AverMedia 7209,Cámara web para videollamadas,668.78,43,2026-06-03 00:00:00,2026-09-21 00:00:00
1913,SKU-01913,Memoria USB PNY 6201,Memoria USB para almacenamiento y transferencia de archivos,1372.66,140,2025-11-02 00:00:00,2025-11-18 00:00:00
1914,SKU-01914,Webcam Microsoft 6595,Cámara web para videollamadas,719.92,90,2025-05-14 00:00:00,2025-09-10 00:00:00
1915,SKU-01915,Audífonos Philips 1911,"Audífonos para música, llamadas y multimedia",1825.19,95,2025-02-11 00:00:00,2025-03-21 00:00:00
1916,SKU-01916,Laptop Dell 8285,Equipo portátil para trabajo y estudio,9245.87,8,2025-12-15 00:00:00,2026-04-29 00:00:00
1917,SKU-01917,Cable USB Baseus 9671,Cable USB para conexión y transferencia de datos,229.88,43,2026-01-18 00:00:00,2026-03-20 00:00:00
1918,SKU-01918,Mouse Microsoft 3452,Mouse óptico para computadora,2339.49,52,2025-11-09 00:00:00,2026-06-23 00:00:00
1919,SKU-01919,Teclado Genius 4963,Teclado para computadora de uso diario,1851.86,45,2026-08-21 00:00:00,2026-09-21 00:00:00
1920,SKU-01920,Router TP-Link 5816,Router inalámbrico para conexión de red,2811.0,36,2025-05-31 00:00:00,2026-01-26 00:00:00
1921,SKU-01921,Monitor Samsung 8036,Monitor para computadora de alta resolución,8626.96,34,2025-12-18 00:00:00,2026-02-08 00:00:00
1922,SKU-01922,Router TP-Link 8630,Router inalámbrico para conexión de red,3251.99,44,2025-02-08 00:00:00,2025-04-06 00:00:00
1923,SKU-01923,Disco SSD Kingston 2035,Unidad SSD para almacenamiento de datos,2842.31,40,2026-01-27 00:00:00,2026-03-03 00:00:00
1924,SKU-01924,Audífonos HyperX 4246,"Audífonos para música, llamadas y multimedia",2277.44,53,2026-02-17 00:00:00,2026-06-10 00:00:00
1925,SKU-01925,Disco SSD Samsung 6806,Unidad SSD para almacenamiento de datos,1800.72,75,2025-05-28 00:00:00,2025-10-24 00:00:00
1926,SKU-01926,Laptop Dell 4629,Equipo portátil para trabajo y estudio,26509.83,7,2025-01-11 00:00:00,2025-01-26 00:00:00
1927,SKU-01927,Disco SSD Western Digital 7323,Unidad SSD para almacenamiento de datos,3268.5,44,2026-04-21 00:00:00,2026-09-14 00:00:00
1928,SKU-01928,Audífonos Sony 218,"Audífonos para música, llamadas y multimedia",1172.59,22,2025-12-20 00:00:00,2026-08-27 00:00:00
1929,SKU-01929,Mouse HP 2682,Mouse óptico para computadora,3305.73,75,2025-06-05 00:00:00,2025-06-06 00:00:00
1930,SKU-01930,Cable USB Baseus 2279,Cable USB para conexión y transferencia de datos,847.51,57,2026-08-20 00:00:00,2026-09-17 00:00:00
1931,SKU-01931,Disco SSD Samsung 7097,Unidad SSD para almacenamiento de datos,4319.96,77,2025-10-05 00:00:00,2026-05-24 00:00:00
1932,SKU-01932,Monitor ASUS 7365,Monitor para computadora de alta resolución,7302.06,41,2025-02-06 00:00:00,2025-06-20 00:00:00
1933,SKU-01933,Memoria USB ADATA 8991,Memoria USB para almacenamiento y transferencia de archivos,209.08,72,2025-09-27 00:00:00,2026-04-25 00:00:00
1934,SKU-01934,Router Huawei 3953,Router inalámbrico para conexión de red,1991.31,54,2025-07-03 00:00:00,2026-01-22 00:00:00
1935,SKU-01935,Mouse HP 2749,Mouse óptico para computadora,1530.07,81,2025-06-15 00:00:00,2025-09-18 00:00:00
1936,SKU-01936,Memoria USB SanDisk 1378,Memoria USB para almacenamiento y transferencia de archivos,103.71,21,2026-06-13 00:00:00,2026-06-27 00:00:00
1937,SKU-01937,Webcam Microsoft 5796,Cámara web para videollamadas,2554.79,96,2025-10-24 00:00:00,2026-02-13 00:00:00
1938,SKU-01938,Teclado Redragon 7630,Teclado para computadora de uso diario,3196.26,57,2025-03-04 00:00:00,2025-05-30 00:00:00
1939,SKU-01939,Laptop Lenovo 4093,Equipo portátil para trabajo y estudio,22278.45,8,2025-09-29 00:00:00,2025-11-25 00:00:00
1940,SKU-01940,Disco SSD ADATA 8549,Unidad SSD para almacenamiento de datos,2516.88,66,2025-09-05 00:00:00,2025-12-27 00:00:00
1941,SKU-01941,Monitor Samsung 7498,Monitor para computadora de alta resolución,8447.97,29,2025-01-29 00:00:00,2025-02-23 00:00:00
1942,SKU-01942,Router Tenda 411,Router inalámbrico para conexión de red,3298.42,71,2025-11-12 00:00:00,2026-02-13 00:00:00
1943,SKU-01943,Webcam Logitech 6774,Cámara web para videollamadas,3308.07,49,2026-06-03 00:00:00,2026-09-21 00:00:00
1944,SKU-01944,Disco SSD Kingston 3007,Unidad SSD para almacenamiento de datos,2618.33,54,2026-03-20 00:00:00,2026-08-16 00:00:00
1945,SKU-01945,Teclado Logitech 2071,Teclado para computadora de uso diario,1543.64,23,2025-03-23 00:00:00,2025-10-23 00:00:00
1946,SKU-01946,Memoria USB Verbatim 6169,Memoria USB para almacenamiento y transferencia de archivos,1786.43,30,2025-05-08 00:00:00,2026-01-05 00:00:00
1947,SKU-01947,Laptop Acer 1480,Equipo portátil para trabajo y estudio,26518.33,10,2025-11-22 00:00:00,2026-02-24 00:00:00
1948,SKU-01948,Teclado HP 7649,Teclado para computadora de uso diario,3092.86,7,2025-06-16 00:00:00,2026-02-18 00:00:00
1949,SKU-01949,Memoria USB PNY 7575,Memoria USB para almacenamiento y transferencia de archivos,1369.66,44,2026-07-07 00:00:00,2026-07-09 00:00:00
1950,SKU-01950,Teclado Microsoft 7301,Teclado para computadora de uso diario,1098.55,21,2025-03-24 00:00:00,2025-04-16 00:00:00
1951,SKU-01951,Cable USB Amazon Basics 6231,Cable USB para conexión y transferencia de datos,964.93,75,2025-09-13 00:00:00,2025-10-10 00:00:00
1952,SKU-01952,Audífonos JBL 2519,"Audífonos para música, llamadas y multimedia",2284.2,80,2025-12-04 00:00:00,2026-06-19 00:00:00
1953,SKU-01953,Audífonos Philips 7398,"Audífonos para música, llamadas y multimedia",421.97,99,2026-04-24 00:00:00,2026-07-01 00:00:00
1954,SKU-01954,Mouse Logitech 7921,Mouse óptico para computadora,1092.41,22,2025-06-06 00:00:00,2025-12-11 00:00:00
1955,SKU-01955,Memoria USB PNY 118,Memoria USB para almacenamiento y transferencia de archivos,955.02,98,2025-08-28 00:00:00,2026-01-08 00:00:00
1956,SKU-01956,Teclado Genius 7681,Teclado para computadora de uso diario,430.15,28,2025-07-13 00:00:00,2025-11-21 00:00:00
1957,SKU-01957,Webcam HP 3069,Cámara web para videollamadas,1581.96,49,2026-05-02 00:00:00,2026-09-21 00:00:00
1958,SKU-01958,Monitor Dell 5078,Monitor para computadora de alta resolución,8107.7,18,2025-11-15 00:00:00,2025-11-16 00:00:00
1959,SKU-01959,Monitor ASUS 8431,Monitor para computadora de alta resolución,11840.38,26,2025-01-23 00:00:00,2025-06-26 00:00:00
1960,SKU-01960,Disco SSD Western Digital 8751,Unidad SSD para almacenamiento de datos,1135.97,60,2026-06-15 00:00:00,2026-08-25 00:00:00
1961,SKU-01961,Laptop Dell 1411,Equipo portátil para trabajo y estudio,19333.38,23,2026-04-03 00:00:00,2026-05-20 00:00:00
1962,SKU-01962,Webcam HP 9287,Cámara web para videollamadas,1212.76,99,2025-10-28 00:00:00,2026-06-08 00:00:00
1963,SKU-01963,Disco SSD Western Digital 2816,Unidad SSD para almacenamiento de datos,3556.42,15,2025-01-17 00:00:00,2025-06-30 00:00:00
1964,SKU-01964,Audífonos Logitech 4153,"Audífonos para música, llamadas y multimedia",407.32,19,2025-05-03 00:00:00,2025-09-22 00:00:00
1965,SKU-01965,Monitor AOC 3810,Monitor para computadora de alta resolución,11390.45,3,2025-10-31 00:00:00,2025-11-02 00:00:00
1966,SKU-01966,Mouse Genius 9636,Mouse óptico para computadora,993.86,65,2025-02-20 00:00:00,2025-09-08 00:00:00
1967,SKU-01967,Mouse Genius 8499,Mouse óptico para computadora,1348.27,52,2026-02-18 00:00:00,2026-08-25 00:00:00
1968,SKU-01968,Laptop HP 2844,Equipo portátil para trabajo y estudio,20706.7,3,2025-11-29 00:00:00,2026-07-05 00:00:00
1969,SKU-01969,Disco SSD Crucial 3308,Unidad SSD para almacenamiento de datos,1444.76,42,2026-03-05 00:00:00,2026-08-27 00:00:00
1970,SKU-01970,Mouse Razer 9010,Mouse óptico para computadora,2355.9,79,2025-02-05 00:00:00,2025-08-18 00:00:00
1971,SKU-01971,Webcam Logitech 8614,Cámara web para videollamadas,3444.28,84,2026-08-08 00:00:00,2026-09-06 00:00:00
1972,SKU-01972,Router D-Link 2056,Router inalámbrico para conexión de red,1147.52,97,2025-03-03 00:00:00,2025-04-23 00:00:00
1973,SKU-01973,Disco SSD Samsung 7116,Unidad SSD para almacenamiento de datos,820.58,80,2025-01-30 00:00:00,2025-05-23 00:00:00
1974,SKU-01974,Monitor Samsung 6726,Monitor para computadora de alta resolución,9222.05,49,2025-04-02 00:00:00,2025-10-03 00:00:00
1975,SKU-01975,Laptop Acer 1836,Equipo portátil para trabajo y estudio,14689.11,5,2026-07-02 00:00:00,2026-09-21 00:00:00
1976,SKU-01976,Mouse HP 5263,Mouse óptico para computadora,1652.48,81,2026-01-22 00:00:00,2026-08-18 00:00:00
1977,SKU-01977,Router Tenda 4953,Router inalámbrico para conexión de red,1212.31,84,2025-03-10 00:00:00,2025-06-25 00:00:00
1978,SKU-01978,Webcam Microsoft 2800,Cámara web para videollamadas,523.11,99,2026-02-18 00:00:00,2026-08-27 00:00:00
1979,SKU-01979,Router D-Link 7913,Router inalámbrico para conexión de red,2476.11,27,2025-05-01 00:00:00,2025-10-18 00:00:00
1980,SKU-01980,Router Tenda 8462,Router inalámbrico para conexión de red,886.93,78,2026-06-12 00:00:00,2026-07-21 00:00:00
1981,SKU-01981,Laptop Dell 3054,Equipo portátil para trabajo y estudio,9464.5,34,2025-12-01 00:00:00,2026-02-13 00:00:00
1982,SKU-01982,Disco SSD Crucial 963,Unidad SSD para almacenamiento de datos,3628.25,31,2025-07-16 00:00:00,2025-09-22 00:00:00
1983,SKU-01983,Router D-Link 1090,Router inalámbrico para conexión de red,941.79,38,2025-07-14 00:00:00,2026-02-13 00:00:00
1984,SKU-01984,Webcam Microsoft 7433,Cámara web para videollamadas,603.58,61,2025-04-21 00:00:00,2025-07-22 00:00:00
1985,SKU-01985,Router Huawei 2668,Router inalámbrico para conexión de red,1360.56,89,2026-02-17 00:00:00,2026-09-21 00:00:00
1986,SKU-01986,Router Netgear 6758,Router inalámbrico para conexión de red,2819.03,46,2026-04-17 00:00:00,2026-07-13 00:00:00
1987,SKU-01987,Webcam Logitech 5847,Cámara web para videollamadas,1436.08,49,2026-06-19 00:00:00,2026-09-21 00:00:00
1988,SKU-01988,Laptop Dell 3298,Equipo portátil para trabajo y estudio,24803.21,29,2026-04-05 00:00:00,2026-09-16 00:00:00
1989,SKU-01989,Audífonos HyperX 3647,"Audífonos para música, llamadas y multimedia",1857.37,100,2026-05-07 00:00:00,2026-09-21 00:00:00
1990,SKU-01990,Teclado Microsoft 6071,Teclado para computadora de uso diario,2652.33,90,2026-08-08 00:00:00,2026-09-21 00:00:00
1991,SKU-01991,Monitor ASUS 1986,Monitor para computadora de alta resolución,4744.38,31,2026-01-24 00:00:00,2026-07-30 00:00:00
1992,SKU-01992,Teclado Genius 5084,Teclado para computadora de uso diario,2112.33,91,2025-06-30 00:00:00,2025-10-01 00:00:00
1993,SKU-01993,Laptop Lenovo 3516,Equipo portátil para trabajo y estudio,21811.16,9,2025-03-05 00:00:00,2025-09-20 00:00:00
1994,SKU-01994,Teclado Microsoft 3687,Teclado para computadora de uso diario,555.22,13,2025-02-01 00:00:00,2025-05-28 00:00:00
1995,SKU-01995,Audífonos Sony 688,"Audífonos para música, llamadas y multimedia",2026.98,79,2025-03-31 00:00:00,2025-11-02 00:00:00
1996,SKU-01996,Mouse Genius 9625,Mouse óptico para computadora,713.23,98,2026-02-09 00:00:00,2026-09-21 00:00:00
1997,SKU-01997,Audífonos HyperX 1844,"Audífonos para música, llamadas y multimedia",1871.13,94,2025-03-16 00:00:00,2025-10-16 00:00:00
1998,SKU-01998,Monitor LG 5075,Monitor para computadora de alta resolución,8427.51,11,2026-01-29 00:00:00,2026-03-21 00:00:00
1999,SKU-01999,Router Netgear 5904,Router inalámbrico para conexión de red,1801.94,36,2025-07-07 00:00:00,2026-01-15 00:00:00
2000,SKU-02000,Cable USB Belkin 9617,Cable USB para conexión y transferencia de datos,1191.5,150,2025-04-02 00:00:00,2025-06-24 00:00:00
2001,SKU-02001,Laptop Lenovo 8435,Equipo portátil para trabajo y estudio,7091.66,8,2025-11-09 00:00:00,2026-01-24 00:00:00
2002,SKU-02002,Mouse Logitech 6504,Mouse óptico para computadora,1365.59,10,2026-06-21 00:00:00,2026-09-21 00:00:00
2003,SKU-02003,Disco SSD Western Digital 131,Unidad SSD para almacenamiento de datos,3444.32,66,2025-07-18 00:00:00,2025-11-18 00:00:00
2004,SKU-02004,Router Huawei 6701,Router inalámbrico para conexión de red,2992.84,7,2026-01-15 00:00:00,2026-05-03 00:00:00
2005,SKU-02005,Teclado HP 6827,Teclado para computadora de uso diario,2944.44,82,2025-04-08 00:00:00,2025-07-31 00:00:00
2006,SKU-02006,Webcam AverMedia 8190,Cámara web para videollamadas,1189.26,75,2026-01-17 00:00:00,2026-04-16 00:00:00
2007,SKU-02007,Monitor AOC 398,Monitor para computadora de alta resolución,2604.82,22,2026-08-09 00:00:00,2026-09-21 00:00:00
2008,SKU-02008,Webcam HP 3274,Cámara web para videollamadas,590.58,49,2025-08-25 00:00:00,2025-10-22 00:00:00
2009,SKU-02009,Audífonos Logitech 6823,"Audífonos para música, llamadas y multimedia",1505.21,83,2026-02-12 00:00:00,2026-02-21 00:00:00
2010,SKU-02010,Audífonos Philips 3199,"Audífonos para música, llamadas y multimedia",2645.63,94,2026-02-07 00:00:00,2026-04-12 00:00:00
2011,SKU-02011,Monitor Dell 4158,Monitor para computadora de alta resolución,4986.51,9,2025-02-14 00:00:00,2025-02-18 00:00:00
2012,SKU-02012,Webcam Microsoft 5791,Cámara web para videollamadas,445.61,67,2026-05-09 00:00:00,2026-08-17 00:00:00
2013,SKU-02013,Webcam Logitech 1416,Cámara web para videollamadas,2321.47,98,2026-02-17 00:00:00,2026-09-21 00:00:00
2014,SKU-02014,Cable USB Amazon Basics 3921,Cable USB para conexión y transferencia de datos,746.36,75,2026-05-27 00:00:00,2026-06-07 00:00:00
2015,SKU-02015,Audífonos HyperX 8121,"Audífonos para música, llamadas y multimedia",1728.15,77,2026-06-24 00:00:00,2026-09-21 00:00:00
2016,SKU-02016,Mouse HP 7357,Mouse óptico para computadora,1787.39,38,2026-08-19 00:00:00,2026-09-21 00:00:00
2017,SKU-02017,Router D-Link 7823,Router inalámbrico para conexión de red,1657.03,96,2025-02-13 00:00:00,2025-08-22 00:00:00
2018,SKU-02018,Disco SSD Western Digital 4827,Unidad SSD para almacenamiento de datos,801.24,13,2025-03-11 00:00:00,2025-05-22 00:00:00
2019,SKU-02019,Memoria USB Kingston 682,Memoria USB para almacenamiento y transferencia de archivos,132.44,89,2025-12-12 00:00:00,2026-07-30 00:00:00
2020,SKU-02020,Router TP-Link 3114,Router inalámbrico para conexión de red,2656.51,91,2025-09-22 00:00:00,2025-10-29 00:00:00
2021,SKU-02021,Laptop HP 4330,Equipo portátil para trabajo y estudio,26415.36,31,2026-06-17 00:00:00,2026-06-28 00:00:00
2022,SKU-02022,Webcam AverMedia 5947,Cámara web para videollamadas,1351.19,85,2026-03-20 00:00:00,2026-04-28 00:00:00
2023,SKU-02023,Mouse HP 2260,Mouse óptico para computadora,1644.49,47,2025-07-27 00:00:00,2025-12-29 00:00:00
2024,SKU-02024,Laptop Dell 2082,Equipo portátil para trabajo y estudio,13513.95,23,2026-04-04 00:00:00,2026-09-06 00:00:00
2025,SKU-02025,Audífonos HyperX 4523,"Audífonos para música, llamadas y multimedia",1779.5,74,2025-10-08 00:00:00,2026-01-17 00:00:00
2026,SKU-02026,Audífonos HyperX 1673,"Audífonos para música, llamadas y multimedia",2588.46,65,2026-04-06 00:00:00,2026-09-21 00:00:00
2027,SKU-02027,Disco SSD Samsung 5109,Unidad SSD para almacenamiento de datos,3490.32,35,2026-07-08 00:00:00,2026-09-21 00:00:00
2028,SKU-02028,Teclado Microsoft 654,Teclado para computadora de uso diario,2778.43,53,2025-04-03 00:00:00,2025-08-08 00:00:00
2029,SKU-02029,Mouse Razer 6205,Mouse óptico para computadora,2610.13,84,2025-12-06 00:00:00,2026-01-13 00:00:00
2030,SKU-02030,Cable USB Amazon Basics 2479,Cable USB para conexión y transferencia de datos,403.58,49,2026-05-23 00:00:00,2026-08-18 00:00:00
2031,SKU-02031,Router D-Link 9914,Router inalámbrico para conexión de red,2297.23,13,2025-07-01 00:00:00,2025-09-19 00:00:00
2032,SKU-02032,Audífonos HyperX 3405,"Audífonos para música, llamadas y multimedia",351.06,44,2025-10-10 00:00:00,2026-05-25 00:00:00
2033,SKU-02033,Audífonos Philips 5195,"Audífonos para música, llamadas y multimedia",2563.74,73,2025-02-19 00:00:00,2025-10-01 00:00:00
2034,SKU-02034,Memoria USB Verbatim 2534,Memoria USB para almacenamiento y transferencia de archivos,788.4,113,2026-05-27 00:00:00,2026-09-21 00:00:00
2035,SKU-02035,Disco SSD Western Digital 3906,Unidad SSD para almacenamiento de datos,3133.95,44,2025-03-18 00:00:00,2025-06-27 00:00:00
2036,SKU-02036,Router Tenda 5389,Router inalámbrico para conexión de red,881.38,26,2025-02-13 00:00:00,2025-08-21 00:00:00
2037,SKU-02037,Laptop Acer 3392,Equipo portátil para trabajo y estudio,27555.28,25,2025-10-12 00:00:00,2025-10-25 00:00:00
2038,SKU-02038,Memoria USB Kingston 3603,Memoria USB para almacenamiento y transferencia de archivos,279.44,101,2025-08-12 00:00:00,2025-09-03 00:00:00
2039,SKU-02039,Memoria USB Kingston 1000,Memoria USB para almacenamiento y transferencia de archivos,1179.6,49,2025-01-30 00:00:00,2025-06-07 00:00:00
2040,SKU-02040,Webcam Logitech 7320,Cámara web para videollamadas,2166.43,67,2026-04-05 00:00:00,2026-04-22 00:00:00
2041,SKU-02041,Router Huawei 2243,Router inalámbrico para conexión de red,2265.9,47,2026-01-07 00:00:00,2026-03-15 00:00:00
2042,SKU-02042,Teclado Genius 7158,Teclado para computadora de uso diario,2607.51,26,2025-12-14 00:00:00,2026-07-16 00:00:00
2043,SKU-02043,Cable USB Belkin 329,Cable USB para conexión y transferencia de datos,324.91,44,2025-01-24 00:00:00,2025-07-31 00:00:00
2044,SKU-02044,Webcam HP 547,Cámara web para videollamadas,1399.55,20,2026-07-19 00:00:00,2026-08-06 00:00:00
2045,SKU-02045,Teclado Genius 6868,Teclado para computadora de uso diario,3384.8,59,2026-06-29 00:00:00,2026-09-21 00:00:00
2046,SKU-02046,Webcam Logitech 1858,Cámara web para videollamadas,948.59,42,2025-11-12 00:00:00,2026-04-23 00:00:00
2047,SKU-02047,Laptop Dell 3962,Equipo portátil para trabajo y estudio,19781.57,9,2026-02-24 00:00:00,2026-07-08 00:00:00
2048,SKU-02048,Memoria USB PNY 1099,Memoria USB para almacenamiento y transferencia de archivos,892.4,123,2026-01-16 00:00:00,2026-01-31 00:00:00
2049,SKU-02049,Webcam Microsoft 5725,Cámara web para videollamadas,2012.58,25,2026-01-04 00:00:00,2026-04-25 00:00:00
2050,SKU-02050,Teclado Genius 3682,Teclado para computadora de uso diario,2933.0,58,2025-04-14 00:00:00,2025-08-19 00:00:00
2051,SKU-02051,Monitor Dell 7723,Monitor para computadora de alta resolución,6560.64,39,2025-11-10 00:00:00,2026-05-19 00:00:00
2052,SKU-02052,Cable USB Amazon Basics 8874,Cable USB para conexión y transferencia de datos,904.47,106,2025-01-31 00:00:00,2025-08-06 00:00:00
2053,SKU-02053,Teclado Microsoft 952,Teclado para computadora de uso diario,2147.34,9,2026-08-20 00:00:00,2026-09-21 00:00:00
2054,SKU-02054,Router Huawei 7534,Router inalámbrico para conexión de red,1218.03,10,2026-03-04 00:00:00,2026-09-20 00:00:00
2055,SKU-02055,Audífonos JBL 6274,"Audífonos para música, llamadas y multimedia",3059.2,65,2026-06-30 00:00:00,2026-09-21 00:00:00
2056,SKU-02056,Webcam AverMedia 9970,Cámara web para videollamadas,418.8,21,2026-03-10 00:00:00,2026-08-08 00:00:00
2057,SKU-02057,Mouse Genius 3310,Mouse óptico para computadora,2912.63,78,2025-07-17 00:00:00,2026-01-16 00:00:00
2058,SKU-02058,Teclado HP 9837,Teclado para computadora de uso diario,1923.4,41,2026-06-22 00:00:00,2026-06-28 00:00:00
2059,SKU-02059,Laptop HP 6613,Equipo portátil para trabajo y estudio,11077.39,31,2025-05-05 00:00:00,2025-09-23 00:00:00
2060,SKU-02060,Laptop Dell 3460,Equipo portátil para trabajo y estudio,11339.83,5,2025-08-02 00:00:00,2025-09-30 00:00:00
2061,SKU-02061,Disco SSD ADATA 5989,Unidad SSD para almacenamiento de datos,875.87,39,2026-02-05 00:00:00,2026-07-06 00:00:00
2062,SKU-02062,Laptop ASUS 6748,Equipo portátil para trabajo y estudio,18067.11,15,2026-03-16 00:00:00,2026-06-08 00:00:00
2063,SKU-02063,Memoria USB PNY 4262,Memoria USB para almacenamiento y transferencia de archivos,526.78,36,2025-02-26 00:00:00,2025-04-02 00:00:00
2064,SKU-02064,Disco SSD Samsung 1409,Unidad SSD para almacenamiento de datos,1397.6,55,2026-01-13 00:00:00,2026-08-31 00:00:00
2065,SKU-02065,Disco SSD Samsung 4932,Unidad SSD para almacenamiento de datos,4101.47,8,2026-07-28 00:00:00,2026-09-21 00:00:00
2066,SKU-02066,Disco SSD Kingston 5603,Unidad SSD para almacenamiento de datos,797.53,68,2026-02-26 00:00:00,2026-07-08 00:00:00
2067,SKU-02067,Disco SSD Samsung 2085,Unidad SSD para almacenamiento de datos,1533.09,24,2026-08-23 00:00:00,2026-09-21 00:00:00
2068,SKU-02068,Teclado HP 2550,Teclado para computadora de uso diario,3013.15,71,2025-10-07 00:00:00,2026-06-05 00:00:00
2069,SKU-02069,Audífonos HyperX 1229,"Audífonos para música, llamadas y multimedia",2416.53,78,2025-03-02 00:00:00,2025-06-21 00:00:00
2070,SKU-02070,Laptop Dell 9584,Equipo portátil para trabajo y estudio,10776.03,9,2026-03-18 00:00:00,2026-06-12 00:00:00
2071,SKU-02071,Monitor ASUS 3256,Monitor para computadora de alta resolución,4085.92,4,2025-02-09 00:00:00,2025-09-17 00:00:00
2072,SKU-02072,Webcam AverMedia 4905,Cámara web para videollamadas,2587.84,45,2026-02-18 00:00:00,2026-06-05 00:00:00
2073,SKU-02073,Disco SSD Samsung 7171,Unidad SSD para almacenamiento de datos,4236.26,15,2026-06-06 00:00:00,2026-09-21 00:00:00
2074,SKU-02074,Disco SSD ADATA 958,Unidad SSD para almacenamiento de datos,1339.93,19,2025-10-15 00:00:00,2026-03-28 00:00:00
2075,SKU-02075,Cable USB Amazon Basics 3002,Cable USB para conexión y transferencia de datos,1056.85,93,2026-03-10 00:00:00,2026-07-08 00:00:00
2076,SKU-02076,Mouse HP 7981,Mouse óptico para computadora,2073.92,40,2025-08-26 00:00:00,2025-10-09 00:00:00
2077,SKU-02077,Disco SSD Samsung 2537,Unidad SSD para almacenamiento de datos,2661.86,47,2025-09-10 00:00:00,2025-09-15 00:00:00
2078,SKU-02078,Audífonos JBL 5595,"Audífonos para música, llamadas y multimedia",1479.53,39,2025-03-03 00:00:00,2025-05-23 00:00:00
2079,SKU-02079,Mouse Razer 7789,Mouse óptico para computadora,2582.23,36,2025-07-03 00:00:00,2026-03-06 00:00:00
2080,SKU-02080,Monitor LG 6063,Monitor para computadora de alta resolución,10126.22,49,2025-01-02 00:00:00,2025-06-23 00:00:00
2081,SKU-02081,Laptop Dell 1734,Equipo portátil para trabajo y estudio,7693.26,23,2026-06-30 00:00:00,2026-07-10 00:00:00
2082,SKU-02082,Teclado HP 6792,Teclado para computadora de uso diario,2016.16,53,2025-04-02 00:00:00,2025-10-07 00:00:00
2083,SKU-02083,Audífonos Logitech 408,"Audífonos para música, llamadas y multimedia",1316.85,70,2026-01-18 00:00:00,2026-02-17 00:00:00
2084,SKU-02084,Monitor ASUS 9830,Monitor para computadora de alta resolución,3897.96,48,2026-03-11 00:00:00,2026-08-13 00:00:00
2085,SKU-02085,Mouse Logitech 3543,Mouse óptico para computadora,372.36,51,2026-05-31 00:00:00,2026-09-21 00:00:00
2086,SKU-02086,Monitor Samsung 2215,Monitor para computadora de alta resolución,9336.75,25,2026-02-19 00:00:00,2026-04-18 00:00:00
2087,SKU-02087,Disco SSD Kingston 834,Unidad SSD para almacenamiento de datos,757.47,33,2025-03-24 00:00:00,2025-10-17 00:00:00
2088,SKU-02088,Cable USB Baseus 9013,Cable USB para conexión y transferencia de datos,1749.56,19,2025-02-09 00:00:00,2025-07-25 00:00:00
2089,SKU-02089,Memoria USB Verbatim 1019,Memoria USB para almacenamiento y transferencia de archivos,383.6,59,2026-01-24 00:00:00,2026-05-29 00:00:00
2090,SKU-02090,Cable USB Steren 1548,Cable USB para conexión y transferencia de datos,1134.34,52,2025-10-18 00:00:00,2025-12-27 00:00:00
2091,SKU-02091,Audífonos JBL 9445,"Audífonos para música, llamadas y multimedia",1735.79,70,2025-06-08 00:00:00,2025-12-23 00:00:00
2092,SKU-02092,Router Netgear 1297,Router inalámbrico para conexión de red,1397.56,86,2025-06-14 00:00:00,2026-01-26 00:00:00
2093,SKU-02093,Disco SSD Western Digital 2211,Unidad SSD para almacenamiento de datos,4032.31,65,2025-10-19 00:00:00,2026-02-28 00:00:00
2094,SKU-02094,Laptop Lenovo 9357,Equipo portátil para trabajo y estudio,15191.66,34,2025-03-08 00:00:00,2025-10-19 00:00:00
2095,SKU-02095,Disco SSD Samsung 8823,Unidad SSD para almacenamiento de datos,2552.32,42,2025-08-09 00:00:00,2025-08-18 00:00:00
2096,SKU-02096,Webcam AverMedia 1020,Cámara web para videollamadas,1017.52,51,2026-07-04 00:00:00,2026-09-09 00:00:00
2097,SKU-02097,Router Tenda 1738,Router inalámbrico para conexión de red,736.51,43,2026-07-02 00:00:00,2026-07-23 00:00:00
2098,SKU-02098,Disco SSD ADATA 8985,Unidad SSD para almacenamiento de datos,4090.75,69,2026-07-31 00:00:00,2026-08-19 00:00:00
2099,SKU-02099,Disco SSD Crucial 824,Unidad SSD para almacenamiento de datos,1094.07,12,2025-10-16 00:00:00,2026-03-31 00:00:00
2100,SKU-02100,Teclado Genius 5186,Teclado para computadora de uso diario,2546.42,21,2026-08-11 00:00:00,2026-09-21 00:00:00
2101,SKU-02101,Monitor Dell 7701,Monitor para computadora de alta resolución,6812.68,32,2025-01-30 00:00:00,2025-09-24 00:00:00
2102,SKU-02102,Router Tenda 2980,Router inalámbrico para conexión de red,3126.67,16,2026-03-08 00:00:00,2026-05-19 00:00:00
2103,SKU-02103,Monitor AOC 6308,Monitor para computadora de alta resolución,7411.31,46,2026-06-13 00:00:00,2026-08-22 00:00:00
2104,SKU-02104,Audífonos Logitech 6577,"Audífonos para música, llamadas y multimedia",808.27,38,2025-07-30 00:00:00,2025-11-24 00:00:00
2105,SKU-02105,Audífonos HyperX 9472,"Audífonos para música, llamadas y multimedia",2712.7,46,2026-05-18 00:00:00,2026-06-11 00:00:00
2106,SKU-02106,Webcam Trust 1672,Cámara web para videollamadas,3417.85,42,2026-02-04 00:00:00,2026-08-08 00:00:00
2107,SKU-02107,Teclado Microsoft 4984,Teclado para computadora de uso diario,3257.89,67,2026-05-03 00:00:00,2026-05-25 00:00:00
2108,SKU-02108,Teclado HP 4297,Teclado para computadora de uso diario,1317.8,28,2025-01-22 00:00:00,2025-08-05 00:00:00
2109,SKU-02109,Teclado Logitech 2475,Teclado para computadora de uso diario,2781.28,6,2026-07-14 00:00:00,2026-08-27 00:00:00
2110,SKU-02110,Router Netgear 7814,Router inalámbrico para conexión de red,2265.51,66,2025-10-23 00:00:00,2026-05-14 00:00:00
2111,SKU-02111,Memoria USB Kingston 3325,Memoria USB para almacenamiento y transferencia de archivos,1632.26,46,2026-06-15 00:00:00,2026-09-21 00:00:00
2112,SKU-02112,Memoria USB Verbatim 8046,Memoria USB para almacenamiento y transferencia de archivos,1737.33,121,2025-11-27 00:00:00,2026-05-27 00:00:00
2113,SKU-02113,Laptop Acer 7831,Equipo portátil para trabajo y estudio,11088.85,25,2025-11-03 00:00:00,2026-02-04 00:00:00
2114,SKU-02114,Teclado Logitech 2630,Teclado para computadora de uso diario,1758.45,72,2025-03-04 00:00:00,2025-11-04 00:00:00
2115,SKU-02115,Mouse Microsoft 2193,Mouse óptico para computadora,502.53,48,2025-04-21 00:00:00,2025-09-29 00:00:00
2116,SKU-02116,Cable USB Baseus 194,Cable USB para conexión y transferencia de datos,1327.18,140,2026-06-23 00:00:00,2026-09-21 00:00:00
2117,SKU-02117,Webcam HP 687,Cámara web para videollamadas,1587.71,12,2026-06-05 00:00:00,2026-06-09 00:00:00
2118,SKU-02118,Mouse Razer 4163,Mouse óptico para computadora,2918.12,37,2026-06-22 00:00:00,2026-09-21 00:00:00
2119,SKU-02119,Teclado Redragon 4031,Teclado para computadora de uso diario,3098.62,59,2026-01-25 00:00:00,2026-05-26 00:00:00
2120,SKU-02120,Monitor ASUS 3461,Monitor para computadora de alta resolución,6885.65,34,2025-05-19 00:00:00,2025-08-24 00:00:00
2121,SKU-02121,Mouse HP 2236,Mouse óptico para computadora,580.14,97,2025-10-21 00:00:00,2025-11-29 00:00:00
2122,SKU-02122,Monitor Dell 840,Monitor para computadora de alta resolución,11519.86,16,2025-04-08 00:00:00,2025-09-09 00:00:00
2123,SKU-02123,Router D-Link 6010,Router inalámbrico para conexión de red,2091.13,48,2025-12-10 00:00:00,2026-01-03 00:00:00
2124,SKU-02124,Webcam Logitech 3705,Cámara web para videollamadas,2774.37,26,2025-04-19 00:00:00,2025-09-07 00:00:00
2125,SKU-02125,Mouse Logitech 7253,Mouse óptico para computadora,1584.87,64,2025-07-14 00:00:00,2025-10-05 00:00:00
2126,SKU-02126,Router Huawei 8157,Router inalámbrico para conexión de red,3325.86,78,2025-02-22 00:00:00,2025-10-28 00:00:00
2127,SKU-02127,Disco SSD Samsung 5521,Unidad SSD para almacenamiento de datos,2800.66,66,2026-02-10 00:00:00,2026-06-24 00:00:00
2128,SKU-02128,Teclado Genius 4893,Teclado para computadora de uso diario,2340.43,15,2025-06-26 00:00:00,2026-01-08 00:00:00
2129,SKU-02129,Webcam Microsoft 7842,Cámara web para videollamadas,1481.86,49,2026-05-30 00:00:00,2026-09-21 00:00:00
2130,SKU-02130,Audífonos Philips 1562,"Audífonos para música, llamadas y multimedia",758.5,42,2026-04-28 00:00:00,2026-05-08 00:00:00
2131,SKU-02131,Teclado Logitech 6913,Teclado para computadora de uso diario,1963.47,47,2025-01-24 00:00:00,2025-01-25 00:00:00
2132,SKU-02132,Router TP-Link 1413,Router inalámbrico para conexión de red,1217.24,38,2025-04-02 00:00:00,2025-12-05 00:00:00
2133,SKU-02133,Laptop Acer 2225,Equipo portátil para trabajo y estudio,18643.68,26,2025-10-18 00:00:00,2026-03-29 00:00:00
2134,SKU-02134,Webcam HP 3944,Cámara web para videollamadas,1241.61,88,2025-04-28 00:00:00,2025-07-13 00:00:00
2135,SKU-02135,Memoria USB PNY 7569,Memoria USB para almacenamiento y transferencia de archivos,558.62,43,2025-07-09 00:00:00,2025-08-15 00:00:00
2136,SKU-02136,Disco SSD Crucial 468,Unidad SSD para almacenamiento de datos,1194.77,8,2026-06-18 00:00:00,2026-09-21 00:00:00
2137,SKU-02137,Cable USB Steren 754,Cable USB para conexión y transferencia de datos,571.43,95,2026-04-02 00:00:00,2026-04-06 00:00:00
2138,SKU-02138,Cable USB Baseus 3276,Cable USB para conexión y transferencia de datos,427.89,100,2025-04-17 00:00:00,2025-04-30 00:00:00
2139,SKU-02139,Router D-Link 5566,Router inalámbrico para conexión de red,1097.68,13,2025-09-18 00:00:00,2026-02-07 00:00:00
2140,SKU-02140,Webcam AverMedia 3655,Cámara web para videollamadas,781.54,86,2025-09-17 00:00:00,2025-09-26 00:00:00
2141,SKU-02141,Monitor LG 4879,Monitor para computadora de alta resolución,6994.81,23,2026-03-31 00:00:00,2026-09-21 00:00:00
2142,SKU-02142,Disco SSD Western Digital 9918,Unidad SSD para almacenamiento de datos,3804.53,10,2025-11-10 00:00:00,2025-12-28 00:00:00
2143,SKU-02143,Laptop Acer 9521,Equipo portátil para trabajo y estudio,27318.67,2,2026-04-15 00:00:00,2026-08-14 00:00:00
2144,SKU-02144,Webcam AverMedia 9330,Cámara web para videollamadas,1728.8,33,2025-09-13 00:00:00,2026-03-28 00:00:00
2145,SKU-02145,Router Netgear 6614,Router inalámbrico para conexión de red,816.65,83,2025-01-11 00:00:00,2025-04-27 00:00:00
2146,SKU-02146,Disco SSD ADATA 374,Unidad SSD para almacenamiento de datos,2487.35,31,2025-11-27 00:00:00,2026-03-09 00:00:00
2147,SKU-02147,Cable USB UGREEN 6737,Cable USB para conexión y transferencia de datos,383.98,32,2025-06-20 00:00:00,2025-11-21 00:00:00
2148,SKU-02148,Monitor AOC 8177,Monitor para computadora de alta resolución,8024.12,3,2025-01-26 00:00:00,2025-04-01 00:00:00
2149,SKU-02149,Teclado Genius 2960,Teclado para computadora de uso diario,2601.34,11,2025-03-28 00:00:00,2025-09-28 00:00:00
2150,SKU-02150,Cable USB UGREEN 2323,Cable USB para conexión y transferencia de datos,622.89,121,2026-01-12 00:00:00,2026-06-25 00:00:00
2151,SKU-02151,Webcam Logitech 7309,Cámara web para videollamadas,824.6,15,2025-07-26 00:00:00,2026-02-28 00:00:00
2152,SKU-02152,Mouse Microsoft 902,Mouse óptico para computadora,2035.25,9,2025-05-22 00:00:00,2025-07-05 00:00:00
2153,SKU-02153,Monitor Dell 5268,Monitor para computadora de alta resolución,9270.95,3,2025-01-31 00:00:00,2025-07-23 00:00:00
2154,SKU-02154,Cable USB Amazon Basics 6695,Cable USB para conexión y transferencia de datos,528.83,54,2026-03-22 00:00:00,2026-06-07 00:00:00
2155,SKU-02155,Memoria USB ADATA 5028,Memoria USB para almacenamiento y transferencia de archivos,156.23,103,2026-03-05 00:00:00,2026-06-21 00:00:00
2156,SKU-02156,Cable USB Belkin 4393,Cable USB para conexión y transferencia de datos,313.65,126,2026-08-18 00:00:00,2026-09-21 00:00:00
2157,SKU-02157,Disco SSD Crucial 3710,Unidad SSD para almacenamiento de datos,3019.52,5,2026-05-26 00:00:00,2026-09-10 00:00:00
2158,SKU-02158,Webcam Logitech 3042,Cámara web para videollamadas,2431.73,36,2026-01-04 00:00:00,2026-07-06 00:00:00
2159,SKU-02159,Mouse Microsoft 4091,Mouse óptico para computadora,459.62,100,2025-05-31 00:00:00,2025-06-21 00:00:00
2160,SKU-02160,Monitor Dell 7315,Monitor para computadora de alta resolución,7997.31,32,2026-03-24 00:00:00,2026-07-23 00:00:00
2161,SKU-02161,Memoria USB PNY 4011,Memoria USB para almacenamiento y transferencia de archivos,1038.97,12,2026-02-12 00:00:00,2026-06-08 00:00:00
2162,SKU-02162,Monitor Dell 5561,Monitor para computadora de alta resolución,2771.97,31,2025-07-11 00:00:00,2025-07-12 00:00:00
2163,SKU-02163,Monitor AOC 5172,Monitor para computadora de alta resolución,5594.16,9,2025-11-16 00:00:00,2026-06-20 00:00:00
2164,SKU-02164,Mouse Microsoft 1339,Mouse óptico para computadora,1854.29,52,2026-05-10 00:00:00,2026-07-06 00:00:00
2165,SKU-02165,Audífonos Logitech 5067,"Audífonos para música, llamadas y multimedia",1515.02,100,2026-03-04 00:00:00,2026-09-21 00:00:00
2166,SKU-02166,Audífonos Sony 4996,"Audífonos para música, llamadas y multimedia",1661.8,88,2026-06-25 00:00:00,2026-09-21 00:00:00
2167,SKU-02167,Mouse Razer 7775,Mouse óptico para computadora,2215.36,63,2025-10-20 00:00:00,2026-02-22 00:00:00
2168,SKU-02168,Cable USB Baseus 9716,Cable USB para conexión y transferencia de datos,1734.55,82,2025-10-16 00:00:00,2026-03-26 00:00:00
2169,SKU-02169,Mouse Genius 4684,Mouse óptico para computadora,2772.14,42,2025-03-05 00:00:00,2025-07-27 00:00:00
2170,SKU-02170,Memoria USB SanDisk 8485,Memoria USB para almacenamiento y transferencia de archivos,332.74,139,2026-01-07 00:00:00,2026-06-01 00:00:00
2171,SKU-02171,Cable USB Baseus 2262,Cable USB para conexión y transferencia de datos,453.9,109,2025-06-17 00:00:00,2025-09-15 00:00:00
2172,SKU-02172,Monitor ASUS 6247,Monitor para computadora de alta resolución,3748.23,39,2025-08-26 00:00:00,2026-04-03 00:00:00
2173,SKU-02173,Router Huawei 5874,Router inalámbrico para conexión de red,872.57,57,2026-04-24 00:00:00,2026-09-21 00:00:00
2174,SKU-02174,Router D-Link 8487,Router inalámbrico para conexión de red,2755.65,61,2026-04-06 00:00:00,2026-09-21 00:00:00
2175,SKU-02175,Monitor AOC 176,Monitor para computadora de alta resolución,5795.68,36,2025-11-10 00:00:00,2026-03-04 00:00:00
2176,SKU-02176,Teclado Microsoft 9854,Teclado para computadora de uso diario,683.67,63,2025-07-05 00:00:00,2025-11-13 00:00:00
2177,SKU-02177,Mouse HP 1915,Mouse óptico para computadora,1966.8,26,2026-06-05 00:00:00,2026-09-21 00:00:00
2178,SKU-02178,Audífonos Philips 218,"Audífonos para música, llamadas y multimedia",967.21,95,2025-07-23 00:00:00,2025-10-18 00:00:00
2179,SKU-02179,Teclado HP 9726,Teclado para computadora de uso diario,3177.77,62,2025-09-14 00:00:00,2026-02-08 00:00:00
2180,SKU-02180,Teclado Microsoft 9910,Teclado para computadora de uso diario,3223.08,57,2026-04-08 00:00:00,2026-05-15 00:00:00
2181,SKU-02181,Router TP-Link 1449,Router inalámbrico para conexión de red,1030.64,51,2025-05-02 00:00:00,2025-06-28 00:00:00
2182,SKU-02182,Audífonos Philips 9153,"Audífonos para música, llamadas y multimedia",1168.21,22,2025-07-14 00:00:00,2025-12-16 00:00:00
2183,SKU-02183,Teclado Redragon 8201,Teclado para computadora de uso diario,1018.12,91,2026-05-20 00:00:00,2026-09-21 00:00:00
2184,SKU-02184,Cable USB Steren 9792,Cable USB para conexión y transferencia de datos,240.54,85,2025-04-19 00:00:00,2025-07-17 00:00:00
2185,SKU-02185,Webcam HP 5288,Cámara web para videollamadas,1588.41,54,2025-12-10 00:00:00,2026-07-27 00:00:00
2186,SKU-02186,Cable USB UGREEN 8826,Cable USB para conexión y transferencia de datos,722.0,40,2026-06-06 00:00:00,2026-06-17 00:00:00
2187,SKU-02187,Cable USB UGREEN 8422,Cable USB para conexión y transferencia de datos,1126.19,123,2025-11-16 00:00:00,2026-06-10 00:00:00
2188,SKU-02188,Webcam Logitech 1740,Cámara web para videollamadas,2387.03,74,2026-04-10 00:00:00,2026-07-10 00:00:00
2189,SKU-02189,Monitor Samsung 5833,Monitor para computadora de alta resolución,4832.68,24,2026-07-19 00:00:00,2026-09-21 00:00:00
2190,SKU-02190,Mouse Genius 4958,Mouse óptico para computadora,2902.89,77,2026-03-30 00:00:00,2026-09-21 00:00:00
2191,SKU-02191,Cable USB UGREEN 2886,Cable USB para conexión y transferencia de datos,137.74,142,2025-01-09 00:00:00,2025-05-01 00:00:00
2192,SKU-02192,Audífonos HyperX 7502,"Audífonos para música, llamadas y multimedia",1076.17,59,2025-01-28 00:00:00,2025-10-03 00:00:00
2193,SKU-02193,Mouse Logitech 4541,Mouse óptico para computadora,881.19,54,2025-07-01 00:00:00,2025-12-23 00:00:00
2194,SKU-02194,Audífonos Philips 6993,"Audífonos para música, llamadas y multimedia",2927.24,81,2025-03-02 00:00:00,2025-07-10 00:00:00
2195,SKU-02195,Cable USB Steren 2058,Cable USB para conexión y transferencia de datos,1484.45,30,2026-05-31 00:00:00,2026-09-21 00:00:00
2196,SKU-02196,Cable USB Steren 5806,Cable USB para conexión y transferencia de datos,993.76,122,2025-12-04 00:00:00,2025-12-24 00:00:00
2197,SKU-02197,Mouse Microsoft 132,Mouse óptico para computadora,3009.29,22,2026-03-01 00:00:00,2026-09-03 00:00:00
2198,SKU-02198,Mouse Microsoft 2546,Mouse óptico para computadora,936.77,12,2025-07-03 00:00:00,2025-08-28 00:00:00
2199,SKU-02199,Laptop ASUS 4075,Equipo portátil para trabajo y estudio,15360.47,10,2025-06-04 00:00:00,2026-01-23 00:00:00
2200,SKU-02200,Disco SSD Crucial 1049,Unidad SSD para almacenamiento de datos,3676.59,27,2025-10-29 00:00:00,2026-04-08 00:00:00
2201,SKU-02201,Audífonos Philips 2099,"Audífonos para música, llamadas y multimedia",1342.04,75,2025-07-13 00:00:00,2025-11-01 00:00:00
2202,SKU-02202,Teclado Redragon 9839,Teclado para computadora de uso diario,901.45,41,2025-02-09 00:00:00,2025-02-23 00:00:00
2203,SKU-02203,Mouse Logitech 999,Mouse óptico para computadora,3289.41,23,2026-06-27 00:00:00,2026-07-23 00:00:00
2204,SKU-02204,Laptop HP 3795,Equipo portátil para trabajo y estudio,17352.24,14,2025-07-28 00:00:00,2026-01-29 00:00:00
2205,SKU-02205,Laptop Acer 8808,Equipo portátil para trabajo y estudio,19060.1,30,2026-01-25 00:00:00,2026-09-01 00:00:00
2206,SKU-02206,Router Netgear 4803,Router inalámbrico para conexión de red,1693.23,8,2026-03-24 00:00:00,2026-07-17 00:00:00
2207,SKU-02207,Audífonos Logitech 1324,"Audífonos para música, llamadas y multimedia",2090.45,99,2025-09-02 00:00:00,2025-11-14 00:00:00
2208,SKU-02208,Router Tenda 6333,Router inalámbrico para conexión de red,3099.95,92,2025-02-14 00:00:00,2025-10-04 00:00:00
2209,SKU-02209,Memoria USB PNY 846,Memoria USB para almacenamiento y transferencia de archivos,1076.92,141,2025-11-01 00:00:00,2026-07-03 00:00:00
2210,SKU-02210,Laptop Dell 9362,Equipo portátil para trabajo y estudio,13787.88,7,2025-12-19 00:00:00,2026-04-24 00:00:00
2211,SKU-02211,Teclado Microsoft 9416,Teclado para computadora de uso diario,2336.77,80,2025-07-31 00:00:00,2026-01-07 00:00:00
2212,SKU-02212,Disco SSD Kingston 6400,Unidad SSD para almacenamiento de datos,1071.26,75,2026-06-13 00:00:00,2026-07-09 00:00:00
2213,SKU-02213,Audífonos Sony 3707,"Audífonos para música, llamadas y multimedia",1905.1,23,2026-07-06 00:00:00,2026-09-21 00:00:00
2214,SKU-02214,Monitor LG 751,Monitor para computadora de alta resolución,5872.33,34,2025-02-16 00:00:00,2025-02-19 00:00:00
2215,SKU-02215,Laptop Lenovo 7350,Equipo portátil para trabajo y estudio,26952.71,21,2025-01-27 00:00:00,2025-07-29 00:00:00
2216,SKU-02216,Cable USB Amazon Basics 5960,Cable USB para conexión y transferencia de datos,264.3,118,2025-10-23 00:00:00,2026-03-15 00:00:00
2217,SKU-02217,Webcam AverMedia 1609,Cámara web para videollamadas,917.07,11,2025-06-25 00:00:00,2025-11-26 00:00:00
2218,SKU-02218,Teclado HP 8914,Teclado para computadora de uso diario,970.45,39,2025-12-11 00:00:00,2026-03-14 00:00:00
2219,SKU-02219,Webcam Trust 6043,Cámara web para videollamadas,2214.92,93,2026-08-03 00:00:00,2026-09-12 00:00:00
2220,SKU-02220,Audífonos HyperX 8611,"Audífonos para música, llamadas y multimedia",3308.37,5,2026-05-28 00:00:00,2026-06-24 00:00:00
2221,SKU-02221,Mouse Microsoft 1764,Mouse óptico para computadora,2094.29,37,2025-04-08 00:00:00,2025-10-02 00:00:00
2222,SKU-02222,Cable USB Steren 4364,Cable USB para conexión y transferencia de datos,250.75,115,2025-02-01 00:00:00,2025-06-04 00:00:00
2223,SKU-02223,Webcam Logitech 6495,Cámara web para videollamadas,643.63,26,2025-12-13 00:00:00,2026-03-19 00:00:00
2224,SKU-02224,Memoria USB PNY 5557,Memoria USB para almacenamiento y transferencia de archivos,941.88,137,2025-07-27 00:00:00,2025-09-08 00:00:00
2225,SKU-02225,Disco SSD ADATA 4348,Unidad SSD para almacenamiento de datos,3741.8,16,2025-03-06 00:00:00,2025-10-10 00:00:00
2226,SKU-02226,Memoria USB Verbatim 9092,Memoria USB para almacenamiento y transferencia de archivos,322.12,124,2026-08-22 00:00:00,2026-09-21 00:00:00
2227,SKU-02227,Mouse Logitech 2491,Mouse óptico para computadora,1593.29,49,2026-04-08 00:00:00,2026-09-21 00:00:00
2228,SKU-02228,Router Netgear 3864,Router inalámbrico para conexión de red,2131.23,31,2025-08-11 00:00:00,2026-02-04 00:00:00
2229,SKU-02229,Teclado Genius 7918,Teclado para computadora de uso diario,2317.05,69,2026-03-21 00:00:00,2026-08-04 00:00:00
2230,SKU-02230,Webcam Trust 6685,Cámara web para videollamadas,2610.33,27,2025-11-13 00:00:00,2026-03-23 00:00:00
2231,SKU-02231,Laptop Acer 8272,Equipo portátil para trabajo y estudio,10183.07,26,2026-01-21 00:00:00,2026-03-29 00:00:00
2232,SKU-02232,Laptop Lenovo 5025,Equipo portátil para trabajo y estudio,26260.54,32,2026-06-29 00:00:00,2026-09-21 00:00:00
2233,SKU-02233,Audífonos Philips 8372,"Audífonos para música, llamadas y multimedia",2797.13,77,2025-07-31 00:00:00,2025-12-19 00:00:00
2234,SKU-02234,Monitor Dell 4653,Monitor para computadora de alta resolución,7612.76,47,2026-07-29 00:00:00,2026-09-21 00:00:00
2235,SKU-02235,Router Huawei 3780,Router inalámbrico para conexión de red,2979.23,41,2025-07-13 00:00:00,2025-07-29 00:00:00
2236,SKU-02236,Audífonos JBL 8193,"Audífonos para música, llamadas y multimedia",3142.89,26,2026-08-20 00:00:00,2026-09-21 00:00:00
2237,SKU-02237,Memoria USB PNY 8871,Memoria USB para almacenamiento y transferencia de archivos,991.11,103,2025-03-06 00:00:00,2025-05-10 00:00:00
2238,SKU-02238,Disco SSD ADATA 3435,Unidad SSD para almacenamiento de datos,3386.72,51,2025-06-28 00:00:00,2025-08-01 00:00:00
2239,SKU-02239,Cable USB Belkin 4972,Cable USB para conexión y transferencia de datos,1298.6,112,2025-11-13 00:00:00,2026-04-03 00:00:00
2240,SKU-02240,Teclado Redragon 1283,Teclado para computadora de uso diario,2342.57,33,2026-05-07 00:00:00,2026-09-14 00:00:00
2241,SKU-02241,Teclado Microsoft 9389,Teclado para computadora de uso diario,1201.23,99,2025-06-26 00:00:00,2026-01-18 00:00:00
2242,SKU-02242,Mouse Logitech 4572,Mouse óptico para computadora,1733.26,16,2026-01-30 00:00:00,2026-09-18 00:00:00
2243,SKU-02243,Laptop Acer 7460,Equipo portátil para trabajo y estudio,24610.11,33,2026-07-12 00:00:00,2026-09-21 00:00:00
2244,SKU-02244,Monitor ASUS 7182,Monitor para computadora de alta resolución,7270.48,13,2026-05-16 00:00:00,2026-09-21 00:00:00
2245,SKU-02245,Disco SSD Kingston 918,Unidad SSD para almacenamiento de datos,1361.03,31,2026-07-21 00:00:00,2026-09-17 00:00:00
2246,SKU-02246,Teclado Microsoft 7269,Teclado para computadora de uso diario,2169.72,61,2025-12-17 00:00:00,2026-08-10 00:00:00
2247,SKU-02247,Monitor ASUS 7523,Monitor para computadora de alta resolución,3219.4,24,2025-12-26 00:00:00,2026-07-29 00:00:00
2248,SKU-02248,Cable USB Belkin 7120,Cable USB para conexión y transferencia de datos,744.95,47,2025-12-22 00:00:00,2026-08-23 00:00:00
2249,SKU-02249,Mouse HP 8547,Mouse óptico para computadora,628.33,6,2025-07-23 00:00:00,2025-08-15 00:00:00
2250,SKU-02250,Webcam AverMedia 4276,Cámara web para videollamadas,3121.99,15,2025-01-28 00:00:00,2025-06-08 00:00:00
2251,SKU-02251,Router D-Link 6026,Router inalámbrico para conexión de red,1345.96,7,2026-04-01 00:00:00,2026-07-08 00:00:00
2252,SKU-02252,Cable USB Steren 6934,Cable USB para conexión y transferencia de datos,1018.21,136,2025-02-13 00:00:00,2025-06-14 00:00:00
2253,SKU-02253,Cable USB Steren 4183,Cable USB para conexión y transferencia de datos,716.38,103,2025-06-30 00:00:00,2025-11-01 00:00:00
2254,SKU-02254,Disco SSD Samsung 942,Unidad SSD para almacenamiento de datos,736.37,48,2026-04-28 00:00:00,2026-09-21 00:00:00
2255,SKU-02255,Cable USB Steren 9077,Cable USB para conexión y transferencia de datos,292.57,138,2025-09-25 00:00:00,2025-11-13 00:00:00
2256,SKU-02256,Mouse Microsoft 5049,Mouse óptico para computadora,2506.99,68,2025-03-20 00:00:00,2025-05-14 00:00:00
2257,SKU-02257,Disco SSD Crucial 4280,Unidad SSD para almacenamiento de datos,2559.06,18,2025-08-28 00:00:00,2025-09-23 00:00:00
2258,SKU-02258,Teclado Genius 9858,Teclado para computadora de uso diario,3493.32,50,2026-08-06 00:00:00,2026-09-21 00:00:00
2259,SKU-02259,Audífonos Philips 6769,"Audífonos para música, llamadas y multimedia",3365.83,15,2025-01-17 00:00:00,2025-01-31 00:00:00
2260,SKU-02260,Router D-Link 1711,Router inalámbrico para conexión de red,710.77,95,2025-04-10 00:00:00,2025-07-27 00:00:00
2261,SKU-02261,Memoria USB PNY 5584,Memoria USB para almacenamiento y transferencia de archivos,300.9,10,2025-05-17 00:00:00,2025-12-16 00:00:00
2262,SKU-02262,Monitor ASUS 8786,Monitor para computadora de alta resolución,2854.95,15,2026-04-14 00:00:00,2026-05-27 00:00:00
2263,SKU-02263,Memoria USB SanDisk 4103,Memoria USB para almacenamiento y transferencia de archivos,1229.6,26,2025-03-08 00:00:00,2025-03-27 00:00:00
2264,SKU-02264,Disco SSD Kingston 3796,Unidad SSD para almacenamiento de datos,1150.15,48,2026-08-04 00:00:00,2026-09-21 00:00:00
2265,SKU-02265,Disco SSD Samsung 6479,Unidad SSD para almacenamiento de datos,3889.54,34,2026-02-21 00:00:00,2026-06-22 00:00:00
2266,SKU-02266,Router D-Link 961,Router inalámbrico para conexión de red,717.76,76,2025-08-24 00:00:00,2026-02-17 00:00:00
2267,SKU-02267,Audífonos HyperX 2174,"Audífonos para música, llamadas y multimedia",1033.47,66,2026-01-04 00:00:00,2026-04-19 00:00:00
2268,SKU-02268,Monitor Samsung 4983,Monitor para computadora de alta resolución,7309.14,30,2026-01-12 00:00:00,2026-08-19 00:00:00
2269,SKU-02269,Mouse Logitech 4413,Mouse óptico para computadora,2644.93,50,2025-08-08 00:00:00,2026-01-15 00:00:00
2270,SKU-02270,Monitor AOC 8722,Monitor para computadora de alta resolución,10236.03,38,2025-01-18 00:00:00,2025-02-06 00:00:00
2271,SKU-02271,Memoria USB Verbatim 2415,Memoria USB para almacenamiento y transferencia de archivos,848.75,46,2025-07-20 00:00:00,2026-03-06 00:00:00
2272,SKU-02272,Disco SSD Western Digital 7554,Unidad SSD para almacenamiento de datos,767.33,29,2026-05-15 00:00:00,2026-09-21 00:00:00
2273,SKU-02273,Webcam Logitech 4974,Cámara web para videollamadas,3086.24,96,2025-09-30 00:00:00,2026-02-08 00:00:00
2274,SKU-02274,Cable USB Amazon Basics 5334,Cable USB para conexión y transferencia de datos,918.57,128,2026-02-08 00:00:00,2026-08-02 00:00:00
2275,SKU-02275,Cable USB Steren 4613,Cable USB para conexión y transferencia de datos,1214.49,40,2025-09-20 00:00:00,2026-05-18 00:00:00
2276,SKU-02276,Memoria USB SanDisk 9308,Memoria USB para almacenamiento y transferencia de archivos,1400.7,87,2026-01-21 00:00:00,2026-06-01 00:00:00
2277,SKU-02277,Router TP-Link 2100,Router inalámbrico para conexión de red,1640.89,30,2025-06-16 00:00:00,2025-12-21 00:00:00
2278,SKU-02278,Cable USB UGREEN 7714,Cable USB para conexión y transferencia de datos,627.96,41,2026-02-25 00:00:00,2026-07-29 00:00:00
2279,SKU-02279,Cable USB Amazon Basics 2082,Cable USB para conexión y transferencia de datos,973.23,138,2025-11-10 00:00:00,2026-02-22 00:00:00
2280,SKU-02280,Monitor Dell 7945,Monitor para computadora de alta resolución,8031.01,44,2025-04-13 00:00:00,2025-07-16 00:00:00
2281,SKU-02281,Router TP-Link 1078,Router inalámbrico para conexión de red,942.69,51,2026-08-02 00:00:00,2026-09-21 00:00:00
2282,SKU-02282,Disco SSD Crucial 2468,Unidad SSD para almacenamiento de datos,1227.59,54,2026-07-19 00:00:00,2026-08-02 00:00:00
2283,SKU-02283,Audífonos HyperX 3714,"Audífonos para música, llamadas y multimedia",1971.67,51,2025-10-18 00:00:00,2026-06-10 00:00:00
2284,SKU-02284,Router Tenda 7181,Router inalámbrico para conexión de red,2564.32,16,2025-05-04 00:00:00,2025-05-30 00:00:00
2285,SKU-02285,Laptop ASUS 7599,Equipo portátil para trabajo y estudio,13062.06,10,2026-07-27 00:00:00,2026-09-21 00:00:00
2286,SKU-02286,Router D-Link 2818,Router inalámbrico para conexión de red,1525.2,16,2025-10-30 00:00:00,2026-01-10 00:00:00
2287,SKU-02287,Teclado Microsoft 6389,Teclado para computadora de uso diario,1892.94,5,2026-06-28 00:00:00,2026-08-12 00:00:00
2288,SKU-02288,Laptop Lenovo 4966,Equipo portátil para trabajo y estudio,18349.89,31,2026-05-08 00:00:00,2026-09-21 00:00:00
2289,SKU-02289,Mouse Microsoft 2047,Mouse óptico para computadora,508.3,51,2025-10-17 00:00:00,2025-12-21 00:00:00
2290,SKU-02290,Disco SSD Samsung 9960,Unidad SSD para almacenamiento de datos,2739.35,39,2025-04-10 00:00:00,2025-07-16 00:00:00
2291,SKU-02291,Disco SSD ADATA 194,Unidad SSD para almacenamiento de datos,2800.14,10,2026-07-04 00:00:00,2026-09-21 00:00:00
2292,SKU-02292,Cable USB Amazon Basics 2160,Cable USB para conexión y transferencia de datos,1646.61,65,2025-05-09 00:00:00,2025-12-17 00:00:00
2293,SKU-02293,Mouse Genius 7744,Mouse óptico para computadora,885.38,8,2025-03-26 00:00:00,2025-08-13 00:00:00
2294,SKU-02294,Cable USB Belkin 9984,Cable USB para conexión y transferencia de datos,1113.83,100,2026-03-09 00:00:00,2026-07-12 00:00:00
2295,SKU-02295,Disco SSD Kingston 430,Unidad SSD para almacenamiento de datos,1899.22,76,2025-08-21 00:00:00,2026-04-27 00:00:00
2296,SKU-02296,Webcam HP 8743,Cámara web para videollamadas,499.54,8,2026-06-12 00:00:00,2026-09-21 00:00:00
2297,SKU-02297,Monitor AOC 2824,Monitor para computadora de alta resolución,4364.23,40,2026-08-15 00:00:00,2026-09-21 00:00:00
2298,SKU-02298,Monitor Samsung 9929,Monitor para computadora de alta resolución,6795.46,10,2026-06-02 00:00:00,2026-09-21 00:00:00
2299,SKU-02299,Audífonos Philips 3965,"Audífonos para música, llamadas y multimedia",2947.29,94,2025-01-22 00:00:00,2025-01-29 00:00:00
2300,SKU-02300,Laptop Dell 3540,Equipo portátil para trabajo y estudio,14895.64,23,2026-08-11 00:00:00,2026-08-17 00:00:00
2301,SKU-02301,Cable USB Steren 991,Cable USB para conexión y transferencia de datos,1520.54,33,2026-03-02 00:00:00,2026-09-21 00:00:00
2302,SKU-02302,Webcam Microsoft 8930,Cámara web para videollamadas,370.39,73,2025-07-24 00:00:00,2026-02-19 00:00:00
2303,SKU-02303,Monitor Samsung 3697,Monitor para computadora de alta resolución,3853.47,3,2026-03-26 00:00:00,2026-05-09 00:00:00
2304,SKU-02304,Teclado Redragon 750,Teclado para computadora de uso diario,1066.52,71,2025-03-14 00:00:00,2025-10-05 00:00:00
2305,SKU-02305,Laptop Dell 4841,Equipo portátil para trabajo y estudio,22333.4,21,2026-03-01 00:00:00,2026-06-23 00:00:00
2306,SKU-02306,Cable USB Belkin 1794,Cable USB para conexión y transferencia de datos,648.81,83,2025-07-29 00:00:00,2025-08-18 00:00:00
2307,SKU-02307,Disco SSD ADATA 7044,Unidad SSD para almacenamiento de datos,3150.71,59,2025-12-05 00:00:00,2026-04-18 00:00:00
2308,SKU-02308,Mouse Genius 3545,Mouse óptico para computadora,1172.92,34,2026-07-04 00:00:00,2026-08-06 00:00:00
2309,SKU-02309,Memoria USB PNY 3645,Memoria USB para almacenamiento y transferencia de archivos,600.35,135,2026-03-09 00:00:00,2026-06-23 00:00:00
2310,SKU-02310,Audífonos Philips 3814,"Audífonos para música, llamadas y multimedia",502.76,41,2026-05-17 00:00:00,2026-09-21 00:00:00
2311,SKU-02311,Teclado Microsoft 8892,Teclado para computadora de uso diario,2425.67,16,2025-05-11 00:00:00,2025-06-22 00:00:00
2312,SKU-02312,Teclado HP 8961,Teclado para computadora de uso diario,1238.97,7,2025-05-27 00:00:00,2025-10-11 00:00:00
2313,SKU-02313,Disco SSD Samsung 1121,Unidad SSD para almacenamiento de datos,1927.23,43,2025-03-05 00:00:00,2025-08-31 00:00:00
2314,SKU-02314,Cable USB Baseus 1307,Cable USB para conexión y transferencia de datos,1534.28,105,2025-08-10 00:00:00,2025-12-29 00:00:00
2315,SKU-02315,Monitor LG 9615,Monitor para computadora de alta resolución,4122.11,50,2025-11-07 00:00:00,2025-11-21 00:00:00
2316,SKU-02316,Disco SSD Samsung 6521,Unidad SSD para almacenamiento de datos,2463.2,55,2026-02-20 00:00:00,2026-06-23 00:00:00
2317,SKU-02317,Monitor Samsung 3889,Monitor para computadora de alta resolución,11230.55,49,2026-04-07 00:00:00,2026-09-21 00:00:00
2318,SKU-02318,Audífonos Philips 9987,"Audífonos para música, llamadas y multimedia",2789.99,46,2025-08-01 00:00:00,2025-12-29 00:00:00
2319,SKU-02319,Laptop Acer 7746,Equipo portátil para trabajo y estudio,9385.87,13,2025-06-26 00:00:00,2025-10-07 00:00:00
2320,SKU-02320,Laptop HP 9191,Equipo portátil para trabajo y estudio,19317.94,2,2026-04-25 00:00:00,2026-05-20 00:00:00
2321,SKU-02321,Webcam Trust 7707,Cámara web para videollamadas,2563.43,20,2025-06-14 00:00:00,2026-02-09 00:00:00
2322,SKU-02322,Audífonos JBL 3059,"Audífonos para música, llamadas y multimedia",3278.07,14,2025-08-08 00:00:00,2026-04-08 00:00:00
2323,SKU-02323,Mouse Razer 4048,Mouse óptico para computadora,1060.27,48,2025-03-30 00:00:00,2025-11-22 00:00:00
2324,SKU-02324,Router D-Link 9366,Router inalámbrico para conexión de red,1021.17,8,2026-05-10 00:00:00,2026-06-05 00:00:00
2325,SKU-02325,Disco SSD Crucial 6384,Unidad SSD para almacenamiento de datos,2701.51,32,2025-10-20 00:00:00,2026-01-08 00:00:00
2326,SKU-02326,Memoria USB Verbatim 551,Memoria USB para almacenamiento y transferencia de archivos,122.28,114,2026-08-13 00:00:00,2026-09-02 00:00:00
2327,SKU-02327,Mouse Razer 309,Mouse óptico para computadora,2380.58,99,2026-08-13 00:00:00,2026-09-21 00:00:00
2328,SKU-02328,Cable USB Amazon Basics 5552,Cable USB para conexión y transferencia de datos,800.76,34,2026-05-25 00:00:00,2026-09-16 00:00:00
2329,SKU-02329,Audífonos Philips 1740,"Audífonos para música, llamadas y multimedia",350.81,67,2026-04-25 00:00:00,2026-09-21 00:00:00
2330,SKU-02330,Webcam Logitech 2860,Cámara web para videollamadas,2181.93,29,2026-08-04 00:00:00,2026-09-21 00:00:00
2331,SKU-02331,Cable USB Belkin 3249,Cable USB para conexión y transferencia de datos,1266.26,148,2025-08-05 00:00:00,2025-11-24 00:00:00
2332,SKU-02332,Webcam HP 4220,Cámara web para videollamadas,2861.23,12,2026-03-19 00:00:00,2026-09-21 00:00:00
2333,SKU-02333,Disco SSD Kingston 4328,Unidad SSD para almacenamiento de datos,2792.63,78,2025-05-24 00:00:00,2025-11-24 00:00:00
2334,SKU-02334,Router TP-Link 1874,Router inalámbrico para conexión de red,2284.03,25,2025-09-03 00:00:00,2026-04-25 00:00:00
2335,SKU-02335,Router D-Link 562,Router inalámbrico para conexión de red,2202.09,47,2026-02-06 00:00:00,2026-02-28 00:00:00
2336,SKU-02336,Teclado Microsoft 6344,Teclado para computadora de uso diario,2599.19,31,2026-07-23 00:00:00,2026-09-21 00:00:00
2337,SKU-02337,Monitor ASUS 6231,Monitor para computadora de alta resolución,4330.44,45,2026-02-02 00:00:00,2026-05-14 00:00:00
2338,SKU-02338,Disco SSD Crucial 9400,Unidad SSD para almacenamiento de datos,2471.89,68,2025-04-17 00:00:00,2025-07-28 00:00:00
2339,SKU-02339,Audífonos HyperX 7087,"Audífonos para música, llamadas y multimedia",2647.25,68,2025-05-20 00:00:00,2025-11-09 00:00:00
2340,SKU-02340,Laptop Dell 7886,Equipo portátil para trabajo y estudio,25612.34,19,2026-07-31 00:00:00,2026-09-21 00:00:00
2341,SKU-02341,Monitor Samsung 3688,Monitor para computadora de alta resolución,11886.85,33,2025-06-15 00:00:00,2026-02-10 00:00:00
2342,SKU-02342,Mouse Genius 264,Mouse óptico para computadora,691.99,15,2025-01-28 00:00:00,2025-06-19 00:00:00
2343,SKU-02343,Memoria USB ADATA 6769,Memoria USB para almacenamiento y transferencia de archivos,312.69,32,2025-11-25 00:00:00,2026-03-23 00:00:00
2344,SKU-02344,Disco SSD Kingston 1311,Unidad SSD para almacenamiento de datos,3530.16,9,2025-05-02 00:00:00,2025-05-22 00:00:00
2345,SKU-02345,Router Huawei 8453,Router inalámbrico para conexión de red,544.62,31,2025-05-04 00:00:00,2025-05-06 00:00:00
2346,SKU-02346,Memoria USB Verbatim 9187,Memoria USB para almacenamiento y transferencia de archivos,819.56,116,2025-12-24 00:00:00,2026-06-19 00:00:00
2347,SKU-02347,Monitor LG 5783,Monitor para computadora de alta resolución,7058.21,33,2025-11-02 00:00:00,2025-12-17 00:00:00
2348,SKU-02348,Webcam Microsoft 767,Cámara web para videollamadas,2095.16,62,2025-04-17 00:00:00,2025-07-10 00:00:00
2349,SKU-02349,Memoria USB Verbatim 6968,Memoria USB para almacenamiento y transferencia de archivos,618.42,63,2025-09-18 00:00:00,2026-04-18 00:00:00
2350,SKU-02350,Cable USB Baseus 7143,Cable USB para conexión y transferencia de datos,967.27,41,2025-05-18 00:00:00,2025-09-12 00:00:00
2351,SKU-02351,Mouse Genius 1888,Mouse óptico para computadora,2829.14,66,2025-06-30 00:00:00,2025-09-14 00:00:00
2352,SKU-02352,Memoria USB Kingston 5170,Memoria USB para almacenamiento y transferencia de archivos,1070.18,100,2025-07-16 00:00:00,2025-12-28 00:00:00
2353,SKU-02353,Memoria USB PNY 1796,Memoria USB para almacenamiento y transferencia de archivos,167.57,38,2025-12-21 00:00:00,2026-02-06 00:00:00
2354,SKU-02354,Monitor Dell 1959,Monitor para computadora de alta resolución,7759.58,28,2026-05-26 00:00:00,2026-08-27 00:00:00
2355,SKU-02355,Mouse HP 6538,Mouse óptico para computadora,666.64,71,2025-08-07 00:00:00,2025-09-27 00:00:00
2356,SKU-02356,Memoria USB Verbatim 1919,Memoria USB para almacenamiento y transferencia de archivos,1390.99,38,2026-06-18 00:00:00,2026-08-04 00:00:00
2357,SKU-02357,Memoria USB PNY 8610,Memoria USB para almacenamiento y transferencia de archivos,357.08,110,2025-11-26 00:00:00,2026-02-04 00:00:00
2358,SKU-02358,Monitor LG 197,Monitor para computadora de alta resolución,7552.52,44,2025-11-17 00:00:00,2026-02-06 00:00:00
2359,SKU-02359,Router D-Link 2748,Router inalámbrico para conexión de red,480.47,25,2026-06-09 00:00:00,2026-06-26 00:00:00
2360,SKU-02360,Memoria USB Verbatim 3042,Memoria USB para almacenamiento y transferencia de archivos,937.4,102,2025-06-19 00:00:00,2025-12-15 00:00:00
2361,SKU-02361,Disco SSD Western Digital 8929,Unidad SSD para almacenamiento de datos,3376.37,49,2025-01-26 00:00:00,2025-07-21 00:00:00
2362,SKU-02362,Laptop Acer 8660,Equipo portátil para trabajo y estudio,13381.36,22,2026-04-07 00:00:00,2026-07-27 00:00:00
2363,SKU-02363,Router D-Link 7548,Router inalámbrico para conexión de red,2597.45,12,2025-04-15 00:00:00,2025-06-20 00:00:00
2364,SKU-02364,Router TP-Link 3875,Router inalámbrico para conexión de red,2683.39,91,2026-02-22 00:00:00,2026-07-22 00:00:00
2365,SKU-02365,Audífonos JBL 7410,"Audífonos para música, llamadas y multimedia",3225.33,33,2025-12-03 00:00:00,2026-02-12 00:00:00
2366,SKU-02366,Mouse Genius 7478,Mouse óptico para computadora,878.97,51,2025-07-17 00:00:00,2025-09-01 00:00:00
2367,SKU-02367,Monitor LG 9957,Monitor para computadora de alta resolución,9791.43,47,2026-05-25 00:00:00,2026-09-21 00:00:00
2368,SKU-02368,Disco SSD Crucial 3505,Unidad SSD para almacenamiento de datos,1753.37,61,2025-05-29 00:00:00,2026-01-25 00:00:00
2369,SKU-02369,Laptop ASUS 477,Equipo portátil para trabajo y estudio,21655.6,2,2025-11-10 00:00:00,2026-02-19 00:00:00
2370,SKU-02370,Disco SSD ADATA 3625,Unidad SSD para almacenamiento de datos,1075.67,66,2026-07-29 00:00:00,2026-09-21 00:00:00
2371,SKU-02371,Memoria USB Kingston 3285,Memoria USB para almacenamiento y transferencia de archivos,1057.14,119,2026-03-05 00:00:00,2026-09-21 00:00:00
2372,SKU-02372,Mouse Genius 1453,Mouse óptico para computadora,2183.06,56,2025-07-28 00:00:00,2025-08-13 00:00:00
2373,SKU-02373,Disco SSD Western Digital 6165,Unidad SSD para almacenamiento de datos,1201.92,57,2026-08-02 00:00:00,2026-09-21 00:00:00
2374,SKU-02374,Monitor LG 9446,Monitor para computadora de alta resolución,6864.92,27,2025-01-07 00:00:00,2025-02-18 00:00:00
2375,SKU-02375,Disco SSD Western Digital 1530,Unidad SSD para almacenamiento de datos,1606.83,32,2025-08-03 00:00:00,2026-01-04 00:00:00
2376,SKU-02376,Audífonos HyperX 4354,"Audífonos para música, llamadas y multimedia",3221.93,67,2026-06-12 00:00:00,2026-09-12 00:00:00
2377,SKU-02377,Memoria USB Kingston 6376,Memoria USB para almacenamiento y transferencia de archivos,1578.57,105,2026-04-10 00:00:00,2026-07-29 00:00:00
2378,SKU-02378,Mouse Razer 3584,Mouse óptico para computadora,1518.83,13,2025-07-11 00:00:00,2026-03-03 00:00:00
2379,SKU-02379,Monitor ASUS 902,Monitor para computadora de alta resolución,7691.14,31,2025-08-06 00:00:00,2025-11-23 00:00:00
2380,SKU-02380,Router Netgear 9977,Router inalámbrico para conexión de red,793.48,62,2025-08-07 00:00:00,2026-03-05 00:00:00
2381,SKU-02381,Laptop Acer 7194,Equipo portátil para trabajo y estudio,17612.72,35,2025-06-16 00:00:00,2026-02-09 00:00:00
2382,SKU-02382,Monitor AOC 4027,Monitor para computadora de alta resolución,10688.71,50,2026-01-11 00:00:00,2026-04-24 00:00:00
2383,SKU-02383,Webcam AverMedia 3564,Cámara web para videollamadas,1525.29,65,2025-04-17 00:00:00,2025-08-08 00:00:00
2384,SKU-02384,Cable USB Baseus 4030,Cable USB para conexión y transferencia de datos,261.23,24,2025-08-25 00:00:00,2025-12-28 00:00:00
2385,SKU-02385,Disco SSD ADATA 817,Unidad SSD para almacenamiento de datos,3812.19,38,2025-05-04 00:00:00,2025-12-03 00:00:00
2386,SKU-02386,Mouse Microsoft 1265,Mouse óptico para computadora,2693.99,71,2025-09-18 00:00:00,2025-10-17 00:00:00
2387,SKU-02387,Laptop Acer 9475,Equipo portátil para trabajo y estudio,24120.37,4,2025-04-06 00:00:00,2025-12-06 00:00:00
2388,SKU-02388,Monitor Dell 8499,Monitor para computadora de alta resolución,11273.78,23,2025-08-22 00:00:00,2025-11-30 00:00:00
2389,SKU-02389,Monitor ASUS 4898,Monitor para computadora de alta resolución,11998.09,40,2026-05-08 00:00:00,2026-09-03 00:00:00
2390,SKU-02390,Audífonos Sony 3530,"Audífonos para música, llamadas y multimedia",351.36,23,2026-03-24 00:00:00,2026-04-07 00:00:00
2391,SKU-02391,Router Tenda 9040,Router inalámbrico para conexión de red,3163.78,32,2025-10-23 00:00:00,2025-11-07 00:00:00
2392,SKU-02392,Webcam Logitech 951,Cámara web para videollamadas,1910.78,77,2026-02-26 00:00:00,2026-06-17 00:00:00
2393,SKU-02393,Memoria USB SanDisk 1266,Memoria USB para almacenamiento y transferencia de archivos,1706.6,85,2026-01-21 00:00:00,2026-07-16 00:00:00
2394,SKU-02394,Monitor AOC 8344,Monitor para computadora de alta resolución,8308.85,37,2025-10-05 00:00:00,2026-06-02 00:00:00
2395,SKU-02395,Memoria USB Verbatim 6734,Memoria USB para almacenamiento y transferencia de archivos,1048.63,149,2025-12-27 00:00:00,2026-06-16 00:00:00
2396,SKU-02396,Audífonos JBL 2731,"Audífonos para música, llamadas y multimedia",3315.49,30,2025-01-02 00:00:00,2025-09-07 00:00:00
2397,SKU-02397,Laptop HP 8044,Equipo portátil para trabajo y estudio,7564.31,10,2025-03-16 00:00:00,2025-04-09 00:00:00
2398,SKU-02398,Router D-Link 4788,Router inalámbrico para conexión de red,1375.47,34,2025-03-23 00:00:00,2025-04-13 00:00:00
2399,SKU-02399,Audífonos HyperX 5743,"Audífonos para música, llamadas y multimedia",2967.63,66,2025-08-03 00:00:00,2025-11-10 00:00:00
2400,SKU-02400,Mouse Logitech 4100,Mouse óptico para computadora,2764.7,97,2026-08-02 00:00:00,2026-09-21 00:00:00
2401,SKU-02401,Mouse HP 9496,Mouse óptico para computadora,3145.74,35,2025-05-08 00:00:00,2025-08-22 00:00:00
2402,SKU-02402,Webcam Microsoft 4329,Cámara web para videollamadas,2218.69,51,2025-08-11 00:00:00,2025-10-17 00:00:00
2403,SKU-02403,Laptop Lenovo 9359,Equipo portátil para trabajo y estudio,8873.62,4,2025-12-06 00:00:00,2026-01-30 00:00:00
2404,SKU-02404,Disco SSD Crucial 6856,Unidad SSD para almacenamiento de datos,1201.93,9,2025-06-12 00:00:00,2025-08-31 00:00:00
2405,SKU-02405,Audífonos JBL 1124,"Audífonos para música, llamadas y multimedia",500.38,33,2025-01-13 00:00:00,2025-02-24 00:00:00
2406,SKU-02406,Webcam Microsoft 8532,Cámara web para videollamadas,1009.86,99,2026-05-14 00:00:00,2026-09-21 00:00:00
2407,SKU-02407,Webcam Logitech 4646,Cámara web para videollamadas,1150.27,22,2026-04-08 00:00:00,2026-09-21 00:00:00
2408,SKU-02408,Monitor Samsung 3927,Monitor para computadora de alta resolución,2827.58,21,2026-03-25 00:00:00,2026-08-05 00:00:00
2409,SKU-02409,Cable USB Steren 900,Cable USB para conexión y transferencia de datos,625.65,39,2025-09-11 00:00:00,2025-12-12 00:00:00
2410,SKU-02410,Laptop Acer 8210,Equipo portátil para trabajo y estudio,15071.34,13,2026-03-16 00:00:00,2026-09-20 00:00:00
2411,SKU-02411,Cable USB Amazon Basics 8475,Cable USB para conexión y transferencia de datos,363.14,57,2026-08-01 00:00:00,2026-09-21 00:00:00
2412,SKU-02412,Audífonos Philips 6538,"Audífonos para música, llamadas y multimedia",2065.22,31,2025-08-07 00:00:00,2025-09-19 00:00:00
2413,SKU-02413,Cable USB Baseus 514,Cable USB para conexión y transferencia de datos,1297.02,87,2026-05-23 00:00:00,2026-08-23 00:00:00
2414,SKU-02414,Memoria USB SanDisk 7444,Memoria USB para almacenamiento y transferencia de archivos,390.81,59,2026-03-08 00:00:00,2026-08-30 00:00:00
2415,SKU-02415,Teclado Microsoft 1813,Teclado para computadora de uso diario,2355.21,67,2025-04-22 00:00:00,2025-08-25 00:00:00
2416,SKU-02416,Disco SSD Samsung 2467,Unidad SSD para almacenamiento de datos,1503.35,7,2026-08-01 00:00:00,2026-09-21 00:00:00
2417,SKU-02417,Router D-Link 582,Router inalámbrico para conexión de red,1396.3,61,2026-02-23 00:00:00,2026-03-30 00:00:00
2418,SKU-02418,Laptop Lenovo 2561,Equipo portátil para trabajo y estudio,17840.27,26,2025-09-01 00:00:00,2026-01-02 00:00:00
2419,SKU-02419,Cable USB Baseus 4915,Cable USB para conexión y transferencia de datos,484.16,126,2025-10-28 00:00:00,2026-06-23 00:00:00
2420,SKU-02420,Disco SSD Samsung 6840,Unidad SSD para almacenamiento de datos,4381.77,48,2025-10-19 00:00:00,2026-05-16 00:00:00
2421,SKU-02421,Disco SSD Western Digital 5091,Unidad SSD para almacenamiento de datos,3994.52,57,2025-11-06 00:00:00,2026-07-05 00:00:00
2422,SKU-02422,Monitor LG 6443,Monitor para computadora de alta resolución,11200.99,41,2025-10-07 00:00:00,2025-10-22 00:00:00
2423,SKU-02423,Cable USB Steren 1463,Cable USB para conexión y transferencia de datos,1234.46,67,2025-02-03 00:00:00,2025-03-21 00:00:00
2424,SKU-02424,Audífonos Logitech 6626,"Audífonos para música, llamadas y multimedia",1787.79,40,2026-06-04 00:00:00,2026-09-12 00:00:00
2425,SKU-02425,Audífonos JBL 6714,"Audífonos para música, llamadas y multimedia",1494.34,96,2026-01-07 00:00:00,2026-03-28 00:00:00
2426,SKU-02426,Router D-Link 3239,Router inalámbrico para conexión de red,546.93,73,2025-08-24 00:00:00,2025-11-06 00:00:00
2427,SKU-02427,Disco SSD Kingston 5858,Unidad SSD para almacenamiento de datos,4431.72,30,2025-12-31 00:00:00,2026-05-25 00:00:00
2428,SKU-02428,Mouse Genius 545,Mouse óptico para computadora,1709.63,82,2025-11-07 00:00:00,2026-03-03 00:00:00
2429,SKU-02429,Memoria USB ADATA 7122,Memoria USB para almacenamiento y transferencia de archivos,1054.35,142,2026-04-14 00:00:00,2026-06-17 00:00:00
2430,SKU-02430,Audífonos Sony 6413,"Audífonos para música, llamadas y multimedia",1831.15,23,2026-01-24 00:00:00,2026-02-05 00:00:00
2431,SKU-02431,Webcam Logitech 4657,Cámara web para videollamadas,2720.49,35,2026-05-25 00:00:00,2026-09-21 00:00:00
2432,SKU-02432,Router D-Link 8234,Router inalámbrico para conexión de red,3311.43,77,2025-03-01 00:00:00,2025-07-23 00:00:00
2433,SKU-02433,Disco SSD Samsung 2395,Unidad SSD para almacenamiento de datos,4242.84,7,2026-01-06 00:00:00,2026-05-02 00:00:00
2434,SKU-02434,Mouse Razer 9982,Mouse óptico para computadora,3391.24,10,2025-10-17 00:00:00,2025-12-31 00:00:00
2435,SKU-02435,Webcam Logitech 1979,Cámara web para videollamadas,1304.39,49,2025-06-29 00:00:00,2025-11-17 00:00:00
2436,SKU-02436,Webcam Trust 3731,Cámara web para videollamadas,3361.32,41,2025-11-02 00:00:00,2026-02-26 00:00:00
2437,SKU-02437,Mouse Logitech 6443,Mouse óptico para computadora,2407.37,16,2026-08-22 00:00:00,2026-09-21 00:00:00
2438,SKU-02438,Webcam Microsoft 3167,Cámara web para videollamadas,1268.36,59,2026-03-10 00:00:00,2026-03-30 00:00:00
2439,SKU-02439,Laptop Lenovo 6090,Equipo portátil para trabajo y estudio,26194.51,12,2026-05-09 00:00:00,2026-05-09 00:00:00
2440,SKU-02440,Teclado Redragon 5562,Teclado para computadora de uso diario,3352.62,42,2025-03-13 00:00:00,2025-11-08 00:00:00
2441,SKU-02441,Teclado HP 5572,Teclado para computadora de uso diario,2608.91,7,2025-05-24 00:00:00,2025-06-16 00:00:00
2442,SKU-02442,Memoria USB Verbatim 292,Memoria USB para almacenamiento y transferencia de archivos,1260.17,81,2025-04-14 00:00:00,2025-06-07 00:00:00
2443,SKU-02443,Mouse Genius 8842,Mouse óptico para computadora,1249.68,81,2025-08-19 00:00:00,2026-04-08 00:00:00
2444,SKU-02444,Teclado HP 5334,Teclado para computadora de uso diario,395.92,46,2026-01-04 00:00:00,2026-04-10 00:00:00
2445,SKU-02445,Monitor ASUS 1136,Monitor para computadora de alta resolución,7111.21,38,2026-06-03 00:00:00,2026-08-03 00:00:00
2446,SKU-02446,Disco SSD Crucial 9548,Unidad SSD para almacenamiento de datos,3497.21,26,2025-03-26 00:00:00,2025-07-17 00:00:00
2447,SKU-02447,Cable USB Amazon Basics 7822,Cable USB para conexión y transferencia de datos,1635.46,81,2026-02-26 00:00:00,2026-04-09 00:00:00
2448,SKU-02448,Disco SSD Samsung 9871,Unidad SSD para almacenamiento de datos,3875.44,14,2025-07-16 00:00:00,2025-11-09 00:00:00
2449,SKU-02449,Disco SSD Crucial 3738,Unidad SSD para almacenamiento de datos,2796.15,13,2025-08-03 00:00:00,2025-11-19 00:00:00
2450,SKU-02450,Webcam HP 3564,Cámara web para videollamadas,2388.48,79,2025-07-27 00:00:00,2025-09-05 00:00:00
2451,SKU-02451,Laptop Acer 6122,Equipo portátil para trabajo y estudio,22934.47,22,2025-11-09 00:00:00,2026-01-26 00:00:00
2452,SKU-02452,Audífonos Sony 1817,"Audífonos para música, llamadas y multimedia",3060.55,31,2025-11-04 00:00:00,2025-12-09 00:00:00
2453,SKU-02453,Teclado Redragon 1227,Teclado para computadora de uso diario,908.22,5,2026-01-19 00:00:00,2026-05-30 00:00:00
2454,SKU-02454,Teclado Logitech 1093,Teclado para computadora de uso diario,2670.66,56,2026-04-20 00:00:00,2026-09-21 00:00:00
2455,SKU-02455,Cable USB Belkin 6985,Cable USB para conexión y transferencia de datos,495.98,53,2025-10-15 00:00:00,2025-12-16 00:00:00
2456,SKU-02456,Router Huawei 1798,Router inalámbrico para conexión de red,1502.52,27,2025-04-22 00:00:00,2025-08-01 00:00:00
2457,SKU-02457,Router D-Link 6197,Router inalámbrico para conexión de red,2642.55,79,2025-07-28 00:00:00,2026-02-28 00:00:00
2458,SKU-02458,Webcam Microsoft 2451,Cámara web para videollamadas,1174.41,16,2025-05-15 00:00:00,2025-06-19 00:00:00
2459,SKU-02459,Mouse Genius 3506,Mouse óptico para computadora,2983.6,67,2026-06-20 00:00:00,2026-09-21 00:00:00
2460,SKU-02460,Memoria USB PNY 6154,Memoria USB para almacenamiento y transferencia de archivos,607.35,70,2026-03-17 00:00:00,2026-09-21 00:00:00
2461,SKU-02461,Teclado Logitech 5142,Teclado para computadora de uso diario,1146.89,17,2025-05-11 00:00:00,2025-05-19 00:00:00
2462,SKU-02462,Audífonos Philips 4401,"Audífonos para música, llamadas y multimedia",1521.87,16,2025-09-17 00:00:00,2026-02-25 00:00:00
2463,SKU-02463,Webcam AverMedia 9589,Cámara web para videollamadas,3477.44,15,2025-08-15 00:00:00,2026-01-25 00:00:00
2464,SKU-02464,Cable USB UGREEN 4287,Cable USB para conexión y transferencia de datos,1675.38,62,2025-03-03 00:00:00,2025-08-31 00:00:00
2465,SKU-02465,Audífonos JBL 6826,"Audífonos para música, llamadas y multimedia",1101.56,93,2025-08-01 00:00:00,2025-11-18 00:00:00
2466,SKU-02466,Audífonos HyperX 8606,"Audífonos para música, llamadas y multimedia",1248.79,85,2025-06-07 00:00:00,2025-08-24 00:00:00
2467,SKU-02467,Monitor LG 1050,Monitor para computadora de alta resolución,7844.87,30,2025-01-30 00:00:00,2025-09-24 00:00:00
2468,SKU-02468,Router Netgear 7950,Router inalámbrico para conexión de red,3393.18,74,2025-08-29 00:00:00,2025-10-12 00:00:00
2469,SKU-02469,Router D-Link 1805,Router inalámbrico para conexión de red,702.84,43,2026-01-08 00:00:00,2026-07-23 00:00:00
2470,SKU-02470,Teclado Microsoft 9471,Teclado para computadora de uso diario,2442.53,89,2025-03-25 00:00:00,2025-07-31 00:00:00
2471,SKU-02471,Router TP-Link 7195,Router inalámbrico para conexión de red,3293.9,67,2026-02-15 00:00:00,2026-04-28 00:00:00
2472,SKU-02472,Webcam Microsoft 5968,Cámara web para videollamadas,1639.36,88,2025-11-05 00:00:00,2026-01-23 00:00:00
2473,SKU-02473,Teclado Microsoft 2503,Teclado para computadora de uso diario,917.43,57,2025-09-04 00:00:00,2025-11-06 00:00:00
2474,SKU-02474,Router Netgear 6898,Router inalámbrico para conexión de red,971.46,57,2026-07-25 00:00:00,2026-08-28 00:00:00
2475,SKU-02475,Teclado Microsoft 8238,Teclado para computadora de uso diario,2926.4,38,2026-05-26 00:00:00,2026-09-21 00:00:00
2476,SKU-02476,Disco SSD Samsung 3707,Unidad SSD para almacenamiento de datos,1253.29,78,2026-04-21 00:00:00,2026-04-25 00:00:00
2477,SKU-02477,Disco SSD Samsung 5853,Unidad SSD para almacenamiento de datos,1323.89,74,2025-07-14 00:00:00,2025-10-08 00:00:00
2478,SKU-02478,Teclado Microsoft 4919,Teclado para computadora de uso diario,460.34,19,2025-07-23 00:00:00,2026-03-14 00:00:00
2479,SKU-02479,Memoria USB Kingston 9862,Memoria USB para almacenamiento y transferencia de archivos,467.64,88,2025-04-27 00:00:00,2025-05-11 00:00:00
2480,SKU-02480,Teclado Redragon 5997,Teclado para computadora de uso diario,1394.48,53,2025-05-24 00:00:00,2025-08-09 00:00:00
2481,SKU-02481,Disco SSD Samsung 3494,Unidad SSD para almacenamiento de datos,1702.55,79,2025-05-18 00:00:00,2025-08-03 00:00:00
2482,SKU-02482,Laptop Acer 4770,Equipo portátil para trabajo y estudio,10560.91,26,2026-03-25 00:00:00,2026-03-25 00:00:00
2483,SKU-02483,Teclado Genius 1007,Teclado para computadora de uso diario,2526.2,40,2026-03-14 00:00:00,2026-08-02 00:00:00
2484,SKU-02484,Memoria USB PNY 5163,Memoria USB para almacenamiento y transferencia de archivos,389.64,17,2025-12-11 00:00:00,2026-06-10 00:00:00
2485,SKU-02485,Memoria USB ADATA 381,Memoria USB para almacenamiento y transferencia de archivos,1037.01,47,2025-08-09 00:00:00,2026-04-09 00:00:00
2486,SKU-02486,Disco SSD Kingston 2196,Unidad SSD para almacenamiento de datos,1486.76,19,2025-11-06 00:00:00,2026-02-05 00:00:00
2487,SKU-02487,Router D-Link 2468,Router inalámbrico para conexión de red,2189.3,44,2026-05-11 00:00:00,2026-09-09 00:00:00
2488,SKU-02488,Memoria USB PNY 7505,Memoria USB para almacenamiento y transferencia de archivos,468.95,69,2025-12-05 00:00:00,2025-12-20 00:00:00
2489,SKU-02489,Audífonos Sony 4374,"Audífonos para música, llamadas y multimedia",2760.46,64,2025-12-11 00:00:00,2026-08-09 00:00:00
2490,SKU-02490,Webcam HP 4143,Cámara web para videollamadas,2767.08,100,2026-02-02 00:00:00,2026-06-29 00:00:00
2491,SKU-02491,Router TP-Link 9124,Router inalámbrico para conexión de red,2506.98,45,2025-09-29 00:00:00,2026-03-22 00:00:00
2492,SKU-02492,Monitor Samsung 8790,Monitor para computadora de alta resolución,9815.65,27,2026-04-07 00:00:00,2026-09-21 00:00:00
2493,SKU-02493,Mouse Genius 828,Mouse óptico para computadora,3026.17,100,2026-06-29 00:00:00,2026-09-21 00:00:00
2494,SKU-02494,Disco SSD ADATA 8140,Unidad SSD para almacenamiento de datos,909.6,74,2025-12-12 00:00:00,2026-03-22 00:00:00
2495,SKU-02495,Disco SSD Crucial 3929,Unidad SSD para almacenamiento de datos,1966.37,63,2025-03-01 00:00:00,2025-06-25 00:00:00
2496,SKU-02496,Disco SSD Kingston 8064,Unidad SSD para almacenamiento de datos,4438.21,24,2025-03-12 00:00:00,2025-03-23 00:00:00
2497,SKU-02497,Monitor ASUS 6018,Monitor para computadora de alta resolución,10043.16,41,2025-10-29 00:00:00,2026-05-13 00:00:00
2498,SKU-02498,Router TP-Link 5144,Router inalámbrico para conexión de red,2364.0,11,2025-08-14 00:00:00,2026-01-21 00:00:00
2499,SKU-02499,Router Tenda 4285,Router inalámbrico para conexión de red,1529.96,98,2026-02-16 00:00:00,2026-03-20 00:00:00
2500,SKU-02500,Teclado HP 7954,Teclado para computadora de uso diario,2584.93,84,2025-10-01 00:00:00,2026-05-01 00:00:00
2501,SKU-02501,Mouse Logitech 3339,Mouse óptico para computadora,2612.58,97,2025-07-20 00:00:00,2026-01-02 00:00:00
2502,SKU-02502,Memoria USB Verbatim 6110,Memoria USB para almacenamiento y transferencia de archivos,576.22,144,2025-02-24 00:00:00,2025-09-15 00:00:00
2503,SKU-02503,Audífonos Philips 7943,"Audífonos para música, llamadas y multimedia",1154.3,33,2025-04-17 00:00:00,2025-11-27 00:00:00
2504,SKU-02504,Laptop Acer 2520,Equipo portátil para trabajo y estudio,22534.55,34,2026-06-07 00:00:00,2026-09-21 00:00:00
2505,SKU-02505,Monitor LG 2163,Monitor para computadora de alta resolución,3756.61,37,2025-12-04 00:00:00,2026-05-01 00:00:00
2506,SKU-02506,Monitor ASUS 6928,Monitor para computadora de alta resolución,3232.65,38,2026-01-11 00:00:00,2026-04-26 00:00:00
2507,SKU-02507,Laptop Lenovo 8772,Equipo portátil para trabajo y estudio,17994.85,31,2025-09-09 00:00:00,2026-04-18 00:00:00
2508,SKU-02508,Memoria USB Kingston 4845,Memoria USB para almacenamiento y transferencia de archivos,687.08,128,2025-11-05 00:00:00,2026-03-17 00:00:00
2509,SKU-02509,Router D-Link 5314,Router inalámbrico para conexión de red,829.63,28,2026-01-29 00:00:00,2026-04-06 00:00:00
2510,SKU-02510,Memoria USB Kingston 4304,Memoria USB para almacenamiento y transferencia de archivos,815.85,43,2025-03-09 00:00:00,2025-06-04 00:00:00
2511,SKU-02511,Laptop Acer 4238,Equipo portátil para trabajo y estudio,27165.24,30,2026-05-27 00:00:00,2026-09-21 00:00:00
2512,SKU-02512,Memoria USB Kingston 7999,Memoria USB para almacenamiento y transferencia de archivos,1698.77,139,2026-06-15 00:00:00,2026-07-12 00:00:00
2513,SKU-02513,Cable USB Baseus 5627,Cable USB para conexión y transferencia de datos,128.68,67,2025-09-16 00:00:00,2026-02-07 00:00:00
2514,SKU-02514,Mouse Microsoft 2598,Mouse óptico para computadora,2842.3,51,2025-12-25 00:00:00,2026-01-04 00:00:00
2515,SKU-02515,Cable USB Steren 8415,Cable USB para conexión y transferencia de datos,425.12,120,2026-04-23 00:00:00,2026-09-21 00:00:00
2516,SKU-02516,Teclado Logitech 9497,Teclado para computadora de uso diario,1642.3,96,2025-05-15 00:00:00,2025-11-05 00:00:00
2517,SKU-02517,Mouse Genius 7163,Mouse óptico para computadora,823.41,26,2025-04-09 00:00:00,2025-09-04 00:00:00
2518,SKU-02518,Disco SSD Western Digital 3640,Unidad SSD para almacenamiento de datos,4421.12,78,2025-09-28 00:00:00,2025-10-19 00:00:00
2519,SKU-02519,Laptop HP 732,Equipo portátil para trabajo y estudio,24779.31,17,2026-06-07 00:00:00,2026-09-21 00:00:00
2520,SKU-02520,Audífonos JBL 2705,"Audífonos para música, llamadas y multimedia",1363.78,55,2025-06-05 00:00:00,2025-09-15 00:00:00
2521,SKU-02521,Laptop Dell 9968,Equipo portátil para trabajo y estudio,17625.17,31,2026-04-11 00:00:00,2026-06-14 00:00:00
2522,SKU-02522,Audífonos Logitech 6575,"Audífonos para música, llamadas y multimedia",3279.97,97,2025-02-13 00:00:00,2025-06-11 00:00:00
2523,SKU-02523,Router D-Link 4012,Router inalámbrico para conexión de red,2269.29,8,2025-02-18 00:00:00,2025-08-02 00:00:00
2524,SKU-02524,Laptop Dell 8498,Equipo portátil para trabajo y estudio,15086.19,2,2026-03-09 00:00:00,2026-08-17 00:00:00
2525,SKU-02525,Audífonos Logitech 3756,"Audífonos para música, llamadas y multimedia",2040.11,91,2026-05-29 00:00:00,2026-09-21 00:00:00
2526,SKU-02526,Teclado Genius 6444,Teclado para computadora de uso diario,1294.74,42,2026-02-22 00:00:00,2026-05-21 00:00:00
2527,SKU-02527,Audífonos Logitech 8988,"Audífonos para música, llamadas y multimedia",1848.04,80,2025-05-19 00:00:00,2025-07-06 00:00:00
2528,SKU-02528,Webcam Logitech 7824,Cámara web para videollamadas,2306.21,90,2025-07-31 00:00:00,2025-09-05 00:00:00
2529,SKU-02529,Teclado Genius 1305,Teclado para computadora de uso diario,2506.82,56,2025-04-13 00:00:00,2025-10-30 00:00:00
2530,SKU-02530,Router Netgear 9988,Router inalámbrico para conexión de red,2488.22,44,2026-08-15 00:00:00,2026-09-21 00:00:00
2531,SKU-02531,Monitor LG 6456,Monitor para computadora de alta resolución,6696.42,18,2025-10-22 00:00:00,2025-12-23 00:00:00
2532,SKU-02532,Cable USB Belkin 3103,Cable USB para conexión y transferencia de datos,393.83,74,2025-10-30 00:00:00,2025-12-08 00:00:00
2533,SKU-02533,Disco SSD Western Digital 2219,Unidad SSD para almacenamiento de datos,1541.28,17,2026-01-30 00:00:00,2026-03-27 00:00:00
2534,SKU-02534,Audífonos Sony 7476,"Audífonos para música, llamadas y multimedia",2954.88,12,2026-02-20 00:00:00,2026-08-14 00:00:00
2535,SKU-02535,Audífonos JBL 3271,"Audífonos para música, llamadas y multimedia",2704.06,63,2025-08-04 00:00:00,2025-09-27 00:00:00
2536,SKU-02536,Teclado Microsoft 9637,Teclado para computadora de uso diario,1791.3,74,2026-01-07 00:00:00,2026-07-07 00:00:00
2537,SKU-02537,Router D-Link 8746,Router inalámbrico para conexión de red,2149.85,58,2025-08-28 00:00:00,2025-12-23 00:00:00
2538,SKU-02538,Webcam Microsoft 5640,Cámara web para videollamadas,492.78,8,2025-07-24 00:00:00,2025-08-10 00:00:00
2539,SKU-02539,Webcam Trust 5532,Cámara web para videollamadas,452.83,73,2026-06-09 00:00:00,2026-06-27 00:00:00
2540,SKU-02540,Cable USB Steren 8853,Cable USB para conexión y transferencia de datos,1728.99,17,2025-10-12 00:00:00,2026-01-28 00:00:00
2541,SKU-02541,Mouse Logitech 9798,Mouse óptico para computadora,843.57,97,2025-02-18 00:00:00,2025-10-25 00:00:00
2542,SKU-02542,Webcam AverMedia 2799,Cámara web para videollamadas,3269.07,43,2026-05-20 00:00:00,2026-09-21 00:00:00
2543,SKU-02543,Webcam AverMedia 9539,Cámara web para videollamadas,1884.91,52,2025-07-28 00:00:00,2026-01-14 00:00:00
2544,SKU-02544,Teclado Redragon 7627,Teclado para computadora de uso diario,3142.66,45,2025-11-10 00:00:00,2026-05-06 00:00:00
2545,SKU-02545,Disco SSD Samsung 5965,Unidad SSD para almacenamiento de datos,1993.83,71,2026-07-20 00:00:00,2026-09-21 00:00:00
2546,SKU-02546,Cable USB UGREEN 3988,Cable USB para conexión y transferencia de datos,1219.25,22,2026-03-18 00:00:00,2026-07-15 00:00:00
2547,SKU-02547,Mouse Genius 4170,Mouse óptico para computadora,2102.99,15,2025-10-07 00:00:00,2026-01-31 00:00:00
2548,SKU-02548,Webcam AverMedia 6058,Cámara web para videollamadas,2773.01,5,2025-09-08 00:00:00,2026-03-20 00:00:00
2549,SKU-02549,Teclado Redragon 6578,Teclado para computadora de uso diario,2486.23,57,2026-07-03 00:00:00,2026-09-21 00:00:00
2550,SKU-02550,Audífonos Logitech 3411,"Audífonos para música, llamadas y multimedia",2607.38,85,2025-01-09 00:00:00,2025-08-13 00:00:00
2551,SKU-02551,Audífonos Logitech 1074,"Audífonos para música, llamadas y multimedia",972.38,77,2025-05-14 00:00:00,2025-05-30 00:00:00
2552,SKU-02552,Router Tenda 2784,Router inalámbrico para conexión de red,3339.69,57,2026-07-21 00:00:00,2026-09-21 00:00:00
2553,SKU-02553,Cable USB Baseus 6535,Cable USB para conexión y transferencia de datos,1585.68,109,2026-02-07 00:00:00,2026-04-27 00:00:00
2554,SKU-02554,Disco SSD Crucial 8063,Unidad SSD para almacenamiento de datos,1828.59,66,2025-07-28 00:00:00,2025-12-01 00:00:00
2555,SKU-02555,Router Tenda 795,Router inalámbrico para conexión de red,2970.99,56,2025-05-04 00:00:00,2025-08-23 00:00:00
2556,SKU-02556,Router Netgear 4169,Router inalámbrico para conexión de red,3337.51,43,2025-10-01 00:00:00,2026-03-13 00:00:00
2557,SKU-02557,Laptop Lenovo 5061,Equipo portátil para trabajo y estudio,7040.57,13,2025-03-16 00:00:00,2025-06-11 00:00:00
2558,SKU-02558,Disco SSD Crucial 3102,Unidad SSD para almacenamiento de datos,3147.71,7,2025-08-09 00:00:00,2025-08-10 00:00:00
2559,SKU-02559,Memoria USB ADATA 9251,Memoria USB para almacenamiento y transferencia de archivos,1691.93,97,2025-12-24 00:00:00,2026-04-14 00:00:00
2560,SKU-02560,Memoria USB SanDisk 6126,Memoria USB para almacenamiento y transferencia de archivos,1067.22,124,2025-06-02 00:00:00,2025-11-26 00:00:00
2561,SKU-02561,Disco SSD Samsung 1873,Unidad SSD para almacenamiento de datos,1945.96,12,2025-11-04 00:00:00,2025-12-05 00:00:00
2562,SKU-02562,Disco SSD Crucial 9381,Unidad SSD para almacenamiento de datos,2166.91,13,2026-08-02 00:00:00,2026-09-21 00:00:00
2563,SKU-02563,Webcam Logitech 8685,Cámara web para videollamadas,1956.41,11,2026-05-08 00:00:00,2026-07-01 00:00:00
2564,SKU-02564,Teclado Genius 4995,Teclado para computadora de uso diario,3384.72,32,2026-05-13 00:00:00,2026-09-21 00:00:00
2565,SKU-02565,Disco SSD Crucial 7058,Unidad SSD para almacenamiento de datos,2579.56,13,2025-11-29 00:00:00,2025-12-08 00:00:00
2566,SKU-02566,Mouse Logitech 603,Mouse óptico para computadora,2018.82,71,2025-07-28 00:00:00,2025-12-29 00:00:00
2567,SKU-02567,Monitor Dell 7311,Monitor para computadora de alta resolución,5146.9,49,2025-08-05 00:00:00,2025-11-23 00:00:00
2568,SKU-02568,Laptop ASUS 5663,Equipo portátil para trabajo y estudio,24989.52,34,2025-06-18 00:00:00,2025-12-20 00:00:00
2569,SKU-02569,Monitor LG 1286,Monitor para computadora de alta resolución,10386.01,32,2025-10-04 00:00:00,2025-11-03 00:00:00
2570,SKU-02570,Cable USB Belkin 1912,Cable USB para conexión y transferencia de datos,648.69,83,2026-07-03 00:00:00,2026-09-21 00:00:00
2571,SKU-02571,Cable USB Steren 8804,Cable USB para conexión y transferencia de datos,1629.68,129,2025-06-02 00:00:00,2026-01-22 00:00:00
2572,SKU-02572,Disco SSD ADATA 8307,Unidad SSD para almacenamiento de datos,1960.64,11,2025-03-23 00:00:00,2025-09-14 00:00:00
2573,SKU-02573,Router Tenda 2238,Router inalámbrico para conexión de red,1811.12,89,2026-07-26 00:00:00,2026-09-21 00:00:00
2574,SKU-02574,Router TP-Link 3263,Router inalámbrico para conexión de red,1862.38,75,2025-10-19 00:00:00,2025-12-15 00:00:00
2575,SKU-02575,Mouse HP 8749,Mouse óptico para computadora,2777.08,34,2025-07-05 00:00:00,2025-12-02 00:00:00
2576,SKU-02576,Webcam AverMedia 8882,Cámara web para videollamadas,1396.91,51,2026-03-05 00:00:00,2026-09-21 00:00:00
2577,SKU-02577,Laptop Lenovo 895,Equipo portátil para trabajo y estudio,8680.38,26,2025-08-21 00:00:00,2026-03-27 00:00:00
2578,SKU-02578,Monitor LG 7781,Monitor para computadora de alta resolución,9696.97,50,2025-02-15 00:00:00,2025-07-05 00:00:00
2579,SKU-02579,Cable USB Steren 4979,Cable USB para conexión y transferencia de datos,1512.7,35,2025-04-04 00:00:00,2025-11-08 00:00:00
2580,SKU-02580,Disco SSD Samsung 7491,Unidad SSD para almacenamiento de datos,4373.21,12,2025-06-08 00:00:00,2025-08-19 00:00:00
2581,SKU-02581,Audífonos JBL 4957,"Audífonos para música, llamadas y multimedia",543.22,23,2026-08-14 00:00:00,2026-09-21 00:00:00
2582,SKU-02582,Monitor Dell 262,Monitor para computadora de alta resolución,10604.71,5,2025-05-17 00:00:00,2025-10-08 00:00:00
2583,SKU-02583,Monitor Samsung 7536,Monitor para computadora de alta resolución,11015.47,34,2025-08-27 00:00:00,2025-10-18 00:00:00
2584,SKU-02584,Webcam Logitech 9411,Cámara web para videollamadas,3314.9,39,2025-07-11 00:00:00,2026-01-03 00:00:00
2585,SKU-02585,Cable USB Amazon Basics 7579,Cable USB para conexión y transferencia de datos,229.08,38,2025-01-09 00:00:00,2025-08-22 00:00:00
2586,SKU-02586,Mouse HP 9477,Mouse óptico para computadora,2635.99,43,2026-04-16 00:00:00,2026-08-10 00:00:00
2587,SKU-02587,Memoria USB PNY 3011,Memoria USB para almacenamiento y transferencia de archivos,1725.49,116,2025-03-19 00:00:00,2025-10-07 00:00:00
2588,SKU-02588,Audífonos Sony 4886,"Audífonos para música, llamadas y multimedia",1409.36,78,2026-02-05 00:00:00,2026-06-24 00:00:00
2589,SKU-02589,Webcam AverMedia 8515,Cámara web para videollamadas,3258.37,25,2026-03-25 00:00:00,2026-09-21 00:00:00
2590,SKU-02590,Memoria USB ADATA 8206,Memoria USB para almacenamiento y transferencia de archivos,377.0,60,2026-04-11 00:00:00,2026-09-21 00:00:00
2591,SKU-02591,Cable USB Amazon Basics 3102,Cable USB para conexión y transferencia de datos,1306.78,144,2025-11-19 00:00:00,2026-05-17 00:00:00
2592,SKU-02592,Cable USB Steren 1623,Cable USB para conexión y transferencia de datos,657.18,63,2025-05-13 00:00:00,2025-12-04 00:00:00
2593,SKU-02593,Mouse HP 4332,Mouse óptico para computadora,2430.86,39,2025-07-09 00:00:00,2025-08-30 00:00:00
2594,SKU-02594,Cable USB UGREEN 979,Cable USB para conexión y transferencia de datos,1460.56,36,2025-10-25 00:00:00,2026-03-04 00:00:00
2595,SKU-02595,Cable USB Steren 1141,Cable USB para conexión y transferencia de datos,616.4,75,2025-05-09 00:00:00,2025-10-02 00:00:00
2596,SKU-02596,Cable USB UGREEN 1728,Cable USB para conexión y transferencia de datos,1702.57,101,2026-08-13 00:00:00,2026-09-21 00:00:00
2597,SKU-02597,Webcam AverMedia 6416,Cámara web para videollamadas,2526.01,88,2026-08-07 00:00:00,2026-09-21 00:00:00
2598,SKU-02598,Memoria USB Verbatim 2790,Memoria USB para almacenamiento y transferencia de archivos,1224.07,23,2026-08-21 00:00:00,2026-08-25 00:00:00
2599,SKU-02599,Webcam Microsoft 154,Cámara web para videollamadas,3201.31,91,2025-10-18 00:00:00,2026-05-27 00:00:00
2600,SKU-02600,Teclado Logitech 7940,Teclado para computadora de uso diario,947.22,90,2025-03-15 00:00:00,2025-09-21 00:00:00
2601,SKU-02601,Audífonos JBL 6057,"Audífonos para música, llamadas y multimedia",3131.99,80,2025-05-27 00:00:00,2025-07-21 00:00:00
2602,SKU-02602,Audífonos Logitech 4169,"Audífonos para música, llamadas y multimedia",2537.12,48,2025-01-22 00:00:00,2025-09-02 00:00:00
2603,SKU-02603,Teclado HP 9678,Teclado para computadora de uso diario,1201.27,89,2026-04-25 00:00:00,2026-09-21 00:00:00
2604,SKU-02604,Teclado Logitech 6281,Teclado para computadora de uso diario,2036.97,76,2026-04-23 00:00:00,2026-08-10 00:00:00
2605,SKU-02605,Router Huawei 157,Router inalámbrico para conexión de red,1507.08,57,2025-02-24 00:00:00,2025-09-22 00:00:00
2606,SKU-02606,Memoria USB SanDisk 3167,Memoria USB para almacenamiento y transferencia de archivos,659.53,84,2025-06-27 00:00:00,2025-12-06 00:00:00
2607,SKU-02607,Monitor AOC 4370,Monitor para computadora de alta resolución,9846.4,39,2025-10-14 00:00:00,2026-01-31 00:00:00
2608,SKU-02608,Laptop Lenovo 3328,Equipo portátil para trabajo y estudio,15057.78,15,2025-08-26 00:00:00,2026-05-01 00:00:00
2609,SKU-02609,Cable USB Steren 7210,Cable USB para conexión y transferencia de datos,1537.9,135,2025-10-05 00:00:00,2026-05-05 00:00:00
2610,SKU-02610,Disco SSD ADATA 2527,Unidad SSD para almacenamiento de datos,1422.3,25,2026-01-02 00:00:00,2026-07-06 00:00:00
2611,SKU-02611,Disco SSD Kingston 2160,Unidad SSD para almacenamiento de datos,1046.63,57,2026-02-16 00:00:00,2026-07-18 00:00:00
2612,SKU-02612,Memoria USB ADATA 4286,Memoria USB para almacenamiento y transferencia de archivos,265.79,110,2025-07-10 00:00:00,2025-10-16 00:00:00
2613,SKU-02613,Cable USB Belkin 225,Cable USB para conexión y transferencia de datos,1382.89,123,2025-12-06 00:00:00,2025-12-12 00:00:00
2614,SKU-02614,Mouse Microsoft 8425,Mouse óptico para computadora,2129.84,56,2026-05-16 00:00:00,2026-07-27 00:00:00
2615,SKU-02615,Disco SSD ADATA 229,Unidad SSD para almacenamiento de datos,4252.94,31,2026-01-12 00:00:00,2026-01-15 00:00:00
2616,SKU-02616,Router D-Link 5829,Router inalámbrico para conexión de red,3407.84,18,2026-03-29 00:00:00,2026-04-26 00:00:00
2617,SKU-02617,Router TP-Link 3497,Router inalámbrico para conexión de red,822.7,24,2025-05-01 00:00:00,2025-07-01 00:00:00
2618,SKU-02618,Cable USB Amazon Basics 6934,Cable USB para conexión y transferencia de datos,681.87,74,2025-05-24 00:00:00,2025-07-20 00:00:00
2619,SKU-02619,Cable USB Baseus 6467,Cable USB para conexión y transferencia de datos,579.46,59,2025-10-06 00:00:00,2025-10-21 00:00:00
2620,SKU-02620,Monitor LG 7201,Monitor para computadora de alta resolución,9244.96,35,2025-10-17 00:00:00,2025-11-18 00:00:00
2621,SKU-02621,Mouse HP 6971,Mouse óptico para computadora,2424.35,68,2026-07-14 00:00:00,2026-09-21 00:00:00
2622,SKU-02622,Monitor Samsung 2314,Monitor para computadora de alta resolución,6293.9,35,2025-08-25 00:00:00,2026-01-02 00:00:00
2623,SKU-02623,Router Huawei 5985,Router inalámbrico para conexión de red,2357.38,54,2025-12-23 00:00:00,2026-02-25 00:00:00
2624,SKU-02624,Audífonos Philips 3575,"Audífonos para música, llamadas y multimedia",897.64,96,2026-03-04 00:00:00,2026-09-21 00:00:00
2625,SKU-02625,Audífonos Logitech 2341,"Audífonos para música, llamadas y multimedia",1929.74,11,2025-01-01 00:00:00,2025-05-19 00:00:00
2626,SKU-02626,Cable USB Belkin 3323,Cable USB para conexión y transferencia de datos,132.62,87,2026-08-17 00:00:00,2026-08-20 00:00:00
2627,SKU-02627,Memoria USB PNY 9676,Memoria USB para almacenamiento y transferencia de archivos,887.26,13,2025-12-09 00:00:00,2026-05-27 00:00:00
2628,SKU-02628,Cable USB Belkin 4792,Cable USB para conexión y transferencia de datos,1189.48,100,2025-09-21 00:00:00,2026-05-29 00:00:00
2629,SKU-02629,Mouse HP 8506,Mouse óptico para computadora,1593.99,93,2025-12-07 00:00:00,2026-04-09 00:00:00
2630,SKU-02630,Audífonos HyperX 9785,"Audífonos para música, llamadas y multimedia",606.07,19,2026-03-08 00:00:00,2026-06-19 00:00:00
2631,SKU-02631,Mouse Logitech 2965,Mouse óptico para computadora,1289.94,15,2026-08-16 00:00:00,2026-09-21 00:00:00
2632,SKU-02632,Router Huawei 6702,Router inalámbrico para conexión de red,1979.91,25,2025-02-19 00:00:00,2025-06-27 00:00:00
2633,SKU-02633,Router Tenda 4179,Router inalámbrico para conexión de red,2748.54,72,2026-05-05 00:00:00,2026-09-21 00:00:00
2634,SKU-02634,Router Netgear 888,Router inalámbrico para conexión de red,3120.06,58,2025-02-22 00:00:00,2025-05-14 00:00:00
2635,SKU-02635,Teclado Redragon 6395,Teclado para computadora de uso diario,1612.92,22,2025-11-26 00:00:00,2026-03-11 00:00:00
2636,SKU-02636,Monitor ASUS 7946,Monitor para computadora de alta resolución,6250.14,26,2026-04-30 00:00:00,2026-08-12 00:00:00
2637,SKU-02637,Mouse Razer 5819,Mouse óptico para computadora,1712.19,43,2026-02-04 00:00:00,2026-09-21 00:00:00
2638,SKU-02638,Monitor LG 4951,Monitor para computadora de alta resolución,3745.62,12,2025-03-12 00:00:00,2025-11-09 00:00:00
2639,SKU-02639,Laptop Lenovo 1150,Equipo portátil para trabajo y estudio,27907.6,7,2026-04-27 00:00:00,2026-09-21 00:00:00
2640,SKU-02640,Router Tenda 4632,Router inalámbrico para conexión de red,3282.31,71,2025-10-02 00:00:00,2026-01-08 00:00:00
2641,SKU-02641,Memoria USB SanDisk 2068,Memoria USB para almacenamiento y transferencia de archivos,1225.85,127,2026-03-17 00:00:00,2026-09-21 00:00:00
2642,SKU-02642,Mouse Razer 474,Mouse óptico para computadora,2273.34,28,2026-01-13 00:00:00,2026-09-20 00:00:00
2643,SKU-02643,Audífonos Sony 7791,"Audífonos para música, llamadas y multimedia",1248.73,82,2025-08-25 00:00:00,2025-09-03 00:00:00
2644,SKU-02644,Teclado Redragon 3990,Teclado para computadora de uso diario,434.68,88,2025-06-25 00:00:00,2025-08-10 00:00:00
2645,SKU-02645,Monitor LG 4456,Monitor para computadora de alta resolución,6259.09,39,2026-05-27 00:00:00,2026-09-21 00:00:00
2646,SKU-02646,Cable USB Amazon Basics 8325,Cable USB para conexión y transferencia de datos,212.62,127,2025-05-18 00:00:00,2025-07-05 00:00:00
2647,SKU-02647,Webcam Trust 4590,Cámara web para videollamadas,2280.77,16,2026-04-14 00:00:00,2026-04-19 00:00:00
2648,SKU-02648,Memoria USB SanDisk 7036,Memoria USB para almacenamiento y transferencia de archivos,195.91,109,2025-05-13 00:00:00,2025-05-28 00:00:00
2649,SKU-02649,Laptop HP 8246,Equipo portátil para trabajo y estudio,8491.19,16,2026-06-12 00:00:00,2026-09-21 00:00:00
2650,SKU-02650,Teclado Genius 498,Teclado para computadora de uso diario,616.68,36,2025-01-15 00:00:00,2025-08-01 00:00:00
2651,SKU-02651,Teclado Redragon 5019,Teclado para computadora de uso diario,3374.37,58,2026-07-27 00:00:00,2026-09-21 00:00:00
2652,SKU-02652,Mouse Logitech 2044,Mouse óptico para computadora,2433.22,49,2025-07-30 00:00:00,2026-03-17 00:00:00
2653,SKU-02653,Router Tenda 4870,Router inalámbrico para conexión de red,3010.16,48,2025-02-15 00:00:00,2025-03-24 00:00:00
2654,SKU-02654,Mouse Genius 7995,Mouse óptico para computadora,2924.4,79,2025-04-28 00:00:00,2025-12-29 00:00:00
2655,SKU-02655,Disco SSD ADATA 2016,Unidad SSD para almacenamiento de datos,3242.11,51,2025-03-07 00:00:00,2025-06-13 00:00:00
2656,SKU-02656,Webcam Logitech 5174,Cámara web para videollamadas,2584.07,78,2025-12-19 00:00:00,2026-01-09 00:00:00
2657,SKU-02657,Webcam Logitech 3088,Cámara web para videollamadas,2957.56,65,2025-04-05 00:00:00,2025-06-22 00:00:00
2658,SKU-02658,Cable USB Belkin 4028,Cable USB para conexión y transferencia de datos,1734.85,25,2025-12-26 00:00:00,2026-04-28 00:00:00
2659,SKU-02659,Webcam Trust 8068,Cámara web para videollamadas,2658.0,82,2026-04-20 00:00:00,2026-09-21 00:00:00
2660,SKU-02660,Webcam Microsoft 9235,Cámara web para videollamadas,3192.76,49,2025-06-07 00:00:00,2025-08-03 00:00:00
2661,SKU-02661,Disco SSD ADATA 723,Unidad SSD para almacenamiento de datos,4345.76,35,2025-02-27 00:00:00,2025-07-26 00:00:00
2662,SKU-02662,Laptop HP 9921,Equipo portátil para trabajo y estudio,8948.24,24,2026-02-20 00:00:00,2026-04-02 00:00:00
2663,SKU-02663,Audífonos HyperX 7601,"Audífonos para música, llamadas y multimedia",444.6,73,2026-04-08 00:00:00,2026-08-14 00:00:00
2664,SKU-02664,Laptop Lenovo 2807,Equipo portátil para trabajo y estudio,7410.4,31,2025-09-12 00:00:00,2025-10-19 00:00:00
2665,SKU-02665,Webcam AverMedia 6173,Cámara web para videollamadas,2767.52,57,2025-07-27 00:00:00,2025-11-03 00:00:00
2666,SKU-02666,Memoria USB SanDisk 1404,Memoria USB para almacenamiento y transferencia de archivos,177.59,22,2025-05-21 00:00:00,2025-06-05 00:00:00
2667,SKU-02667,Teclado Microsoft 6860,Teclado para computadora de uso diario,3100.25,27,2026-06-05 00:00:00,2026-07-18 00:00:00
2668,SKU-02668,Audífonos JBL 9461,"Audífonos para música, llamadas y multimedia",1074.75,97,2025-04-21 00:00:00,2025-09-23 00:00:00
2669,SKU-02669,Webcam HP 1797,Cámara web para videollamadas,1429.82,62,2026-02-16 00:00:00,2026-08-12 00:00:00
2670,SKU-02670,Laptop ASUS 3532,Equipo portátil para trabajo y estudio,7661.17,18,2026-04-13 00:00:00,2026-09-21 00:00:00
2671,SKU-02671,Memoria USB PNY 9866,Memoria USB para almacenamiento y transferencia de archivos,1430.47,138,2026-01-03 00:00:00,2026-05-06 00:00:00
2672,SKU-02672,Teclado Logitech 5967,Teclado para computadora de uso diario,3451.61,86,2025-12-09 00:00:00,2026-05-02 00:00:00
2673,SKU-02673,Mouse Genius 2066,Mouse óptico para computadora,871.92,20,2025-10-14 00:00:00,2025-10-27 00:00:00
2674,SKU-02674,Disco SSD Western Digital 211,Unidad SSD para almacenamiento de datos,1806.12,56,2025-11-13 00:00:00,2026-01-04 00:00:00
2675,SKU-02675,Webcam HP 5813,Cámara web para videollamadas,495.51,52,2025-12-24 00:00:00,2026-06-11 00:00:00
2676,SKU-02676,Teclado Genius 6674,Teclado para computadora de uso diario,1091.5,23,2026-08-18 00:00:00,2026-09-21 00:00:00
2677,SKU-02677,Memoria USB Kingston 4081,Memoria USB para almacenamiento y transferencia de archivos,647.22,80,2025-11-12 00:00:00,2025-11-21 00:00:00
2678,SKU-02678,Webcam HP 7288,Cámara web para videollamadas,2629.72,47,2026-04-10 00:00:00,2026-07-11 00:00:00
2679,SKU-02679,Webcam AverMedia 2751,Cámara web para videollamadas,585.92,99,2025-12-04 00:00:00,2026-05-30 00:00:00
2680,SKU-02680,Mouse Genius 1393,Mouse óptico para computadora,3239.84,19,2025-11-06 00:00:00,2026-02-13 00:00:00
2681,SKU-02681,Webcam HP 2093,Cámara web para videollamadas,1369.79,91,2025-04-05 00:00:00,2025-12-09 00:00:00
2682,SKU-02682,Disco SSD ADATA 6270,Unidad SSD para almacenamiento de datos,3383.97,23,2025-03-24 00:00:00,2025-11-22 00:00:00
2683,SKU-02683,Disco SSD ADATA 6886,Unidad SSD para almacenamiento de datos,3408.31,7,2026-01-10 00:00:00,2026-08-14 00:00:00
2684,SKU-02684,Router Netgear 5668,Router inalámbrico para conexión de red,918.45,42,2026-03-27 00:00:00,2026-04-22 00:00:00
2685,SKU-02685,Teclado Microsoft 8123,Teclado para computadora de uso diario,745.57,51,2026-07-03 00:00:00,2026-08-16 00:00:00
2686,SKU-02686,Mouse HP 2983,Mouse óptico para computadora,3401.9,59,2025-07-20 00:00:00,2025-10-22 00:00:00
2687,SKU-02687,Audífonos Logitech 8710,"Audífonos para música, llamadas y multimedia",1401.95,19,2025-04-05 00:00:00,2025-12-04 00:00:00
2688,SKU-02688,Teclado Logitech 9128,Teclado para computadora de uso diario,897.62,24,2026-04-02 00:00:00,2026-08-20 00:00:00
2689,SKU-02689,Router Netgear 2306,Router inalámbrico para conexión de red,1872.8,88,2025-10-22 00:00:00,2026-06-23 00:00:00
2690,SKU-02690,Disco SSD Samsung 2143,Unidad SSD para almacenamiento de datos,2509.94,34,2025-01-07 00:00:00,2025-05-18 00:00:00
2691,SKU-02691,Cable USB Amazon Basics 4240,Cable USB para conexión y transferencia de datos,1570.92,133,2025-03-28 00:00:00,2025-06-07 00:00:00
2692,SKU-02692,Teclado HP 1317,Teclado para computadora de uso diario,2112.42,11,2026-03-15 00:00:00,2026-09-21 00:00:00
2693,SKU-02693,Teclado Microsoft 2458,Teclado para computadora de uso diario,912.89,82,2026-08-08 00:00:00,2026-09-21 00:00:00
2694,SKU-02694,Monitor Dell 5974,Monitor para computadora de alta resolución,8869.33,5,2026-06-29 00:00:00,2026-09-21 00:00:00
2695,SKU-02695,Laptop Dell 4257,Equipo portátil para trabajo y estudio,14586.99,5,2025-05-16 00:00:00,2025-08-26 00:00:00
2696,SKU-02696,Monitor Dell 4128,Monitor para computadora de alta resolución,4741.51,22,2025-05-20 00:00:00,2025-11-15 00:00:00
2697,SKU-02697,Disco SSD Samsung 4503,Unidad SSD para almacenamiento de datos,994.69,56,2025-04-01 00:00:00,2025-06-02 00:00:00
2698,SKU-02698,Laptop Dell 3810,Equipo portátil para trabajo y estudio,13771.34,25,2026-01-13 00:00:00,2026-09-07 00:00:00
2699,SKU-02699,Audífonos Logitech 6938,"Audífonos para música, llamadas y multimedia",3021.18,25,2025-09-16 00:00:00,2026-01-11 00:00:00
2700,SKU-02700,Memoria USB SanDisk 2559,Memoria USB para almacenamiento y transferencia de archivos,1578.01,111,2025-10-15 00:00:00,2025-12-27 00:00:00
2701,SKU-02701,Audífonos Philips 5755,"Audífonos para música, llamadas y multimedia",2089.64,6,2025-06-03 00:00:00,2025-07-13 00:00:00
2702,SKU-02702,Laptop Lenovo 3802,Equipo portátil para trabajo y estudio,19008.72,14,2026-06-15 00:00:00,2026-08-23 00:00:00
2703,SKU-02703,Router Tenda 5181,Router inalámbrico para conexión de red,2096.32,64,2025-03-25 00:00:00,2025-07-07 00:00:00
2704,SKU-02704,Monitor Samsung 5725,Monitor para computadora de alta resolución,5497.11,28,2025-04-22 00:00:00,2025-08-02 00:00:00
2705,SKU-02705,Mouse Razer 5126,Mouse óptico para computadora,1382.02,87,2025-09-28 00:00:00,2026-03-23 00:00:00
2706,SKU-02706,Teclado Logitech 5535,Teclado para computadora de uso diario,2673.77,27,2025-08-22 00:00:00,2026-03-06 00:00:00
2707,SKU-02707,Teclado HP 1911,Teclado para computadora de uso diario,999.65,40,2026-04-02 00:00:00,2026-09-21 00:00:00
2708,SKU-02708,Memoria USB PNY 7249,Memoria USB para almacenamiento y transferencia de archivos,942.12,31,2025-01-21 00:00:00,2025-05-27 00:00:00
2709,SKU-02709,Router D-Link 1911,Router inalámbrico para conexión de red,469.18,28,2025-07-25 00:00:00,2025-08-11 00:00:00
2710,SKU-02710,Teclado Microsoft 6917,Teclado para computadora de uso diario,1742.3,52,2026-08-13 00:00:00,2026-09-21 00:00:00
2711,SKU-02711,Disco SSD ADATA 4004,Unidad SSD para almacenamiento de datos,4038.1,75,2025-11-22 00:00:00,2026-05-24 00:00:00
2712,SKU-02712,Mouse Genius 6245,Mouse óptico para computadora,1942.31,91,2025-06-07 00:00:00,2025-10-10 00:00:00
2713,SKU-02713,Disco SSD Kingston 1543,Unidad SSD para almacenamiento de datos,1310.9,74,2026-03-06 00:00:00,2026-04-05 00:00:00
2714,SKU-02714,Webcam Trust 2792,Cámara web para videollamadas,2173.6,60,2025-02-08 00:00:00,2025-04-29 00:00:00
2715,SKU-02715,Cable USB Steren 5650,Cable USB para conexión y transferencia de datos,1701.01,116,2026-01-16 00:00:00,2026-09-13 00:00:00
2716,SKU-02716,Teclado HP 8005,Teclado para computadora de uso diario,2223.31,20,2026-08-21 00:00:00,2026-09-21 00:00:00
2717,SKU-02717,Memoria USB ADATA 9018,Memoria USB para almacenamiento y transferencia de archivos,1550.36,46,2025-09-17 00:00:00,2025-10-15 00:00:00
2718,SKU-02718,Webcam Microsoft 3287,Cámara web para videollamadas,1236.72,80,2026-01-15 00:00:00,2026-06-17 00:00:00
2719,SKU-02719,Audífonos JBL 4917,"Audífonos para música, llamadas y multimedia",958.23,15,2025-06-25 00:00:00,2025-06-28 00:00:00
2720,SKU-02720,Disco SSD Kingston 3210,Unidad SSD para almacenamiento de datos,3116.68,15,2026-05-15 00:00:00,2026-09-21 00:00:00
2721,SKU-02721,Monitor LG 9730,Monitor para computadora de alta resolución,2738.74,22,2025-05-06 00:00:00,2025-10-28 00:00:00
2722,SKU-02722,Mouse Genius 848,Mouse óptico para computadora,2534.91,70,2026-03-10 00:00:00,2026-07-14 00:00:00
2723,SKU-02723,Mouse Logitech 5297,Mouse óptico para computadora,3253.08,95,2025-11-03 00:00:00,2026-02-09 00:00:00
2724,SKU-02724,Mouse HP 5823,Mouse óptico para computadora,3261.58,52,2025-08-31 00:00:00,2025-12-28 00:00:00
2725,SKU-02725,Mouse HP 8717,Mouse óptico para computadora,424.28,88,2025-02-18 00:00:00,2025-10-24 00:00:00
2726,SKU-02726,Cable USB Baseus 6941,Cable USB para conexión y transferencia de datos,151.15,67,2025-05-13 00:00:00,2025-12-29 00:00:00
2727,SKU-02727,Audífonos HyperX 786,"Audífonos para música, llamadas y multimedia",3160.6,93,2025-03-19 00:00:00,2025-05-04 00:00:00
2728,SKU-02728,Teclado Microsoft 6352,Teclado para computadora de uso diario,2542.14,33,2025-03-26 00:00:00,2025-09-29 00:00:00
2729,SKU-02729,Audífonos Sony 2586,"Audífonos para música, llamadas y multimedia",1779.73,22,2025-06-12 00:00:00,2025-08-18 00:00:00
2730,SKU-02730,Disco SSD ADATA 5545,Unidad SSD para almacenamiento de datos,2706.64,39,2025-04-08 00:00:00,2025-08-10 00:00:00
2731,SKU-02731,Disco SSD ADATA 5890,Unidad SSD para almacenamiento de datos,1968.76,80,2025-08-11 00:00:00,2025-12-21 00:00:00
2732,SKU-02732,Memoria USB ADATA 3657,Memoria USB para almacenamiento y transferencia de archivos,364.28,123,2025-11-02 00:00:00,2026-01-28 00:00:00
2733,SKU-02733,Mouse Microsoft 6503,Mouse óptico para computadora,1591.63,30,2025-11-03 00:00:00,2026-04-07 00:00:00
2734,SKU-02734,Laptop Dell 3432,Equipo portátil para trabajo y estudio,27802.53,26,2026-02-05 00:00:00,2026-05-27 00:00:00
2735,SKU-02735,Audífonos Philips 2624,"Audífonos para música, llamadas y multimedia",743.49,43,2025-12-15 00:00:00,2026-07-05 00:00:00
2736,SKU-02736,Laptop Dell 8864,Equipo portátil para trabajo y estudio,14273.81,3,2025-02-06 00:00:00,2025-03-02 00:00:00
2737,SKU-02737,Webcam HP 1856,Cámara web para videollamadas,628.01,80,2026-04-21 00:00:00,2026-06-12 00:00:00
2738,SKU-02738,Router D-Link 5469,Router inalámbrico para conexión de red,544.48,32,2026-08-02 00:00:00,2026-09-21 00:00:00
2739,SKU-02739,Disco SSD ADATA 4922,Unidad SSD para almacenamiento de datos,2851.86,52,2025-12-27 00:00:00,2026-02-16 00:00:00
2740,SKU-02740,Memoria USB ADATA 389,Memoria USB para almacenamiento y transferencia de archivos,880.94,125,2026-07-05 00:00:00,2026-09-21 00:00:00
2741,SKU-02741,Router Huawei 9863,Router inalámbrico para conexión de red,2489.49,31,2025-12-04 00:00:00,2026-03-08 00:00:00
2742,SKU-02742,Disco SSD Kingston 7686,Unidad SSD para almacenamiento de datos,4198.92,39,2025-09-28 00:00:00,2025-12-28 00:00:00
2743,SKU-02743,Audífonos Sony 6891,"Audífonos para música, llamadas y multimedia",1274.21,45,2026-04-26 00:00:00,2026-09-21 00:00:00
2744,SKU-02744,Disco SSD Kingston 1306,Unidad SSD para almacenamiento de datos,734.55,30,2025-04-29 00:00:00,2025-09-21 00:00:00
2745,SKU-02745,Disco SSD Kingston 5794,Unidad SSD para almacenamiento de datos,2772.99,61,2025-07-20 00:00:00,2025-08-29 00:00:00
2746,SKU-02746,Disco SSD ADATA 2901,Unidad SSD para almacenamiento de datos,1737.0,54,2025-06-12 00:00:00,2025-07-30 00:00:00
2747,SKU-02747,Teclado Genius 5388,Teclado para computadora de uso diario,1501.94,43,2026-07-25 00:00:00,2026-09-21 00:00:00
2748,SKU-02748,Monitor LG 8323,Monitor para computadora de alta resolución,5793.85,47,2026-04-24 00:00:00,2026-04-26 00:00:00
2749,SKU-02749,Router Tenda 1518,Router inalámbrico para conexión de red,386.79,5,2026-08-19 00:00:00,2026-09-21 00:00:00
2750,SKU-02750,Monitor ASUS 380,Monitor para computadora de alta resolución,4225.28,48,2026-05-10 00:00:00,2026-09-21 00:00:00
2751,SKU-02751,Monitor Samsung 2116,Monitor para computadora de alta resolución,10536.1,7,2026-02-24 00:00:00,2026-03-29 00:00:00
2752,SKU-02752,Laptop Dell 8812,Equipo portátil para trabajo y estudio,27028.63,14,2025-03-29 00:00:00,2025-09-16 00:00:00
2753,SKU-02753,Teclado Redragon 7438,Teclado para computadora de uso diario,2322.69,37,2026-05-13 00:00:00,2026-09-13 00:00:00
2754,SKU-02754,Monitor Dell 9456,Monitor para computadora de alta resolución,3000.28,39,2026-04-06 00:00:00,2026-09-21 00:00:00
2755,SKU-02755,Webcam AverMedia 5956,Cámara web para videollamadas,3257.04,92,2025-05-15 00:00:00,2025-10-23 00:00:00
2756,SKU-02756,Laptop HP 5559,Equipo portátil para trabajo y estudio,16047.73,32,2026-08-04 00:00:00,2026-09-21 00:00:00
2757,SKU-02757,Disco SSD Samsung 4993,Unidad SSD para almacenamiento de datos,1013.8,42,2026-05-16 00:00:00,2026-09-21 00:00:00
2758,SKU-02758,Teclado Genius 1463,Teclado para computadora de uso diario,1353.93,57,2026-07-12 00:00:00,2026-09-21 00:00:00
2759,SKU-02759,Mouse Genius 2756,Mouse óptico para computadora,3404.83,42,2025-12-12 00:00:00,2026-06-17 00:00:00
2760,SKU-02760,Monitor AOC 468,Monitor para computadora de alta resolución,2830.85,41,2025-11-15 00:00:00,2026-02-14 00:00:00
2761,SKU-02761,Audífonos Sony 7972,"Audífonos para música, llamadas y multimedia",2874.48,24,2026-07-08 00:00:00,2026-09-21 00:00:00
2762,SKU-02762,Disco SSD Samsung 8871,Unidad SSD para almacenamiento de datos,3209.64,17,2026-07-26 00:00:00,2026-09-14 00:00:00
2763,SKU-02763,Cable USB Steren 3117,Cable USB para conexión y transferencia de datos,951.92,126,2025-11-03 00:00:00,2026-03-16 00:00:00
2764,SKU-02764,Memoria USB PNY 7956,Memoria USB para almacenamiento y transferencia de archivos,384.47,14,2025-04-15 00:00:00,2025-09-20 00:00:00
2765,SKU-02765,Disco SSD Kingston 1186,Unidad SSD para almacenamiento de datos,756.12,44,2026-01-01 00:00:00,2026-04-17 00:00:00
2766,SKU-02766,Cable USB Steren 9715,Cable USB para conexión y transferencia de datos,1213.0,148,2025-03-29 00:00:00,2025-08-13 00:00:00
2767,SKU-02767,Webcam Logitech 4658,Cámara web para videollamadas,2815.39,80,2026-08-22 00:00:00,2026-09-21 00:00:00
2768,SKU-02768,Memoria USB ADATA 5358,Memoria USB para almacenamiento y transferencia de archivos,857.1,71,2025-05-22 00:00:00,2025-12-22 00:00:00
2769,SKU-02769,Memoria USB Kingston 1676,Memoria USB para almacenamiento y transferencia de archivos,1469.73,17,2025-02-15 00:00:00,2025-03-27 00:00:00
2770,SKU-02770,Router Huawei 8255,Router inalámbrico para conexión de red,3412.03,13,2025-02-17 00:00:00,2025-04-05 00:00:00
2771,SKU-02771,Teclado Microsoft 6326,Teclado para computadora de uso diario,778.91,94,2025-01-12 00:00:00,2025-09-15 00:00:00
2772,SKU-02772,Router Tenda 765,Router inalámbrico para conexión de red,2209.77,88,2026-07-28 00:00:00,2026-09-21 00:00:00
2773,SKU-02773,Memoria USB PNY 9242,Memoria USB para almacenamiento y transferencia de archivos,179.09,12,2025-06-27 00:00:00,2026-02-18 00:00:00
2774,SKU-02774,Memoria USB SanDisk 1577,Memoria USB para almacenamiento y transferencia de archivos,142.44,101,2025-05-18 00:00:00,2025-12-07 00:00:00
2775,SKU-02775,Teclado HP 494,Teclado para computadora de uso diario,933.44,10,2025-04-24 00:00:00,2025-11-27 00:00:00
2776,SKU-02776,Router D-Link 2209,Router inalámbrico para conexión de red,2177.47,77,2025-12-15 00:00:00,2026-05-12 00:00:00
2777,SKU-02777,Webcam Logitech 7849,Cámara web para videollamadas,1690.91,69,2025-03-03 00:00:00,2025-05-18 00:00:00
2778,SKU-02778,Monitor AOC 3652,Monitor para computadora de alta resolución,7277.24,44,2026-04-16 00:00:00,2026-09-12 00:00:00
2779,SKU-02779,Audífonos Logitech 5563,"Audífonos para música, llamadas y multimedia",2881.32,41,2025-06-07 00:00:00,2026-01-13 00:00:00
2780,SKU-02780,Audífonos Logitech 1989,"Audífonos para música, llamadas y multimedia",2125.2,61,2025-08-11 00:00:00,2026-01-08 00:00:00
2781,SKU-02781,Teclado Microsoft 1484,Teclado para computadora de uso diario,947.09,30,2026-02-05 00:00:00,2026-02-16 00:00:00
2782,SKU-02782,Webcam HP 6502,Cámara web para videollamadas,2524.16,27,2026-07-19 00:00:00,2026-09-21 00:00:00
2783,SKU-02783,Memoria USB Verbatim 8625,Memoria USB para almacenamiento y transferencia de archivos,725.18,15,2025-10-23 00:00:00,2025-11-24 00:00:00
2784,SKU-02784,Monitor Samsung 6566,Monitor para computadora de alta resolución,4194.41,45,2025-11-18 00:00:00,2025-12-01 00:00:00
2785,SKU-02785,Audífonos Sony 9344,"Audífonos para música, llamadas y multimedia",1329.74,5,2025-08-17 00:00:00,2025-12-26 00:00:00
2786,SKU-02786,Memoria USB Kingston 3805,Memoria USB para almacenamiento y transferencia de archivos,171.89,133,2025-04-12 00:00:00,2025-08-09 00:00:00
2787,SKU-02787,Laptop HP 2380,Equipo portátil para trabajo y estudio,23916.52,2,2026-07-05 00:00:00,2026-09-21 00:00:00
2788,SKU-02788,Teclado Logitech 8761,Teclado para computadora de uso diario,3090.86,32,2026-06-22 00:00:00,2026-09-21 00:00:00
2789,SKU-02789,Memoria USB ADATA 5095,Memoria USB para almacenamiento y transferencia de archivos,577.32,21,2026-03-07 00:00:00,2026-09-21 00:00:00
2790,SKU-02790,Webcam AverMedia 7069,Cámara web para videollamadas,2004.19,8,2025-06-11 00:00:00,2025-12-07 00:00:00
2791,SKU-02791,Disco SSD Western Digital 7290,Unidad SSD para almacenamiento de datos,1515.68,33,2026-05-21 00:00:00,2026-08-02 00:00:00
2792,SKU-02792,Webcam AverMedia 382,Cámara web para videollamadas,1318.15,49,2025-01-23 00:00:00,2025-08-07 00:00:00
2793,SKU-02793,Audífonos Sony 6839,"Audífonos para música, llamadas y multimedia",1771.12,12,2025-03-24 00:00:00,2025-05-15 00:00:00
2794,SKU-02794,Mouse Logitech 635,Mouse óptico para computadora,2047.25,8,2025-02-04 00:00:00,2025-02-18 00:00:00
2795,SKU-02795,Memoria USB SanDisk 8717,Memoria USB para almacenamiento y transferencia de archivos,1598.73,85,2025-09-15 00:00:00,2025-10-14 00:00:00
2796,SKU-02796,Router Huawei 8401,Router inalámbrico para conexión de red,2752.34,31,2026-04-30 00:00:00,2026-06-16 00:00:00
2797,SKU-02797,Memoria USB Kingston 9319,Memoria USB para almacenamiento y transferencia de archivos,1202.28,15,2025-11-23 00:00:00,2026-06-04 00:00:00
2798,SKU-02798,Router Netgear 4474,Router inalámbrico para conexión de red,1832.06,94,2025-01-18 00:00:00,2025-09-11 00:00:00
2799,SKU-02799,Monitor LG 1638,Monitor para computadora de alta resolución,2854.8,45,2025-11-03 00:00:00,2025-11-26 00:00:00
2800,SKU-02800,Disco SSD Samsung 4815,Unidad SSD para almacenamiento de datos,1080.2,20,2026-03-24 00:00:00,2026-09-21 00:00:00
2801,SKU-02801,Router TP-Link 8142,Router inalámbrico para conexión de red,2749.11,45,2025-10-11 00:00:00,2026-02-05 00:00:00
2802,SKU-02802,Laptop ASUS 3778,Equipo portátil para trabajo y estudio,12032.38,15,2025-05-13 00:00:00,2025-06-10 00:00:00
2803,SKU-02803,Monitor LG 2351,Monitor para computadora de alta resolución,8278.6,19,2026-07-04 00:00:00,2026-08-24 00:00:00
2804,SKU-02804,Memoria USB Verbatim 1087,Memoria USB para almacenamiento y transferencia de archivos,216.06,146,2025-02-04 00:00:00,2025-06-14 00:00:00
2805,SKU-02805,Audífonos Sony 966,"Audífonos para música, llamadas y multimedia",2181.85,46,2026-06-22 00:00:00,2026-09-21 00:00:00
2806,SKU-02806,Teclado Microsoft 9375,Teclado para computadora de uso diario,694.17,84,2025-02-15 00:00:00,2025-09-12 00:00:00
2807,SKU-02807,Disco SSD Crucial 8464,Unidad SSD para almacenamiento de datos,922.77,12,2026-08-24 00:00:00,2026-09-21 00:00:00
2808,SKU-02808,Memoria USB Kingston 2107,Memoria USB para almacenamiento y transferencia de archivos,1792.4,19,2025-12-22 00:00:00,2026-07-12 00:00:00
2809,SKU-02809,Audífonos JBL 573,"Audífonos para música, llamadas y multimedia",1090.01,33,2025-03-18 00:00:00,2025-09-01 00:00:00
2810,SKU-02810,Monitor ASUS 1054,Monitor para computadora de alta resolución,2567.85,42,2025-10-22 00:00:00,2026-05-22 00:00:00
2811,SKU-02811,Mouse Razer 7278,Mouse óptico para computadora,3409.0,21,2025-04-06 00:00:00,2025-08-26 00:00:00
2812,SKU-02812,Disco SSD ADATA 6602,Unidad SSD para almacenamiento de datos,861.27,80,2026-03-08 00:00:00,2026-08-28 00:00:00
2813,SKU-02813,Audífonos JBL 3552,"Audífonos para música, llamadas y multimedia",2955.84,42,2025-06-11 00:00:00,2025-06-30 00:00:00
2814,SKU-02814,Cable USB Belkin 2621,Cable USB para conexión y transferencia de datos,1699.07,109,2026-06-18 00:00:00,2026-09-21 00:00:00
2815,SKU-02815,Laptop Lenovo 7227,Equipo portátil para trabajo y estudio,10319.54,26,2025-01-14 00:00:00,2025-07-24 00:00:00
2816,SKU-02816,Cable USB UGREEN 1189,Cable USB para conexión y transferencia de datos,1743.28,33,2025-03-02 00:00:00,2025-03-17 00:00:00
2817,SKU-02817,Router TP-Link 2293,Router inalámbrico para conexión de red,2737.28,84,2025-11-30 00:00:00,2026-05-07 00:00:00
2818,SKU-02818,Disco SSD Crucial 894,Unidad SSD para almacenamiento de datos,2363.38,53,2025-02-24 00:00:00,2025-09-28 00:00:00
2819,SKU-02819,Router Netgear 8399,Router inalámbrico para conexión de red,1087.67,38,2025-01-23 00:00:00,2025-07-22 00:00:00
2820,SKU-02820,Cable USB Steren 4974,Cable USB para conexión y transferencia de datos,1776.39,12,2025-10-18 00:00:00,2026-02-07 00:00:00
2821,SKU-02821,Monitor LG 7216,Monitor para computadora de alta resolución,2600.61,8,2025-06-16 00:00:00,2025-09-05 00:00:00
2822,SKU-02822,Disco SSD ADATA 2130,Unidad SSD para almacenamiento de datos,868.97,40,2025-03-17 00:00:00,2025-10-07 00:00:00
2823,SKU-02823,Webcam Microsoft 872,Cámara web para videollamadas,3023.82,66,2025-06-08 00:00:00,2025-11-30 00:00:00
2824,SKU-02824,Webcam AverMedia 6835,Cámara web para videollamadas,2452.1,76,2025-01-15 00:00:00,2025-09-08 00:00:00
2825,SKU-02825,Cable USB Belkin 2156,Cable USB para conexión y transferencia de datos,1731.26,115,2026-06-02 00:00:00,2026-08-17 00:00:00
2826,SKU-02826,Audífonos HyperX 1845,"Audífonos para música, llamadas y multimedia",2185.18,56,2026-04-26 00:00:00,2026-09-21 00:00:00
2827,SKU-02827,Mouse HP 1977,Mouse óptico para computadora,2477.41,61,2025-06-20 00:00:00,2025-12-05 00:00:00
2828,SKU-02828,Router Huawei 6133,Router inalámbrico para conexión de red,978.79,49,2026-02-04 00:00:00,2026-05-29 00:00:00
2829,SKU-02829,Router Netgear 2420,Router inalámbrico para conexión de red,475.69,81,2025-12-29 00:00:00,2026-03-17 00:00:00
2830,SKU-02830,Cable USB Belkin 3051,Cable USB para conexión y transferencia de datos,1070.47,96,2025-11-10 00:00:00,2025-12-16 00:00:00
2831,SKU-02831,Router Huawei 9943,Router inalámbrico para conexión de red,2182.84,36,2025-06-17 00:00:00,2025-12-25 00:00:00
2832,SKU-02832,Laptop Dell 9892,Equipo portátil para trabajo y estudio,27252.06,13,2025-10-02 00:00:00,2026-05-30 00:00:00
2833,SKU-02833,Audífonos Philips 5241,"Audífonos para música, llamadas y multimedia",3246.36,19,2025-11-02 00:00:00,2025-12-19 00:00:00
2834,SKU-02834,Mouse Logitech 8419,Mouse óptico para computadora,2964.98,30,2025-05-14 00:00:00,2025-08-21 00:00:00
2835,SKU-02835,Audífonos Philips 5688,"Audífonos para música, llamadas y multimedia",1123.96,95,2025-06-26 00:00:00,2025-12-03 00:00:00
2836,SKU-02836,Audífonos Philips 8415,"Audífonos para música, llamadas y multimedia",1466.81,88,2025-11-12 00:00:00,2026-01-13 00:00:00
2837,SKU-02837,Mouse HP 2397,Mouse óptico para computadora,2286.87,56,2026-06-21 00:00:00,2026-09-21 00:00:00
2838,SKU-02838,Mouse Genius 3596,Mouse óptico para computadora,894.72,64,2026-02-22 00:00:00,2026-03-27 00:00:00
2839,SKU-02839,Monitor ASUS 5210,Monitor para computadora de alta resolución,11560.09,44,2025-11-16 00:00:00,2026-06-29 00:00:00
2840,SKU-02840,Webcam Microsoft 375,Cámara web para videollamadas,2283.74,46,2025-09-18 00:00:00,2026-01-02 00:00:00
2841,SKU-02841,Monitor Dell 7462,Monitor para computadora de alta resolución,7645.66,6,2025-09-15 00:00:00,2026-03-30 00:00:00
2842,SKU-02842,Mouse Microsoft 8360,Mouse óptico para computadora,775.24,90,2025-02-08 00:00:00,2025-07-17 00:00:00
2843,SKU-02843,Router Huawei 6573,Router inalámbrico para conexión de red,1603.21,63,2025-12-16 00:00:00,2026-06-21 00:00:00
2844,SKU-02844,Audífonos Philips 2722,"Audífonos para música, llamadas y multimedia",1301.69,79,2025-07-14 00:00:00,2026-01-13 00:00:00
2845,SKU-02845,Laptop Acer 8107,Equipo portátil para trabajo y estudio,9985.1,24,2025-06-26 00:00:00,2025-09-06 00:00:00
2846,SKU-02846,Mouse HP 2900,Mouse óptico para computadora,3227.47,44,2025-04-10 00:00:00,2025-06-18 00:00:00
2847,SKU-02847,Router Huawei 1403,Router inalámbrico para conexión de red,763.44,12,2026-01-28 00:00:00,2026-06-15 00:00:00
2848,SKU-02848,Monitor ASUS 1216,Monitor para computadora de alta resolución,3113.48,29,2025-01-21 00:00:00,2025-04-29 00:00:00
2849,SKU-02849,Webcam Microsoft 8318,Cámara web para videollamadas,2786.94,94,2026-01-04 00:00:00,2026-03-13 00:00:00
2850,SKU-02850,Laptop Dell 6180,Equipo portátil para trabajo y estudio,13383.67,16,2026-03-27 00:00:00,2026-09-21 00:00:00
2851,SKU-02851,Audífonos HyperX 9132,"Audífonos para música, llamadas y multimedia",2133.36,12,2026-07-23 00:00:00,2026-09-21 00:00:00
2852,SKU-02852,Disco SSD Crucial 7682,Unidad SSD para almacenamiento de datos,2096.58,60,2025-05-09 00:00:00,2025-11-03 00:00:00
2853,SKU-02853,Monitor AOC 7329,Monitor para computadora de alta resolución,10351.38,24,2026-01-31 00:00:00,2026-07-21 00:00:00
2854,SKU-02854,Audífonos JBL 2913,"Audífonos para música, llamadas y multimedia",1169.75,63,2026-08-08 00:00:00,2026-09-21 00:00:00
2855,SKU-02855,Memoria USB SanDisk 5380,Memoria USB para almacenamiento y transferencia de archivos,1546.62,27,2025-06-27 00:00:00,2025-07-30 00:00:00
2856,SKU-02856,Router Netgear 6658,Router inalámbrico para conexión de red,598.41,100,2025-04-06 00:00:00,2025-08-23 00:00:00
2857,SKU-02857,Mouse Genius 1077,Mouse óptico para computadora,2313.88,72,2026-02-27 00:00:00,2026-05-27 00:00:00
2858,SKU-02858,Laptop ASUS 9625,Equipo portátil para trabajo y estudio,16159.61,6,2026-08-06 00:00:00,2026-09-21 00:00:00
2859,SKU-02859,Audífonos Sony 3508,"Audífonos para música, llamadas y multimedia",1230.69,97,2026-01-29 00:00:00,2026-05-09 00:00:00
2860,SKU-02860,Memoria USB ADATA 2955,Memoria USB para almacenamiento y transferencia de archivos,1762.77,55,2025-08-10 00:00:00,2025-10-05 00:00:00
2861,SKU-02861,Audífonos JBL 1927,"Audífonos para música, llamadas y multimedia",2400.65,31,2025-11-08 00:00:00,2026-01-16 00:00:00
2862,SKU-02862,Monitor Samsung 8761,Monitor para computadora de alta resolución,6284.38,11,2025-07-25 00:00:00,2025-10-23 00:00:00
2863,SKU-02863,Router Netgear 4283,Router inalámbrico para conexión de red,674.56,66,2026-02-25 00:00:00,2026-08-21 00:00:00
2864,SKU-02864,Laptop Lenovo 235,Equipo portátil para trabajo y estudio,20682.12,17,2025-03-14 00:00:00,2025-03-29 00:00:00
2865,SKU-02865,Memoria USB ADATA 6559,Memoria USB para almacenamiento y transferencia de archivos,1239.34,133,2025-03-10 00:00:00,2025-05-18 00:00:00
2866,SKU-02866,Cable USB Baseus 785,Cable USB para conexión y transferencia de datos,823.82,38,2026-07-22 00:00:00,2026-08-16 00:00:00
2867,SKU-02867,Laptop ASUS 2682,Equipo portátil para trabajo y estudio,16696.25,27,2026-04-07 00:00:00,2026-09-21 00:00:00
2868,SKU-02868,Laptop Acer 5660,Equipo portátil para trabajo y estudio,9026.97,32,2025-10-26 00:00:00,2025-12-04 00:00:00
2869,SKU-02869,Router TP-Link 6394,Router inalámbrico para conexión de red,3403.48,11,2026-02-14 00:00:00,2026-09-21 00:00:00
2870,SKU-02870,Webcam Logitech 9743,Cámara web para videollamadas,2991.02,45,2026-01-22 00:00:00,2026-02-24 00:00:00
2871,SKU-02871,Disco SSD Samsung 6850,Unidad SSD para almacenamiento de datos,4027.5,6,2026-02-19 00:00:00,2026-05-11 00:00:00
2872,SKU-02872,Laptop ASUS 8359,Equipo portátil para trabajo y estudio,11128.75,21,2025-07-10 00:00:00,2025-12-19 00:00:00
2873,SKU-02873,Memoria USB SanDisk 8076,Memoria USB para almacenamiento y transferencia de archivos,766.77,42,2025-02-18 00:00:00,2025-04-26 00:00:00
2874,SKU-02874,Disco SSD Kingston 6538,Unidad SSD para almacenamiento de datos,969.94,72,2026-04-24 00:00:00,2026-06-03 00:00:00
2875,SKU-02875,Router Huawei 4125,Router inalámbrico para conexión de red,1882.92,43,2025-04-04 00:00:00,2025-07-18 00:00:00
2876,SKU-02876,Memoria USB PNY 9862,Memoria USB para almacenamiento y transferencia de archivos,500.44,142,2025-10-20 00:00:00,2025-12-08 00:00:00
2877,SKU-02877,Cable USB UGREEN 372,Cable USB para conexión y transferencia de datos,1059.11,121,2026-06-14 00:00:00,2026-09-21 00:00:00
2878,SKU-02878,Teclado Microsoft 6311,Teclado para computadora de uso diario,898.73,67,2025-03-28 00:00:00,2025-05-10 00:00:00
2879,SKU-02879,Audífonos Sony 5089,"Audífonos para música, llamadas y multimedia",3337.79,45,2025-10-08 00:00:00,2026-05-09 00:00:00
2880,SKU-02880,Audífonos Sony 7872,"Audífonos para música, llamadas y multimedia",1478.24,31,2025-06-02 00:00:00,2025-11-01 00:00:00
2881,SKU-02881,Monitor Dell 1132,Monitor para computadora de alta resolución,4894.84,48,2025-01-23 00:00:00,2025-01-25 00:00:00
2882,SKU-02882,Audífonos Philips 8451,"Audífonos para música, llamadas y multimedia",1246.22,28,2025-03-30 00:00:00,2025-11-11 00:00:00
2883,SKU-02883,Memoria USB PNY 4650,Memoria USB para almacenamiento y transferencia de archivos,659.09,36,2025-10-20 00:00:00,2026-06-04 00:00:00
2884,SKU-02884,Cable USB UGREEN 440,Cable USB para conexión y transferencia de datos,1359.36,141,2025-05-28 00:00:00,2026-01-31 00:00:00
2885,SKU-02885,Webcam Microsoft 6844,Cámara web para videollamadas,952.57,85,2026-02-18 00:00:00,2026-03-22 00:00:00
2886,SKU-02886,Memoria USB Verbatim 2992,Memoria USB para almacenamiento y transferencia de archivos,132.89,147,2025-01-30 00:00:00,2025-02-27 00:00:00
2887,SKU-02887,Memoria USB Kingston 7712,Memoria USB para almacenamiento y transferencia de archivos,1781.3,115,2025-09-28 00:00:00,2026-03-18 00:00:00
2888,SKU-02888,Disco SSD Western Digital 6842,Unidad SSD para almacenamiento de datos,4271.67,41,2026-04-13 00:00:00,2026-07-01 00:00:00
2889,SKU-02889,Cable USB Steren 7225,Cable USB para conexión y transferencia de datos,1737.21,72,2025-09-07 00:00:00,2025-12-24 00:00:00
2890,SKU-02890,Memoria USB Verbatim 6887,Memoria USB para almacenamiento y transferencia de archivos,1566.85,83,2026-06-05 00:00:00,2026-09-21 00:00:00
2891,SKU-02891,Monitor Dell 240,Monitor para computadora de alta resolución,4325.87,40,2026-06-13 00:00:00,2026-06-16 00:00:00
2892,SKU-02892,Mouse Logitech 508,Mouse óptico para computadora,2665.08,26,2026-03-31 00:00:00,2026-07-13 00:00:00
2893,SKU-02893,Webcam Logitech 7458,Cámara web para videollamadas,2309.44,70,2026-07-11 00:00:00,2026-09-21 00:00:00
2894,SKU-02894,Monitor ASUS 354,Monitor para computadora de alta resolución,9726.89,21,2026-04-23 00:00:00,2026-09-21 00:00:00
2895,SKU-02895,Mouse HP 3611,Mouse óptico para computadora,3116.79,50,2026-03-18 00:00:00,2026-08-05 00:00:00
2896,SKU-02896,Cable USB Belkin 747,Cable USB para conexión y transferencia de datos,723.24,61,2026-03-05 00:00:00,2026-03-29 00:00:00
2897,SKU-02897,Monitor LG 7157,Monitor para computadora de alta resolución,9662.84,10,2026-03-17 00:00:00,2026-06-07 00:00:00
2898,SKU-02898,Laptop Lenovo 275,Equipo portátil para trabajo y estudio,13242.01,20,2025-08-02 00:00:00,2025-11-22 00:00:00
2899,SKU-02899,Mouse Logitech 1037,Mouse óptico para computadora,2702.91,46,2025-01-19 00:00:00,2025-02-13 00:00:00
2900,SKU-02900,Disco SSD Crucial 3050,Unidad SSD para almacenamiento de datos,1155.1,68,2026-04-06 00:00:00,2026-09-21 00:00:00
2901,SKU-02901,Disco SSD ADATA 6885,Unidad SSD para almacenamiento de datos,867.18,47,2025-07-02 00:00:00,2025-10-13 00:00:00
2902,SKU-02902,Memoria USB Kingston 7628,Memoria USB para almacenamiento y transferencia de archivos,1259.37,102,2025-09-07 00:00:00,2026-03-27 00:00:00
2903,SKU-02903,Cable USB Belkin 3653,Cable USB para conexión y transferencia de datos,500.34,129,2026-07-12 00:00:00,2026-07-18 00:00:00
2904,SKU-02904,Router Huawei 2565,Router inalámbrico para conexión de red,3345.32,97,2025-06-12 00:00:00,2025-07-15 00:00:00
2905,SKU-02905,Cable USB UGREEN 9860,Cable USB para conexión y transferencia de datos,522.25,75,2026-07-19 00:00:00,2026-09-21 00:00:00
2906,SKU-02906,Audífonos Philips 7548,"Audífonos para música, llamadas y multimedia",1338.96,30,2026-06-27 00:00:00,2026-08-17 00:00:00
2907,SKU-02907,Cable USB Amazon Basics 680,Cable USB para conexión y transferencia de datos,346.12,16,2026-04-22 00:00:00,2026-08-05 00:00:00
2908,SKU-02908,Mouse Razer 9028,Mouse óptico para computadora,2065.95,88,2026-02-14 00:00:00,2026-06-07 00:00:00
2909,SKU-02909,Mouse HP 3774,Mouse óptico para computadora,528.71,51,2026-05-02 00:00:00,2026-07-07 00:00:00
2910,SKU-02910,Audífonos Sony 6496,"Audífonos para música, llamadas y multimedia",1378.3,97,2025-05-01 00:00:00,2025-11-28 00:00:00
2911,SKU-02911,Mouse HP 6748,Mouse óptico para computadora,2693.31,17,2026-07-02 00:00:00,2026-09-21 00:00:00
2912,SKU-02912,Monitor ASUS 1146,Monitor para computadora de alta resolución,2629.92,18,2026-05-15 00:00:00,2026-09-18 00:00:00
2913,SKU-02913,Monitor Dell 5445,Monitor para computadora de alta resolución,4329.24,15,2026-04-14 00:00:00,2026-09-21 00:00:00
2914,SKU-02914,Cable USB Amazon Basics 6511,Cable USB para conexión y transferencia de datos,1234.76,96,2025-09-14 00:00:00,2026-02-18 00:00:00
2915,SKU-02915,Mouse Genius 7980,Mouse óptico para computadora,2016.7,28,2025-07-28 00:00:00,2025-12-05 00:00:00
2916,SKU-02916,Webcam AverMedia 543,Cámara web para videollamadas,1756.5,33,2025-09-02 00:00:00,2026-01-08 00:00:00
2917,SKU-02917,Laptop HP 603,Equipo portátil para trabajo y estudio,7323.43,13,2026-08-10 00:00:00,2026-09-21 00:00:00
2918,SKU-02918,Disco SSD Western Digital 2363,Unidad SSD para almacenamiento de datos,4106.87,37,2025-12-24 00:00:00,2026-06-22 00:00:00
2919,SKU-02919,Teclado Microsoft 7722,Teclado para computadora de uso diario,1814.12,90,2025-05-07 00:00:00,2025-08-17 00:00:00
2920,SKU-02920,Cable USB Belkin 5593,Cable USB para conexión y transferencia de datos,701.39,145,2026-02-04 00:00:00,2026-09-14 00:00:00
2921,SKU-02921,Teclado HP 5143,Teclado para computadora de uso diario,2709.26,100,2026-05-11 00:00:00,2026-07-25 00:00:00
2922,SKU-02922,Laptop Dell 2738,Equipo portátil para trabajo y estudio,19736.21,24,2025-03-04 00:00:00,2025-05-24 00:00:00
2923,SKU-02923,Cable USB UGREEN 2115,Cable USB para conexión y transferencia de datos,165.06,49,2025-04-17 00:00:00,2025-07-30 00:00:00
2924,SKU-02924,Audífonos Philips 5244,"Audífonos para música, llamadas y multimedia",1345.43,73,2025-06-23 00:00:00,2025-08-02 00:00:00
2925,SKU-02925,Teclado Redragon 3188,Teclado para computadora de uso diario,623.13,6,2025-06-25 00:00:00,2026-01-17 00:00:00
2926,SKU-02926,Webcam Trust 3025,Cámara web para videollamadas,1040.14,56,2026-04-19 00:00:00,2026-04-30 00:00:00
2927,SKU-02927,Memoria USB PNY 4546,Memoria USB para almacenamiento y transferencia de archivos,948.12,141,2026-06-08 00:00:00,2026-09-21 00:00:00
2928,SKU-02928,Disco SSD Kingston 6188,Unidad SSD para almacenamiento de datos,1567.39,15,2026-03-12 00:00:00,2026-04-05 00:00:00
2929,SKU-02929,Memoria USB ADATA 4461,Memoria USB para almacenamiento y transferencia de archivos,1328.64,142,2025-12-10 00:00:00,2026-05-23 00:00:00
2930,SKU-02930,Router D-Link 4637,Router inalámbrico para conexión de red,2246.99,9,2025-02-28 00:00:00,2025-04-24 00:00:00
2931,SKU-02931,Teclado Genius 6579,Teclado para computadora de uso diario,3145.96,88,2025-01-11 00:00:00,2025-01-11 00:00:00
2932,SKU-02932,Laptop Dell 1866,Equipo portátil para trabajo y estudio,11695.11,8,2026-01-11 00:00:00,2026-08-24 00:00:00
2933,SKU-02933,Webcam AverMedia 2967,Cámara web para videollamadas,521.45,38,2026-07-28 00:00:00,2026-09-21 00:00:00
2934,SKU-02934,Webcam Microsoft 9303,Cámara web para videollamadas,3010.61,16,2026-01-27 00:00:00,2026-01-28 00:00:00
2935,SKU-02935,Disco SSD ADATA 3393,Unidad SSD para almacenamiento de datos,4174.4,50,2026-06-01 00:00:00,2026-09-21 00:00:00
2936,SKU-02936,Disco SSD Samsung 6225,Unidad SSD para almacenamiento de datos,3195.67,16,2025-04-11 00:00:00,2025-10-24 00:00:00
2937,SKU-02937,Monitor AOC 9550,Monitor para computadora de alta resolución,10958.54,46,2026-08-18 00:00:00,2026-09-21 00:00:00
2938,SKU-02938,Laptop Acer 6056,Equipo portátil para trabajo y estudio,12220.47,18,2025-09-01 00:00:00,2026-01-20 00:00:00
2939,SKU-02939,Teclado HP 8664,Teclado para computadora de uso diario,1104.79,49,2025-01-11 00:00:00,2025-07-16 00:00:00
2940,SKU-02940,Mouse Microsoft 881,Mouse óptico para computadora,2009.78,5,2026-06-07 00:00:00,2026-09-21 00:00:00
2941,SKU-02941,Laptop ASUS 5427,Equipo portátil para trabajo y estudio,24356.43,18,2026-07-23 00:00:00,2026-09-21 00:00:00
2942,SKU-02942,Cable USB Baseus 9220,Cable USB para conexión y transferencia de datos,154.82,23,2025-07-28 00:00:00,2026-03-01 00:00:00
2943,SKU-02943,Laptop HP 6920,Equipo portátil para trabajo y estudio,17107.33,20,2026-06-29 00:00:00,2026-09-21 00:00:00
2944,SKU-02944,Laptop Dell 1017,Equipo portátil para trabajo y estudio,13373.11,23,2025-12-16 00:00:00,2026-03-02 00:00:00
2945,SKU-02945,Audífonos Philips 1447,"Audífonos para música, llamadas y multimedia",1306.76,76,2026-05-24 00:00:00,2026-07-07 00:00:00
2946,SKU-02946,Cable USB UGREEN 5631,Cable USB para conexión y transferencia de datos,266.83,10,2025-12-07 00:00:00,2026-03-05 00:00:00
2947,SKU-02947,Audífonos Philips 6289,"Audífonos para música, llamadas y multimedia",431.07,32,2025-10-09 00:00:00,2026-04-12 00:00:00
2948,SKU-02948,Webcam AverMedia 7924,Cámara web para videollamadas,979.9,5,2026-02-26 00:00:00,2026-03-18 00:00:00
2949,SKU-02949,Laptop HP 5640,Equipo portátil para trabajo y estudio,21331.31,27,2026-08-09 00:00:00,2026-09-21 00:00:00
2950,SKU-02950,Teclado Redragon 5175,Teclado para computadora de uso diario,2965.26,50,2025-02-04 00:00:00,2025-02-07 00:00:00
2951,SKU-02951,Laptop Acer 8497,Equipo portátil para trabajo y estudio,9963.1,25,2025-08-27 00:00:00,2026-01-19 00:00:00
2952,SKU-02952,Audífonos JBL 4252,"Audífonos para música, llamadas y multimedia",2344.32,64,2026-02-17 00:00:00,2026-03-22 00:00:00
2953,SKU-02953,Laptop Acer 4466,Equipo portátil para trabajo y estudio,10887.81,21,2026-03-11 00:00:00,2026-08-01 00:00:00
2954,SKU-02954,Disco SSD Western Digital 3139,Unidad SSD para almacenamiento de datos,1150.28,38,2025-10-05 00:00:00,2025-11-29 00:00:00
2955,SKU-02955,Webcam HP 8274,Cámara web para videollamadas,2010.4,53,2026-03-04 00:00:00,2026-03-27 00:00:00
2956,SKU-02956,Disco SSD Kingston 2382,Unidad SSD para almacenamiento de datos,2671.64,7,2025-07-31 00:00:00,2026-01-24 00:00:00
2957,SKU-02957,Audífonos Logitech 8687,"Audífonos para música, llamadas y multimedia",510.52,44,2025-09-26 00:00:00,2026-02-28 00:00:00
2958,SKU-02958,Cable USB Baseus 9167,Cable USB para conexión y transferencia de datos,824.06,49,2026-03-30 00:00:00,2026-04-25 00:00:00
2959,SKU-02959,Disco SSD Crucial 9151,Unidad SSD para almacenamiento de datos,1460.6,23,2026-07-06 00:00:00,2026-08-31 00:00:00
2960,SKU-02960,Teclado Genius 3599,Teclado para computadora de uso diario,1771.63,45,2025-03-26 00:00:00,2025-09-08 00:00:00
2961,SKU-02961,Monitor Dell 3162,Monitor para computadora de alta resolución,8039.23,25,2025-10-28 00:00:00,2026-03-27 00:00:00
2962,SKU-02962,Mouse Razer 5117,Mouse óptico para computadora,3496.94,33,2026-03-28 00:00:00,2026-09-21 00:00:00
2963,SKU-02963,Disco SSD ADATA 9883,Unidad SSD para almacenamiento de datos,3937.08,63,2025-07-01 00:00:00,2025-12-03 00:00:00
2964,SKU-02964,Mouse Genius 7972,Mouse óptico para computadora,1300.07,5,2025-04-18 00:00:00,2025-05-13 00:00:00
2965,SKU-02965,Mouse Microsoft 2841,Mouse óptico para computadora,1002.99,36,2026-08-08 00:00:00,2026-09-06 00:00:00
2966,SKU-02966,Teclado Genius 9637,Teclado para computadora de uso diario,2671.19,31,2026-01-16 00:00:00,2026-02-02 00:00:00
2967,SKU-02967,Mouse Genius 5392,Mouse óptico para computadora,757.08,17,2026-08-13 00:00:00,2026-09-08 00:00:00
2968,SKU-02968,Monitor AOC 2991,Monitor para computadora de alta resolución,3908.65,4,2026-01-18 00:00:00,2026-03-30 00:00:00
2969,SKU-02969,Cable USB UGREEN 4305,Cable USB para conexión y transferencia de datos,993.58,41,2026-01-24 00:00:00,2026-06-24 00:00:00
2970,SKU-02970,Cable USB Baseus 2404,Cable USB para conexión y transferencia de datos,1079.81,138,2026-06-29 00:00:00,2026-07-16 00:00:00
2971,SKU-02971,Monitor LG 3081,Monitor para computadora de alta resolución,5772.81,7,2026-01-12 00:00:00,2026-08-02 00:00:00
2972,SKU-02972,Router Huawei 6267,Router inalámbrico para conexión de red,3118.93,15,2026-03-19 00:00:00,2026-08-22 00:00:00
2973,SKU-02973,Disco SSD Western Digital 1650,Unidad SSD para almacenamiento de datos,4365.81,18,2026-06-27 00:00:00,2026-09-21 00:00:00
2974,SKU-02974,Laptop ASUS 2901,Equipo portátil para trabajo y estudio,7121.46,16,2026-03-11 00:00:00,2026-04-19 00:00:00
2975,SKU-02975,Laptop Acer 8684,Equipo portátil para trabajo y estudio,25771.73,27,2025-05-27 00:00:00,2026-01-16 00:00:00
2976,SKU-02976,Laptop Dell 9658,Equipo portátil para trabajo y estudio,16496.27,26,2025-02-17 00:00:00,2025-04-29 00:00:00
2977,SKU-02977,Disco SSD Western Digital 9933,Unidad SSD para almacenamiento de datos,2453.21,69,2025-11-18 00:00:00,2026-02-08 00:00:00
2978,SKU-02978,Cable USB UGREEN 7831,Cable USB para conexión y transferencia de datos,134.27,21,2025-01-28 00:00:00,2025-09-28 00:00:00
2979,SKU-02979,Disco SSD Kingston 2114,Unidad SSD para almacenamiento de datos,2202.9,16,2025-01-05 00:00:00,2025-09-05 00:00:00
2980,SKU-02980,Disco SSD Samsung 6064,Unidad SSD para almacenamiento de datos,2828.85,24,2026-08-22 00:00:00,2026-09-21 00:00:00
2981,SKU-02981,Cable USB Steren 1574,Cable USB para conexión y transferencia de datos,1549.42,31,2025-01-23 00:00:00,2025-02-12 00:00:00
2982,SKU-02982,Monitor ASUS 9792,Monitor para computadora de alta resolución,6421.07,26,2025-11-10 00:00:00,2026-05-27 00:00:00
2983,SKU-02983,Disco SSD ADATA 1089,Unidad SSD para almacenamiento de datos,1430.76,49,2025-07-31 00:00:00,2025-08-07 00:00:00
2984,SKU-02984,Webcam HP 4695,Cámara web para videollamadas,906.65,91,2025-02-17 00:00:00,2025-03-04 00:00:00
2985,SKU-02985,Disco SSD ADATA 2357,Unidad SSD para almacenamiento de datos,1065.05,7,2025-08-25 00:00:00,2026-01-20 00:00:00
2986,SKU-02986,Monitor LG 1824,Monitor para computadora de alta resolución,4658.99,35,2025-02-26 00:00:00,2025-08-22 00:00:00
2987,SKU-02987,Router D-Link 3411,Router inalámbrico para conexión de red,1839.16,50,2025-10-29 00:00:00,2026-02-15 00:00:00
2988,SKU-02988,Disco SSD ADATA 6293,Unidad SSD para almacenamiento de datos,3876.22,64,2025-04-21 00:00:00,2025-06-17 00:00:00
2989,SKU-02989,Teclado HP 2941,Teclado para computadora de uso diario,1131.73,41,2026-07-23 00:00:00,2026-09-21 00:00:00
2990,SKU-02990,Monitor Dell 534,Monitor para computadora de alta resolución,10796.17,39,2026-06-13 00:00:00,2026-09-21 00:00:00
2991,SKU-02991,Mouse HP 6961,Mouse óptico para computadora,3022.45,63,2026-07-18 00:00:00,2026-09-21 00:00:00
2992,SKU-02992,Webcam HP 6382,Cámara web para videollamadas,3465.39,8,2026-01-18 00:00:00,2026-01-19 00:00:00
2993,SKU-02993,Teclado Microsoft 8411,Teclado para computadora de uso diario,2369.81,67,2025-03-03 00:00:00,2025-05-28 00:00:00
2994,SKU-02994,Teclado Microsoft 3525,Teclado para computadora de uso diario,2079.73,69,2025-06-15 00:00:00,2025-07-12 00:00:00
2995,SKU-02995,Audífonos Sony 6061,"Audífonos para música, llamadas y multimedia",465.46,72,2026-02-23 00:00:00,2026-08-04 00:00:00
2996,SKU-02996,Webcam Microsoft 4250,Cámara web para videollamadas,2368.91,57,2025-12-03 00:00:00,2026-04-06 00:00:00
2997,SKU-02997,Laptop Lenovo 5672,Equipo portátil para trabajo y estudio,27374.85,2,2025-11-20 00:00:00,2026-06-02 00:00:00
2998,SKU-02998,Monitor ASUS 6363,Monitor para computadora de alta resolución,8470.88,18,2026-07-14 00:00:00,2026-09-21 00:00:00
2999,SKU-02999,Laptop Acer 8281,Equipo portátil para trabajo y estudio,11438.49,23,2026-02-24 00:00:00,2026-09-21 00:00:00
3000,SKU-03000,Monitor LG 2226,Monitor para computadora de alta resolución,11551.05,34,2025-04-16 00:00:00,2025-10-01 00:00:00
3001,SKU-03001,Laptop Acer 9115,Equipo portátil para trabajo y estudio,10488.84,21,2026-07-01 00:00:00,2026-09-21 00:00:00
3002,SKU-03002,Monitor AOC 3787,Monitor para computadora de alta resolución,3863.74,9,2025-07-24 00:00:00,2025-11-02 00:00:00
3003,SKU-03003,Router Tenda 1036,Router inalámbrico para conexión de red,2803.1,73,2025-03-22 00:00:00,2025-06-11 00:00:00
3004,SKU-03004,Disco SSD Kingston 2840,Unidad SSD para almacenamiento de datos,3590.92,9,2026-07-09 00:00:00,2026-09-21 00:00:00
3005,SKU-03005,Cable USB UGREEN 3235,Cable USB para conexión y transferencia de datos,695.52,30,2026-05-14 00:00:00,2026-09-21 00:00:00
3006,SKU-03006,Teclado Redragon 3671,Teclado para computadora de uso diario,2744.21,8,2026-04-14 00:00:00,2026-08-11 00:00:00
3007,SKU-03007,Memoria USB ADATA 1106,Memoria USB para almacenamiento y transferencia de archivos,987.02,124,2025-10-16 00:00:00,2025-12-03 00:00:00
3008,SKU-03008,Router TP-Link 1057,Router inalámbrico para conexión de red,1188.83,98,2026-08-04 00:00:00,2026-09-21 00:00:00
3009,SKU-03009,Disco SSD Samsung 674,Unidad SSD para almacenamiento de datos,4103.32,38,2025-12-01 00:00:00,2026-01-06 00:00:00
3010,SKU-03010,Router D-Link 6674,Router inalámbrico para conexión de red,3171.5,40,2026-04-20 00:00:00,2026-09-21 00:00:00
3011,SKU-03011,Monitor Dell 1568,Monitor para computadora de alta resolución,11636.1,46,2025-08-16 00:00:00,2025-08-27 00:00:00
3012,SKU-03012,Laptop HP 2209,Equipo portátil para trabajo y estudio,20671.96,6,2025-03-10 00:00:00,2025-06-08 00:00:00
3013,SKU-03013,Mouse Genius 6926,Mouse óptico para computadora,3153.79,50,2025-11-25 00:00:00,2026-03-01 00:00:00
3014,SKU-03014,Router Tenda 2222,Router inalámbrico para conexión de red,2516.59,74,2025-04-19 00:00:00,2025-05-12 00:00:00
3015,SKU-03015,Laptop Dell 2378,Equipo portátil para trabajo y estudio,20643.27,20,2026-06-18 00:00:00,2026-07-11 00:00:00
3016,SKU-03016,Teclado Genius 5112,Teclado para computadora de uso diario,1001.51,64,2025-03-07 00:00:00,2025-05-30 00:00:00
3017,SKU-03017,Webcam AverMedia 2503,Cámara web para videollamadas,2098.15,7,2026-08-04 00:00:00,2026-08-24 00:00:00
3018,SKU-03018,Disco SSD Crucial 4673,Unidad SSD para almacenamiento de datos,1002.2,56,2025-12-14 00:00:00,2026-02-26 00:00:00
3019,SKU-03019,Laptop HP 6491,Equipo portátil para trabajo y estudio,7725.1,3,2025-08-05 00:00:00,2025-09-03 00:00:00
3020,SKU-03020,Laptop Dell 8184,Equipo portátil para trabajo y estudio,16497.43,19,2026-03-03 00:00:00,2026-06-30 00:00:00
3021,SKU-03021,Teclado Microsoft 3893,Teclado para computadora de uso diario,3002.54,98,2026-02-07 00:00:00,2026-09-21 00:00:00
3022,SKU-03022,Audífonos Philips 3893,"Audífonos para música, llamadas y multimedia",972.09,74,2026-08-24 00:00:00,2026-09-21 00:00:00
3023,SKU-03023,Disco SSD Kingston 1349,Unidad SSD para almacenamiento de datos,4484.14,29,2026-07-23 00:00:00,2026-09-21 00:00:00
3024,SKU-03024,Memoria USB Kingston 6917,Memoria USB para almacenamiento y transferencia de archivos,1160.24,50,2025-09-30 00:00:00,2026-06-06 00:00:00
3025,SKU-03025,Webcam Trust 9896,Cámara web para videollamadas,2206.78,26,2025-11-02 00:00:00,2026-01-04 00:00:00
3026,SKU-03026,Disco SSD Western Digital 7655,Unidad SSD para almacenamiento de datos,2870.82,25,2025-12-02 00:00:00,2026-03-31 00:00:00
3027,SKU-03027,Audífonos HyperX 651,"Audífonos para música, llamadas y multimedia",3207.99,39,2026-03-22 00:00:00,2026-07-05 00:00:00
3028,SKU-03028,Laptop Acer 5666,Equipo portátil para trabajo y estudio,7607.58,32,2025-10-08 00:00:00,2026-06-13 00:00:00
3029,SKU-03029,Memoria USB PNY 5981,Memoria USB para almacenamiento y transferencia de archivos,1276.15,74,2025-08-15 00:00:00,2026-02-24 00:00:00
3030,SKU-03030,Mouse Razer 4175,Mouse óptico para computadora,3319.51,10,2026-07-28 00:00:00,2026-07-28 00:00:00
3031,SKU-03031,Laptop Lenovo 2170,Equipo portátil para trabajo y estudio,27828.92,8,2025-12-18 00:00:00,2026-07-26 00:00:00
3032,SKU-03032,Router TP-Link 8402,Router inalámbrico para conexión de red,2987.21,28,2025-01-08 00:00:00,2025-07-14 00:00:00
3033,SKU-03033,Disco SSD Samsung 289,Unidad SSD para almacenamiento de datos,3665.46,38,2025-01-24 00:00:00,2025-04-21 00:00:00
3034,SKU-03034,Webcam Logitech 4729,Cámara web para videollamadas,1369.37,51,2026-04-26 00:00:00,2026-09-21 00:00:00
3035,SKU-03035,Webcam Logitech 1845,Cámara web para videollamadas,2639.66,20,2025-09-17 00:00:00,2025-10-06 00:00:00
3036,SKU-03036,Webcam Trust 5138,Cámara web para videollamadas,2314.91,68,2026-01-14 00:00:00,2026-07-28 00:00:00
3037,SKU-03037,Audífonos JBL 2454,"Audífonos para música, llamadas y multimedia",555.63,81,2025-04-02 00:00:00,2025-07-21 00:00:00
3038,SKU-03038,Laptop Lenovo 2019,Equipo portátil para trabajo y estudio,15138.8,32,2025-12-19 00:00:00,2026-06-21 00:00:00
3039,SKU-03039,Laptop Dell 4383,Equipo portátil para trabajo y estudio,8325.15,15,2025-01-13 00:00:00,2025-03-28 00:00:00
3040,SKU-03040,Disco SSD ADATA 844,Unidad SSD para almacenamiento de datos,744.3,46,2025-07-17 00:00:00,2026-03-02 00:00:00
3041,SKU-03041,Monitor AOC 1884,Monitor para computadora de alta resolución,5651.14,36,2026-04-19 00:00:00,2026-09-21 00:00:00
3042,SKU-03042,Mouse Microsoft 7864,Mouse óptico para computadora,1215.36,82,2026-05-12 00:00:00,2026-09-21 00:00:00
3043,SKU-03043,Router Netgear 5969,Router inalámbrico para conexión de red,3157.11,84,2026-04-29 00:00:00,2026-06-11 00:00:00
3044,SKU-03044,Mouse Microsoft 9427,Mouse óptico para computadora,1719.56,14,2026-01-25 00:00:00,2026-09-17 00:00:00
3045,SKU-03045,Audífonos Philips 4813,"Audífonos para música, llamadas y multimedia",2142.29,49,2025-02-24 00:00:00,2025-03-18 00:00:00
3046,SKU-03046,Laptop Lenovo 447,Equipo portátil para trabajo y estudio,13223.77,27,2026-02-13 00:00:00,2026-03-22 00:00:00
3047,SKU-03047,Router Tenda 1986,Router inalámbrico para conexión de red,1205.49,17,2025-07-02 00:00:00,2025-09-06 00:00:00
3048,SKU-03048,Router Netgear 6470,Router inalámbrico para conexión de red,3131.92,27,2025-06-26 00:00:00,2025-07-22 00:00:00
3049,SKU-03049,Router Netgear 6528,Router inalámbrico para conexión de red,490.78,69,2026-02-12 00:00:00,2026-04-23 00:00:00
3050,SKU-03050,Cable USB Belkin 5666,Cable USB para conexión y transferencia de datos,675.3,122,2025-03-16 00:00:00,2025-06-14 00:00:00
3051,SKU-03051,Audífonos Philips 2319,"Audífonos para música, llamadas y multimedia",2319.04,36,2025-11-05 00:00:00,2026-01-07 00:00:00
3052,SKU-03052,Router TP-Link 4038,Router inalámbrico para conexión de red,3476.53,66,2025-09-06 00:00:00,2025-11-14 00:00:00
3053,SKU-03053,Monitor Dell 7575,Monitor para computadora de alta resolución,8325.26,31,2025-11-06 00:00:00,2026-01-06 00:00:00
3054,SKU-03054,Teclado Logitech 4397,Teclado para computadora de uso diario,3262.7,30,2025-05-09 00:00:00,2025-10-11 00:00:00
3055,SKU-03055,Monitor Samsung 1045,Monitor para computadora de alta resolución,11133.06,11,2025-10-27 00:00:00,2026-07-01 00:00:00
3056,SKU-03056,Teclado Genius 3953,Teclado para computadora de uso diario,966.28,41,2026-01-28 00:00:00,2026-06-15 00:00:00
3057,SKU-03057,Teclado Logitech 9189,Teclado para computadora de uso diario,3213.98,43,2025-06-04 00:00:00,2025-08-20 00:00:00
3058,SKU-03058,Router Tenda 843,Router inalámbrico para conexión de red,2324.29,47,2025-06-18 00:00:00,2025-09-08 00:00:00
3059,SKU-03059,Memoria USB ADATA 4302,Memoria USB para almacenamiento y transferencia de archivos,1200.16,82,2025-04-21 00:00:00,2025-11-12 00:00:00
3060,SKU-03060,Webcam Logitech 308,Cámara web para videollamadas,2401.29,35,2026-07-28 00:00:00,2026-09-21 00:00:00
3061,SKU-03061,Disco SSD Samsung 4433,Unidad SSD para almacenamiento de datos,2628.86,27,2025-06-10 00:00:00,2025-06-18 00:00:00
3062,SKU-03062,Webcam HP 9234,Cámara web para videollamadas,3197.08,35,2025-02-13 00:00:00,2025-03-23 00:00:00
3063,SKU-03063,Mouse Razer 4068,Mouse óptico para computadora,1093.13,82,2025-01-24 00:00:00,2025-09-16 00:00:00
3064,SKU-03064,Cable USB UGREEN 4069,Cable USB para conexión y transferencia de datos,1546.82,79,2025-01-10 00:00:00,2025-02-02 00:00:00
3065,SKU-03065,Laptop ASUS 9399,Equipo portátil para trabajo y estudio,25310.08,24,2026-04-15 00:00:00,2026-07-17 00:00:00
3066,SKU-03066,Webcam Logitech 9544,Cámara web para videollamadas,1997.88,18,2025-03-27 00:00:00,2025-10-18 00:00:00
3067,SKU-03067,Memoria USB Verbatim 8633,Memoria USB para almacenamiento y transferencia de archivos,677.52,110,2025-07-29 00:00:00,2025-09-14 00:00:00
3068,SKU-03068,Disco SSD ADATA 7160,Unidad SSD para almacenamiento de datos,716.83,65,2026-03-16 00:00:00,2026-04-10 00:00:00
3069,SKU-03069,Disco SSD Crucial 5787,Unidad SSD para almacenamiento de datos,2986.96,61,2026-04-07 00:00:00,2026-07-03 00:00:00
3070,SKU-03070,Mouse Logitech 380,Mouse óptico para computadora,1103.92,83,2026-01-12 00:00:00,2026-09-16 00:00:00
3071,SKU-03071,Monitor AOC 5355,Monitor para computadora de alta resolución,6261.29,24,2026-06-04 00:00:00,2026-09-21 00:00:00
3072,SKU-03072,Monitor AOC 9681,Monitor para computadora de alta resolución,5200.22,18,2025-01-05 00:00:00,2025-07-01 00:00:00
3073,SKU-03073,Webcam AverMedia 8557,Cámara web para videollamadas,1959.08,19,2026-05-26 00:00:00,2026-06-03 00:00:00
3074,SKU-03074,Teclado Redragon 1861,Teclado para computadora de uso diario,1472.56,90,2025-04-26 00:00:00,2025-05-21 00:00:00
3075,SKU-03075,Teclado Microsoft 8544,Teclado para computadora de uso diario,923.2,88,2025-02-02 00:00:00,2025-05-16 00:00:00
3076,SKU-03076,Monitor AOC 1491,Monitor para computadora de alta resolución,7738.9,30,2026-04-12 00:00:00,2026-09-21 00:00:00
3077,SKU-03077,Router Tenda 2268,Router inalámbrico para conexión de red,2326.18,92,2025-09-26 00:00:00,2026-04-16 00:00:00
3078,SKU-03078,Laptop Acer 3849,Equipo portátil para trabajo y estudio,7620.13,35,2025-06-09 00:00:00,2025-09-18 00:00:00
3079,SKU-03079,Memoria USB ADATA 7852,Memoria USB para almacenamiento y transferencia de archivos,382.32,30,2025-08-27 00:00:00,2025-10-27 00:00:00
3080,SKU-03080,Laptop Acer 8882,Equipo portátil para trabajo y estudio,13085.29,2,2025-07-29 00:00:00,2025-10-19 00:00:00
3081,SKU-03081,Laptop Dell 8574,Equipo portátil para trabajo y estudio,12907.65,10,2026-03-07 00:00:00,2026-05-07 00:00:00
3082,SKU-03082,Cable USB Belkin 7262,Cable USB para conexión y transferencia de datos,1295.53,99,2025-11-14 00:00:00,2026-05-04 00:00:00
3083,SKU-03083,Memoria USB PNY 6236,Memoria USB para almacenamiento y transferencia de archivos,1451.85,20,2025-08-18 00:00:00,2026-04-23 00:00:00
3084,SKU-03084,Disco SSD ADATA 8235,Unidad SSD para almacenamiento de datos,3943.84,5,2025-05-28 00:00:00,2025-07-11 00:00:00
3085,SKU-03085,Memoria USB Verbatim 3180,Memoria USB para almacenamiento y transferencia de archivos,1256.99,43,2025-10-07 00:00:00,2026-05-10 00:00:00
3086,SKU-03086,Disco SSD Samsung 4816,Unidad SSD para almacenamiento de datos,2971.41,80,2025-05-16 00:00:00,2025-09-27 00:00:00
3087,SKU-03087,Audífonos HyperX 2425,"Audífonos para música, llamadas y multimedia",2364.26,49,2026-05-03 00:00:00,2026-09-21 00:00:00
3088,SKU-03088,Laptop ASUS 3377,Equipo portátil para trabajo y estudio,24971.91,21,2025-10-11 00:00:00,2026-04-13 00:00:00
3089,SKU-03089,Laptop ASUS 2694,Equipo portátil para trabajo y estudio,14284.64,21,2026-05-21 00:00:00,2026-09-21 00:00:00
3090,SKU-03090,Audífonos Philips 6418,"Audífonos para música, llamadas y multimedia",492.55,55,2025-02-02 00:00:00,2025-02-13 00:00:00
3091,SKU-03091,Monitor Samsung 1253,Monitor para computadora de alta resolución,3269.14,50,2025-03-04 00:00:00,2025-04-23 00:00:00
3092,SKU-03092,Router Tenda 6270,Router inalámbrico para conexión de red,1159.31,31,2026-06-22 00:00:00,2026-09-21 00:00:00
3093,SKU-03093,Mouse Genius 6623,Mouse óptico para computadora,1859.83,99,2025-08-19 00:00:00,2026-01-18 00:00:00
3094,SKU-03094,Teclado Redragon 5396,Teclado para computadora de uso diario,1307.99,45,2026-01-28 00:00:00,2026-06-15 00:00:00
3095,SKU-03095,Mouse Logitech 6959,Mouse óptico para computadora,1397.57,87,2026-03-20 00:00:00,2026-07-28 00:00:00
3096,SKU-03096,Laptop ASUS 5308,Equipo portátil para trabajo y estudio,14532.9,17,2026-02-11 00:00:00,2026-09-16 00:00:00
3097,SKU-03097,Laptop ASUS 6230,Equipo portátil para trabajo y estudio,17182.22,34,2025-09-20 00:00:00,2025-11-01 00:00:00
3098,SKU-03098,Monitor ASUS 4856,Monitor para computadora de alta resolución,6516.04,16,2025-03-06 00:00:00,2025-03-25 00:00:00
3099,SKU-03099,Cable USB Steren 3625,Cable USB para conexión y transferencia de datos,840.32,59,2026-08-13 00:00:00,2026-09-21 00:00:00
3100,SKU-03100,Memoria USB Verbatim 4923,Memoria USB para almacenamiento y transferencia de archivos,1045.57,120,2025-12-24 00:00:00,2026-01-21 00:00:00
3101,SKU-03101,Router Netgear 4051,Router inalámbrico para conexión de red,387.07,41,2026-04-02 00:00:00,2026-07-13 00:00:00
3102,SKU-03102,Monitor Dell 6612,Monitor para computadora de alta resolución,5236.85,37,2025-01-25 00:00:00,2025-03-05 00:00:00
3103,SKU-03103,Audífonos Sony 8061,"Audífonos para música, llamadas y multimedia",1472.27,88,2025-10-27 00:00:00,2026-02-11 00:00:00
3104,SKU-03104,Mouse Logitech 6586,Mouse óptico para computadora,1846.92,38,2025-05-29 00:00:00,2026-01-03 00:00:00
3105,SKU-03105,Monitor LG 5286,Monitor para computadora de alta resolución,4767.68,32,2026-04-07 00:00:00,2026-08-24 00:00:00
3106,SKU-03106,Laptop HP 4208,Equipo portátil para trabajo y estudio,18297.82,5,2025-10-16 00:00:00,2026-03-20 00:00:00
3107,SKU-03107,Laptop ASUS 5504,Equipo portátil para trabajo y estudio,12283.87,31,2025-11-09 00:00:00,2026-01-31 00:00:00
3108,SKU-03108,Memoria USB Kingston 9224,Memoria USB para almacenamiento y transferencia de archivos,576.53,12,2025-03-19 00:00:00,2025-10-04 00:00:00
3109,SKU-03109,Disco SSD ADATA 8293,Unidad SSD para almacenamiento de datos,2123.79,6,2025-08-20 00:00:00,2025-09-13 00:00:00
3110,SKU-03110,Webcam Trust 147,Cámara web para videollamadas,1580.31,15,2026-02-03 00:00:00,2026-05-10 00:00:00
3111,SKU-03111,Memoria USB Kingston 5552,Memoria USB para almacenamiento y transferencia de archivos,1783.69,27,2026-07-13 00:00:00,2026-09-21 00:00:00
3112,SKU-03112,Webcam HP 7343,Cámara web para videollamadas,2719.98,60,2025-07-10 00:00:00,2025-12-11 00:00:00
3113,SKU-03113,Cable USB Amazon Basics 776,Cable USB para conexión y transferencia de datos,939.3,33,2026-05-18 00:00:00,2026-07-26 00:00:00
3114,SKU-03114,Audífonos Logitech 5069,"Audífonos para música, llamadas y multimedia",1815.54,80,2026-04-22 00:00:00,2026-07-22 00:00:00
3115,SKU-03115,Laptop HP 7209,Equipo portátil para trabajo y estudio,21060.4,18,2025-12-20 00:00:00,2026-04-22 00:00:00
3116,SKU-03116,Disco SSD Crucial 4565,Unidad SSD para almacenamiento de datos,1968.4,11,2026-02-26 00:00:00,2026-08-24 00:00:00
3117,SKU-03117,Teclado Logitech 1655,Teclado para computadora de uso diario,1422.05,95,2025-03-30 00:00:00,2025-07-18 00:00:00
3118,SKU-03118,Mouse Genius 6349,Mouse óptico para computadora,1198.03,39,2026-01-14 00:00:00,2026-07-12 00:00:00
3119,SKU-03119,Monitor Dell 1608,Monitor para computadora de alta resolución,10600.49,11,2025-09-22 00:00:00,2026-04-11 00:00:00
3120,SKU-03120,Laptop Acer 7478,Equipo portátil para trabajo y estudio,7423.32,11,2025-10-14 00:00:00,2025-11-22 00:00:00
3121,SKU-03121,Router Huawei 4151,Router inalámbrico para conexión de red,2237.89,6,2025-01-07 00:00:00,2025-07-31 00:00:00
3122,SKU-03122,Webcam Logitech 1530,Cámara web para videollamadas,694.59,99,2026-08-17 00:00:00,2026-09-21 00:00:00
3123,SKU-03123,Cable USB Steren 4059,Cable USB para conexión y transferencia de datos,112.27,83,2025-12-02 00:00:00,2026-04-26 00:00:00
3124,SKU-03124,Audífonos HyperX 233,"Audífonos para música, llamadas y multimedia",2459.41,58,2025-09-05 00:00:00,2025-09-12 00:00:00
3125,SKU-03125,Teclado HP 947,Teclado para computadora de uso diario,1482.39,14,2026-01-28 00:00:00,2026-02-13 00:00:00
3126,SKU-03126,Disco SSD Crucial 9298,Unidad SSD para almacenamiento de datos,3199.41,54,2025-08-05 00:00:00,2025-10-11 00:00:00
3127,SKU-03127,Disco SSD Kingston 7151,Unidad SSD para almacenamiento de datos,1984.56,28,2026-05-07 00:00:00,2026-07-07 00:00:00
3128,SKU-03128,Memoria USB SanDisk 3444,Memoria USB para almacenamiento y transferencia de archivos,1357.64,77,2026-07-01 00:00:00,2026-09-21 00:00:00
3129,SKU-03129,Teclado Genius 3973,Teclado para computadora de uso diario,1073.95,43,2025-04-26 00:00:00,2025-05-09 00:00:00
3130,SKU-03130,Mouse HP 3535,Mouse óptico para computadora,2452.05,79,2026-01-03 00:00:00,2026-09-08 00:00:00
3131,SKU-03131,Mouse Razer 8899,Mouse óptico para computadora,1951.95,82,2026-03-25 00:00:00,2026-07-14 00:00:00
3132,SKU-03132,Audífonos JBL 6175,"Audífonos para música, llamadas y multimedia",3398.11,17,2025-06-06 00:00:00,2025-10-23 00:00:00
3133,SKU-03133,Mouse Genius 8240,Mouse óptico para computadora,1884.52,71,2026-06-16 00:00:00,2026-09-13 00:00:00
3134,SKU-03134,Memoria USB Verbatim 7421,Memoria USB para almacenamiento y transferencia de archivos,543.66,69,2025-03-05 00:00:00,2025-04-21 00:00:00
3135,SKU-03135,Audífonos Sony 2832,"Audífonos para música, llamadas y multimedia",1128.58,97,2025-04-11 00:00:00,2025-05-25 00:00:00
3136,SKU-03136,Laptop HP 4172,Equipo portátil para trabajo y estudio,21313.25,4,2025-08-05 00:00:00,2025-09-01 00:00:00
3137,SKU-03137,Monitor LG 9990,Monitor para computadora de alta resolución,4263.27,26,2025-10-20 00:00:00,2025-12-22 00:00:00
3138,SKU-03138,Disco SSD ADATA 7134,Unidad SSD para almacenamiento de datos,4024.7,7,2025-12-01 00:00:00,2026-01-28 00:00:00
3139,SKU-03139,Cable USB Steren 6353,Cable USB para conexión y transferencia de datos,1187.67,85,2025-02-02 00:00:00,2025-04-01 00:00:00
3140,SKU-03140,Mouse Genius 3595,Mouse óptico para computadora,520.87,97,2025-10-15 00:00:00,2025-10-20 00:00:00
3141,SKU-03141,Monitor LG 2861,Monitor para computadora de alta resolución,4103.65,4,2025-01-09 00:00:00,2025-08-05 00:00:00
3142,SKU-03142,Router D-Link 1794,Router inalámbrico para conexión de red,1050.12,21,2026-01-08 00:00:00,2026-04-21 00:00:00
3143,SKU-03143,Audífonos JBL 6502,"Audífonos para música, llamadas y multimedia",2166.41,7,2026-06-28 00:00:00,2026-08-27 00:00:00
3144,SKU-03144,Cable USB Amazon Basics 1942,Cable USB para conexión y transferencia de datos,1472.49,67,2025-09-17 00:00:00,2025-12-09 00:00:00
3145,SKU-03145,Webcam Microsoft 3888,Cámara web para videollamadas,3022.54,96,2025-04-12 00:00:00,2025-07-10 00:00:00
3146,SKU-03146,Audífonos Logitech 6408,"Audífonos para música, llamadas y multimedia",484.49,89,2026-08-09 00:00:00,2026-09-21 00:00:00
3147,SKU-03147,Laptop HP 4170,Equipo portátil para trabajo y estudio,26551.71,14,2025-05-12 00:00:00,2025-05-30 00:00:00
3148,SKU-03148,Router TP-Link 6646,Router inalámbrico para conexión de red,2247.37,68,2025-10-07 00:00:00,2026-04-14 00:00:00
3149,SKU-03149,Audífonos Logitech 4113,"Audífonos para música, llamadas y multimedia",3473.32,17,2025-02-12 00:00:00,2025-07-01 00:00:00
3150,SKU-03150,Laptop HP 242,Equipo portátil para trabajo y estudio,27897.23,20,2026-06-16 00:00:00,2026-09-21 00:00:00
3151,SKU-03151,Laptop Acer 5680,Equipo portátil para trabajo y estudio,13478.89,34,2025-11-03 00:00:00,2025-12-10 00:00:00
3152,SKU-03152,Audífonos Logitech 6450,"Audífonos para música, llamadas y multimedia",874.53,43,2026-01-01 00:00:00,2026-05-17 00:00:00
3153,SKU-03153,Memoria USB ADATA 8428,Memoria USB para almacenamiento y transferencia de archivos,349.15,103,2025-04-20 00:00:00,2025-05-27 00:00:00
3154,SKU-03154,Laptop Acer 4246,Equipo portátil para trabajo y estudio,16333.4,17,2025-06-01 00:00:00,2025-12-06 00:00:00
3155,SKU-03155,Disco SSD ADATA 9335,Unidad SSD para almacenamiento de datos,3311.86,46,2026-06-18 00:00:00,2026-09-04 00:00:00
3156,SKU-03156,Cable USB Steren 6867,Cable USB para conexión y transferencia de datos,522.38,82,2025-09-16 00:00:00,2026-04-06 00:00:00
3157,SKU-03157,Monitor Samsung 4251,Monitor para computadora de alta resolución,5253.8,46,2025-06-17 00:00:00,2025-08-24 00:00:00
3158,SKU-03158,Router Huawei 1343,Router inalámbrico para conexión de red,1192.46,77,2025-08-15 00:00:00,2025-10-25 00:00:00
3159,SKU-03159,Cable USB Belkin 2648,Cable USB para conexión y transferencia de datos,1132.12,90,2025-01-25 00:00:00,2025-06-04 00:00:00
3160,SKU-03160,Audífonos HyperX 2014,"Audífonos para música, llamadas y multimedia",2405.28,62,2026-05-25 00:00:00,2026-09-21 00:00:00
3161,SKU-03161,Cable USB Baseus 8527,Cable USB para conexión y transferencia de datos,680.39,97,2026-03-25 00:00:00,2026-04-30 00:00:00
3162,SKU-03162,Mouse Logitech 2318,Mouse óptico para computadora,1597.67,44,2025-06-12 00:00:00,2025-06-22 00:00:00
3163,SKU-03163,Mouse Razer 5674,Mouse óptico para computadora,1077.41,10,2025-07-29 00:00:00,2025-12-28 00:00:00
3164,SKU-03164,Disco SSD ADATA 3521,Unidad SSD para almacenamiento de datos,1278.72,35,2025-02-16 00:00:00,2025-09-16 00:00:00
3165,SKU-03165,Laptop Dell 5542,Equipo portátil para trabajo y estudio,15347.63,9,2025-11-06 00:00:00,2026-03-02 00:00:00
3166,SKU-03166,Laptop Acer 1974,Equipo portátil para trabajo y estudio,27484.19,24,2025-02-05 00:00:00,2025-04-28 00:00:00
3167,SKU-03167,Router Netgear 9154,Router inalámbrico para conexión de red,2884.56,54,2025-10-04 00:00:00,2026-05-05 00:00:00
3168,SKU-03168,Mouse HP 5404,Mouse óptico para computadora,3143.33,9,2025-02-06 00:00:00,2025-08-10 00:00:00
3169,SKU-03169,Memoria USB PNY 3818,Memoria USB para almacenamiento y transferencia de archivos,426.88,59,2026-04-29 00:00:00,2026-05-02 00:00:00
3170,SKU-03170,Router D-Link 8805,Router inalámbrico para conexión de red,2852.99,53,2026-08-22 00:00:00,2026-09-21 00:00:00
3171,SKU-03171,Memoria USB ADATA 9527,Memoria USB para almacenamiento y transferencia de archivos,429.49,69,2026-04-22 00:00:00,2026-08-03 00:00:00
3172,SKU-03172,Teclado Microsoft 3224,Teclado para computadora de uso diario,3244.66,59,2025-07-14 00:00:00,2025-12-16 00:00:00
3173,SKU-03173,Mouse Microsoft 2714,Mouse óptico para computadora,512.24,40,2025-03-04 00:00:00,2025-08-23 00:00:00
3174,SKU-03174,Webcam HP 8435,Cámara web para videollamadas,2125.22,47,2025-12-30 00:00:00,2026-05-27 00:00:00
3175,SKU-03175,Webcam Microsoft 8316,Cámara web para videollamadas,392.6,59,2025-06-24 00:00:00,2026-02-27 00:00:00
3176,SKU-03176,Audífonos HyperX 4861,"Audífonos para música, llamadas y multimedia",2083.88,11,2025-09-12 00:00:00,2025-12-31 00:00:00
3177,SKU-03177,Disco SSD Crucial 9095,Unidad SSD para almacenamiento de datos,2442.42,73,2025-10-18 00:00:00,2025-11-05 00:00:00
3178,SKU-03178,Router Tenda 2058,Router inalámbrico para conexión de red,861.63,47,2026-03-20 00:00:00,2026-09-21 00:00:00
3179,SKU-03179,Memoria USB ADATA 8661,Memoria USB para almacenamiento y transferencia de archivos,1341.87,21,2025-06-28 00:00:00,2025-09-26 00:00:00
3180,SKU-03180,Audífonos Logitech 8955,"Audífonos para música, llamadas y multimedia",996.01,54,2026-07-10 00:00:00,2026-09-05 00:00:00
3181,SKU-03181,Disco SSD ADATA 7911,Unidad SSD para almacenamiento de datos,4047.08,19,2026-06-06 00:00:00,2026-06-27 00:00:00
3182,SKU-03182,Webcam AverMedia 1736,Cámara web para videollamadas,1066.61,92,2025-01-30 00:00:00,2025-02-09 00:00:00
3183,SKU-03183,Disco SSD Western Digital 265,Unidad SSD para almacenamiento de datos,1018.79,6,2026-07-01 00:00:00,2026-09-21 00:00:00
3184,SKU-03184,Monitor ASUS 955,Monitor para computadora de alta resolución,8295.36,37,2025-09-01 00:00:00,2025-10-03 00:00:00
3185,SKU-03185,Disco SSD Kingston 6383,Unidad SSD para almacenamiento de datos,2513.79,75,2025-10-20 00:00:00,2025-12-02 00:00:00
3186,SKU-03186,Webcam Microsoft 4717,Cámara web para videollamadas,2465.28,8,2025-04-29 00:00:00,2025-08-08 00:00:00
3187,SKU-03187,Laptop Lenovo 8655,Equipo portátil para trabajo y estudio,17500.52,18,2026-02-14 00:00:00,2026-03-18 00:00:00
3188,SKU-03188,Laptop Lenovo 7014,Equipo portátil para trabajo y estudio,17663.3,26,2025-12-30 00:00:00,2026-07-20 00:00:00
3189,SKU-03189,Memoria USB SanDisk 141,Memoria USB para almacenamiento y transferencia de archivos,237.9,36,2025-10-29 00:00:00,2026-02-08 00:00:00
3190,SKU-03190,Laptop Acer 4073,Equipo portátil para trabajo y estudio,7607.81,25,2026-06-08 00:00:00,2026-09-21 00:00:00
3191,SKU-03191,Webcam Microsoft 2790,Cámara web para videollamadas,2601.15,83,2025-06-01 00:00:00,2025-12-27 00:00:00
3192,SKU-03192,Disco SSD ADATA 278,Unidad SSD para almacenamiento de datos,4352.69,6,2025-01-18 00:00:00,2025-04-28 00:00:00
3193,SKU-03193,Router TP-Link 6876,Router inalámbrico para conexión de red,579.69,41,2026-08-19 00:00:00,2026-09-21 00:00:00
3194,SKU-03194,Router TP-Link 1961,Router inalámbrico para conexión de red,3109.57,90,2026-06-19 00:00:00,2026-09-21 00:00:00
3195,SKU-03195,Laptop HP 1998,Equipo portátil para trabajo y estudio,21402.17,7,2025-05-03 00:00:00,2025-05-11 00:00:00
3196,SKU-03196,Audífonos JBL 4016,"Audífonos para música, llamadas y multimedia",2110.29,21,2025-05-21 00:00:00,2025-05-31 00:00:00
3197,SKU-03197,Mouse Logitech 2193,Mouse óptico para computadora,1661.21,73,2026-07-04 00:00:00,2026-09-21 00:00:00
3198,SKU-03198,Mouse Logitech 7851,Mouse óptico para computadora,1017.14,49,2025-05-17 00:00:00,2025-06-17 00:00:00
3199,SKU-03199,Monitor LG 4948,Monitor para computadora de alta resolución,11308.72,50,2025-06-27 00:00:00,2025-11-07 00:00:00
3200,SKU-03200,Webcam Logitech 8487,Cámara web para videollamadas,2525.29,73,2026-07-13 00:00:00,2026-09-21 00:00:00
3201,SKU-03201,Teclado Redragon 8743,Teclado para computadora de uso diario,2037.46,59,2025-10-13 00:00:00,2026-03-04 00:00:00
3202,SKU-03202,Teclado HP 1115,Teclado para computadora de uso diario,3012.99,49,2026-03-09 00:00:00,2026-08-19 00:00:00
3203,SKU-03203,Router Tenda 1308,Router inalámbrico para conexión de red,1637.11,5,2026-04-27 00:00:00,2026-09-21 00:00:00
3204,SKU-03204,Teclado HP 278,Teclado para computadora de uso diario,3336.04,65,2025-03-12 00:00:00,2025-04-04 00:00:00
3205,SKU-03205,Webcam Microsoft 7800,Cámara web para videollamadas,2908.19,74,2025-03-23 00:00:00,2025-05-27 00:00:00
3206,SKU-03206,Laptop Acer 9576,Equipo portátil para trabajo y estudio,14289.27,23,2025-11-23 00:00:00,2025-12-21 00:00:00
3207,SKU-03207,Disco SSD ADATA 4164,Unidad SSD para almacenamiento de datos,3367.49,48,2025-12-25 00:00:00,2026-04-01 00:00:00
3208,SKU-03208,Disco SSD Western Digital 6700,Unidad SSD para almacenamiento de datos,4194.44,59,2026-05-02 00:00:00,2026-05-25 00:00:00
3209,SKU-03209,Teclado Genius 3129,Teclado para computadora de uso diario,2255.63,29,2025-02-09 00:00:00,2025-09-26 00:00:00
3210,SKU-03210,Monitor Dell 4295,Monitor para computadora de alta resolución,8535.75,8,2025-10-03 00:00:00,2026-04-23 00:00:00
3211,SKU-03211,Webcam AverMedia 6533,Cámara web para videollamadas,2358.34,53,2025-11-25 00:00:00,2026-03-16 00:00:00
3212,SKU-03212,Monitor Dell 1869,Monitor para computadora de alta resolución,7252.28,41,2026-07-09 00:00:00,2026-09-21 00:00:00
3213,SKU-03213,Laptop Lenovo 3609,Equipo portátil para trabajo y estudio,13646.32,11,2025-04-01 00:00:00,2025-04-17 00:00:00
3214,SKU-03214,Disco SSD Kingston 2593,Unidad SSD para almacenamiento de datos,1203.76,41,2025-02-01 00:00:00,2025-08-23 00:00:00
3215,SKU-03215,Audífonos JBL 8005,"Audífonos para música, llamadas y multimedia",1963.14,65,2026-06-20 00:00:00,2026-09-21 00:00:00
3216,SKU-03216,Laptop Lenovo 3407,Equipo portátil para trabajo y estudio,7005.56,10,2025-01-05 00:00:00,2025-08-12 00:00:00
3217,SKU-03217,Cable USB Steren 1711,Cable USB para conexión y transferencia de datos,104.85,134,2025-12-16 00:00:00,2026-01-29 00:00:00
3218,SKU-03218,Monitor Dell 2830,Monitor para computadora de alta resolución,7844.33,34,2026-04-06 00:00:00,2026-07-04 00:00:00
3219,SKU-03219,Disco SSD Samsung 1254,Unidad SSD para almacenamiento de datos,926.45,43,2026-07-20 00:00:00,2026-08-26 00:00:00
3220,SKU-03220,Cable USB Steren 7628,Cable USB para conexión y transferencia de datos,672.89,100,2026-03-23 00:00:00,2026-06-07 00:00:00
3221,SKU-03221,Router TP-Link 1162,Router inalámbrico para conexión de red,1930.09,94,2025-04-24 00:00:00,2025-08-16 00:00:00
3222,SKU-03222,Teclado Redragon 6447,Teclado para computadora de uso diario,1430.33,32,2026-05-11 00:00:00,2026-09-21 00:00:00
3223,SKU-03223,Monitor Samsung 1696,Monitor para computadora de alta resolución,7492.17,34,2025-12-08 00:00:00,2026-06-15 00:00:00
3224,SKU-03224,Disco SSD Western Digital 4308,Unidad SSD para almacenamiento de datos,732.06,74,2025-03-01 00:00:00,2025-03-24 00:00:00
3225,SKU-03225,Laptop Acer 7916,Equipo portátil para trabajo y estudio,19297.42,30,2025-01-19 00:00:00,2025-06-17 00:00:00
3226,SKU-03226,Memoria USB Verbatim 2710,Memoria USB para almacenamiento y transferencia de archivos,329.22,95,2025-07-29 00:00:00,2026-01-07 00:00:00
3227,SKU-03227,Disco SSD Samsung 7983,Unidad SSD para almacenamiento de datos,1448.01,78,2025-11-23 00:00:00,2026-01-04 00:00:00
3228,SKU-03228,Router Huawei 3762,Router inalámbrico para conexión de red,1798.17,9,2025-09-23 00:00:00,2025-11-20 00:00:00
3229,SKU-03229,Monitor ASUS 2351,Monitor para computadora de alta resolución,10022.65,7,2026-08-12 00:00:00,2026-09-14 00:00:00
3230,SKU-03230,Laptop ASUS 4749,Equipo portátil para trabajo y estudio,25331.06,32,2025-02-12 00:00:00,2025-05-06 00:00:00
3231,SKU-03231,Memoria USB Kingston 2672,Memoria USB para almacenamiento y transferencia de archivos,1024.57,90,2025-02-06 00:00:00,2025-04-20 00:00:00
3232,SKU-03232,Disco SSD Kingston 2975,Unidad SSD para almacenamiento de datos,2192.03,28,2025-11-12 00:00:00,2025-11-29 00:00:00
3233,SKU-03233,Mouse HP 7367,Mouse óptico para computadora,1264.52,82,2025-06-01 00:00:00,2025-11-22 00:00:00
3234,SKU-03234,Mouse Microsoft 919,Mouse óptico para computadora,2867.85,75,2025-01-20 00:00:00,2025-03-13 00:00:00
3235,SKU-03235,Teclado Microsoft 3616,Teclado para computadora de uso diario,2862.47,76,2026-08-17 00:00:00,2026-09-21 00:00:00
3236,SKU-03236,Mouse Genius 360,Mouse óptico para computadora,640.57,15,2025-05-14 00:00:00,2025-06-29 00:00:00
3237,SKU-03237,Webcam Trust 8017,Cámara web para videollamadas,859.13,5,2025-10-22 00:00:00,2026-03-07 00:00:00
3238,SKU-03238,Monitor AOC 8500,Monitor para computadora de alta resolución,7102.77,34,2025-08-15 00:00:00,2026-01-13 00:00:00
3239,SKU-03239,Cable USB Steren 374,Cable USB para conexión y transferencia de datos,1759.77,131,2025-05-20 00:00:00,2025-07-25 00:00:00
3240,SKU-03240,Monitor Samsung 2292,Monitor para computadora de alta resolución,11454.28,32,2025-09-21 00:00:00,2026-05-18 00:00:00
3241,SKU-03241,Monitor Samsung 8658,Monitor para computadora de alta resolución,10965.8,29,2025-08-18 00:00:00,2025-08-25 00:00:00
3242,SKU-03242,Mouse Microsoft 2552,Mouse óptico para computadora,2667.58,25,2025-03-20 00:00:00,2025-05-22 00:00:00
3243,SKU-03243,Audífonos Sony 2994,"Audífonos para música, llamadas y multimedia",3304.2,42,2025-03-29 00:00:00,2025-04-04 00:00:00
3244,SKU-03244,Router Tenda 8552,Router inalámbrico para conexión de red,1469.25,7,2025-12-27 00:00:00,2026-05-21 00:00:00
3245,SKU-03245,Laptop ASUS 7704,Equipo portátil para trabajo y estudio,13725.22,19,2025-05-17 00:00:00,2025-08-15 00:00:00
3246,SKU-03246,Mouse Logitech 569,Mouse óptico para computadora,1739.58,38,2025-12-27 00:00:00,2026-01-08 00:00:00
3247,SKU-03247,Disco SSD ADATA 2249,Unidad SSD para almacenamiento de datos,4277.82,23,2026-06-23 00:00:00,2026-09-21 00:00:00
3248,SKU-03248,Laptop Dell 6809,Equipo portátil para trabajo y estudio,27266.93,19,2025-09-16 00:00:00,2026-03-25 00:00:00
3249,SKU-03249,Teclado Logitech 254,Teclado para computadora de uso diario,1507.62,48,2025-11-03 00:00:00,2026-06-11 00:00:00
3250,SKU-03250,Laptop Lenovo 9910,Equipo portátil para trabajo y estudio,9831.3,2,2025-05-11 00:00:00,2025-06-19 00:00:00
3251,SKU-03251,Mouse Razer 7997,Mouse óptico para computadora,1774.22,27,2025-04-29 00:00:00,2025-08-20 00:00:00
3252,SKU-03252,Disco SSD Crucial 5669,Unidad SSD para almacenamiento de datos,2055.84,63,2025-01-02 00:00:00,2025-08-15 00:00:00
3253,SKU-03253,Laptop Acer 3431,Equipo portátil para trabajo y estudio,16506.84,19,2025-09-13 00:00:00,2026-03-10 00:00:00
3254,SKU-03254,Laptop Acer 3073,Equipo portátil para trabajo y estudio,12604.64,35,2026-06-02 00:00:00,2026-09-21 00:00:00
3255,SKU-03255,Mouse Razer 9817,Mouse óptico para computadora,721.87,99,2026-01-07 00:00:00,2026-01-18 00:00:00
3256,SKU-03256,Laptop Lenovo 2065,Equipo portátil para trabajo y estudio,27325.03,26,2025-10-27 00:00:00,2026-02-08 00:00:00
3257,SKU-03257,Teclado Microsoft 3244,Teclado para computadora de uso diario,3454.34,87,2026-08-23 00:00:00,2026-09-21 00:00:00
3258,SKU-03258,Monitor Dell 3293,Monitor para computadora de alta resolución,11672.37,23,2025-05-21 00:00:00,2025-05-23 00:00:00
3259,SKU-03259,Monitor AOC 2476,Monitor para computadora de alta resolución,11379.09,42,2025-02-10 00:00:00,2025-05-01 00:00:00
3260,SKU-03260,Cable USB Baseus 3671,Cable USB para conexión y transferencia de datos,1286.16,67,2025-10-10 00:00:00,2025-10-16 00:00:00
3261,SKU-03261,Webcam AverMedia 8200,Cámara web para videollamadas,3110.15,7,2026-04-06 00:00:00,2026-05-13 00:00:00
3262,SKU-03262,Router Netgear 7052,Router inalámbrico para conexión de red,3171.11,47,2025-12-29 00:00:00,2026-06-28 00:00:00
3263,SKU-03263,Disco SSD Kingston 3173,Unidad SSD para almacenamiento de datos,2159.72,26,2025-10-23 00:00:00,2025-11-27 00:00:00
3264,SKU-03264,Teclado Logitech 2189,Teclado para computadora de uso diario,3063.84,48,2025-11-03 00:00:00,2026-03-19 00:00:00
3265,SKU-03265,Disco SSD Samsung 6217,Unidad SSD para almacenamiento de datos,2151.81,44,2026-07-26 00:00:00,2026-09-21 00:00:00
3266,SKU-03266,Audífonos Philips 9191,"Audífonos para música, llamadas y multimedia",3239.23,49,2026-06-18 00:00:00,2026-09-21 00:00:00
3267,SKU-03267,Teclado Genius 2143,Teclado para computadora de uso diario,3470.72,74,2026-05-22 00:00:00,2026-09-21 00:00:00
3268,SKU-03268,Monitor Samsung 1624,Monitor para computadora de alta resolución,3783.0,16,2025-08-26 00:00:00,2026-04-08 00:00:00
3269,SKU-03269,Cable USB Baseus 8069,Cable USB para conexión y transferencia de datos,278.76,142,2025-04-26 00:00:00,2025-12-05 00:00:00
3270,SKU-03270,Laptop Lenovo 8923,Equipo portátil para trabajo y estudio,19681.97,33,2026-05-01 00:00:00,2026-09-21 00:00:00
3271,SKU-03271,Cable USB Amazon Basics 2845,Cable USB para conexión y transferencia de datos,878.58,120,2025-09-11 00:00:00,2025-10-31 00:00:00
3272,SKU-03272,Router D-Link 3404,Router inalámbrico para conexión de red,518.01,13,2025-07-25 00:00:00,2025-08-12 00:00:00
3273,SKU-03273,Cable USB Belkin 1409,Cable USB para conexión y transferencia de datos,1376.86,49,2025-07-26 00:00:00,2026-02-12 00:00:00
3274,SKU-03274,Memoria USB PNY 8096,Memoria USB para almacenamiento y transferencia de archivos,1338.87,146,2025-11-23 00:00:00,2025-12-17 00:00:00
3275,SKU-03275,Router Huawei 7623,Router inalámbrico para conexión de red,2681.42,74,2026-05-08 00:00:00,2026-09-21 00:00:00
3276,SKU-03276,Audífonos Logitech 790,"Audífonos para música, llamadas y multimedia",3046.15,86,2026-01-04 00:00:00,2026-04-18 00:00:00
3277,SKU-03277,Laptop Dell 4809,Equipo portátil para trabajo y estudio,14620.89,31,2026-01-22 00:00:00,2026-03-16 00:00:00
3278,SKU-03278,Monitor ASUS 6193,Monitor para computadora de alta resolución,10529.47,7,2025-01-04 00:00:00,2025-02-11 00:00:00
3279,SKU-03279,Router TP-Link 8944,Router inalámbrico para conexión de red,2028.9,94,2025-03-10 00:00:00,2025-11-02 00:00:00
3280,SKU-03280,Router TP-Link 7815,Router inalámbrico para conexión de red,606.0,75,2025-01-29 00:00:00,2025-04-07 00:00:00
3281,SKU-03281,Teclado HP 3112,Teclado para computadora de uso diario,1855.6,59,2026-03-13 00:00:00,2026-09-21 00:00:00
3282,SKU-03282,Webcam Trust 537,Cámara web para videollamadas,1725.11,80,2026-07-01 00:00:00,2026-09-21 00:00:00
3283,SKU-03283,Monitor Dell 6302,Monitor para computadora de alta resolución,8569.99,39,2025-11-24 00:00:00,2026-02-23 00:00:00
3284,SKU-03284,Monitor LG 2746,Monitor para computadora de alta resolución,10105.72,37,2025-02-27 00:00:00,2025-07-17 00:00:00
3285,SKU-03285,Monitor Samsung 2836,Monitor para computadora de alta resolución,3075.71,9,2026-03-15 00:00:00,2026-09-21 00:00:00
3286,SKU-03286,Router Netgear 6652,Router inalámbrico para conexión de red,933.61,80,2026-04-20 00:00:00,2026-09-21 00:00:00
3287,SKU-03287,Audífonos Philips 4225,"Audífonos para música, llamadas y multimedia",1754.82,99,2025-02-06 00:00:00,2025-07-18 00:00:00
3288,SKU-03288,Mouse Microsoft 6730,Mouse óptico para computadora,2463.21,77,2025-10-16 00:00:00,2025-12-27 00:00:00
3289,SKU-03289,Laptop ASUS 442,Equipo portátil para trabajo y estudio,23467.89,13,2025-07-22 00:00:00,2025-12-01 00:00:00
3290,SKU-03290,Disco SSD Samsung 8734,Unidad SSD para almacenamiento de datos,2640.37,68,2025-10-02 00:00:00,2026-05-07 00:00:00
3291,SKU-03291,Audífonos Sony 7092,"Audífonos para música, llamadas y multimedia",3385.91,90,2025-09-20 00:00:00,2025-11-21 00:00:00
3292,SKU-03292,Disco SSD Samsung 3308,Unidad SSD para almacenamiento de datos,818.26,11,2026-05-26 00:00:00,2026-09-21 00:00:00
3293,SKU-03293,Mouse Microsoft 3794,Mouse óptico para computadora,2203.46,90,2026-06-16 00:00:00,2026-09-21 00:00:00
3294,SKU-03294,Router Huawei 1160,Router inalámbrico para conexión de red,2820.81,16,2026-05-21 00:00:00,2026-09-21 00:00:00
3295,SKU-03295,Laptop Acer 4197,Equipo portátil para trabajo y estudio,19594.29,19,2026-05-14 00:00:00,2026-05-23 00:00:00
3296,SKU-03296,Cable USB Steren 8773,Cable USB para conexión y transferencia de datos,952.24,56,2025-03-29 00:00:00,2025-03-30 00:00:00
3297,SKU-03297,Router Huawei 5944,Router inalámbrico para conexión de red,1831.91,51,2025-12-28 00:00:00,2026-07-16 00:00:00
3298,SKU-03298,Audífonos JBL 3279,"Audífonos para música, llamadas y multimedia",501.2,13,2025-08-02 00:00:00,2025-11-02 00:00:00
3299,SKU-03299,Mouse Logitech 2157,Mouse óptico para computadora,3136.23,37,2025-08-01 00:00:00,2026-02-18 00:00:00
3300,SKU-03300,Audífonos HyperX 7376,"Audífonos para música, llamadas y multimedia",2114.61,98,2025-02-06 00:00:00,2025-02-08 00:00:00
3301,SKU-03301,Mouse Razer 7213,Mouse óptico para computadora,3134.6,63,2025-01-18 00:00:00,2025-01-31 00:00:00
3302,SKU-03302,Cable USB Belkin 1802,Cable USB para conexión y transferencia de datos,1779.33,47,2025-12-18 00:00:00,2026-05-07 00:00:00
3303,SKU-03303,Webcam HP 6471,Cámara web para videollamadas,2312.91,17,2026-08-05 00:00:00,2026-09-21 00:00:00
3304,SKU-03304,Teclado Logitech 5104,Teclado para computadora de uso diario,1544.88,70,2026-08-22 00:00:00,2026-09-21 00:00:00
3305,SKU-03305,Teclado Genius 3847,Teclado para computadora de uso diario,917.89,18,2026-05-13 00:00:00,2026-09-21 00:00:00
3306,SKU-03306,Mouse Microsoft 9692,Mouse óptico para computadora,1457.72,83,2025-10-24 00:00:00,2026-04-24 00:00:00
3307,SKU-03307,Disco SSD Crucial 712,Unidad SSD para almacenamiento de datos,3423.52,42,2026-01-13 00:00:00,2026-01-23 00:00:00
3308,SKU-03308,Laptop HP 253,Equipo portátil para trabajo y estudio,26413.46,28,2026-02-17 00:00:00,2026-03-31 00:00:00
3309,SKU-03309,Teclado Genius 5144,Teclado para computadora de uso diario,1387.6,29,2025-11-01 00:00:00,2026-05-20 00:00:00
3310,SKU-03310,Memoria USB ADATA 2069,Memoria USB para almacenamiento y transferencia de archivos,752.03,63,2026-08-19 00:00:00,2026-09-05 00:00:00
3311,SKU-03311,Audífonos Philips 3481,"Audífonos para música, llamadas y multimedia",1441.97,20,2026-03-18 00:00:00,2026-04-14 00:00:00
3312,SKU-03312,Disco SSD Samsung 2244,Unidad SSD para almacenamiento de datos,3840.38,49,2025-03-12 00:00:00,2025-08-12 00:00:00
3313,SKU-03313,Memoria USB ADATA 1134,Memoria USB para almacenamiento y transferencia de archivos,1668.28,109,2026-08-11 00:00:00,2026-09-21 00:00:00
3314,SKU-03314,Mouse Logitech 736,Mouse óptico para computadora,3048.49,8,2026-01-10 00:00:00,2026-05-21 00:00:00
3315,SKU-03315,Webcam Trust 5551,Cámara web para videollamadas,923.17,69,2026-04-19 00:00:00,2026-08-12 00:00:00
3316,SKU-03316,Router Huawei 5410,Router inalámbrico para conexión de red,1264.61,48,2025-08-21 00:00:00,2025-09-19 00:00:00
3317,SKU-03317,Memoria USB Kingston 5554,Memoria USB para almacenamiento y transferencia de archivos,175.72,33,2025-08-10 00:00:00,2025-08-21 00:00:00
3318,SKU-03318,Router TP-Link 8711,Router inalámbrico para conexión de red,2532.35,26,2026-05-16 00:00:00,2026-09-21 00:00:00
3319,SKU-03319,Cable USB UGREEN 7488,Cable USB para conexión y transferencia de datos,1751.57,21,2025-08-30 00:00:00,2026-02-21 00:00:00
3320,SKU-03320,Monitor Dell 2523,Monitor para computadora de alta resolución,8960.46,7,2025-02-16 00:00:00,2025-03-15 00:00:00
3321,SKU-03321,Disco SSD ADATA 873,Unidad SSD para almacenamiento de datos,1613.58,72,2026-06-09 00:00:00,2026-07-16 00:00:00
3322,SKU-03322,Mouse Genius 7334,Mouse óptico para computadora,3076.17,20,2025-01-22 00:00:00,2025-06-12 00:00:00
3323,SKU-03323,Laptop ASUS 9876,Equipo portátil para trabajo y estudio,15741.51,8,2025-07-01 00:00:00,2025-12-17 00:00:00
3324,SKU-03324,Disco SSD Samsung 293,Unidad SSD para almacenamiento de datos,3252.97,13,2026-08-19 00:00:00,2026-09-21 00:00:00
3325,SKU-03325,Router Tenda 2288,Router inalámbrico para conexión de red,1124.1,66,2025-11-13 00:00:00,2026-05-10 00:00:00
3326,SKU-03326,Laptop Dell 5704,Equipo portátil para trabajo y estudio,9431.97,17,2025-11-10 00:00:00,2026-01-06 00:00:00
3327,SKU-03327,Cable USB Baseus 9873,Cable USB para conexión y transferencia de datos,729.64,46,2025-11-20 00:00:00,2025-12-06 00:00:00
3328,SKU-03328,Teclado Logitech 3154,Teclado para computadora de uso diario,704.16,87,2025-05-03 00:00:00,2025-07-29 00:00:00
3329,SKU-03329,Webcam Trust 2077,Cámara web para videollamadas,2347.13,99,2025-03-16 00:00:00,2025-08-05 00:00:00
3330,SKU-03330,Audífonos HyperX 1317,"Audífonos para música, llamadas y multimedia",3467.09,34,2026-07-30 00:00:00,2026-09-21 00:00:00
3331,SKU-03331,Router Tenda 9267,Router inalámbrico para conexión de red,2559.59,98,2026-07-13 00:00:00,2026-09-21 00:00:00
3332,SKU-03332,Audífonos HyperX 1193,"Audífonos para música, llamadas y multimedia",1607.39,50,2026-05-26 00:00:00,2026-09-21 00:00:00
3333,SKU-03333,Memoria USB Verbatim 1955,Memoria USB para almacenamiento y transferencia de archivos,1026.65,71,2025-02-28 00:00:00,2025-10-25 00:00:00
3334,SKU-03334,Memoria USB SanDisk 5468,Memoria USB para almacenamiento y transferencia de archivos,131.19,66,2026-08-14 00:00:00,2026-09-21 00:00:00
3335,SKU-03335,Disco SSD Kingston 390,Unidad SSD para almacenamiento de datos,2151.83,75,2026-04-18 00:00:00,2026-05-27 00:00:00
3336,SKU-03336,Memoria USB SanDisk 535,Memoria USB para almacenamiento y transferencia de archivos,1146.08,12,2025-03-20 00:00:00,2025-08-08 00:00:00
3337,SKU-03337,Router Netgear 456,Router inalámbrico para conexión de red,2729.84,78,2025-12-02 00:00:00,2026-02-01 00:00:00
3338,SKU-03338,Audífonos HyperX 3783,"Audífonos para música, llamadas y multimedia",2734.14,82,2025-12-28 00:00:00,2026-03-12 00:00:00
3339,SKU-03339,Router Netgear 4080,Router inalámbrico para conexión de red,689.15,84,2025-01-24 00:00:00,2025-04-18 00:00:00
3340,SKU-03340,Teclado Redragon 8790,Teclado para computadora de uso diario,363.55,94,2026-03-24 00:00:00,2026-07-22 00:00:00
3341,SKU-03341,Webcam AverMedia 7115,Cámara web para videollamadas,2073.54,98,2025-07-31 00:00:00,2025-10-16 00:00:00
3342,SKU-03342,Cable USB Belkin 9916,Cable USB para conexión y transferencia de datos,259.77,82,2025-09-24 00:00:00,2026-04-01 00:00:00
3343,SKU-03343,Disco SSD ADATA 490,Unidad SSD para almacenamiento de datos,1136.71,79,2025-06-27 00:00:00,2026-02-16 00:00:00
3344,SKU-03344,Audífonos Philips 3422,"Audífonos para música, llamadas y multimedia",2519.76,87,2025-10-17 00:00:00,2025-11-30 00:00:00
3345,SKU-03345,Audífonos Logitech 4362,"Audífonos para música, llamadas y multimedia",1651.94,22,2025-09-14 00:00:00,2026-03-26 00:00:00
3346,SKU-03346,Cable USB Baseus 5655,Cable USB para conexión y transferencia de datos,941.84,109,2025-03-10 00:00:00,2025-08-12 00:00:00
3347,SKU-03347,Router Huawei 7322,Router inalámbrico para conexión de red,389.72,29,2025-09-22 00:00:00,2025-10-24 00:00:00
3348,SKU-03348,Monitor LG 4825,Monitor para computadora de alta resolución,10828.56,33,2026-01-08 00:00:00,2026-04-01 00:00:00
3349,SKU-03349,Mouse Razer 4029,Mouse óptico para computadora,3486.01,75,2025-01-25 00:00:00,2025-07-10 00:00:00
3350,SKU-03350,Mouse Genius 2411,Mouse óptico para computadora,3424.9,19,2026-01-13 00:00:00,2026-08-09 00:00:00
3351,SKU-03351,Webcam Logitech 5968,Cámara web para videollamadas,1737.45,55,2025-05-12 00:00:00,2025-12-02 00:00:00
3352,SKU-03352,Mouse Microsoft 6965,Mouse óptico para computadora,3004.74,55,2025-07-04 00:00:00,2025-11-16 00:00:00
3353,SKU-03353,Monitor ASUS 4494,Monitor para computadora de alta resolución,5205.94,27,2026-05-27 00:00:00,2026-07-24 00:00:00
3354,SKU-03354,Router TP-Link 9338,Router inalámbrico para conexión de red,2922.4,72,2025-01-01 00:00:00,2025-03-09 00:00:00
3355,SKU-03355,Laptop Dell 9892,Equipo portátil para trabajo y estudio,10049.11,19,2025-04-26 00:00:00,2025-08-03 00:00:00
3356,SKU-03356,Webcam Microsoft 5825,Cámara web para videollamadas,3191.52,82,2025-06-27 00:00:00,2025-09-06 00:00:00
3357,SKU-03357,Laptop ASUS 4716,Equipo portátil para trabajo y estudio,12006.1,6,2025-08-02 00:00:00,2026-01-16 00:00:00
3358,SKU-03358,Laptop Lenovo 6435,Equipo portátil para trabajo y estudio,22695.85,2,2025-09-20 00:00:00,2026-01-26 00:00:00
3359,SKU-03359,Laptop HP 5047,Equipo portátil para trabajo y estudio,13893.85,28,2026-04-24 00:00:00,2026-07-31 00:00:00
3360,SKU-03360,Teclado Genius 7743,Teclado para computadora de uso diario,1473.95,39,2025-09-28 00:00:00,2025-10-21 00:00:00
3361,SKU-03361,Monitor LG 2181,Monitor para computadora de alta resolución,4311.32,43,2025-06-17 00:00:00,2025-10-19 00:00:00
3362,SKU-03362,Router D-Link 2182,Router inalámbrico para conexión de red,3054.72,40,2025-08-18 00:00:00,2026-02-19 00:00:00
3363,SKU-03363,Laptop ASUS 9428,Equipo portátil para trabajo y estudio,25090.69,15,2025-06-20 00:00:00,2025-11-17 00:00:00
3364,SKU-03364,Router TP-Link 2826,Router inalámbrico para conexión de red,2625.13,21,2026-06-29 00:00:00,2026-09-21 00:00:00
3365,SKU-03365,Disco SSD Western Digital 3591,Unidad SSD para almacenamiento de datos,1595.24,79,2025-06-11 00:00:00,2026-01-24 00:00:00
3366,SKU-03366,Laptop ASUS 9264,Equipo portátil para trabajo y estudio,13962.17,12,2025-05-03 00:00:00,2025-07-07 00:00:00
3367,SKU-03367,Cable USB Amazon Basics 3925,Cable USB para conexión y transferencia de datos,358.53,98,2026-04-24 00:00:00,2026-09-21 00:00:00
3368,SKU-03368,Disco SSD ADATA 4559,Unidad SSD para almacenamiento de datos,2946.69,54,2025-01-25 00:00:00,2025-07-13 00:00:00
3369,SKU-03369,Router TP-Link 6939,Router inalámbrico para conexión de red,1342.68,30,2025-11-29 00:00:00,2026-08-01 00:00:00
3370,SKU-03370,Disco SSD Samsung 9941,Unidad SSD para almacenamiento de datos,1726.43,49,2025-11-09 00:00:00,2025-12-29 00:00:00
3371,SKU-03371,Teclado Redragon 8292,Teclado para computadora de uso diario,448.45,65,2026-05-03 00:00:00,2026-05-20 00:00:00
3372,SKU-03372,Mouse HP 7311,Mouse óptico para computadora,3029.72,77,2026-07-19 00:00:00,2026-08-17 00:00:00
3373,SKU-03373,Webcam Trust 2547,Cámara web para videollamadas,850.89,18,2026-07-27 00:00:00,2026-09-21 00:00:00
3374,SKU-03374,Laptop HP 3692,Equipo portátil para trabajo y estudio,25586.74,13,2025-06-23 00:00:00,2025-07-24 00:00:00
3375,SKU-03375,Teclado Genius 415,Teclado para computadora de uso diario,2753.26,57,2026-05-21 00:00:00,2026-09-21 00:00:00
3376,SKU-03376,Monitor LG 3081,Monitor para computadora de alta resolución,3706.65,33,2026-06-25 00:00:00,2026-06-30 00:00:00
3377,SKU-03377,Disco SSD ADATA 5700,Unidad SSD para almacenamiento de datos,4048.65,26,2026-06-30 00:00:00,2026-09-17 00:00:00
3378,SKU-03378,Laptop Lenovo 4508,Equipo portátil para trabajo y estudio,13232.64,3,2026-05-20 00:00:00,2026-09-21 00:00:00
3379,SKU-03379,Router Huawei 4524,Router inalámbrico para conexión de red,1659.47,30,2025-01-01 00:00:00,2025-02-18 00:00:00
3380,SKU-03380,Webcam AverMedia 1020,Cámara web para videollamadas,2550.97,79,2026-02-11 00:00:00,2026-05-13 00:00:00
3381,SKU-03381,Mouse Genius 5463,Mouse óptico para computadora,3436.31,61,2026-04-10 00:00:00,2026-08-01 00:00:00
3382,SKU-03382,Router Tenda 7949,Router inalámbrico para conexión de red,417.42,76,2025-06-15 00:00:00,2025-11-07 00:00:00
3383,SKU-03383,Teclado Redragon 5946,Teclado para computadora de uso diario,1125.3,64,2025-01-31 00:00:00,2025-07-25 00:00:00
3384,SKU-03384,Cable USB Steren 4022,Cable USB para conexión y transferencia de datos,869.64,77,2025-12-08 00:00:00,2026-08-01 00:00:00
3385,SKU-03385,Audífonos Logitech 8752,"Audífonos para música, llamadas y multimedia",2968.84,62,2025-08-15 00:00:00,2025-10-26 00:00:00
3386,SKU-03386,Mouse HP 6176,Mouse óptico para computadora,819.53,33,2025-11-07 00:00:00,2026-01-05 00:00:00
3387,SKU-03387,Cable USB Belkin 9017,Cable USB para conexión y transferencia de datos,1097.08,39,2026-01-17 00:00:00,2026-03-26 00:00:00
3388,SKU-03388,Disco SSD Samsung 2012,Unidad SSD para almacenamiento de datos,4217.39,40,2025-11-20 00:00:00,2026-04-29 00:00:00
3389,SKU-03389,Disco SSD Western Digital 3394,Unidad SSD para almacenamiento de datos,4106.57,61,2025-01-06 00:00:00,2025-03-18 00:00:00
3390,SKU-03390,Webcam Microsoft 8987,Cámara web para videollamadas,2680.46,36,2026-04-19 00:00:00,2026-09-21 00:00:00
3391,SKU-03391,Memoria USB Verbatim 6553,Memoria USB para almacenamiento y transferencia de archivos,633.5,104,2026-06-05 00:00:00,2026-08-30 00:00:00
3392,SKU-03392,Laptop ASUS 8645,Equipo portátil para trabajo y estudio,16929.61,23,2025-04-07 00:00:00,2025-10-19 00:00:00
3393,SKU-03393,Router Tenda 7404,Router inalámbrico para conexión de red,2362.33,92,2025-02-08 00:00:00,2025-04-03 00:00:00
3394,SKU-03394,Router Huawei 7589,Router inalámbrico para conexión de red,3444.53,45,2025-05-15 00:00:00,2025-10-25 00:00:00
3395,SKU-03395,Cable USB Amazon Basics 7907,Cable USB para conexión y transferencia de datos,929.66,138,2025-02-16 00:00:00,2025-09-18 00:00:00
3396,SKU-03396,Cable USB Belkin 2734,Cable USB para conexión y transferencia de datos,1748.56,10,2025-04-08 00:00:00,2025-09-09 00:00:00
3397,SKU-03397,Audífonos HyperX 5648,"Audífonos para música, llamadas y multimedia",3175.76,64,2025-05-11 00:00:00,2025-11-09 00:00:00
3398,SKU-03398,Memoria USB SanDisk 1088,Memoria USB para almacenamiento y transferencia de archivos,1719.61,66,2026-03-03 00:00:00,2026-08-10 00:00:00
3399,SKU-03399,Monitor AOC 2823,Monitor para computadora de alta resolución,10278.31,49,2026-01-03 00:00:00,2026-09-01 00:00:00
3400,SKU-03400,Memoria USB Verbatim 9152,Memoria USB para almacenamiento y transferencia de archivos,1469.06,138,2025-01-26 00:00:00,2025-05-17 00:00:00
3401,SKU-03401,Teclado Genius 947,Teclado para computadora de uso diario,843.59,52,2025-10-03 00:00:00,2026-04-18 00:00:00
3402,SKU-03402,Router D-Link 1967,Router inalámbrico para conexión de red,2664.02,87,2026-05-24 00:00:00,2026-08-17 00:00:00
3403,SKU-03403,Teclado HP 6502,Teclado para computadora de uso diario,2094.33,72,2025-09-20 00:00:00,2026-01-15 00:00:00
3404,SKU-03404,Mouse Genius 7930,Mouse óptico para computadora,1509.23,9,2025-02-05 00:00:00,2025-03-17 00:00:00
3405,SKU-03405,Audífonos Philips 8861,"Audífonos para música, llamadas y multimedia",1025.48,74,2025-01-14 00:00:00,2025-02-15 00:00:00
3406,SKU-03406,Mouse HP 5155,Mouse óptico para computadora,1736.69,99,2025-05-20 00:00:00,2025-06-06 00:00:00
3407,SKU-03407,Disco SSD ADATA 4261,Unidad SSD para almacenamiento de datos,2934.41,28,2025-01-15 00:00:00,2025-07-17 00:00:00
3408,SKU-03408,Teclado Redragon 8956,Teclado para computadora de uso diario,638.2,52,2025-06-16 00:00:00,2025-10-17 00:00:00
3409,SKU-03409,Cable USB Amazon Basics 3477,Cable USB para conexión y transferencia de datos,1533.48,35,2025-03-03 00:00:00,2025-06-02 00:00:00
3410,SKU-03410,Router Huawei 8566,Router inalámbrico para conexión de red,897.99,85,2025-03-16 00:00:00,2025-04-30 00:00:00
3411,SKU-03411,Laptop HP 3897,Equipo portátil para trabajo y estudio,17651.06,23,2026-07-13 00:00:00,2026-09-21 00:00:00
3412,SKU-03412,Laptop Acer 7376,Equipo portátil para trabajo y estudio,21280.74,25,2025-06-22 00:00:00,2026-01-11 00:00:00
3413,SKU-03413,Memoria USB SanDisk 4673,Memoria USB para almacenamiento y transferencia de archivos,1740.53,29,2025-09-02 00:00:00,2025-12-08 00:00:00
3414,SKU-03414,Memoria USB ADATA 3184,Memoria USB para almacenamiento y transferencia de archivos,519.97,26,2025-11-29 00:00:00,2026-05-24 00:00:00
3415,SKU-03415,Disco SSD Samsung 809,Unidad SSD para almacenamiento de datos,2601.34,61,2025-07-02 00:00:00,2025-10-22 00:00:00
3416,SKU-03416,Router TP-Link 4615,Router inalámbrico para conexión de red,1492.48,33,2025-08-16 00:00:00,2026-03-15 00:00:00
3417,SKU-03417,Disco SSD Crucial 507,Unidad SSD para almacenamiento de datos,2925.27,58,2025-02-22 00:00:00,2025-07-01 00:00:00
3418,SKU-03418,Teclado HP 6429,Teclado para computadora de uso diario,1647.56,87,2026-07-19 00:00:00,2026-09-12 00:00:00
3419,SKU-03419,Monitor ASUS 5792,Monitor para computadora de alta resolución,10917.23,47,2025-09-11 00:00:00,2025-11-23 00:00:00
3420,SKU-03420,Laptop Acer 8862,Equipo portátil para trabajo y estudio,7915.21,27,2026-06-21 00:00:00,2026-06-23 00:00:00
3421,SKU-03421,Webcam AverMedia 4671,Cámara web para videollamadas,1769.64,71,2026-06-05 00:00:00,2026-09-21 00:00:00
3422,SKU-03422,Disco SSD Western Digital 528,Unidad SSD para almacenamiento de datos,2387.93,65,2025-11-05 00:00:00,2025-11-09 00:00:00
3423,SKU-03423,Laptop HP 4190,Equipo portátil para trabajo y estudio,27073.5,31,2025-11-20 00:00:00,2026-02-09 00:00:00
3424,SKU-03424,Mouse HP 9199,Mouse óptico para computadora,3148.16,95,2025-07-19 00:00:00,2025-10-29 00:00:00
3425,SKU-03425,Audífonos Logitech 2613,"Audífonos para música, llamadas y multimedia",2771.74,87,2025-02-14 00:00:00,2025-07-06 00:00:00
3426,SKU-03426,Disco SSD Western Digital 7723,Unidad SSD para almacenamiento de datos,3845.47,28,2026-01-28 00:00:00,2026-04-27 00:00:00
3427,SKU-03427,Webcam Logitech 2140,Cámara web para videollamadas,2263.95,45,2025-10-12 00:00:00,2026-03-11 00:00:00
3428,SKU-03428,Webcam Trust 1892,Cámara web para videollamadas,967.38,59,2026-04-14 00:00:00,2026-07-05 00:00:00
3429,SKU-03429,Cable USB UGREEN 8429,Cable USB para conexión y transferencia de datos,380.58,25,2025-09-30 00:00:00,2026-02-19 00:00:00
3430,SKU-03430,Cable USB Amazon Basics 6429,Cable USB para conexión y transferencia de datos,1040.35,18,2025-09-18 00:00:00,2025-12-12 00:00:00
3431,SKU-03431,Teclado Microsoft 1565,Teclado para computadora de uso diario,483.19,68,2026-02-12 00:00:00,2026-09-12 00:00:00
3432,SKU-03432,Audífonos Sony 2131,"Audífonos para música, llamadas y multimedia",1478.65,56,2025-07-21 00:00:00,2026-03-01 00:00:00
3433,SKU-03433,Router D-Link 334,Router inalámbrico para conexión de red,1994.25,54,2026-03-11 00:00:00,2026-09-21 00:00:00
3434,SKU-03434,Mouse Microsoft 8681,Mouse óptico para computadora,2895.81,84,2026-07-16 00:00:00,2026-09-21 00:00:00
3435,SKU-03435,Disco SSD Samsung 1851,Unidad SSD para almacenamiento de datos,3305.87,27,2026-03-02 00:00:00,2026-06-29 00:00:00
3436,SKU-03436,Router D-Link 9444,Router inalámbrico para conexión de red,728.9,46,2025-03-05 00:00:00,2025-03-09 00:00:00
3437,SKU-03437,Cable USB Steren 4237,Cable USB para conexión y transferencia de datos,993.96,36,2025-08-02 00:00:00,2025-10-07 00:00:00
3438,SKU-03438,Webcam Trust 776,Cámara web para videollamadas,516.48,18,2025-08-21 00:00:00,2025-11-02 00:00:00
3439,SKU-03439,Cable USB Amazon Basics 6744,Cable USB para conexión y transferencia de datos,1382.33,29,2025-03-25 00:00:00,2025-10-27 00:00:00
3440,SKU-03440,Mouse Logitech 6014,Mouse óptico para computadora,625.23,66,2026-04-02 00:00:00,2026-09-21 00:00:00
3441,SKU-03441,Mouse HP 9748,Mouse óptico para computadora,1477.99,37,2025-10-26 00:00:00,2026-04-01 00:00:00
3442,SKU-03442,Monitor Dell 7818,Monitor para computadora de alta resolución,10109.58,31,2025-08-30 00:00:00,2026-04-10 00:00:00
3443,SKU-03443,Mouse HP 8998,Mouse óptico para computadora,798.74,44,2025-09-18 00:00:00,2025-12-21 00:00:00
3444,SKU-03444,Audífonos JBL 4211,"Audífonos para música, llamadas y multimedia",3101.78,67,2025-09-04 00:00:00,2026-04-16 00:00:00
3445,SKU-03445,Laptop HP 5918,Equipo portátil para trabajo y estudio,23748.62,26,2026-01-12 00:00:00,2026-08-07 00:00:00
3446,SKU-03446,Memoria USB Verbatim 2506,Memoria USB para almacenamiento y transferencia de archivos,913.03,53,2025-08-24 00:00:00,2026-02-20 00:00:00
3447,SKU-03447,Memoria USB ADATA 9475,Memoria USB para almacenamiento y transferencia de archivos,524.4,110,2025-01-19 00:00:00,2025-03-01 00:00:00
3448,SKU-03448,Cable USB Steren 8308,Cable USB para conexión y transferencia de datos,625.61,27,2025-06-16 00:00:00,2025-07-15 00:00:00
3449,SKU-03449,Router D-Link 895,Router inalámbrico para conexión de red,1196.49,97,2025-10-18 00:00:00,2026-03-26 00:00:00
3450,SKU-03450,Disco SSD Samsung 357,Unidad SSD para almacenamiento de datos,1185.16,68,2026-01-10 00:00:00,2026-02-18 00:00:00
3451,SKU-03451,Webcam Trust 1244,Cámara web para videollamadas,797.17,50,2025-01-09 00:00:00,2025-01-12 00:00:00
3452,SKU-03452,Router D-Link 1630,Router inalámbrico para conexión de red,2613.5,98,2025-11-06 00:00:00,2026-04-07 00:00:00
3453,SKU-03453,Monitor Samsung 6611,Monitor para computadora de alta resolución,4403.8,23,2025-06-10 00:00:00,2025-10-09 00:00:00
3454,SKU-03454,Audífonos Philips 9079,"Audífonos para música, llamadas y multimedia",2606.33,48,2025-07-01 00:00:00,2025-08-29 00:00:00
3455,SKU-03455,Mouse Microsoft 4515,Mouse óptico para computadora,3490.0,86,2026-03-02 00:00:00,2026-08-04 00:00:00
3456,SKU-03456,Teclado Microsoft 3603,Teclado para computadora de uso diario,570.14,14,2025-10-16 00:00:00,2026-03-22 00:00:00
3457,SKU-03457,Disco SSD Kingston 2331,Unidad SSD para almacenamiento de datos,2654.68,11,2025-06-03 00:00:00,2025-09-17 00:00:00
3458,SKU-03458,Audífonos Philips 3659,"Audífonos para música, llamadas y multimedia",1455.5,74,2025-09-12 00:00:00,2025-11-13 00:00:00
3459,SKU-03459,Teclado HP 1794,Teclado para computadora de uso diario,2577.88,69,2026-02-22 00:00:00,2026-08-03 00:00:00
3460,SKU-03460,Audífonos Logitech 6297,"Audífonos para música, llamadas y multimedia",2203.25,75,2026-08-18 00:00:00,2026-09-21 00:00:00
3461,SKU-03461,Laptop ASUS 1117,Equipo portátil para trabajo y estudio,26649.02,31,2025-09-14 00:00:00,2025-10-07 00:00:00
3462,SKU-03462,Mouse Microsoft 9859,Mouse óptico para computadora,1670.63,98,2025-02-27 00:00:00,2025-09-17 00:00:00
3463,SKU-03463,Monitor ASUS 5974,Monitor para computadora de alta resolución,6072.14,36,2026-04-16 00:00:00,2026-09-21 00:00:00
3464,SKU-03464,Memoria USB Verbatim 253,Memoria USB para almacenamiento y transferencia de archivos,265.1,49,2025-12-17 00:00:00,2026-04-10 00:00:00
3465,SKU-03465,Cable USB Baseus 9298,Cable USB para conexión y transferencia de datos,118.51,83,2025-04-06 00:00:00,2025-06-19 00:00:00
3466,SKU-03466,Disco SSD ADATA 4655,Unidad SSD para almacenamiento de datos,3159.77,5,2025-02-25 00:00:00,2025-06-12 00:00:00
3467,SKU-03467,Mouse HP 3056,Mouse óptico para computadora,388.59,64,2025-04-04 00:00:00,2025-05-16 00:00:00
3468,SKU-03468,Mouse Logitech 1996,Mouse óptico para computadora,2798.23,5,2026-07-29 00:00:00,2026-09-21 00:00:00
3469,SKU-03469,Teclado Logitech 222,Teclado para computadora de uso diario,1328.54,37,2025-03-09 00:00:00,2025-07-04 00:00:00
3470,SKU-03470,Memoria USB SanDisk 609,Memoria USB para almacenamiento y transferencia de archivos,996.27,13,2025-11-05 00:00:00,2026-06-04 00:00:00
3471,SKU-03471,Mouse Razer 5038,Mouse óptico para computadora,592.55,81,2026-05-15 00:00:00,2026-06-23 00:00:00
3472,SKU-03472,Monitor Samsung 9105,Monitor para computadora de alta resolución,9044.49,38,2026-06-23 00:00:00,2026-09-21 00:00:00
3473,SKU-03473,Memoria USB SanDisk 2740,Memoria USB para almacenamiento y transferencia de archivos,937.33,11,2026-03-02 00:00:00,2026-04-04 00:00:00
3474,SKU-03474,Teclado Redragon 6473,Teclado para computadora de uso diario,823.85,89,2026-03-09 00:00:00,2026-09-21 00:00:00
3475,SKU-03475,Router Netgear 6293,Router inalámbrico para conexión de red,3487.45,39,2026-07-27 00:00:00,2026-09-21 00:00:00
3476,SKU-03476,Router TP-Link 5269,Router inalámbrico para conexión de red,1303.28,64,2026-07-16 00:00:00,2026-09-21 00:00:00
3477,SKU-03477,Cable USB Steren 7660,Cable USB para conexión y transferencia de datos,577.72,30,2025-08-20 00:00:00,2026-01-28 00:00:00
3478,SKU-03478,Mouse Razer 7754,Mouse óptico para computadora,807.13,52,2026-06-12 00:00:00,2026-08-08 00:00:00
3479,SKU-03479,Audífonos Logitech 2504,"Audífonos para música, llamadas y multimedia",2064.03,86,2026-07-06 00:00:00,2026-09-21 00:00:00
3480,SKU-03480,Cable USB UGREEN 4815,Cable USB para conexión y transferencia de datos,361.58,64,2025-03-31 00:00:00,2025-07-07 00:00:00
3481,SKU-03481,Mouse Microsoft 1161,Mouse óptico para computadora,2558.93,30,2025-01-24 00:00:00,2025-07-29 00:00:00
3482,SKU-03482,Audífonos Logitech 6060,"Audífonos para música, llamadas y multimedia",3085.71,14,2025-02-10 00:00:00,2025-09-28 00:00:00
3483,SKU-03483,Teclado Microsoft 5155,Teclado para computadora de uso diario,2571.35,56,2025-05-13 00:00:00,2025-11-10 00:00:00
3484,SKU-03484,Memoria USB SanDisk 2941,Memoria USB para almacenamiento y transferencia de archivos,147.83,116,2025-06-13 00:00:00,2026-02-08 00:00:00
3485,SKU-03485,Disco SSD Western Digital 9557,Unidad SSD para almacenamiento de datos,3644.37,62,2025-09-17 00:00:00,2026-01-01 00:00:00
3486,SKU-03486,Webcam Trust 2096,Cámara web para videollamadas,3027.87,61,2026-01-28 00:00:00,2026-08-21 00:00:00
3487,SKU-03487,Memoria USB Kingston 8455,Memoria USB para almacenamiento y transferencia de archivos,211.83,56,2025-10-09 00:00:00,2026-04-15 00:00:00
3488,SKU-03488,Laptop Lenovo 6968,Equipo portátil para trabajo y estudio,25855.25,23,2026-04-23 00:00:00,2026-09-14 00:00:00
3489,SKU-03489,Webcam Logitech 2949,Cámara web para videollamadas,1258.77,6,2025-03-11 00:00:00,2025-06-16 00:00:00
3490,SKU-03490,Audífonos HyperX 7714,"Audífonos para música, llamadas y multimedia",2104.41,16,2025-09-14 00:00:00,2026-03-27 00:00:00
3491,SKU-03491,Memoria USB ADATA 6144,Memoria USB para almacenamiento y transferencia de archivos,387.9,24,2025-08-30 00:00:00,2025-11-27 00:00:00
3492,SKU-03492,Mouse Logitech 4236,Mouse óptico para computadora,2968.09,77,2025-02-20 00:00:00,2025-04-09 00:00:00
3493,SKU-03493,Router Tenda 840,Router inalámbrico para conexión de red,2656.82,53,2025-03-07 00:00:00,2025-07-30 00:00:00
3494,SKU-03494,Monitor LG 7527,Monitor para computadora de alta resolución,11133.07,21,2025-05-07 00:00:00,2025-06-29 00:00:00
3495,SKU-03495,Webcam Logitech 4810,Cámara web para videollamadas,3467.54,67,2025-11-04 00:00:00,2026-06-02 00:00:00
3496,SKU-03496,Webcam Trust 4040,Cámara web para videollamadas,3064.05,27,2025-09-24 00:00:00,2025-10-13 00:00:00
3497,SKU-03497,Monitor Samsung 6427,Monitor para computadora de alta resolución,5623.57,42,2026-04-02 00:00:00,2026-05-24 00:00:00
3498,SKU-03498,Teclado Microsoft 5797,Teclado para computadora de uso diario,748.54,92,2025-04-10 00:00:00,2025-11-24 00:00:00
3499,SKU-03499,Laptop Lenovo 8395,Equipo portátil para trabajo y estudio,27420.24,35,2025-10-28 00:00:00,2026-03-29 00:00:00
3500,SKU-03500,Audífonos JBL 7791,"Audífonos para música, llamadas y multimedia",2239.23,90,2025-10-10 00:00:00,2026-03-15 00:00:00
3501,SKU-03501,Cable USB Baseus 1749,Cable USB para conexión y transferencia de datos,1392.67,77,2026-02-27 00:00:00,2026-05-29 00:00:00
3502,SKU-03502,Router TP-Link 6764,Router inalámbrico para conexión de red,1468.1,27,2025-04-07 00:00:00,2025-12-10 00:00:00
3503,SKU-03503,Webcam HP 3642,Cámara web para videollamadas,1498.91,71,2025-12-17 00:00:00,2026-07-12 00:00:00
3504,SKU-03504,Audífonos HyperX 4570,"Audífonos para música, llamadas y multimedia",1187.92,14,2026-02-26 00:00:00,2026-07-23 00:00:00
3505,SKU-03505,Webcam Trust 8389,Cámara web para videollamadas,2859.85,84,2025-09-16 00:00:00,2026-04-02 00:00:00
3506,SKU-03506,Memoria USB PNY 7912,Memoria USB para almacenamiento y transferencia de archivos,1732.26,120,2025-01-04 00:00:00,2025-07-30 00:00:00
3507,SKU-03507,Teclado Microsoft 6786,Teclado para computadora de uso diario,2252.25,92,2025-01-29 00:00:00,2025-02-04 00:00:00
3508,SKU-03508,Disco SSD Kingston 9838,Unidad SSD para almacenamiento de datos,2203.95,78,2025-08-23 00:00:00,2026-03-21 00:00:00
3509,SKU-03509,Mouse HP 5946,Mouse óptico para computadora,3302.85,55,2026-08-09 00:00:00,2026-09-21 00:00:00
3510,SKU-03510,Laptop Dell 1608,Equipo portátil para trabajo y estudio,24180.51,30,2025-11-28 00:00:00,2026-05-27 00:00:00
3511,SKU-03511,Audífonos JBL 9693,"Audífonos para música, llamadas y multimedia",3061.74,43,2025-11-04 00:00:00,2026-05-01 00:00:00
3512,SKU-03512,Laptop Lenovo 847,Equipo portátil para trabajo y estudio,10259.35,26,2026-07-21 00:00:00,2026-08-05 00:00:00
3513,SKU-03513,Router Huawei 4946,Router inalámbrico para conexión de red,876.81,52,2025-09-04 00:00:00,2026-04-03 00:00:00
3514,SKU-03514,Memoria USB Kingston 7814,Memoria USB para almacenamiento y transferencia de archivos,855.3,53,2026-05-19 00:00:00,2026-09-21 00:00:00
3515,SKU-03515,Teclado HP 9275,Teclado para computadora de uso diario,407.95,43,2025-03-13 00:00:00,2025-10-05 00:00:00
3516,SKU-03516,Memoria USB ADATA 6271,Memoria USB para almacenamiento y transferencia de archivos,697.24,65,2025-08-01 00:00:00,2025-10-25 00:00:00
3517,SKU-03517,Router Netgear 847,Router inalámbrico para conexión de red,3441.71,40,2025-01-20 00:00:00,2025-06-24 00:00:00
3518,SKU-03518,Disco SSD Western Digital 1415,Unidad SSD para almacenamiento de datos,1401.7,54,2025-03-18 00:00:00,2025-04-14 00:00:00
3519,SKU-03519,Router Huawei 2002,Router inalámbrico para conexión de red,505.4,54,2026-01-25 00:00:00,2026-06-12 00:00:00
3520,SKU-03520,Audífonos HyperX 2071,"Audífonos para música, llamadas y multimedia",1449.5,97,2025-11-23 00:00:00,2026-07-19 00:00:00
3521,SKU-03521,Teclado Microsoft 9892,Teclado para computadora de uso diario,3042.53,70,2025-10-14 00:00:00,2026-05-04 00:00:00
3522,SKU-03522,Mouse Razer 9676,Mouse óptico para computadora,3228.55,77,2026-08-20 00:00:00,2026-09-21 00:00:00
3523,SKU-03523,Laptop Acer 6144,Equipo portátil para trabajo y estudio,14723.83,27,2026-05-16 00:00:00,2026-06-29 00:00:00
3524,SKU-03524,Monitor AOC 2794,Monitor para computadora de alta resolución,9721.9,29,2026-05-14 00:00:00,2026-09-21 00:00:00
3525,SKU-03525,Monitor LG 6160,Monitor para computadora de alta resolución,10657.41,27,2025-07-16 00:00:00,2025-09-01 00:00:00
3526,SKU-03526,Disco SSD ADATA 4302,Unidad SSD para almacenamiento de datos,3625.45,76,2025-11-04 00:00:00,2026-07-03 00:00:00
3527,SKU-03527,Teclado Logitech 5531,Teclado para computadora de uso diario,3325.04,74,2026-07-25 00:00:00,2026-09-21 00:00:00
3528,SKU-03528,Cable USB Belkin 8869,Cable USB para conexión y transferencia de datos,239.42,125,2026-03-15 00:00:00,2026-07-01 00:00:00
3529,SKU-03529,Audífonos Philips 7213,"Audífonos para música, llamadas y multimedia",3064.64,16,2026-08-24 00:00:00,2026-09-21 00:00:00
3530,SKU-03530,Audífonos Logitech 3861,"Audífonos para música, llamadas y multimedia",2279.57,45,2025-05-27 00:00:00,2025-06-08 00:00:00
3531,SKU-03531,Laptop ASUS 8422,Equipo portátil para trabajo y estudio,25116.0,20,2025-03-23 00:00:00,2025-05-08 00:00:00
3532,SKU-03532,Mouse HP 2153,Mouse óptico para computadora,1381.81,7,2025-02-19 00:00:00,2025-10-07 00:00:00
3533,SKU-03533,Router D-Link 9258,Router inalámbrico para conexión de red,1897.09,46,2026-02-17 00:00:00,2026-02-20 00:00:00
3534,SKU-03534,Laptop Dell 1168,Equipo portátil para trabajo y estudio,9978.22,8,2025-10-20 00:00:00,2025-11-14 00:00:00
3535,SKU-03535,Router TP-Link 2053,Router inalámbrico para conexión de red,2449.8,65,2025-11-21 00:00:00,2026-05-01 00:00:00
3536,SKU-03536,Webcam Trust 6370,Cámara web para videollamadas,978.79,60,2025-05-29 00:00:00,2025-08-30 00:00:00
3537,SKU-03537,Disco SSD Western Digital 887,Unidad SSD para almacenamiento de datos,3324.25,64,2026-03-29 00:00:00,2026-04-22 00:00:00
3538,SKU-03538,Mouse Razer 6643,Mouse óptico para computadora,631.45,56,2025-04-28 00:00:00,2025-09-01 00:00:00
3539,SKU-03539,Router Netgear 8989,Router inalámbrico para conexión de red,1484.59,32,2025-08-31 00:00:00,2026-01-02 00:00:00
3540,SKU-03540,Mouse Microsoft 6634,Mouse óptico para computadora,950.16,9,2025-08-07 00:00:00,2026-01-31 00:00:00
3541,SKU-03541,Disco SSD Crucial 7481,Unidad SSD para almacenamiento de datos,1390.45,43,2026-08-13 00:00:00,2026-09-21 00:00:00
3542,SKU-03542,Disco SSD Crucial 7526,Unidad SSD para almacenamiento de datos,3477.8,47,2025-08-28 00:00:00,2025-09-15 00:00:00
3543,SKU-03543,Mouse Microsoft 5929,Mouse óptico para computadora,1624.4,20,2025-03-04 00:00:00,2025-08-17 00:00:00
3544,SKU-03544,Monitor Samsung 8375,Monitor para computadora de alta resolución,4071.19,26,2025-08-08 00:00:00,2026-01-31 00:00:00
3545,SKU-03545,Disco SSD ADATA 4092,Unidad SSD para almacenamiento de datos,2203.51,69,2026-04-27 00:00:00,2026-07-01 00:00:00
3546,SKU-03546,Cable USB Steren 3104,Cable USB para conexión y transferencia de datos,310.14,96,2025-12-04 00:00:00,2026-08-07 00:00:00
3547,SKU-03547,Webcam Trust 5101,Cámara web para videollamadas,937.73,65,2026-04-20 00:00:00,2026-09-21 00:00:00
3548,SKU-03548,Monitor LG 5576,Monitor para computadora de alta resolución,5064.15,40,2025-04-01 00:00:00,2025-06-05 00:00:00
3549,SKU-03549,Webcam Logitech 4688,Cámara web para videollamadas,1492.79,38,2025-06-16 00:00:00,2025-10-21 00:00:00
3550,SKU-03550,Teclado Redragon 7358,Teclado para computadora de uso diario,445.11,51,2026-08-12 00:00:00,2026-09-21 00:00:00
3551,SKU-03551,Router Tenda 8705,Router inalámbrico para conexión de red,2167.21,27,2025-07-28 00:00:00,2025-09-04 00:00:00
3552,SKU-03552,Memoria USB SanDisk 1624,Memoria USB para almacenamiento y transferencia de archivos,510.68,94,2025-10-15 00:00:00,2026-04-03 00:00:00
3553,SKU-03553,Memoria USB ADATA 547,Memoria USB para almacenamiento y transferencia de archivos,1552.01,52,2025-12-28 00:00:00,2026-04-13 00:00:00
3554,SKU-03554,Cable USB Belkin 9676,Cable USB para conexión y transferencia de datos,1362.85,67,2025-09-26 00:00:00,2025-12-23 00:00:00
3555,SKU-03555,Router Tenda 5584,Router inalámbrico para conexión de red,577.39,52,2025-03-04 00:00:00,2025-07-31 00:00:00
3556,SKU-03556,Cable USB Baseus 4224,Cable USB para conexión y transferencia de datos,1146.55,136,2025-12-28 00:00:00,2026-05-25 00:00:00
3557,SKU-03557,Disco SSD Western Digital 6148,Unidad SSD para almacenamiento de datos,4025.12,59,2026-03-06 00:00:00,2026-09-21 00:00:00
3558,SKU-03558,Router TP-Link 1852,Router inalámbrico para conexión de red,1580.76,44,2025-05-23 00:00:00,2025-08-25 00:00:00
3559,SKU-03559,Monitor LG 7782,Monitor para computadora de alta resolución,5636.74,26,2025-01-18 00:00:00,2025-05-15 00:00:00
3560,SKU-03560,Webcam HP 9120,Cámara web para videollamadas,2694.87,67,2025-10-18 00:00:00,2025-10-25 00:00:00
3561,SKU-03561,Mouse Razer 4001,Mouse óptico para computadora,1916.83,55,2025-06-06 00:00:00,2026-01-06 00:00:00
3562,SKU-03562,Mouse Razer 2384,Mouse óptico para computadora,1419.61,20,2025-05-27 00:00:00,2026-01-24 00:00:00
3563,SKU-03563,Audífonos Logitech 404,"Audífonos para música, llamadas y multimedia",3283.68,96,2025-03-12 00:00:00,2025-05-28 00:00:00
3564,SKU-03564,Cable USB Belkin 2868,Cable USB para conexión y transferencia de datos,1195.74,103,2026-01-08 00:00:00,2026-06-01 00:00:00
3565,SKU-03565,Router D-Link 4763,Router inalámbrico para conexión de red,448.97,77,2025-05-08 00:00:00,2025-07-26 00:00:00
3566,SKU-03566,Router D-Link 4922,Router inalámbrico para conexión de red,2610.77,86,2025-04-29 00:00:00,2025-08-15 00:00:00
3567,SKU-03567,Webcam Trust 4903,Cámara web para videollamadas,1233.21,30,2025-11-20 00:00:00,2026-01-16 00:00:00
3568,SKU-03568,Webcam AverMedia 4100,Cámara web para videollamadas,742.69,95,2025-02-13 00:00:00,2025-05-09 00:00:00
3569,SKU-03569,Router Netgear 7502,Router inalámbrico para conexión de red,2903.47,38,2025-08-17 00:00:00,2026-04-01 00:00:00
3570,SKU-03570,Monitor ASUS 2512,Monitor para computadora de alta resolución,5846.78,12,2026-03-09 00:00:00,2026-09-06 00:00:00
3571,SKU-03571,Laptop Lenovo 6300,Equipo portátil para trabajo y estudio,11242.35,8,2025-03-15 00:00:00,2025-06-09 00:00:00
3572,SKU-03572,Router D-Link 2501,Router inalámbrico para conexión de red,2210.43,22,2025-01-25 00:00:00,2025-05-20 00:00:00
3573,SKU-03573,Audífonos Philips 7084,"Audífonos para música, llamadas y multimedia",2211.94,89,2025-08-17 00:00:00,2025-09-02 00:00:00
3574,SKU-03574,Router Huawei 3324,Router inalámbrico para conexión de red,1387.58,25,2025-01-05 00:00:00,2025-08-11 00:00:00
3575,SKU-03575,Disco SSD Western Digital 3335,Unidad SSD para almacenamiento de datos,3925.53,7,2025-05-03 00:00:00,2025-12-07 00:00:00
3576,SKU-03576,Mouse Microsoft 4294,Mouse óptico para computadora,1094.92,76,2026-01-23 00:00:00,2026-04-16 00:00:00
3577,SKU-03577,Router Huawei 3220,Router inalámbrico para conexión de red,1684.18,42,2025-02-06 00:00:00,2025-04-19 00:00:00
3578,SKU-03578,Disco SSD Western Digital 3478,Unidad SSD para almacenamiento de datos,3462.42,33,2025-10-13 00:00:00,2026-04-07 00:00:00
3579,SKU-03579,Monitor Samsung 2272,Monitor para computadora de alta resolución,4937.04,24,2025-08-13 00:00:00,2025-11-05 00:00:00
3580,SKU-03580,Laptop Acer 6878,Equipo portátil para trabajo y estudio,9561.37,9,2026-05-25 00:00:00,2026-09-21 00:00:00
3581,SKU-03581,Laptop ASUS 7910,Equipo portátil para trabajo y estudio,15058.41,24,2025-09-16 00:00:00,2025-12-31 00:00:00
3582,SKU-03582,Laptop Dell 1581,Equipo portátil para trabajo y estudio,21436.9,4,2025-06-19 00:00:00,2025-10-13 00:00:00
3583,SKU-03583,Teclado Genius 1416,Teclado para computadora de uso diario,1334.04,45,2025-06-30 00:00:00,2025-10-04 00:00:00
3584,SKU-03584,Laptop Acer 7356,Equipo portátil para trabajo y estudio,24967.68,33,2026-07-29 00:00:00,2026-09-21 00:00:00
3585,SKU-03585,Memoria USB Verbatim 5662,Memoria USB para almacenamiento y transferencia de archivos,120.28,94,2026-01-19 00:00:00,2026-05-06 00:00:00
3586,SKU-03586,Router TP-Link 7436,Router inalámbrico para conexión de red,1186.31,42,2025-01-06 00:00:00,2025-04-15 00:00:00
3587,SKU-03587,Memoria USB ADATA 4329,Memoria USB para almacenamiento y transferencia de archivos,1204.51,27,2026-01-27 00:00:00,2026-06-23 00:00:00
3588,SKU-03588,Disco SSD Crucial 2004,Unidad SSD para almacenamiento de datos,3747.74,39,2025-06-21 00:00:00,2025-12-22 00:00:00
3589,SKU-03589,Monitor ASUS 3558,Monitor para computadora de alta resolución,11844.99,47,2026-04-24 00:00:00,2026-05-04 00:00:00
3590,SKU-03590,Teclado Redragon 7414,Teclado para computadora de uso diario,1848.96,14,2025-08-15 00:00:00,2026-01-04 00:00:00
3591,SKU-03591,Laptop ASUS 5069,Equipo portátil para trabajo y estudio,17707.34,18,2025-09-16 00:00:00,2025-12-02 00:00:00
3592,SKU-03592,Mouse Logitech 1823,Mouse óptico para computadora,2898.68,11,2025-07-02 00:00:00,2026-02-13 00:00:00
3593,SKU-03593,Mouse Genius 3254,Mouse óptico para computadora,1080.05,35,2025-02-23 00:00:00,2025-07-22 00:00:00
3594,SKU-03594,Teclado Genius 2304,Teclado para computadora de uso diario,2776.9,49,2025-01-05 00:00:00,2025-08-21 00:00:00
3595,SKU-03595,Teclado Microsoft 8532,Teclado para computadora de uso diario,1969.41,71,2026-08-07 00:00:00,2026-09-21 00:00:00
3596,SKU-03596,Teclado Logitech 6395,Teclado para computadora de uso diario,2524.82,46,2025-07-09 00:00:00,2026-03-08 00:00:00
3597,SKU-03597,Cable USB Belkin 7001,Cable USB para conexión y transferencia de datos,952.08,119,2025-10-24 00:00:00,2026-05-09 00:00:00
3598,SKU-03598,Laptop Acer 374,Equipo portátil para trabajo y estudio,21208.49,5,2026-07-10 00:00:00,2026-09-21 00:00:00
3599,SKU-03599,Cable USB Belkin 375,Cable USB para conexión y transferencia de datos,1581.58,118,2026-01-29 00:00:00,2026-07-09 00:00:00
3600,SKU-03600,Memoria USB PNY 2816,Memoria USB para almacenamiento y transferencia de archivos,1009.02,95,2025-04-26 00:00:00,2025-08-07 00:00:00
3601,SKU-03601,Router D-Link 6057,Router inalámbrico para conexión de red,1768.62,93,2025-02-04 00:00:00,2025-05-24 00:00:00
3602,SKU-03602,Cable USB Amazon Basics 562,Cable USB para conexión y transferencia de datos,1678.56,72,2026-08-19 00:00:00,2026-09-21 00:00:00
3603,SKU-03603,Webcam HP 3713,Cámara web para videollamadas,1893.18,34,2025-08-06 00:00:00,2025-10-14 00:00:00
3604,SKU-03604,Router Netgear 5683,Router inalámbrico para conexión de red,2823.94,14,2025-12-27 00:00:00,2026-07-02 00:00:00
3605,SKU-03605,Router Tenda 7076,Router inalámbrico para conexión de red,1205.03,93,2025-08-01 00:00:00,2025-10-17 00:00:00
3606,SKU-03606,Mouse Logitech 6196,Mouse óptico para computadora,1638.77,19,2026-05-19 00:00:00,2026-09-21 00:00:00
3607,SKU-03607,Router TP-Link 1443,Router inalámbrico para conexión de red,1505.67,78,2025-07-09 00:00:00,2025-12-07 00:00:00
3608,SKU-03608,Router Huawei 9988,Router inalámbrico para conexión de red,3070.89,84,2025-10-24 00:00:00,2026-03-07 00:00:00
3609,SKU-03609,Cable USB Steren 1922,Cable USB para conexión y transferencia de datos,1182.98,78,2025-06-20 00:00:00,2025-12-09 00:00:00
3610,SKU-03610,Router TP-Link 9213,Router inalámbrico para conexión de red,3019.27,40,2026-08-20 00:00:00,2026-09-21 00:00:00
3611,SKU-03611,Audífonos Logitech 6753,"Audífonos para música, llamadas y multimedia",2069.86,90,2025-12-15 00:00:00,2026-07-24 00:00:00
3612,SKU-03612,Router Huawei 9813,Router inalámbrico para conexión de red,1342.23,17,2026-01-28 00:00:00,2026-07-26 00:00:00
3613,SKU-03613,Laptop ASUS 4199,Equipo portátil para trabajo y estudio,25638.42,13,2026-03-25 00:00:00,2026-06-14 00:00:00
3614,SKU-03614,Teclado Microsoft 5049,Teclado para computadora de uso diario,814.99,40,2025-08-06 00:00:00,2025-10-02 00:00:00
3615,SKU-03615,Monitor LG 5160,Monitor para computadora de alta resolución,4505.45,6,2025-01-24 00:00:00,2025-09-22 00:00:00
3616,SKU-03616,Disco SSD Crucial 2841,Unidad SSD para almacenamiento de datos,4135.41,17,2026-03-06 00:00:00,2026-03-23 00:00:00
3617,SKU-03617,Cable USB UGREEN 2350,Cable USB para conexión y transferencia de datos,914.64,126,2026-07-21 00:00:00,2026-09-21 00:00:00
3618,SKU-03618,Mouse Microsoft 8724,Mouse óptico para computadora,1188.15,11,2025-10-04 00:00:00,2026-01-23 00:00:00
3619,SKU-03619,Mouse Microsoft 3337,Mouse óptico para computadora,3108.93,46,2025-01-22 00:00:00,2025-02-13 00:00:00
3620,SKU-03620,Monitor AOC 8401,Monitor para computadora de alta resolución,3540.61,20,2025-02-09 00:00:00,2025-10-17 00:00:00
3621,SKU-03621,Memoria USB SanDisk 8535,Memoria USB para almacenamiento y transferencia de archivos,707.3,13,2025-08-17 00:00:00,2026-04-01 00:00:00
3622,SKU-03622,Audífonos Philips 8025,"Audífonos para música, llamadas y multimedia",2671.95,40,2026-05-06 00:00:00,2026-05-18 00:00:00
3623,SKU-03623,Webcam Logitech 8144,Cámara web para videollamadas,1910.24,73,2026-07-12 00:00:00,2026-08-28 00:00:00
3624,SKU-03624,Memoria USB ADATA 5038,Memoria USB para almacenamiento y transferencia de archivos,753.5,123,2025-11-06 00:00:00,2026-05-03 00:00:00
3625,SKU-03625,Mouse Genius 7352,Mouse óptico para computadora,2866.37,64,2026-03-04 00:00:00,2026-08-29 00:00:00
3626,SKU-03626,Laptop Dell 2183,Equipo portátil para trabajo y estudio,12410.21,11,2026-06-18 00:00:00,2026-06-19 00:00:00
3627,SKU-03627,Mouse Microsoft 8751,Mouse óptico para computadora,1117.56,21,2025-03-08 00:00:00,2025-10-31 00:00:00
3628,SKU-03628,Mouse Genius 7180,Mouse óptico para computadora,1522.9,49,2026-01-22 00:00:00,2026-06-06 00:00:00
3629,SKU-03629,Disco SSD Samsung 8050,Unidad SSD para almacenamiento de datos,3972.54,62,2025-03-11 00:00:00,2025-03-29 00:00:00
3630,SKU-03630,Monitor LG 2891,Monitor para computadora de alta resolución,10927.77,45,2026-02-18 00:00:00,2026-05-22 00:00:00
3631,SKU-03631,Router Tenda 7797,Router inalámbrico para conexión de red,3253.84,65,2026-02-22 00:00:00,2026-09-11 00:00:00
3632,SKU-03632,Memoria USB PNY 8286,Memoria USB para almacenamiento y transferencia de archivos,244.52,51,2026-07-29 00:00:00,2026-09-21 00:00:00
3633,SKU-03633,Memoria USB ADATA 541,Memoria USB para almacenamiento y transferencia de archivos,336.27,93,2025-11-26 00:00:00,2026-07-12 00:00:00
3634,SKU-03634,Memoria USB ADATA 5402,Memoria USB para almacenamiento y transferencia de archivos,1149.83,124,2025-05-21 00:00:00,2025-10-29 00:00:00
3635,SKU-03635,Mouse Genius 3267,Mouse óptico para computadora,3019.95,42,2025-12-29 00:00:00,2026-04-09 00:00:00
3636,SKU-03636,Teclado Microsoft 7784,Teclado para computadora de uso diario,1979.18,48,2025-01-12 00:00:00,2025-06-06 00:00:00
3637,SKU-03637,Router D-Link 8326,Router inalámbrico para conexión de red,3105.95,36,2025-12-25 00:00:00,2026-03-06 00:00:00
3638,SKU-03638,Audífonos Sony 8534,"Audífonos para música, llamadas y multimedia",2430.57,94,2025-07-18 00:00:00,2026-01-05 00:00:00
3639,SKU-03639,Monitor AOC 8999,Monitor para computadora de alta resolución,5454.42,48,2026-03-04 00:00:00,2026-09-21 00:00:00
3640,SKU-03640,Audífonos HyperX 3370,"Audífonos para música, llamadas y multimedia",2753.55,13,2026-06-27 00:00:00,2026-09-21 00:00:00
3641,SKU-03641,Webcam Microsoft 1198,Cámara web para videollamadas,2558.68,97,2025-07-17 00:00:00,2025-12-07 00:00:00
3642,SKU-03642,Audífonos JBL 7525,"Audífonos para música, llamadas y multimedia",2224.45,39,2025-03-17 00:00:00,2025-08-24 00:00:00
3643,SKU-03643,Webcam Logitech 8363,Cámara web para videollamadas,3234.75,18,2025-09-16 00:00:00,2025-12-18 00:00:00
3644,SKU-03644,Disco SSD Kingston 1442,Unidad SSD para almacenamiento de datos,1920.48,6,2026-06-11 00:00:00,2026-09-21 00:00:00
3645,SKU-03645,Cable USB Steren 6521,Cable USB para conexión y transferencia de datos,1744.86,127,2026-05-21 00:00:00,2026-07-01 00:00:00
3646,SKU-03646,Laptop Acer 830,Equipo portátil para trabajo y estudio,25904.86,7,2025-06-27 00:00:00,2026-02-10 00:00:00
3647,SKU-03647,Cable USB Baseus 5470,Cable USB para conexión y transferencia de datos,1661.61,62,2025-10-12 00:00:00,2026-03-14 00:00:00
3648,SKU-03648,Router Huawei 379,Router inalámbrico para conexión de red,2796.56,47,2026-07-29 00:00:00,2026-09-21 00:00:00
3649,SKU-03649,Cable USB Amazon Basics 1129,Cable USB para conexión y transferencia de datos,763.9,61,2025-04-25 00:00:00,2025-06-12 00:00:00
3650,SKU-03650,Monitor ASUS 3355,Monitor para computadora de alta resolución,11587.87,21,2026-04-04 00:00:00,2026-05-31 00:00:00
3651,SKU-03651,Teclado HP 8129,Teclado para computadora de uso diario,1053.55,62,2026-06-23 00:00:00,2026-09-21 00:00:00
3652,SKU-03652,Disco SSD Crucial 2345,Unidad SSD para almacenamiento de datos,2224.89,10,2025-05-16 00:00:00,2025-07-03 00:00:00
3653,SKU-03653,Teclado Microsoft 1924,Teclado para computadora de uso diario,1508.18,33,2026-05-10 00:00:00,2026-09-21 00:00:00
3654,SKU-03654,Disco SSD Crucial 8780,Unidad SSD para almacenamiento de datos,4131.44,61,2025-11-18 00:00:00,2026-04-15 00:00:00
3655,SKU-03655,Disco SSD Western Digital 9762,Unidad SSD para almacenamiento de datos,2587.39,20,2026-05-23 00:00:00,2026-06-08 00:00:00
3656,SKU-03656,Laptop HP 8176,Equipo portátil para trabajo y estudio,27588.54,18,2026-01-26 00:00:00,2026-09-17 00:00:00
3657,SKU-03657,Mouse HP 3540,Mouse óptico para computadora,3204.77,86,2025-10-19 00:00:00,2026-03-02 00:00:00
3658,SKU-03658,Monitor LG 1640,Monitor para computadora de alta resolución,7030.62,10,2026-01-23 00:00:00,2026-03-19 00:00:00
3659,SKU-03659,Teclado HP 2154,Teclado para computadora de uso diario,1764.99,99,2026-06-01 00:00:00,2026-09-21 00:00:00
3660,SKU-03660,Router D-Link 1794,Router inalámbrico para conexión de red,3349.69,88,2026-07-17 00:00:00,2026-09-18 00:00:00
3661,SKU-03661,Audífonos HyperX 5977,"Audífonos para música, llamadas y multimedia",1995.88,11,2026-04-14 00:00:00,2026-06-09 00:00:00
3662,SKU-03662,Memoria USB ADATA 3197,Memoria USB para almacenamiento y transferencia de archivos,250.8,17,2025-06-12 00:00:00,2025-08-22 00:00:00
3663,SKU-03663,Disco SSD Kingston 1608,Unidad SSD para almacenamiento de datos,1931.84,16,2026-02-16 00:00:00,2026-09-21 00:00:00
3664,SKU-03664,Memoria USB Verbatim 8774,Memoria USB para almacenamiento y transferencia de archivos,1698.71,108,2025-12-10 00:00:00,2026-06-15 00:00:00
3665,SKU-03665,Memoria USB PNY 3389,Memoria USB para almacenamiento y transferencia de archivos,754.6,107,2026-06-23 00:00:00,2026-09-18 00:00:00
3666,SKU-03666,Laptop Acer 7479,Equipo portátil para trabajo y estudio,15963.12,6,2026-01-23 00:00:00,2026-06-10 00:00:00
3667,SKU-03667,Router Tenda 4436,Router inalámbrico para conexión de red,602.07,7,2026-04-29 00:00:00,2026-04-30 00:00:00
3668,SKU-03668,Monitor ASUS 5123,Monitor para computadora de alta resolución,4517.94,8,2025-04-21 00:00:00,2025-07-09 00:00:00
3669,SKU-03669,Cable USB Steren 4940,Cable USB para conexión y transferencia de datos,216.97,10,2026-07-22 00:00:00,2026-09-21 00:00:00
3670,SKU-03670,Disco SSD ADATA 8983,Unidad SSD para almacenamiento de datos,789.64,8,2025-12-16 00:00:00,2026-01-10 00:00:00
3671,SKU-03671,Laptop ASUS 2671,Equipo portátil para trabajo y estudio,11754.29,26,2025-08-02 00:00:00,2025-08-10 00:00:00
3672,SKU-03672,Mouse Microsoft 219,Mouse óptico para computadora,2346.54,22,2025-07-22 00:00:00,2025-07-29 00:00:00
3673,SKU-03673,Audífonos Logitech 7400,"Audífonos para música, llamadas y multimedia",1853.58,79,2026-02-19 00:00:00,2026-06-19 00:00:00
3674,SKU-03674,Memoria USB Kingston 9539,Memoria USB para almacenamiento y transferencia de archivos,506.48,124,2025-11-09 00:00:00,2026-05-20 00:00:00
3675,SKU-03675,Memoria USB Verbatim 6536,Memoria USB para almacenamiento y transferencia de archivos,1149.11,72,2025-03-04 00:00:00,2025-04-22 00:00:00
3676,SKU-03676,Router D-Link 7566,Router inalámbrico para conexión de red,520.77,6,2026-01-27 00:00:00,2026-02-13 00:00:00
3677,SKU-03677,Monitor ASUS 8277,Monitor para computadora de alta resolución,5082.28,47,2026-01-21 00:00:00,2026-08-18 00:00:00
3678,SKU-03678,Disco SSD ADATA 2079,Unidad SSD para almacenamiento de datos,801.81,51,2026-03-22 00:00:00,2026-08-23 00:00:00
3679,SKU-03679,Laptop Lenovo 4967,Equipo portátil para trabajo y estudio,23523.82,21,2025-01-05 00:00:00,2025-02-27 00:00:00
3680,SKU-03680,Router TP-Link 9872,Router inalámbrico para conexión de red,922.16,46,2026-01-04 00:00:00,2026-02-28 00:00:00
3681,SKU-03681,Disco SSD ADATA 4159,Unidad SSD para almacenamiento de datos,1786.55,18,2025-05-06 00:00:00,2025-11-28 00:00:00
3682,SKU-03682,Router Tenda 9006,Router inalámbrico para conexión de red,2297.28,58,2026-07-16 00:00:00,2026-09-21 00:00:00
3683,SKU-03683,Disco SSD ADATA 1061,Unidad SSD para almacenamiento de datos,3853.24,53,2025-10-16 00:00:00,2025-12-02 00:00:00
3684,SKU-03684,Mouse HP 9272,Mouse óptico para computadora,2613.82,48,2025-05-02 00:00:00,2025-06-01 00:00:00
3685,SKU-03685,Router Tenda 3200,Router inalámbrico para conexión de red,2617.64,38,2026-05-15 00:00:00,2026-09-21 00:00:00
3686,SKU-03686,Cable USB Amazon Basics 679,Cable USB para conexión y transferencia de datos,638.6,89,2025-09-05 00:00:00,2025-10-02 00:00:00
3687,SKU-03687,Teclado Logitech 8159,Teclado para computadora de uso diario,3160.12,83,2026-04-13 00:00:00,2026-07-16 00:00:00
3688,SKU-03688,Mouse HP 9089,Mouse óptico para computadora,1382.74,84,2026-03-31 00:00:00,2026-09-21 00:00:00
3689,SKU-03689,Memoria USB SanDisk 2435,Memoria USB para almacenamiento y transferencia de archivos,181.34,150,2026-01-21 00:00:00,2026-04-28 00:00:00
3690,SKU-03690,Mouse HP 4748,Mouse óptico para computadora,1724.63,9,2025-03-25 00:00:00,2025-05-23 00:00:00
3691,SKU-03691,Router TP-Link 1842,Router inalámbrico para conexión de red,754.65,11,2025-11-07 00:00:00,2025-12-16 00:00:00
3692,SKU-03692,Memoria USB Kingston 9691,Memoria USB para almacenamiento y transferencia de archivos,1703.39,126,2025-01-17 00:00:00,2025-05-20 00:00:00
3693,SKU-03693,Audífonos Logitech 5944,"Audífonos para música, llamadas y multimedia",1828.05,77,2025-02-14 00:00:00,2025-08-11 00:00:00
3694,SKU-03694,Webcam Microsoft 5552,Cámara web para videollamadas,3273.22,16,2025-07-16 00:00:00,2025-08-19 00:00:00
3695,SKU-03695,Mouse Razer 7098,Mouse óptico para computadora,2449.39,72,2026-04-24 00:00:00,2026-06-11 00:00:00
3696,SKU-03696,Teclado HP 8323,Teclado para computadora de uso diario,931.35,100,2025-03-12 00:00:00,2025-07-30 00:00:00
3697,SKU-03697,Teclado Logitech 7004,Teclado para computadora de uso diario,1758.01,65,2026-03-30 00:00:00,2026-08-15 00:00:00
3698,SKU-03698,Webcam HP 9288,Cámara web para videollamadas,2776.81,36,2026-01-12 00:00:00,2026-02-05 00:00:00
3699,SKU-03699,Mouse Razer 3583,Mouse óptico para computadora,1868.38,20,2025-11-21 00:00:00,2025-12-12 00:00:00
3700,SKU-03700,Memoria USB Kingston 2584,Memoria USB para almacenamiento y transferencia de archivos,1675.57,126,2025-02-17 00:00:00,2025-09-06 00:00:00
3701,SKU-03701,Disco SSD Samsung 4304,Unidad SSD para almacenamiento de datos,2100.56,10,2026-03-24 00:00:00,2026-07-18 00:00:00
3702,SKU-03702,Cable USB Baseus 8985,Cable USB para conexión y transferencia de datos,1139.97,17,2026-03-24 00:00:00,2026-09-21 00:00:00
3703,SKU-03703,Webcam Trust 7054,Cámara web para videollamadas,2367.37,67,2025-11-12 00:00:00,2025-12-29 00:00:00
3704,SKU-03704,Mouse Logitech 4410,Mouse óptico para computadora,2431.44,43,2025-07-31 00:00:00,2025-12-29 00:00:00
3705,SKU-03705,Laptop Dell 7359,Equipo portátil para trabajo y estudio,20317.24,17,2026-08-22 00:00:00,2026-09-21 00:00:00
3706,SKU-03706,Audífonos JBL 3421,"Audífonos para música, llamadas y multimedia",379.26,82,2025-10-03 00:00:00,2026-01-26 00:00:00
3707,SKU-03707,Router TP-Link 6429,Router inalámbrico para conexión de red,913.96,12,2025-11-25 00:00:00,2026-04-14 00:00:00
3708,SKU-03708,Router D-Link 9457,Router inalámbrico para conexión de red,1531.21,92,2025-06-04 00:00:00,2025-08-24 00:00:00
3709,SKU-03709,Teclado Genius 2372,Teclado para computadora de uso diario,481.16,79,2025-07-09 00:00:00,2025-12-06 00:00:00
3710,SKU-03710,Laptop ASUS 4747,Equipo portátil para trabajo y estudio,17348.07,16,2025-04-13 00:00:00,2025-05-21 00:00:00
3711,SKU-03711,Router Tenda 1668,Router inalámbrico para conexión de red,2714.19,89,2026-01-30 00:00:00,2026-09-05 00:00:00
3712,SKU-03712,Teclado Logitech 1426,Teclado para computadora de uso diario,3314.33,62,2025-06-17 00:00:00,2025-09-30 00:00:00
3713,SKU-03713,Audífonos Logitech 6992,"Audífonos para música, llamadas y multimedia",537.04,97,2025-09-06 00:00:00,2026-03-16 00:00:00
3714,SKU-03714,Laptop Dell 6926,Equipo portátil para trabajo y estudio,14995.7,5,2025-08-18 00:00:00,2025-12-06 00:00:00
3715,SKU-03715,Disco SSD Western Digital 3846,Unidad SSD para almacenamiento de datos,1175.3,53,2025-01-20 00:00:00,2025-04-30 00:00:00
3716,SKU-03716,Laptop Acer 6053,Equipo portátil para trabajo y estudio,10433.75,21,2026-04-13 00:00:00,2026-08-06 00:00:00
3717,SKU-03717,Mouse Genius 1520,Mouse óptico para computadora,1706.73,28,2026-08-18 00:00:00,2026-09-21 00:00:00
3718,SKU-03718,Cable USB Belkin 8435,Cable USB para conexión y transferencia de datos,115.36,97,2026-05-17 00:00:00,2026-09-21 00:00:00
3719,SKU-03719,Cable USB Baseus 9887,Cable USB para conexión y transferencia de datos,1299.18,37,2026-03-02 00:00:00,2026-05-26 00:00:00
3720,SKU-03720,Disco SSD Western Digital 5544,Unidad SSD para almacenamiento de datos,2532.86,61,2026-01-10 00:00:00,2026-07-29 00:00:00
3721,SKU-03721,Cable USB UGREEN 3664,Cable USB para conexión y transferencia de datos,1131.4,52,2025-05-26 00:00:00,2025-09-28 00:00:00
3722,SKU-03722,Router Netgear 3109,Router inalámbrico para conexión de red,2965.82,28,2026-04-09 00:00:00,2026-08-30 00:00:00
3723,SKU-03723,Mouse Genius 2817,Mouse óptico para computadora,2204.81,95,2025-02-28 00:00:00,2025-08-16 00:00:00
3724,SKU-03724,Memoria USB Kingston 4534,Memoria USB para almacenamiento y transferencia de archivos,1055.36,84,2025-10-21 00:00:00,2026-05-04 00:00:00
3725,SKU-03725,Router D-Link 9671,Router inalámbrico para conexión de red,2540.0,17,2026-07-17 00:00:00,2026-09-21 00:00:00
3726,SKU-03726,Webcam Trust 2604,Cámara web para videollamadas,1202.32,78,2025-04-02 00:00:00,2025-10-30 00:00:00
3727,SKU-03727,Disco SSD Kingston 7446,Unidad SSD para almacenamiento de datos,3199.8,36,2026-02-22 00:00:00,2026-06-10 00:00:00
3728,SKU-03728,Memoria USB Kingston 7451,Memoria USB para almacenamiento y transferencia de archivos,1023.46,22,2025-04-09 00:00:00,2025-06-25 00:00:00
3729,SKU-03729,Cable USB Amazon Basics 823,Cable USB para conexión y transferencia de datos,1659.89,50,2026-05-07 00:00:00,2026-09-20 00:00:00
3730,SKU-03730,Monitor Samsung 9543,Monitor para computadora de alta resolución,10271.9,26,2026-03-21 00:00:00,2026-05-16 00:00:00
3731,SKU-03731,Audífonos Sony 4812,"Audífonos para música, llamadas y multimedia",1748.33,15,2025-07-14 00:00:00,2025-12-29 00:00:00
3732,SKU-03732,Laptop Lenovo 9805,Equipo portátil para trabajo y estudio,10310.54,30,2025-12-11 00:00:00,2026-01-07 00:00:00
3733,SKU-03733,Disco SSD Crucial 1946,Unidad SSD para almacenamiento de datos,1169.17,49,2025-05-30 00:00:00,2025-06-27 00:00:00
3734,SKU-03734,Cable USB Belkin 7031,Cable USB para conexión y transferencia de datos,1233.69,51,2026-06-17 00:00:00,2026-09-21 00:00:00
3735,SKU-03735,Disco SSD Crucial 4875,Unidad SSD para almacenamiento de datos,2668.5,54,2025-05-21 00:00:00,2025-11-28 00:00:00
3736,SKU-03736,Cable USB Steren 1904,Cable USB para conexión y transferencia de datos,1792.89,64,2026-04-16 00:00:00,2026-09-21 00:00:00
3737,SKU-03737,Monitor LG 1714,Monitor para computadora de alta resolución,8552.03,29,2026-01-08 00:00:00,2026-03-10 00:00:00
3738,SKU-03738,Teclado HP 6736,Teclado para computadora de uso diario,786.02,39,2026-03-08 00:00:00,2026-03-15 00:00:00
3739,SKU-03739,Audífonos Logitech 7999,"Audífonos para música, llamadas y multimedia",619.92,21,2026-03-22 00:00:00,2026-06-07 00:00:00
3740,SKU-03740,Laptop HP 8926,Equipo portátil para trabajo y estudio,14230.05,27,2026-04-29 00:00:00,2026-05-24 00:00:00
3741,SKU-03741,Laptop ASUS 7633,Equipo portátil para trabajo y estudio,16413.02,4,2026-06-11 00:00:00,2026-09-21 00:00:00
3742,SKU-03742,Cable USB Belkin 3578,Cable USB para conexión y transferencia de datos,838.18,79,2025-08-24 00:00:00,2026-01-18 00:00:00
3743,SKU-03743,Mouse Razer 534,Mouse óptico para computadora,2274.44,19,2025-03-16 00:00:00,2025-10-17 00:00:00
3744,SKU-03744,Webcam Microsoft 3957,Cámara web para videollamadas,2924.15,79,2025-01-14 00:00:00,2025-07-16 00:00:00
3745,SKU-03745,Memoria USB PNY 7632,Memoria USB para almacenamiento y transferencia de archivos,1399.9,67,2025-09-04 00:00:00,2026-03-05 00:00:00
3746,SKU-03746,Memoria USB Kingston 4380,Memoria USB para almacenamiento y transferencia de archivos,1469.6,135,2026-02-04 00:00:00,2026-08-03 00:00:00
3747,SKU-03747,Audífonos Logitech 8503,"Audífonos para música, llamadas y multimedia",1402.04,85,2025-09-03 00:00:00,2025-10-31 00:00:00
3748,SKU-03748,Cable USB Steren 9486,Cable USB para conexión y transferencia de datos,385.53,67,2026-03-31 00:00:00,2026-08-31 00:00:00
3749,SKU-03749,Cable USB Steren 5124,Cable USB para conexión y transferencia de datos,1637.07,96,2026-07-26 00:00:00,2026-08-28 00:00:00
3750,SKU-03750,Audífonos Philips 4573,"Audífonos para música, llamadas y multimedia",876.36,99,2026-04-21 00:00:00,2026-09-21 00:00:00
3751,SKU-03751,Teclado HP 2370,Teclado para computadora de uso diario,644.51,77,2026-03-27 00:00:00,2026-09-21 00:00:00
3752,SKU-03752,Monitor AOC 7011,Monitor para computadora de alta resolución,6138.92,33,2026-06-12 00:00:00,2026-08-01 00:00:00
3753,SKU-03753,Router Tenda 9357,Router inalámbrico para conexión de red,712.46,92,2026-04-11 00:00:00,2026-09-14 00:00:00
3754,SKU-03754,Audífonos Philips 4606,"Audífonos para música, llamadas y multimedia",1466.28,55,2026-07-24 00:00:00,2026-07-27 00:00:00
3755,SKU-03755,Mouse Razer 2662,Mouse óptico para computadora,2791.41,85,2026-03-12 00:00:00,2026-09-21 00:00:00
3756,SKU-03756,Laptop Lenovo 2865,Equipo portátil para trabajo y estudio,18138.92,15,2026-03-18 00:00:00,2026-07-27 00:00:00
3757,SKU-03757,Router Huawei 9033,Router inalámbrico para conexión de red,3327.67,81,2025-03-13 00:00:00,2025-04-09 00:00:00
3758,SKU-03758,Cable USB UGREEN 7772,Cable USB para conexión y transferencia de datos,480.29,98,2025-05-17 00:00:00,2025-11-06 00:00:00
3759,SKU-03759,Laptop Dell 7217,Equipo portátil para trabajo y estudio,12937.16,6,2025-03-21 00:00:00,2025-04-22 00:00:00
3760,SKU-03760,Mouse Genius 8628,Mouse óptico para computadora,1776.94,78,2026-02-22 00:00:00,2026-05-29 00:00:00
3761,SKU-03761,Teclado Logitech 6623,Teclado para computadora de uso diario,2594.64,83,2025-11-05 00:00:00,2026-04-29 00:00:00
3762,SKU-03762,Monitor Dell 8909,Monitor para computadora de alta resolución,10824.33,4,2025-02-05 00:00:00,2025-05-24 00:00:00
3763,SKU-03763,Memoria USB Verbatim 9559,Memoria USB para almacenamiento y transferencia de archivos,1051.79,137,2026-02-27 00:00:00,2026-07-30 00:00:00
3764,SKU-03764,Disco SSD Samsung 8083,Unidad SSD para almacenamiento de datos,2245.57,59,2025-03-23 00:00:00,2025-11-11 00:00:00
3765,SKU-03765,Webcam HP 3980,Cámara web para videollamadas,1887.49,54,2026-06-28 00:00:00,2026-09-21 00:00:00
3766,SKU-03766,Mouse Microsoft 4588,Mouse óptico para computadora,376.16,19,2026-07-03 00:00:00,2026-07-08 00:00:00
3767,SKU-03767,Router Tenda 3444,Router inalámbrico para conexión de red,2943.79,96,2026-01-17 00:00:00,2026-02-12 00:00:00
3768,SKU-03768,Teclado Genius 6927,Teclado para computadora de uso diario,3351.7,82,2025-11-05 00:00:00,2026-07-10 00:00:00
3769,SKU-03769,Memoria USB Kingston 9669,Memoria USB para almacenamiento y transferencia de archivos,1468.16,148,2026-04-24 00:00:00,2026-06-08 00:00:00
3770,SKU-03770,Mouse Microsoft 1408,Mouse óptico para computadora,2759.23,57,2026-02-12 00:00:00,2026-03-12 00:00:00
3771,SKU-03771,Audífonos Philips 3519,"Audífonos para música, llamadas y multimedia",2082.13,45,2025-09-10 00:00:00,2025-12-28 00:00:00
3772,SKU-03772,Disco SSD Western Digital 985,Unidad SSD para almacenamiento de datos,1252.78,53,2026-04-25 00:00:00,2026-09-21 00:00:00
3773,SKU-03773,Mouse Microsoft 1367,Mouse óptico para computadora,1385.48,18,2026-06-24 00:00:00,2026-09-21 00:00:00
3774,SKU-03774,Router Huawei 1141,Router inalámbrico para conexión de red,1765.51,63,2025-04-02 00:00:00,2025-10-21 00:00:00
3775,SKU-03775,Mouse HP 8779,Mouse óptico para computadora,2310.55,17,2025-10-09 00:00:00,2026-03-05 00:00:00
3776,SKU-03776,Mouse Genius 2619,Mouse óptico para computadora,2451.35,81,2025-01-07 00:00:00,2025-03-22 00:00:00
3777,SKU-03777,Audífonos Logitech 1933,"Audífonos para música, llamadas y multimedia",2325.59,75,2025-11-14 00:00:00,2026-03-13 00:00:00
3778,SKU-03778,Router TP-Link 6321,Router inalámbrico para conexión de red,845.13,91,2026-02-14 00:00:00,2026-09-21 00:00:00
3779,SKU-03779,Teclado HP 3403,Teclado para computadora de uso diario,852.27,61,2026-01-21 00:00:00,2026-05-30 00:00:00
3780,SKU-03780,Laptop HP 2929,Equipo portátil para trabajo y estudio,23180.93,24,2026-04-14 00:00:00,2026-09-21 00:00:00
3781,SKU-03781,Disco SSD Kingston 2073,Unidad SSD para almacenamiento de datos,4281.03,14,2025-05-29 00:00:00,2025-08-15 00:00:00
3782,SKU-03782,Cable USB Steren 6152,Cable USB para conexión y transferencia de datos,1202.04,24,2025-07-16 00:00:00,2025-11-18 00:00:00
3783,SKU-03783,Teclado Microsoft 3151,Teclado para computadora de uso diario,2576.63,13,2025-07-05 00:00:00,2025-09-29 00:00:00
3784,SKU-03784,Laptop Lenovo 6289,Equipo portátil para trabajo y estudio,7783.21,31,2026-04-27 00:00:00,2026-05-17 00:00:00
3785,SKU-03785,Monitor ASUS 4228,Monitor para computadora de alta resolución,3447.63,19,2025-03-07 00:00:00,2025-09-03 00:00:00
3786,SKU-03786,Mouse Genius 371,Mouse óptico para computadora,1680.59,42,2025-07-20 00:00:00,2025-08-04 00:00:00
3787,SKU-03787,Teclado Redragon 6947,Teclado para computadora de uso diario,1228.09,8,2025-01-22 00:00:00,2025-04-14 00:00:00
3788,SKU-03788,Monitor ASUS 610,Monitor para computadora de alta resolución,11145.8,10,2026-02-22 00:00:00,2026-06-06 00:00:00
3789,SKU-03789,Mouse Microsoft 518,Mouse óptico para computadora,879.07,18,2025-09-14 00:00:00,2026-03-13 00:00:00
3790,SKU-03790,Memoria USB PNY 4044,Memoria USB para almacenamiento y transferencia de archivos,303.1,64,2025-04-17 00:00:00,2025-10-23 00:00:00
3791,SKU-03791,Router D-Link 2488,Router inalámbrico para conexión de red,2382.74,41,2026-06-19 00:00:00,2026-08-22 00:00:00
3792,SKU-03792,Laptop Dell 5302,Equipo portátil para trabajo y estudio,12588.27,24,2026-04-25 00:00:00,2026-05-09 00:00:00
3793,SKU-03793,Memoria USB SanDisk 9720,Memoria USB para almacenamiento y transferencia de archivos,1752.58,36,2026-06-07 00:00:00,2026-09-21 00:00:00
3794,SKU-03794,Teclado Redragon 3283,Teclado para computadora de uso diario,1179.55,48,2025-12-09 00:00:00,2026-07-22 00:00:00
3795,SKU-03795,Audífonos Philips 6400,"Audífonos para música, llamadas y multimedia",1307.47,61,2025-04-27 00:00:00,2025-05-18 00:00:00
3796,SKU-03796,Router Netgear 8621,Router inalámbrico para conexión de red,1185.28,87,2025-03-13 00:00:00,2025-09-21 00:00:00
3797,SKU-03797,Cable USB Baseus 9587,Cable USB para conexión y transferencia de datos,1025.03,66,2025-10-02 00:00:00,2026-01-04 00:00:00
3798,SKU-03798,Teclado Microsoft 2752,Teclado para computadora de uso diario,1350.52,93,2026-08-24 00:00:00,2026-09-21 00:00:00
3799,SKU-03799,Teclado Logitech 3406,Teclado para computadora de uso diario,2889.68,56,2025-01-16 00:00:00,2025-02-15 00:00:00
3800,SKU-03800,Mouse HP 9278,Mouse óptico para computadora,819.68,67,2025-06-01 00:00:00,2026-01-20 00:00:00
3801,SKU-03801,Cable USB Belkin 7979,Cable USB para conexión y transferencia de datos,800.06,126,2025-02-26 00:00:00,2025-05-19 00:00:00
3802,SKU-03802,Teclado HP 3558,Teclado para computadora de uso diario,1619.39,60,2025-10-15 00:00:00,2026-03-31 00:00:00
3803,SKU-03803,Monitor AOC 3893,Monitor para computadora de alta resolución,5914.21,22,2025-03-26 00:00:00,2025-07-31 00:00:00
3804,SKU-03804,Webcam AverMedia 9553,Cámara web para videollamadas,2229.0,32,2025-06-29 00:00:00,2025-12-15 00:00:00
3805,SKU-03805,Disco SSD Kingston 2518,Unidad SSD para almacenamiento de datos,3831.65,5,2025-01-06 00:00:00,2025-02-21 00:00:00
3806,SKU-03806,Disco SSD Crucial 4928,Unidad SSD para almacenamiento de datos,3185.47,44,2025-12-30 00:00:00,2026-03-18 00:00:00
3807,SKU-03807,Teclado Microsoft 3869,Teclado para computadora de uso diario,1720.15,73,2025-11-25 00:00:00,2026-06-11 00:00:00
3808,SKU-03808,Monitor Samsung 7702,Monitor para computadora de alta resolución,2639.93,49,2026-01-09 00:00:00,2026-04-18 00:00:00
3809,SKU-03809,Laptop Dell 3202,Equipo portátil para trabajo y estudio,17331.73,11,2025-07-20 00:00:00,2025-08-19 00:00:00
3810,SKU-03810,Router Netgear 3764,Router inalámbrico para conexión de red,994.75,77,2026-05-20 00:00:00,2026-08-23 00:00:00
3811,SKU-03811,Monitor ASUS 8039,Monitor para computadora de alta resolución,10362.84,24,2025-11-24 00:00:00,2026-02-27 00:00:00
3812,SKU-03812,Memoria USB ADATA 4530,Memoria USB para almacenamiento y transferencia de archivos,1593.36,116,2025-11-16 00:00:00,2026-04-19 00:00:00
3813,SKU-03813,Disco SSD Western Digital 134,Unidad SSD para almacenamiento de datos,4112.35,41,2026-03-01 00:00:00,2026-03-08 00:00:00
3814,SKU-03814,Audífonos Philips 7918,"Audífonos para música, llamadas y multimedia",1442.5,87,2025-11-25 00:00:00,2026-02-05 00:00:00
3815,SKU-03815,Laptop ASUS 8121,Equipo portátil para trabajo y estudio,11054.27,13,2026-07-02 00:00:00,2026-09-21 00:00:00
3816,SKU-03816,Teclado HP 5317,Teclado para computadora de uso diario,2934.18,19,2025-11-08 00:00:00,2026-01-06 00:00:00
3817,SKU-03817,Teclado HP 7057,Teclado para computadora de uso diario,2673.41,61,2025-02-18 00:00:00,2025-08-18 00:00:00
3818,SKU-03818,Cable USB UGREEN 8516,Cable USB para conexión y transferencia de datos,294.21,60,2025-05-17 00:00:00,2026-01-20 00:00:00
3819,SKU-03819,Cable USB Amazon Basics 6301,Cable USB para conexión y transferencia de datos,463.0,94,2026-01-02 00:00:00,2026-06-26 00:00:00
3820,SKU-03820,Cable USB UGREEN 6133,Cable USB para conexión y transferencia de datos,157.45,93,2025-03-10 00:00:00,2025-03-12 00:00:00
3821,SKU-03821,Audífonos Logitech 8868,"Audífonos para música, llamadas y multimedia",415.13,43,2025-12-20 00:00:00,2026-07-08 00:00:00
3822,SKU-03822,Memoria USB PNY 2436,Memoria USB para almacenamiento y transferencia de archivos,1399.35,106,2026-08-08 00:00:00,2026-09-21 00:00:00
3823,SKU-03823,Audífonos Sony 2802,"Audífonos para música, llamadas y multimedia",1916.18,81,2025-01-03 00:00:00,2025-06-14 00:00:00
3824,SKU-03824,Laptop HP 7854,Equipo portátil para trabajo y estudio,17405.81,4,2026-04-07 00:00:00,2026-05-16 00:00:00
3825,SKU-03825,Mouse HP 4532,Mouse óptico para computadora,3443.02,56,2025-02-19 00:00:00,2025-08-26 00:00:00
3826,SKU-03826,Router Huawei 2676,Router inalámbrico para conexión de red,2529.01,37,2025-04-27 00:00:00,2025-08-18 00:00:00
3827,SKU-03827,Mouse Logitech 1536,Mouse óptico para computadora,2305.91,78,2025-01-10 00:00:00,2025-02-17 00:00:00
3828,SKU-03828,Laptop ASUS 7692,Equipo portátil para trabajo y estudio,17968.37,5,2026-07-24 00:00:00,2026-09-21 00:00:00
3829,SKU-03829,Audífonos JBL 7098,"Audífonos para música, llamadas y multimedia",2560.85,79,2026-05-20 00:00:00,2026-06-20 00:00:00
3830,SKU-03830,Mouse Genius 5087,Mouse óptico para computadora,2200.03,40,2026-04-25 00:00:00,2026-08-17 00:00:00
3831,SKU-03831,Audífonos Logitech 7137,"Audífonos para música, llamadas y multimedia",916.58,7,2025-03-21 00:00:00,2025-06-07 00:00:00
3832,SKU-03832,Disco SSD Kingston 9773,Unidad SSD para almacenamiento de datos,4034.47,64,2025-09-13 00:00:00,2025-11-03 00:00:00
3833,SKU-03833,Disco SSD Crucial 7718,Unidad SSD para almacenamiento de datos,4428.1,8,2025-12-08 00:00:00,2026-05-30 00:00:00
3834,SKU-03834,Monitor ASUS 105,Monitor para computadora de alta resolución,11774.33,4,2026-08-17 00:00:00,2026-09-21 00:00:00
3835,SKU-03835,Audífonos Philips 4782,"Audífonos para música, llamadas y multimedia",2770.55,7,2025-01-10 00:00:00,2025-03-16 00:00:00
3836,SKU-03836,Router Huawei 7100,Router inalámbrico para conexión de red,2026.09,99,2025-10-18 00:00:00,2025-11-06 00:00:00
3837,SKU-03837,Router D-Link 2095,Router inalámbrico para conexión de red,403.58,57,2025-09-15 00:00:00,2026-02-17 00:00:00
3838,SKU-03838,Teclado Redragon 2153,Teclado para computadora de uso diario,2481.83,32,2025-08-14 00:00:00,2026-03-23 00:00:00
3839,SKU-03839,Teclado HP 6944,Teclado para computadora de uso diario,3307.0,22,2026-02-19 00:00:00,2026-03-09 00:00:00
3840,SKU-03840,Monitor Samsung 2270,Monitor para computadora de alta resolución,3732.05,34,2025-01-02 00:00:00,2025-05-11 00:00:00
3841,SKU-03841,Disco SSD Crucial 1023,Unidad SSD para almacenamiento de datos,3407.31,71,2025-10-10 00:00:00,2026-01-02 00:00:00
3842,SKU-03842,Cable USB UGREEN 6744,Cable USB para conexión y transferencia de datos,995.1,84,2025-12-15 00:00:00,2026-07-01 00:00:00
3843,SKU-03843,Monitor LG 5893,Monitor para computadora de alta resolución,5993.58,48,2025-02-04 00:00:00,2025-03-22 00:00:00
3844,SKU-03844,Teclado Microsoft 9070,Teclado para computadora de uso diario,1174.29,18,2025-02-02 00:00:00,2025-05-27 00:00:00
3845,SKU-03845,Audífonos Logitech 9535,"Audífonos para música, llamadas y multimedia",2744.33,84,2026-05-03 00:00:00,2026-08-19 00:00:00
3846,SKU-03846,Monitor ASUS 127,Monitor para computadora de alta resolución,7532.99,49,2025-01-23 00:00:00,2025-03-26 00:00:00
3847,SKU-03847,Audífonos Philips 4325,"Audífonos para música, llamadas y multimedia",2693.28,16,2026-02-27 00:00:00,2026-06-04 00:00:00
3848,SKU-03848,Router Huawei 1908,Router inalámbrico para conexión de red,2269.83,80,2026-07-02 00:00:00,2026-07-19 00:00:00
3849,SKU-03849,Memoria USB Verbatim 1320,Memoria USB para almacenamiento y transferencia de archivos,1536.7,19,2025-04-05 00:00:00,2025-05-18 00:00:00
3850,SKU-03850,Laptop Acer 7930,Equipo portátil para trabajo y estudio,27469.41,35,2025-08-27 00:00:00,2026-04-20 00:00:00
3851,SKU-03851,Cable USB Baseus 4849,Cable USB para conexión y transferencia de datos,1395.08,38,2026-05-16 00:00:00,2026-09-21 00:00:00
3852,SKU-03852,Audífonos Logitech 2285,"Audífonos para música, llamadas y multimedia",2713.71,99,2025-12-07 00:00:00,2026-06-15 00:00:00
3853,SKU-03853,Teclado Genius 7154,Teclado para computadora de uso diario,2134.14,54,2025-10-14 00:00:00,2025-12-31 00:00:00
3854,SKU-03854,Monitor Samsung 1420,Monitor para computadora de alta resolución,7144.46,18,2025-05-08 00:00:00,2025-06-27 00:00:00
3855,SKU-03855,Laptop Acer 8619,Equipo portátil para trabajo y estudio,10020.88,4,2025-08-05 00:00:00,2026-01-25 00:00:00
3856,SKU-03856,Cable USB Amazon Basics 6602,Cable USB para conexión y transferencia de datos,762.97,65,2025-04-25 00:00:00,2025-07-22 00:00:00
3857,SKU-03857,Mouse Razer 8553,Mouse óptico para computadora,3454.17,70,2026-08-09 00:00:00,2026-09-21 00:00:00
3858,SKU-03858,Monitor Dell 2541,Monitor para computadora de alta resolución,2847.92,15,2026-03-23 00:00:00,2026-09-16 00:00:00
3859,SKU-03859,Memoria USB SanDisk 2594,Memoria USB para almacenamiento y transferencia de archivos,1578.62,45,2026-04-22 00:00:00,2026-07-03 00:00:00
3860,SKU-03860,Monitor ASUS 7099,Monitor para computadora de alta resolución,2553.01,12,2025-04-17 00:00:00,2025-04-23 00:00:00
3861,SKU-03861,Monitor LG 7424,Monitor para computadora de alta resolución,4665.83,42,2025-11-15 00:00:00,2026-05-01 00:00:00
3862,SKU-03862,Memoria USB SanDisk 8164,Memoria USB para almacenamiento y transferencia de archivos,1747.13,59,2026-04-11 00:00:00,2026-06-20 00:00:00
3863,SKU-03863,Laptop Acer 7059,Equipo portátil para trabajo y estudio,12346.74,12,2025-08-22 00:00:00,2026-01-13 00:00:00
3864,SKU-03864,Monitor LG 7698,Monitor para computadora de alta resolución,6854.46,5,2025-05-01 00:00:00,2025-10-07 00:00:00
3865,SKU-03865,Teclado Logitech 6105,Teclado para computadora de uso diario,3295.92,57,2026-04-24 00:00:00,2026-06-29 00:00:00
3866,SKU-03866,Teclado Redragon 940,Teclado para computadora de uso diario,458.58,9,2025-02-03 00:00:00,2025-03-20 00:00:00
3867,SKU-03867,Cable USB UGREEN 2382,Cable USB para conexión y transferencia de datos,216.13,55,2025-01-01 00:00:00,2025-03-30 00:00:00
3868,SKU-03868,Memoria USB Kingston 9638,Memoria USB para almacenamiento y transferencia de archivos,1199.16,124,2025-09-09 00:00:00,2026-05-03 00:00:00
3869,SKU-03869,Webcam Microsoft 9356,Cámara web para videollamadas,2775.84,67,2026-03-23 00:00:00,2026-09-17 00:00:00
3870,SKU-03870,Mouse Razer 7735,Mouse óptico para computadora,3111.07,42,2025-07-09 00:00:00,2025-10-13 00:00:00
3871,SKU-03871,Disco SSD ADATA 1741,Unidad SSD para almacenamiento de datos,2457.4,13,2025-05-18 00:00:00,2025-12-18 00:00:00
3872,SKU-03872,Disco SSD Kingston 5112,Unidad SSD para almacenamiento de datos,3068.74,27,2025-09-24 00:00:00,2025-12-16 00:00:00
3873,SKU-03873,Webcam Logitech 3567,Cámara web para videollamadas,2763.04,63,2025-09-13 00:00:00,2026-05-03 00:00:00
3874,SKU-03874,Teclado Genius 7203,Teclado para computadora de uso diario,1304.25,27,2025-11-06 00:00:00,2026-02-21 00:00:00
3875,SKU-03875,Monitor Samsung 5736,Monitor para computadora de alta resolución,5209.84,12,2025-12-07 00:00:00,2026-07-08 00:00:00
3876,SKU-03876,Webcam HP 4071,Cámara web para videollamadas,2651.57,18,2025-08-18 00:00:00,2026-03-27 00:00:00
3877,SKU-03877,Disco SSD Kingston 9001,Unidad SSD para almacenamiento de datos,1229.63,59,2026-03-07 00:00:00,2026-03-29 00:00:00
3878,SKU-03878,Webcam Logitech 3370,Cámara web para videollamadas,1036.76,16,2025-02-27 00:00:00,2025-06-02 00:00:00
3879,SKU-03879,Laptop Dell 4670,Equipo portátil para trabajo y estudio,8274.44,24,2026-03-04 00:00:00,2026-04-17 00:00:00
3880,SKU-03880,Cable USB Amazon Basics 2622,Cable USB para conexión y transferencia de datos,265.42,66,2025-11-01 00:00:00,2026-02-17 00:00:00
3881,SKU-03881,Mouse Microsoft 3435,Mouse óptico para computadora,1389.0,39,2025-01-10 00:00:00,2025-07-26 00:00:00
3882,SKU-03882,Monitor AOC 8360,Monitor para computadora de alta resolución,10069.93,14,2025-07-20 00:00:00,2025-09-25 00:00:00
3883,SKU-03883,Audífonos Philips 160,"Audífonos para música, llamadas y multimedia",2470.22,36,2025-05-20 00:00:00,2025-09-21 00:00:00
3884,SKU-03884,Disco SSD Crucial 7870,Unidad SSD para almacenamiento de datos,1862.41,64,2025-11-11 00:00:00,2025-11-12 00:00:00
3885,SKU-03885,Laptop Acer 8980,Equipo portátil para trabajo y estudio,12627.61,12,2026-06-04 00:00:00,2026-09-21 00:00:00
3886,SKU-03886,Webcam AverMedia 5304,Cámara web para videollamadas,1771.73,71,2026-07-21 00:00:00,2026-09-21 00:00:00
3887,SKU-03887,Teclado Logitech 2411,Teclado para computadora de uso diario,2161.09,77,2025-01-04 00:00:00,2025-08-17 00:00:00
3888,SKU-03888,Mouse Razer 6692,Mouse óptico para computadora,1757.7,91,2025-05-31 00:00:00,2025-07-04 00:00:00
3889,SKU-03889,Mouse Genius 211,Mouse óptico para computadora,505.54,28,2025-05-15 00:00:00,2025-12-31 00:00:00
3890,SKU-03890,Memoria USB ADATA 7707,Memoria USB para almacenamiento y transferencia de archivos,1500.16,73,2025-11-26 00:00:00,2026-06-22 00:00:00
3891,SKU-03891,Audífonos Philips 1079,"Audífonos para música, llamadas y multimedia",2990.87,24,2026-07-28 00:00:00,2026-09-21 00:00:00
3892,SKU-03892,Monitor Dell 4325,Monitor para computadora de alta resolución,5946.97,8,2025-04-07 00:00:00,2025-07-14 00:00:00
3893,SKU-03893,Memoria USB PNY 8602,Memoria USB para almacenamiento y transferencia de archivos,1459.65,71,2026-07-01 00:00:00,2026-09-21 00:00:00
3894,SKU-03894,Cable USB Belkin 677,Cable USB para conexión y transferencia de datos,1128.3,50,2025-10-19 00:00:00,2026-02-16 00:00:00
3895,SKU-03895,Webcam HP 9644,Cámara web para videollamadas,1909.78,32,2025-10-02 00:00:00,2026-05-30 00:00:00
3896,SKU-03896,Mouse HP 2322,Mouse óptico para computadora,1137.95,45,2026-08-01 00:00:00,2026-09-21 00:00:00
3897,SKU-03897,Cable USB Amazon Basics 9241,Cable USB para conexión y transferencia de datos,918.57,141,2025-04-18 00:00:00,2025-08-08 00:00:00
3898,SKU-03898,Audífonos Sony 6587,"Audífonos para música, llamadas y multimedia",1658.47,20,2025-06-10 00:00:00,2026-01-18 00:00:00
3899,SKU-03899,Cable USB UGREEN 1865,Cable USB para conexión y transferencia de datos,1152.48,47,2025-03-02 00:00:00,2025-09-13 00:00:00
3900,SKU-03900,Webcam AverMedia 471,Cámara web para videollamadas,3379.56,46,2026-01-11 00:00:00,2026-04-09 00:00:00
3901,SKU-03901,Disco SSD Kingston 6863,Unidad SSD para almacenamiento de datos,4058.4,69,2025-05-22 00:00:00,2025-07-04 00:00:00
3902,SKU-03902,Cable USB Steren 8894,Cable USB para conexión y transferencia de datos,930.99,82,2025-04-05 00:00:00,2025-08-29 00:00:00
3903,SKU-03903,Webcam AverMedia 4114,Cámara web para videollamadas,885.85,98,2026-01-15 00:00:00,2026-02-13 00:00:00
3904,SKU-03904,Mouse Genius 1648,Mouse óptico para computadora,1594.03,15,2025-04-19 00:00:00,2025-09-09 00:00:00
3905,SKU-03905,Audífonos Philips 5814,"Audífonos para música, llamadas y multimedia",1862.94,26,2025-04-24 00:00:00,2025-07-14 00:00:00
3906,SKU-03906,Mouse Razer 2724,Mouse óptico para computadora,2015.98,14,2025-09-21 00:00:00,2025-10-02 00:00:00
3907,SKU-03907,Cable USB Amazon Basics 1774,Cable USB para conexión y transferencia de datos,696.55,50,2025-08-17 00:00:00,2026-03-31 00:00:00
3908,SKU-03908,Disco SSD ADATA 4448,Unidad SSD para almacenamiento de datos,4422.33,28,2025-05-24 00:00:00,2026-01-01 00:00:00
3909,SKU-03909,Cable USB Steren 2607,Cable USB para conexión y transferencia de datos,673.94,77,2025-06-16 00:00:00,2025-07-14 00:00:00
3910,SKU-03910,Laptop Lenovo 4205,Equipo portátil para trabajo y estudio,17760.59,33,2025-02-08 00:00:00,2025-10-09 00:00:00
3911,SKU-03911,Disco SSD Crucial 4452,Unidad SSD para almacenamiento de datos,2701.45,52,2026-01-27 00:00:00,2026-08-24 00:00:00
3912,SKU-03912,Mouse Logitech 6948,Mouse óptico para computadora,3259.63,61,2025-06-22 00:00:00,2025-12-14 00:00:00
3913,SKU-03913,Laptop Acer 2971,Equipo portátil para trabajo y estudio,7120.66,26,2026-03-05 00:00:00,2026-06-25 00:00:00
3914,SKU-03914,Webcam AverMedia 2869,Cámara web para videollamadas,2299.37,30,2025-10-25 00:00:00,2026-02-04 00:00:00
3915,SKU-03915,Router TP-Link 2460,Router inalámbrico para conexión de red,2714.14,79,2025-12-25 00:00:00,2026-06-08 00:00:00
3916,SKU-03916,Webcam Microsoft 6118,Cámara web para videollamadas,2449.43,39,2025-04-07 00:00:00,2025-04-22 00:00:00
3917,SKU-03917,Cable USB Amazon Basics 568,Cable USB para conexión y transferencia de datos,1759.37,69,2026-01-16 00:00:00,2026-05-05 00:00:00
3918,SKU-03918,Laptop Acer 8028,Equipo portátil para trabajo y estudio,22945.34,19,2025-07-19 00:00:00,2025-10-23 00:00:00
3919,SKU-03919,Webcam Trust 5443,Cámara web para videollamadas,545.03,30,2025-10-27 00:00:00,2026-02-16 00:00:00
3920,SKU-03920,Memoria USB PNY 2560,Memoria USB para almacenamiento y transferencia de archivos,315.0,73,2025-06-28 00:00:00,2026-01-12 00:00:00
3921,SKU-03921,Webcam Microsoft 5044,Cámara web para videollamadas,2681.84,30,2025-05-13 00:00:00,2025-08-18 00:00:00
3922,SKU-03922,Audífonos HyperX 7657,"Audífonos para música, llamadas y multimedia",2856.12,56,2025-12-26 00:00:00,2026-06-07 00:00:00
3923,SKU-03923,Teclado Microsoft 9801,Teclado para computadora de uso diario,3054.0,45,2025-01-25 00:00:00,2025-01-28 00:00:00
3924,SKU-03924,Monitor Samsung 4191,Monitor para computadora de alta resolución,10749.93,23,2025-01-12 00:00:00,2025-02-06 00:00:00
3925,SKU-03925,Memoria USB ADATA 7862,Memoria USB para almacenamiento y transferencia de archivos,1272.56,125,2025-08-01 00:00:00,2026-04-04 00:00:00
3926,SKU-03926,Mouse HP 5215,Mouse óptico para computadora,1353.08,56,2026-03-29 00:00:00,2026-09-21 00:00:00
3927,SKU-03927,Webcam Logitech 1113,Cámara web para videollamadas,1232.37,57,2025-12-25 00:00:00,2026-05-24 00:00:00
3928,SKU-03928,Teclado HP 8462,Teclado para computadora de uso diario,1749.03,45,2025-07-09 00:00:00,2026-02-06 00:00:00
3929,SKU-03929,Monitor Samsung 5570,Monitor para computadora de alta resolución,4777.21,31,2026-07-27 00:00:00,2026-09-21 00:00:00
3930,SKU-03930,Laptop Acer 957,Equipo portátil para trabajo y estudio,20236.29,28,2025-04-09 00:00:00,2025-12-10 00:00:00
3931,SKU-03931,Laptop Dell 1970,Equipo portátil para trabajo y estudio,17175.25,32,2026-06-07 00:00:00,2026-09-21 00:00:00
3932,SKU-03932,Memoria USB ADATA 8318,Memoria USB para almacenamiento y transferencia de archivos,333.6,131,2025-09-09 00:00:00,2026-01-26 00:00:00
3933,SKU-03933,Laptop HP 7497,Equipo portátil para trabajo y estudio,9939.9,29,2026-01-25 00:00:00,2026-05-27 00:00:00
3934,SKU-03934,Audífonos Sony 8898,"Audífonos para música, llamadas y multimedia",3051.83,79,2025-12-02 00:00:00,2026-04-25 00:00:00
3935,SKU-03935,Webcam AverMedia 9504,Cámara web para videollamadas,3343.42,75,2026-02-02 00:00:00,2026-06-03 00:00:00
3936,SKU-03936,Memoria USB SanDisk 4088,Memoria USB para almacenamiento y transferencia de archivos,838.08,14,2025-03-23 00:00:00,2025-04-25 00:00:00
3937,SKU-03937,Disco SSD ADATA 7731,Unidad SSD para almacenamiento de datos,4053.05,49,2025-05-30 00:00:00,2025-08-03 00:00:00
3938,SKU-03938,Laptop Acer 956,Equipo portátil para trabajo y estudio,26625.29,10,2026-07-16 00:00:00,2026-08-31 00:00:00
3939,SKU-03939,Disco SSD Samsung 4459,Unidad SSD para almacenamiento de datos,1491.97,46,2025-06-12 00:00:00,2025-09-13 00:00:00
3940,SKU-03940,Cable USB Baseus 6438,Cable USB para conexión y transferencia de datos,1576.53,43,2025-10-19 00:00:00,2025-11-29 00:00:00
3941,SKU-03941,Teclado Logitech 8718,Teclado para computadora de uso diario,1250.66,63,2026-05-19 00:00:00,2026-09-21 00:00:00
3942,SKU-03942,Mouse Microsoft 1256,Mouse óptico para computadora,1086.83,98,2025-06-16 00:00:00,2025-11-28 00:00:00
3943,SKU-03943,Memoria USB PNY 3621,Memoria USB para almacenamiento y transferencia de archivos,512.78,64,2025-07-26 00:00:00,2026-03-26 00:00:00
3944,SKU-03944,Monitor Dell 7840,Monitor para computadora de alta resolución,6958.24,24,2026-07-17 00:00:00,2026-09-21 00:00:00
3945,SKU-03945,Laptop Lenovo 5179,Equipo portátil para trabajo y estudio,24545.51,22,2025-11-14 00:00:00,2026-06-29 00:00:00
3946,SKU-03946,Mouse Microsoft 1622,Mouse óptico para computadora,2248.99,6,2026-07-05 00:00:00,2026-09-21 00:00:00
3947,SKU-03947,Audífonos Logitech 2598,"Audífonos para música, llamadas y multimedia",3122.43,16,2025-01-14 00:00:00,2025-08-10 00:00:00
3948,SKU-03948,Memoria USB ADATA 6031,Memoria USB para almacenamiento y transferencia de archivos,1716.31,70,2025-01-28 00:00:00,2025-09-13 00:00:00
3949,SKU-03949,Teclado Genius 1426,Teclado para computadora de uso diario,1110.88,74,2026-05-22 00:00:00,2026-09-21 00:00:00
3950,SKU-03950,Teclado Logitech 7341,Teclado para computadora de uso diario,3195.83,22,2025-12-20 00:00:00,2026-08-03 00:00:00
3951,SKU-03951,Teclado Redragon 5712,Teclado para computadora de uso diario,2363.43,37,2026-04-11 00:00:00,2026-09-21 00:00:00
3952,SKU-03952,Router Huawei 3224,Router inalámbrico para conexión de red,2584.1,33,2025-08-17 00:00:00,2025-09-03 00:00:00
3953,SKU-03953,Disco SSD Samsung 7656,Unidad SSD para almacenamiento de datos,2581.57,7,2025-05-14 00:00:00,2025-09-05 00:00:00
3954,SKU-03954,Audífonos JBL 813,"Audífonos para música, llamadas y multimedia",1949.95,13,2026-03-16 00:00:00,2026-04-07 00:00:00
3955,SKU-03955,Mouse Genius 8977,Mouse óptico para computadora,2889.2,83,2025-12-08 00:00:00,2026-01-31 00:00:00
3956,SKU-03956,Memoria USB Verbatim 2267,Memoria USB para almacenamiento y transferencia de archivos,1035.8,52,2026-06-15 00:00:00,2026-09-14 00:00:00
3957,SKU-03957,Teclado Microsoft 9904,Teclado para computadora de uso diario,1050.93,55,2025-03-16 00:00:00,2025-09-28 00:00:00
3958,SKU-03958,Memoria USB Kingston 3500,Memoria USB para almacenamiento y transferencia de archivos,1429.46,26,2025-02-13 00:00:00,2025-03-18 00:00:00
3959,SKU-03959,Cable USB Belkin 8427,Cable USB para conexión y transferencia de datos,387.25,125,2026-05-01 00:00:00,2026-09-21 00:00:00
3960,SKU-03960,Laptop Lenovo 860,Equipo portátil para trabajo y estudio,15163.48,18,2025-10-30 00:00:00,2025-12-13 00:00:00
3961,SKU-03961,Webcam Microsoft 4794,Cámara web para videollamadas,1915.04,73,2025-01-06 00:00:00,2025-04-10 00:00:00
3962,SKU-03962,Monitor Dell 7373,Monitor para computadora de alta resolución,6271.09,32,2026-03-14 00:00:00,2026-09-21 00:00:00
3963,SKU-03963,Teclado Microsoft 996,Teclado para computadora de uso diario,3289.86,80,2026-03-19 00:00:00,2026-08-13 00:00:00
3964,SKU-03964,Router TP-Link 668,Router inalámbrico para conexión de red,1585.71,22,2025-09-15 00:00:00,2026-03-22 00:00:00
3965,SKU-03965,Audífonos Logitech 596,"Audífonos para música, llamadas y multimedia",1257.62,89,2025-11-27 00:00:00,2026-04-15 00:00:00
3966,SKU-03966,Webcam Logitech 4938,Cámara web para videollamadas,3032.51,95,2026-01-22 00:00:00,2026-05-29 00:00:00
3967,SKU-03967,Cable USB UGREEN 3574,Cable USB para conexión y transferencia de datos,823.33,100,2025-09-11 00:00:00,2025-10-23 00:00:00
3968,SKU-03968,Router Netgear 1345,Router inalámbrico para conexión de red,2649.96,87,2025-12-28 00:00:00,2026-04-23 00:00:00
3969,SKU-03969,Mouse Genius 5966,Mouse óptico para computadora,1718.37,28,2025-03-27 00:00:00,2025-04-11 00:00:00
3970,SKU-03970,Memoria USB Verbatim 4844,Memoria USB para almacenamiento y transferencia de archivos,799.33,56,2026-06-02 00:00:00,2026-08-25 00:00:00
3971,SKU-03971,Cable USB Steren 2568,Cable USB para conexión y transferencia de datos,1789.1,107,2025-01-14 00:00:00,2025-03-29 00:00:00
3972,SKU-03972,Laptop Lenovo 6461,Equipo portátil para trabajo y estudio,19926.95,20,2025-02-26 00:00:00,2025-10-19 00:00:00
3973,SKU-03973,Mouse Genius 7366,Mouse óptico para computadora,987.31,90,2025-08-16 00:00:00,2025-09-02 00:00:00
3974,SKU-03974,Cable USB Belkin 7293,Cable USB para conexión y transferencia de datos,668.55,96,2025-04-12 00:00:00,2025-05-18 00:00:00
3975,SKU-03975,Mouse Microsoft 5846,Mouse óptico para computadora,2140.38,32,2026-07-31 00:00:00,2026-09-21 00:00:00
3976,SKU-03976,Monitor Dell 5210,Monitor para computadora de alta resolución,2694.16,4,2025-03-08 00:00:00,2025-09-17 00:00:00
3977,SKU-03977,Router Huawei 857,Router inalámbrico para conexión de red,1490.56,88,2026-04-25 00:00:00,2026-06-26 00:00:00
3978,SKU-03978,Router Tenda 5090,Router inalámbrico para conexión de red,1964.75,33,2025-09-12 00:00:00,2025-09-20 00:00:00
3979,SKU-03979,Laptop Dell 955,Equipo portátil para trabajo y estudio,19913.73,23,2025-05-18 00:00:00,2025-09-17 00:00:00
3980,SKU-03980,Disco SSD ADATA 5575,Unidad SSD para almacenamiento de datos,1451.63,42,2025-07-03 00:00:00,2025-11-16 00:00:00
3981,SKU-03981,Webcam Trust 6489,Cámara web para videollamadas,2328.12,64,2025-01-21 00:00:00,2025-06-28 00:00:00
3982,SKU-03982,Monitor AOC 6327,Monitor para computadora de alta resolución,5116.15,33,2026-03-23 00:00:00,2026-06-30 00:00:00
3983,SKU-03983,Mouse Microsoft 2987,Mouse óptico para computadora,1914.82,47,2026-05-07 00:00:00,2026-06-24 00:00:00
3984,SKU-03984,Monitor LG 6866,Monitor para computadora de alta resolución,8454.97,24,2026-08-23 00:00:00,2026-09-21 00:00:00
3985,SKU-03985,Audífonos HyperX 9917,"Audífonos para música, llamadas y multimedia",1539.1,44,2026-02-11 00:00:00,2026-09-21 00:00:00
3986,SKU-03986,Router Netgear 1008,Router inalámbrico para conexión de red,1276.89,67,2025-11-25 00:00:00,2026-06-20 00:00:00
3987,SKU-03987,Audífonos Philips 3900,"Audífonos para música, llamadas y multimedia",3124.4,69,2025-05-09 00:00:00,2025-12-10 00:00:00
3988,SKU-03988,Laptop Dell 6864,Equipo portátil para trabajo y estudio,21012.04,21,2025-10-02 00:00:00,2026-03-13 00:00:00
3989,SKU-03989,Memoria USB Kingston 5522,Memoria USB para almacenamiento y transferencia de archivos,883.75,132,2026-06-12 00:00:00,2026-09-21 00:00:00
3990,SKU-03990,Laptop HP 799,Equipo portátil para trabajo y estudio,17013.52,22,2025-10-17 00:00:00,2026-01-02 00:00:00
3991,SKU-03991,Router Huawei 4473,Router inalámbrico para conexión de red,422.32,86,2026-02-09 00:00:00,2026-07-07 00:00:00
3992,SKU-03992,Laptop ASUS 9135,Equipo portátil para trabajo y estudio,11693.55,35,2025-10-14 00:00:00,2026-03-16 00:00:00
3993,SKU-03993,Cable USB Belkin 4897,Cable USB para conexión y transferencia de datos,1341.91,135,2025-10-11 00:00:00,2026-02-06 00:00:00
3994,SKU-03994,Laptop Dell 7323,Equipo portátil para trabajo y estudio,12587.84,28,2025-05-18 00:00:00,2026-01-21 00:00:00
3995,SKU-03995,Disco SSD Kingston 9781,Unidad SSD para almacenamiento de datos,1093.27,42,2026-07-04 00:00:00,2026-09-21 00:00:00
3996,SKU-03996,Router Netgear 777,Router inalámbrico para conexión de red,2577.2,45,2025-05-01 00:00:00,2025-10-14 00:00:00
3997,SKU-03997,Laptop HP 143,Equipo portátil para trabajo y estudio,7741.68,19,2025-01-20 00:00:00,2025-03-31 00:00:00
3998,SKU-03998,Audífonos Philips 8844,"Audífonos para música, llamadas y multimedia",882.74,11,2026-04-27 00:00:00,2026-07-03 00:00:00
3999,SKU-03999,Mouse Genius 4293,Mouse óptico para computadora,3110.43,89,2025-04-05 00:00:00,2025-05-10 00:00:00
4000,SKU-04000,Audífonos Sony 1318,"Audífonos para música, llamadas y multimedia",641.99,41,2025-07-05 00:00:00,2025-12-14 00:00:00
4001,SKU-04001,Laptop HP 3622,Equipo portátil para trabajo y estudio,27977.74,32,2025-04-09 00:00:00,2025-06-10 00:00:00
4002,SKU-04002,Cable USB Baseus 3591,Cable USB para conexión y transferencia de datos,1191.66,126,2025-03-09 00:00:00,2025-05-10 00:00:00
4003,SKU-04003,Laptop Lenovo 3153,Equipo portátil para trabajo y estudio,18053.52,25,2026-08-05 00:00:00,2026-09-21 00:00:00
4004,SKU-04004,Mouse Genius 1815,Mouse óptico para computadora,621.08,34,2026-03-30 00:00:00,2026-09-03 00:00:00
4005,SKU-04005,Webcam HP 3847,Cámara web para videollamadas,2281.59,69,2025-01-15 00:00:00,2025-05-20 00:00:00
4006,SKU-04006,Router Netgear 9845,Router inalámbrico para conexión de red,1763.14,41,2025-06-18 00:00:00,2025-11-03 00:00:00
4007,SKU-04007,Audífonos Sony 2573,"Audífonos para música, llamadas y multimedia",1021.37,11,2025-03-22 00:00:00,2025-11-02 00:00:00
4008,SKU-04008,Router Huawei 8896,Router inalámbrico para conexión de red,2638.94,56,2026-06-13 00:00:00,2026-06-17 00:00:00
4009,SKU-04009,Memoria USB ADATA 6410,Memoria USB para almacenamiento y transferencia de archivos,1262.12,16,2026-08-16 00:00:00,2026-09-21 00:00:00
4010,SKU-04010,Router Tenda 3797,Router inalámbrico para conexión de red,1427.29,20,2025-07-28 00:00:00,2025-10-07 00:00:00
4011,SKU-04011,Cable USB Steren 9649,Cable USB para conexión y transferencia de datos,934.27,128,2026-06-07 00:00:00,2026-07-17 00:00:00
4012,SKU-04012,Teclado Microsoft 2192,Teclado para computadora de uso diario,3279.48,69,2026-07-06 00:00:00,2026-09-21 00:00:00
4013,SKU-04013,Mouse Razer 8070,Mouse óptico para computadora,890.48,11,2026-06-26 00:00:00,2026-07-03 00:00:00
4014,SKU-04014,Memoria USB PNY 8741,Memoria USB para almacenamiento y transferencia de archivos,110.68,34,2026-04-10 00:00:00,2026-09-21 00:00:00
4015,SKU-04015,Audífonos Philips 2175,"Audífonos para música, llamadas y multimedia",940.08,47,2025-01-23 00:00:00,2025-07-08 00:00:00
4016,SKU-04016,Laptop Lenovo 1903,Equipo portátil para trabajo y estudio,8318.72,35,2025-01-15 00:00:00,2025-01-28 00:00:00
4017,SKU-04017,Webcam HP 4704,Cámara web para videollamadas,3152.27,31,2025-06-01 00:00:00,2025-12-18 00:00:00
4018,SKU-04018,Router Tenda 1244,Router inalámbrico para conexión de red,1436.4,96,2025-06-05 00:00:00,2025-06-10 00:00:00
4019,SKU-04019,Monitor ASUS 9200,Monitor para computadora de alta resolución,11323.62,20,2026-05-26 00:00:00,2026-08-15 00:00:00
4020,SKU-04020,Webcam Trust 9690,Cámara web para videollamadas,1530.42,9,2025-09-16 00:00:00,2026-02-24 00:00:00
4021,SKU-04021,Cable USB UGREEN 7193,Cable USB para conexión y transferencia de datos,627.59,107,2025-12-01 00:00:00,2026-01-14 00:00:00
4022,SKU-04022,Disco SSD Crucial 8281,Unidad SSD para almacenamiento de datos,1727.2,76,2025-02-16 00:00:00,2025-04-13 00:00:00
4023,SKU-04023,Memoria USB Verbatim 6837,Memoria USB para almacenamiento y transferencia de archivos,519.01,46,2025-04-16 00:00:00,2025-05-07 00:00:00
4024,SKU-04024,Memoria USB Kingston 3430,Memoria USB para almacenamiento y transferencia de archivos,966.19,17,2025-03-21 00:00:00,2025-06-08 00:00:00
4025,SKU-04025,Webcam AverMedia 5630,Cámara web para videollamadas,3416.07,61,2026-02-14 00:00:00,2026-06-11 00:00:00
4026,SKU-04026,Webcam HP 8227,Cámara web para videollamadas,864.94,48,2025-12-29 00:00:00,2026-03-19 00:00:00
4027,SKU-04027,Router D-Link 7505,Router inalámbrico para conexión de red,792.97,5,2026-03-17 00:00:00,2026-09-21 00:00:00
4028,SKU-04028,Memoria USB SanDisk 7594,Memoria USB para almacenamiento y transferencia de archivos,505.13,136,2025-01-18 00:00:00,2025-09-20 00:00:00
4029,SKU-04029,Memoria USB ADATA 6486,Memoria USB para almacenamiento y transferencia de archivos,622.44,101,2025-02-22 00:00:00,2025-07-22 00:00:00
4030,SKU-04030,Laptop Dell 9174,Equipo portátil para trabajo y estudio,25286.4,8,2025-10-22 00:00:00,2026-04-23 00:00:00
4031,SKU-04031,Teclado HP 1016,Teclado para computadora de uso diario,2377.68,80,2026-08-21 00:00:00,2026-09-21 00:00:00
4032,SKU-04032,Laptop HP 2060,Equipo portátil para trabajo y estudio,14387.97,34,2026-05-04 00:00:00,2026-06-06 00:00:00
4033,SKU-04033,Cable USB Steren 6266,Cable USB para conexión y transferencia de datos,572.01,108,2025-02-02 00:00:00,2025-03-21 00:00:00
4034,SKU-04034,Mouse HP 7266,Mouse óptico para computadora,2878.76,63,2026-07-26 00:00:00,2026-09-21 00:00:00
4035,SKU-04035,Monitor Samsung 8494,Monitor para computadora de alta resolución,7723.83,39,2025-07-29 00:00:00,2026-01-26 00:00:00
4036,SKU-04036,Disco SSD Western Digital 9491,Unidad SSD para almacenamiento de datos,3004.77,7,2026-06-12 00:00:00,2026-09-21 00:00:00
4037,SKU-04037,Memoria USB SanDisk 1703,Memoria USB para almacenamiento y transferencia de archivos,1005.57,126,2025-07-10 00:00:00,2025-07-30 00:00:00
4038,SKU-04038,Disco SSD ADATA 2287,Unidad SSD para almacenamiento de datos,1779.96,68,2026-04-16 00:00:00,2026-09-11 00:00:00
4039,SKU-04039,Memoria USB Verbatim 6015,Memoria USB para almacenamiento y transferencia de archivos,1639.12,71,2026-01-23 00:00:00,2026-08-20 00:00:00
4040,SKU-04040,Monitor ASUS 151,Monitor para computadora de alta resolución,8901.15,30,2025-09-17 00:00:00,2026-03-27 00:00:00
4041,SKU-04041,Disco SSD ADATA 751,Unidad SSD para almacenamiento de datos,1009.31,14,2026-01-03 00:00:00,2026-06-08 00:00:00
4042,SKU-04042,Router Tenda 1079,Router inalámbrico para conexión de red,2751.76,80,2025-08-22 00:00:00,2025-09-02 00:00:00
4043,SKU-04043,Cable USB Baseus 4210,Cable USB para conexión y transferencia de datos,1278.61,79,2026-06-27 00:00:00,2026-09-21 00:00:00
4044,SKU-04044,Router D-Link 5681,Router inalámbrico para conexión de red,784.14,28,2025-06-02 00:00:00,2025-06-30 00:00:00
4045,SKU-04045,Audífonos JBL 1901,"Audífonos para música, llamadas y multimedia",1805.78,56,2026-04-05 00:00:00,2026-05-11 00:00:00
4046,SKU-04046,Monitor ASUS 5624,Monitor para computadora de alta resolución,4301.38,49,2025-02-24 00:00:00,2025-04-14 00:00:00
4047,SKU-04047,Webcam AverMedia 958,Cámara web para videollamadas,1439.21,31,2026-06-03 00:00:00,2026-09-21 00:00:00
4048,SKU-04048,Memoria USB SanDisk 9471,Memoria USB para almacenamiento y transferencia de archivos,638.86,74,2025-12-12 00:00:00,2025-12-20 00:00:00
4049,SKU-04049,Disco SSD Western Digital 5213,Unidad SSD para almacenamiento de datos,4242.2,32,2025-10-21 00:00:00,2026-06-27 00:00:00
4050,SKU-04050,Cable USB Steren 477,Cable USB para conexión y transferencia de datos,762.46,31,2026-01-02 00:00:00,2026-06-22 00:00:00
4051,SKU-04051,Router Tenda 2388,Router inalámbrico para conexión de red,523.28,71,2025-12-18 00:00:00,2026-01-01 00:00:00
4052,SKU-04052,Monitor AOC 6860,Monitor para computadora de alta resolución,4662.44,13,2026-03-02 00:00:00,2026-09-13 00:00:00
4053,SKU-04053,Monitor LG 8460,Monitor para computadora de alta resolución,10503.01,6,2026-01-16 00:00:00,2026-02-11 00:00:00
4054,SKU-04054,Monitor AOC 5588,Monitor para computadora de alta resolución,9042.14,20,2025-01-28 00:00:00,2025-09-23 00:00:00
4055,SKU-04055,Router Netgear 1573,Router inalámbrico para conexión de red,2931.13,9,2026-01-17 00:00:00,2026-06-24 00:00:00
4056,SKU-04056,Audífonos Sony 3431,"Audífonos para música, llamadas y multimedia",3295.77,56,2025-09-26 00:00:00,2026-02-09 00:00:00
4057,SKU-04057,Memoria USB Kingston 9259,Memoria USB para almacenamiento y transferencia de archivos,1726.94,127,2025-12-30 00:00:00,2026-04-21 00:00:00
4058,SKU-04058,Cable USB Steren 7537,Cable USB para conexión y transferencia de datos,448.6,33,2025-01-01 00:00:00,2025-06-11 00:00:00
4059,SKU-04059,Router D-Link 1212,Router inalámbrico para conexión de red,2650.94,34,2026-06-07 00:00:00,2026-08-25 00:00:00
4060,SKU-04060,Audífonos Sony 1814,"Audífonos para música, llamadas y multimedia",1607.04,32,2025-10-01 00:00:00,2026-01-01 00:00:00
4061,SKU-04061,Memoria USB SanDisk 7485,Memoria USB para almacenamiento y transferencia de archivos,370.21,82,2025-04-12 00:00:00,2025-06-04 00:00:00
4062,SKU-04062,Disco SSD Samsung 9935,Unidad SSD para almacenamiento de datos,3784.01,28,2026-01-03 00:00:00,2026-09-07 00:00:00
4063,SKU-04063,Cable USB Baseus 9388,Cable USB para conexión y transferencia de datos,1418.71,108,2025-12-11 00:00:00,2026-07-04 00:00:00
4064,SKU-04064,Teclado Genius 8822,Teclado para computadora de uso diario,1906.01,74,2025-05-19 00:00:00,2025-06-28 00:00:00
4065,SKU-04065,Audífonos HyperX 167,"Audífonos para música, llamadas y multimedia",1752.68,42,2025-02-14 00:00:00,2025-06-13 00:00:00
4066,SKU-04066,Mouse Logitech 1224,Mouse óptico para computadora,1870.97,36,2025-01-18 00:00:00,2025-02-05 00:00:00
4067,SKU-04067,Disco SSD Kingston 7699,Unidad SSD para almacenamiento de datos,3362.26,13,2025-06-11 00:00:00,2025-10-28 00:00:00
4068,SKU-04068,Router Netgear 5440,Router inalámbrico para conexión de red,3145.82,46,2025-09-11 00:00:00,2026-01-12 00:00:00
4069,SKU-04069,Memoria USB ADATA 3645,Memoria USB para almacenamiento y transferencia de archivos,218.45,15,2025-12-21 00:00:00,2026-08-01 00:00:00
4070,SKU-04070,Audífonos HyperX 9776,"Audífonos para música, llamadas y multimedia",2628.89,75,2025-01-15 00:00:00,2025-08-17 00:00:00
4071,SKU-04071,Audífonos JBL 4203,"Audífonos para música, llamadas y multimedia",1480.96,55,2025-08-20 00:00:00,2026-03-31 00:00:00
4072,SKU-04072,Cable USB Steren 999,Cable USB para conexión y transferencia de datos,1780.67,21,2025-11-15 00:00:00,2025-12-06 00:00:00
4073,SKU-04073,Teclado Redragon 5553,Teclado para computadora de uso diario,2484.54,73,2025-12-05 00:00:00,2026-03-29 00:00:00
4074,SKU-04074,Monitor AOC 6016,Monitor para computadora de alta resolución,9303.47,11,2025-07-24 00:00:00,2026-01-05 00:00:00
4075,SKU-04075,Router D-Link 7330,Router inalámbrico para conexión de red,1492.53,84,2025-08-20 00:00:00,2026-01-24 00:00:00
4076,SKU-04076,Teclado Microsoft 5215,Teclado para computadora de uso diario,707.71,33,2025-02-17 00:00:00,2025-06-10 00:00:00
4077,SKU-04077,Cable USB Belkin 7457,Cable USB para conexión y transferencia de datos,671.44,145,2025-10-09 00:00:00,2026-02-01 00:00:00
4078,SKU-04078,Disco SSD Crucial 7771,Unidad SSD para almacenamiento de datos,3933.1,59,2025-01-29 00:00:00,2025-02-02 00:00:00
4079,SKU-04079,Webcam AverMedia 8870,Cámara web para videollamadas,2422.05,18,2025-03-25 00:00:00,2025-11-10 00:00:00
4080,SKU-04080,Audífonos Logitech 7111,"Audífonos para música, llamadas y multimedia",922.19,23,2025-05-03 00:00:00,2025-10-04 00:00:00
4081,SKU-04081,Mouse Genius 6747,Mouse óptico para computadora,3233.93,40,2025-09-16 00:00:00,2025-12-11 00:00:00
4082,SKU-04082,Cable USB Amazon Basics 8900,Cable USB para conexión y transferencia de datos,1329.1,37,2025-09-27 00:00:00,2026-04-07 00:00:00
4083,SKU-04083,Teclado Microsoft 2975,Teclado para computadora de uso diario,1702.18,77,2025-02-10 00:00:00,2025-06-10 00:00:00
4084,SKU-04084,Laptop Lenovo 8479,Equipo portátil para trabajo y estudio,24155.05,21,2026-05-25 00:00:00,2026-09-21 00:00:00
4085,SKU-04085,Monitor Dell 4304,Monitor para computadora de alta resolución,8583.01,49,2025-07-27 00:00:00,2025-10-25 00:00:00
4086,SKU-04086,Mouse Genius 3264,Mouse óptico para computadora,1517.05,51,2025-04-06 00:00:00,2025-04-24 00:00:00
4087,SKU-04087,Webcam Logitech 9197,Cámara web para videollamadas,525.97,95,2026-03-01 00:00:00,2026-05-04 00:00:00
4088,SKU-04088,Teclado Genius 2132,Teclado para computadora de uso diario,2329.56,43,2026-01-31 00:00:00,2026-08-23 00:00:00
4089,SKU-04089,Mouse Razer 3470,Mouse óptico para computadora,2397.47,31,2025-05-21 00:00:00,2025-07-11 00:00:00
4090,SKU-04090,Webcam Logitech 9386,Cámara web para videollamadas,2414.21,66,2025-10-07 00:00:00,2025-10-27 00:00:00
4091,SKU-04091,Webcam HP 9713,Cámara web para videollamadas,2064.82,62,2026-07-03 00:00:00,2026-09-21 00:00:00
4092,SKU-04092,Router Huawei 6259,Router inalámbrico para conexión de red,2539.19,43,2025-01-24 00:00:00,2025-07-16 00:00:00
4093,SKU-04093,Laptop ASUS 8326,Equipo portátil para trabajo y estudio,10051.22,12,2026-05-08 00:00:00,2026-09-21 00:00:00
4094,SKU-04094,Disco SSD Crucial 7865,Unidad SSD para almacenamiento de datos,1699.12,20,2026-08-20 00:00:00,2026-09-21 00:00:00
4095,SKU-04095,Disco SSD Western Digital 5108,Unidad SSD para almacenamiento de datos,3146.68,59,2025-04-02 00:00:00,2025-06-16 00:00:00
4096,SKU-04096,Router TP-Link 4584,Router inalámbrico para conexión de red,2356.07,13,2026-01-05 00:00:00,2026-09-07 00:00:00
4097,SKU-04097,Router TP-Link 1077,Router inalámbrico para conexión de red,2952.74,18,2026-08-13 00:00:00,2026-09-21 00:00:00
4098,SKU-04098,Webcam HP 3725,Cámara web para videollamadas,562.01,100,2025-08-20 00:00:00,2026-02-15 00:00:00
4099,SKU-04099,Cable USB Amazon Basics 7755,Cable USB para conexión y transferencia de datos,1663.46,30,2025-12-30 00:00:00,2026-01-29 00:00:00
4100,SKU-04100,Teclado Microsoft 660,Teclado para computadora de uso diario,993.56,67,2026-06-01 00:00:00,2026-08-11 00:00:00
4101,SKU-04101,Audífonos Sony 2316,"Audífonos para música, llamadas y multimedia",2731.79,86,2025-05-29 00:00:00,2025-10-15 00:00:00
4102,SKU-04102,Laptop HP 2160,Equipo portátil para trabajo y estudio,23112.8,17,2025-02-12 00:00:00,2025-10-07 00:00:00
4103,SKU-04103,Audífonos Philips 6880,"Audífonos para música, llamadas y multimedia",2837.86,83,2025-09-10 00:00:00,2026-01-04 00:00:00
4104,SKU-04104,Laptop Acer 5431,Equipo portátil para trabajo y estudio,21428.73,21,2026-03-17 00:00:00,2026-09-21 00:00:00
4105,SKU-04105,Router TP-Link 4130,Router inalámbrico para conexión de red,3354.06,8,2026-04-20 00:00:00,2026-09-21 00:00:00
4106,SKU-04106,Webcam HP 3265,Cámara web para videollamadas,751.6,13,2025-12-27 00:00:00,2026-02-12 00:00:00
4107,SKU-04107,Mouse Genius 6300,Mouse óptico para computadora,1195.58,46,2025-01-02 00:00:00,2025-05-25 00:00:00
4108,SKU-04108,Audífonos Sony 327,"Audífonos para música, llamadas y multimedia",1195.63,54,2025-06-13 00:00:00,2025-08-27 00:00:00
4109,SKU-04109,Webcam Logitech 9610,Cámara web para videollamadas,2395.01,10,2025-11-03 00:00:00,2026-05-23 00:00:00
4110,SKU-04110,Disco SSD ADATA 3863,Unidad SSD para almacenamiento de datos,3543.0,62,2025-07-29 00:00:00,2025-11-19 00:00:00
4111,SKU-04111,Mouse HP 7228,Mouse óptico para computadora,560.56,90,2025-06-30 00:00:00,2025-09-27 00:00:00
4112,SKU-04112,Laptop Lenovo 1920,Equipo portátil para trabajo y estudio,26038.66,9,2026-04-02 00:00:00,2026-09-20 00:00:00
4113,SKU-04113,Webcam AverMedia 4925,Cámara web para videollamadas,2687.34,36,2026-08-13 00:00:00,2026-09-21 00:00:00
4114,SKU-04114,Cable USB Baseus 8961,Cable USB para conexión y transferencia de datos,1130.26,26,2025-08-15 00:00:00,2026-03-30 00:00:00
4115,SKU-04115,Router Tenda 9642,Router inalámbrico para conexión de red,1169.2,61,2025-10-08 00:00:00,2026-01-03 00:00:00
4116,SKU-04116,Teclado Logitech 4529,Teclado para computadora de uso diario,3148.96,78,2025-12-19 00:00:00,2026-05-01 00:00:00
4117,SKU-04117,Disco SSD Samsung 4150,Unidad SSD para almacenamiento de datos,2769.57,73,2025-04-18 00:00:00,2025-05-27 00:00:00
4118,SKU-04118,Webcam Trust 3500,Cámara web para videollamadas,1304.2,16,2025-01-08 00:00:00,2025-07-12 00:00:00
4119,SKU-04119,Monitor Samsung 4556,Monitor para computadora de alta resolución,2776.93,16,2025-12-18 00:00:00,2026-02-07 00:00:00
4120,SKU-04120,Disco SSD ADATA 7103,Unidad SSD para almacenamiento de datos,3426.78,26,2025-07-09 00:00:00,2025-08-30 00:00:00
4121,SKU-04121,Router Tenda 9967,Router inalámbrico para conexión de red,760.04,18,2026-02-25 00:00:00,2026-09-21 00:00:00
4122,SKU-04122,Disco SSD ADATA 1627,Unidad SSD para almacenamiento de datos,3534.86,72,2025-01-31 00:00:00,2025-02-17 00:00:00
4123,SKU-04123,Cable USB Amazon Basics 2106,Cable USB para conexión y transferencia de datos,1448.68,13,2026-06-10 00:00:00,2026-09-21 00:00:00
4124,SKU-04124,Teclado Redragon 6924,Teclado para computadora de uso diario,2164.16,67,2025-03-31 00:00:00,2025-10-01 00:00:00
4125,SKU-04125,Audífonos Philips 7488,"Audífonos para música, llamadas y multimedia",2378.29,90,2026-01-03 00:00:00,2026-04-17 00:00:00
4126,SKU-04126,Monitor Dell 5454,Monitor para computadora de alta resolución,9948.51,46,2025-12-21 00:00:00,2026-08-11 00:00:00
4127,SKU-04127,Router Netgear 3383,Router inalámbrico para conexión de red,876.59,74,2025-09-19 00:00:00,2026-01-04 00:00:00
4128,SKU-04128,Webcam Microsoft 1123,Cámara web para videollamadas,800.41,8,2025-10-17 00:00:00,2025-12-26 00:00:00
4129,SKU-04129,Mouse HP 5584,Mouse óptico para computadora,2942.95,56,2026-04-16 00:00:00,2026-05-22 00:00:00
4130,SKU-04130,Memoria USB Kingston 8102,Memoria USB para almacenamiento y transferencia de archivos,1474.29,37,2025-12-26 00:00:00,2026-05-06 00:00:00
4131,SKU-04131,Memoria USB ADATA 6870,Memoria USB para almacenamiento y transferencia de archivos,1310.38,15,2026-06-29 00:00:00,2026-08-07 00:00:00
4132,SKU-04132,Router TP-Link 9249,Router inalámbrico para conexión de red,2326.84,100,2025-06-21 00:00:00,2025-08-11 00:00:00
4133,SKU-04133,Laptop HP 2658,Equipo portátil para trabajo y estudio,13265.55,8,2025-02-17 00:00:00,2025-03-16 00:00:00
4134,SKU-04134,Teclado Genius 8247,Teclado para computadora de uso diario,2777.63,14,2026-05-10 00:00:00,2026-08-01 00:00:00
4135,SKU-04135,Audífonos Sony 9280,"Audífonos para música, llamadas y multimedia",1182.12,63,2025-10-14 00:00:00,2026-05-29 00:00:00
4136,SKU-04136,Disco SSD Samsung 7623,Unidad SSD para almacenamiento de datos,1271.27,25,2026-05-10 00:00:00,2026-07-08 00:00:00
4137,SKU-04137,Monitor Samsung 5017,Monitor para computadora de alta resolución,4504.93,49,2025-10-19 00:00:00,2026-05-29 00:00:00
4138,SKU-04138,Audífonos Sony 3923,"Audífonos para música, llamadas y multimedia",2134.69,62,2025-04-15 00:00:00,2025-11-18 00:00:00
4139,SKU-04139,Teclado Genius 1377,Teclado para computadora de uso diario,718.78,83,2025-05-09 00:00:00,2025-09-20 00:00:00
4140,SKU-04140,Teclado Genius 6858,Teclado para computadora de uso diario,2746.5,88,2026-01-25 00:00:00,2026-07-26 00:00:00
4141,SKU-04141,Laptop ASUS 9540,Equipo portátil para trabajo y estudio,10082.88,22,2026-03-28 00:00:00,2026-05-28 00:00:00
4142,SKU-04142,Cable USB Steren 4159,Cable USB para conexión y transferencia de datos,186.34,12,2026-06-04 00:00:00,2026-09-21 00:00:00
4143,SKU-04143,Memoria USB ADATA 521,Memoria USB para almacenamiento y transferencia de archivos,1510.0,136,2025-11-30 00:00:00,2026-01-15 00:00:00
4144,SKU-04144,Mouse Logitech 1642,Mouse óptico para computadora,2755.55,60,2026-05-01 00:00:00,2026-09-21 00:00:00
4145,SKU-04145,Audífonos JBL 4832,"Audífonos para música, llamadas y multimedia",840.67,71,2026-05-13 00:00:00,2026-06-02 00:00:00
4146,SKU-04146,Teclado Microsoft 7220,Teclado para computadora de uso diario,2467.97,7,2025-11-06 00:00:00,2025-11-06 00:00:00
4147,SKU-04147,Cable USB Amazon Basics 4566,Cable USB para conexión y transferencia de datos,1008.4,117,2026-05-18 00:00:00,2026-06-28 00:00:00
4148,SKU-04148,Laptop Dell 9834,Equipo portátil para trabajo y estudio,24704.82,5,2026-07-26 00:00:00,2026-09-21 00:00:00
4149,SKU-04149,Mouse Razer 2611,Mouse óptico para computadora,473.22,88,2026-02-27 00:00:00,2026-05-22 00:00:00
4150,SKU-04150,Memoria USB SanDisk 8652,Memoria USB para almacenamiento y transferencia de archivos,1168.07,109,2025-05-01 00:00:00,2025-05-07 00:00:00
4151,SKU-04151,Laptop Dell 423,Equipo portátil para trabajo y estudio,20271.07,21,2025-11-27 00:00:00,2026-03-18 00:00:00
4152,SKU-04152,Laptop Dell 8355,Equipo portátil para trabajo y estudio,19395.77,24,2025-05-20 00:00:00,2025-11-25 00:00:00
4153,SKU-04153,Disco SSD Crucial 5151,Unidad SSD para almacenamiento de datos,1854.04,6,2025-08-27 00:00:00,2026-02-10 00:00:00
4154,SKU-04154,Monitor ASUS 8247,Monitor para computadora de alta resolución,5546.72,10,2026-04-22 00:00:00,2026-09-21 00:00:00
4155,SKU-04155,Disco SSD Kingston 9135,Unidad SSD para almacenamiento de datos,2900.63,54,2025-03-09 00:00:00,2025-03-15 00:00:00
4156,SKU-04156,Mouse HP 5622,Mouse óptico para computadora,2011.92,66,2025-02-21 00:00:00,2025-03-13 00:00:00
4157,SKU-04157,Disco SSD Kingston 7527,Unidad SSD para almacenamiento de datos,1470.39,51,2025-12-04 00:00:00,2026-02-24 00:00:00
4158,SKU-04158,Disco SSD Samsung 6794,Unidad SSD para almacenamiento de datos,3758.79,43,2026-06-09 00:00:00,2026-09-21 00:00:00
4159,SKU-04159,Cable USB UGREEN 3311,Cable USB para conexión y transferencia de datos,240.21,129,2026-05-07 00:00:00,2026-05-24 00:00:00
4160,SKU-04160,Laptop Dell 2563,Equipo portátil para trabajo y estudio,14033.48,8,2025-11-27 00:00:00,2025-12-26 00:00:00
4161,SKU-04161,Monitor Dell 4538,Monitor para computadora de alta resolución,4658.25,26,2025-09-17 00:00:00,2026-03-26 00:00:00
4162,SKU-04162,Webcam HP 3003,Cámara web para videollamadas,617.55,23,2025-08-07 00:00:00,2026-01-26 00:00:00
4163,SKU-04163,Monitor Samsung 3597,Monitor para computadora de alta resolución,6396.88,23,2025-10-15 00:00:00,2026-03-06 00:00:00
4164,SKU-04164,Webcam Microsoft 4611,Cámara web para videollamadas,2331.96,29,2025-01-13 00:00:00,2025-09-09 00:00:00
4165,SKU-04165,Cable USB Belkin 5006,Cable USB para conexión y transferencia de datos,1344.7,106,2026-03-08 00:00:00,2026-09-08 00:00:00
4166,SKU-04166,Router Tenda 7686,Router inalámbrico para conexión de red,1027.96,88,2025-07-04 00:00:00,2025-10-16 00:00:00
4167,SKU-04167,Monitor Samsung 5215,Monitor para computadora de alta resolución,5503.76,35,2025-10-15 00:00:00,2026-06-11 00:00:00
4168,SKU-04168,Teclado Redragon 3032,Teclado para computadora de uso diario,368.68,36,2026-08-24 00:00:00,2026-09-21 00:00:00
4169,SKU-04169,Router Huawei 5371,Router inalámbrico para conexión de red,884.39,89,2025-09-26 00:00:00,2025-12-08 00:00:00
4170,SKU-04170,Teclado HP 8641,Teclado para computadora de uso diario,965.84,82,2026-01-17 00:00:00,2026-08-30 00:00:00
4171,SKU-04171,Audífonos Sony 3657,"Audífonos para música, llamadas y multimedia",1791.01,75,2025-05-27 00:00:00,2025-10-23 00:00:00
4172,SKU-04172,Laptop Lenovo 3239,Equipo portátil para trabajo y estudio,21044.69,19,2026-07-04 00:00:00,2026-08-16 00:00:00
4173,SKU-04173,Laptop Acer 671,Equipo portátil para trabajo y estudio,22407.66,25,2025-10-09 00:00:00,2025-11-10 00:00:00
4174,SKU-04174,Memoria USB ADATA 2498,Memoria USB para almacenamiento y transferencia de archivos,996.1,33,2025-05-17 00:00:00,2025-08-19 00:00:00
4175,SKU-04175,Audífonos Sony 2140,"Audífonos para música, llamadas y multimedia",2388.37,82,2025-01-12 00:00:00,2025-07-25 00:00:00
4176,SKU-04176,Monitor Samsung 427,Monitor para computadora de alta resolución,9662.26,3,2025-02-17 00:00:00,2025-09-24 00:00:00
4177,SKU-04177,Disco SSD Western Digital 7178,Unidad SSD para almacenamiento de datos,784.06,38,2025-09-12 00:00:00,2026-02-22 00:00:00
4178,SKU-04178,Memoria USB Verbatim 7824,Memoria USB para almacenamiento y transferencia de archivos,1632.54,32,2025-06-20 00:00:00,2025-07-30 00:00:00
4179,SKU-04179,Cable USB Baseus 7318,Cable USB para conexión y transferencia de datos,416.45,79,2026-06-14 00:00:00,2026-09-21 00:00:00
4180,SKU-04180,Disco SSD Western Digital 8204,Unidad SSD para almacenamiento de datos,1522.97,34,2026-02-19 00:00:00,2026-03-22 00:00:00
4181,SKU-04181,Audífonos Philips 9272,"Audífonos para música, llamadas y multimedia",1236.26,46,2026-07-01 00:00:00,2026-08-07 00:00:00
4182,SKU-04182,Laptop Acer 2692,Equipo portátil para trabajo y estudio,16890.69,9,2026-07-14 00:00:00,2026-08-27 00:00:00
4183,SKU-04183,Webcam HP 8244,Cámara web para videollamadas,2121.71,34,2026-05-16 00:00:00,2026-07-11 00:00:00
4184,SKU-04184,Audífonos Philips 4091,"Audífonos para música, llamadas y multimedia",693.35,30,2025-07-04 00:00:00,2025-12-20 00:00:00
4185,SKU-04185,Mouse HP 6712,Mouse óptico para computadora,756.15,93,2025-06-11 00:00:00,2025-11-04 00:00:00
4186,SKU-04186,Webcam Trust 1429,Cámara web para videollamadas,2380.19,83,2026-06-27 00:00:00,2026-09-21 00:00:00
4187,SKU-04187,Mouse HP 2068,Mouse óptico para computadora,547.77,18,2025-06-13 00:00:00,2025-12-27 00:00:00
4188,SKU-04188,Audífonos HyperX 1508,"Audífonos para música, llamadas y multimedia",1658.67,16,2025-08-17 00:00:00,2026-04-20 00:00:00
4189,SKU-04189,Cable USB Baseus 1902,Cable USB para conexión y transferencia de datos,460.23,95,2025-06-20 00:00:00,2025-10-10 00:00:00
4190,SKU-04190,Router TP-Link 2734,Router inalámbrico para conexión de red,2364.97,50,2026-03-31 00:00:00,2026-09-21 00:00:00
4191,SKU-04191,Webcam AverMedia 6193,Cámara web para videollamadas,1586.33,85,2025-12-12 00:00:00,2026-05-03 00:00:00
4192,SKU-04192,Teclado Microsoft 4768,Teclado para computadora de uso diario,866.67,25,2025-07-02 00:00:00,2025-12-21 00:00:00
4193,SKU-04193,Mouse HP 3089,Mouse óptico para computadora,1528.14,80,2025-04-28 00:00:00,2025-04-30 00:00:00
4194,SKU-04194,Teclado Microsoft 664,Teclado para computadora de uso diario,637.96,83,2025-08-02 00:00:00,2025-09-06 00:00:00
4195,SKU-04195,Disco SSD Kingston 2916,Unidad SSD para almacenamiento de datos,3706.04,28,2026-04-05 00:00:00,2026-09-12 00:00:00
4196,SKU-04196,Laptop Lenovo 9063,Equipo portátil para trabajo y estudio,18969.21,11,2025-07-05 00:00:00,2025-11-01 00:00:00
4197,SKU-04197,Router Tenda 5852,Router inalámbrico para conexión de red,1096.79,64,2025-10-27 00:00:00,2025-12-14 00:00:00
4198,SKU-04198,Cable USB Amazon Basics 9218,Cable USB para conexión y transferencia de datos,904.47,136,2025-01-15 00:00:00,2025-06-17 00:00:00
4199,SKU-04199,Mouse Razer 1412,Mouse óptico para computadora,869.28,91,2026-05-22 00:00:00,2026-06-11 00:00:00
4200,SKU-04200,Monitor AOC 1241,Monitor para computadora de alta resolución,4961.83,14,2026-06-06 00:00:00,2026-09-21 00:00:00
4201,SKU-04201,Cable USB Amazon Basics 8680,Cable USB para conexión y transferencia de datos,474.91,62,2025-05-04 00:00:00,2025-05-16 00:00:00
4202,SKU-04202,Monitor ASUS 5212,Monitor para computadora de alta resolución,9399.01,36,2025-07-05 00:00:00,2025-09-06 00:00:00
4203,SKU-04203,Mouse Genius 7881,Mouse óptico para computadora,2281.1,63,2025-12-31 00:00:00,2026-06-02 00:00:00
4204,SKU-04204,Monitor ASUS 4566,Monitor para computadora de alta resolución,4366.53,4,2026-08-15 00:00:00,2026-09-21 00:00:00
4205,SKU-04205,Cable USB Belkin 8540,Cable USB para conexión y transferencia de datos,545.08,36,2025-09-23 00:00:00,2026-05-07 00:00:00
4206,SKU-04206,Mouse Genius 9639,Mouse óptico para computadora,2155.59,23,2025-05-01 00:00:00,2025-05-22 00:00:00
4207,SKU-04207,Mouse Microsoft 2643,Mouse óptico para computadora,798.43,42,2025-09-15 00:00:00,2025-11-15 00:00:00
4208,SKU-04208,Mouse Logitech 4433,Mouse óptico para computadora,2067.61,84,2026-07-30 00:00:00,2026-09-21 00:00:00
4209,SKU-04209,Router Netgear 1998,Router inalámbrico para conexión de red,2789.84,93,2025-11-22 00:00:00,2026-07-21 00:00:00
4210,SKU-04210,Disco SSD Kingston 2037,Unidad SSD para almacenamiento de datos,1830.5,58,2025-04-05 00:00:00,2025-08-03 00:00:00
4211,SKU-04211,Monitor Dell 2173,Monitor para computadora de alta resolución,4217.23,49,2026-04-05 00:00:00,2026-06-26 00:00:00
4212,SKU-04212,Laptop Lenovo 1396,Equipo portátil para trabajo y estudio,7650.43,21,2026-07-08 00:00:00,2026-08-20 00:00:00
4213,SKU-04213,Laptop Acer 3944,Equipo portátil para trabajo y estudio,8739.49,22,2025-11-22 00:00:00,2026-02-22 00:00:00
4214,SKU-04214,Memoria USB PNY 8566,Memoria USB para almacenamiento y transferencia de archivos,544.13,71,2026-07-10 00:00:00,2026-09-21 00:00:00
4215,SKU-04215,Laptop Acer 2983,Equipo portátil para trabajo y estudio,27408.51,11,2026-06-11 00:00:00,2026-07-17 00:00:00
4216,SKU-04216,Router D-Link 1501,Router inalámbrico para conexión de red,1626.89,99,2025-07-05 00:00:00,2025-10-11 00:00:00
4217,SKU-04217,Teclado Logitech 5659,Teclado para computadora de uso diario,2601.27,17,2025-05-19 00:00:00,2025-11-07 00:00:00
4218,SKU-04218,Memoria USB PNY 8164,Memoria USB para almacenamiento y transferencia de archivos,427.0,29,2025-06-18 00:00:00,2025-11-04 00:00:00
4219,SKU-04219,Disco SSD Samsung 1874,Unidad SSD para almacenamiento de datos,3910.93,48,2026-04-15 00:00:00,2026-04-22 00:00:00
4220,SKU-04220,Router Huawei 2502,Router inalámbrico para conexión de red,827.71,15,2025-04-06 00:00:00,2025-04-25 00:00:00
4221,SKU-04221,Webcam AverMedia 5718,Cámara web para videollamadas,3228.52,35,2025-04-11 00:00:00,2025-10-20 00:00:00
4222,SKU-04222,Monitor ASUS 2677,Monitor para computadora de alta resolución,6267.92,25,2026-04-23 00:00:00,2026-09-21 00:00:00
4223,SKU-04223,Disco SSD ADATA 8169,Unidad SSD para almacenamiento de datos,3792.35,36,2025-04-04 00:00:00,2025-11-24 00:00:00
4224,SKU-04224,Monitor AOC 1284,Monitor para computadora de alta resolución,3004.58,40,2025-02-06 00:00:00,2025-02-13 00:00:00
4225,SKU-04225,Memoria USB Kingston 2321,Memoria USB para almacenamiento y transferencia de archivos,1764.39,134,2026-07-17 00:00:00,2026-09-21 00:00:00
4226,SKU-04226,Disco SSD Kingston 6461,Unidad SSD para almacenamiento de datos,1716.49,40,2025-03-27 00:00:00,2025-11-21 00:00:00
4227,SKU-04227,Webcam HP 6819,Cámara web para videollamadas,2265.39,88,2025-05-05 00:00:00,2025-06-25 00:00:00
4228,SKU-04228,Router TP-Link 752,Router inalámbrico para conexión de red,1646.6,86,2025-05-26 00:00:00,2025-12-21 00:00:00
4229,SKU-04229,Teclado Genius 8721,Teclado para computadora de uso diario,1711.41,7,2026-08-13 00:00:00,2026-09-21 00:00:00
4230,SKU-04230,Memoria USB ADATA 9637,Memoria USB para almacenamiento y transferencia de archivos,299.79,14,2025-06-05 00:00:00,2025-06-19 00:00:00
4231,SKU-04231,Laptop HP 3435,Equipo portátil para trabajo y estudio,25058.44,3,2025-08-23 00:00:00,2025-09-19 00:00:00
4232,SKU-04232,Mouse Microsoft 7250,Mouse óptico para computadora,1527.04,56,2025-07-07 00:00:00,2026-02-12 00:00:00
4233,SKU-04233,Cable USB Belkin 6720,Cable USB para conexión y transferencia de datos,1072.79,148,2026-05-30 00:00:00,2026-09-21 00:00:00
4234,SKU-04234,Webcam HP 9764,Cámara web para videollamadas,371.65,96,2026-06-23 00:00:00,2026-06-26 00:00:00
4235,SKU-04235,Router Tenda 9762,Router inalámbrico para conexión de red,2705.87,73,2025-03-02 00:00:00,2025-09-14 00:00:00
4236,SKU-04236,Monitor Samsung 5079,Monitor para computadora de alta resolución,10052.8,36,2026-02-25 00:00:00,2026-07-14 00:00:00
4237,SKU-04237,Monitor ASUS 7302,Monitor para computadora de alta resolución,4499.8,12,2025-07-23 00:00:00,2025-10-13 00:00:00
4238,SKU-04238,Router Tenda 654,Router inalámbrico para conexión de red,1141.57,44,2026-08-24 00:00:00,2026-09-11 00:00:00
4239,SKU-04239,Laptop Acer 8854,Equipo portátil para trabajo y estudio,18864.26,34,2025-07-19 00:00:00,2026-03-14 00:00:00
4240,SKU-04240,Audífonos Logitech 7696,"Audífonos para música, llamadas y multimedia",1918.54,53,2025-01-31 00:00:00,2025-06-21 00:00:00
4241,SKU-04241,Router Tenda 5762,Router inalámbrico para conexión de red,1762.7,27,2025-05-27 00:00:00,2025-12-09 00:00:00
4242,SKU-04242,Teclado Redragon 4643,Teclado para computadora de uso diario,2092.72,47,2025-06-04 00:00:00,2025-12-11 00:00:00
4243,SKU-04243,Disco SSD Crucial 3732,Unidad SSD para almacenamiento de datos,3957.29,77,2026-03-14 00:00:00,2026-09-21 00:00:00
4244,SKU-04244,Audífonos JBL 9916,"Audífonos para música, llamadas y multimedia",1988.69,79,2025-05-13 00:00:00,2025-10-29 00:00:00
4245,SKU-04245,Teclado Genius 8899,Teclado para computadora de uso diario,2190.56,23,2026-04-24 00:00:00,2026-09-21 00:00:00
4246,SKU-04246,Audífonos Sony 3238,"Audífonos para música, llamadas y multimedia",2187.46,40,2025-12-27 00:00:00,2026-07-11 00:00:00
4247,SKU-04247,Router Tenda 7400,Router inalámbrico para conexión de red,1711.46,79,2025-05-02 00:00:00,2025-07-05 00:00:00
4248,SKU-04248,Cable USB UGREEN 1555,Cable USB para conexión y transferencia de datos,695.87,92,2026-08-23 00:00:00,2026-09-21 00:00:00
4249,SKU-04249,Webcam AverMedia 6084,Cámara web para videollamadas,2972.94,35,2025-05-12 00:00:00,2025-05-31 00:00:00
4250,SKU-04250,Disco SSD Samsung 4535,Unidad SSD para almacenamiento de datos,1172.13,67,2025-12-17 00:00:00,2026-07-22 00:00:00
4251,SKU-04251,Webcam Trust 4313,Cámara web para videollamadas,1262.86,84,2025-03-23 00:00:00,2025-10-31 00:00:00
4252,SKU-04252,Monitor LG 9163,Monitor para computadora de alta resolución,9935.39,36,2025-09-15 00:00:00,2026-02-09 00:00:00
4253,SKU-04253,Memoria USB Verbatim 9407,Memoria USB para almacenamiento y transferencia de archivos,1795.12,136,2025-09-18 00:00:00,2025-09-25 00:00:00
4254,SKU-04254,Monitor LG 5691,Monitor para computadora de alta resolución,6193.94,50,2025-03-30 00:00:00,2025-10-31 00:00:00
4255,SKU-04255,Mouse HP 669,Mouse óptico para computadora,1873.69,53,2025-03-16 00:00:00,2025-05-28 00:00:00
4256,SKU-04256,Monitor LG 7021,Monitor para computadora de alta resolución,11347.92,45,2025-04-17 00:00:00,2025-07-05 00:00:00
4257,SKU-04257,Monitor ASUS 5852,Monitor para computadora de alta resolución,7248.72,43,2026-05-14 00:00:00,2026-07-12 00:00:00
4258,SKU-04258,Teclado HP 2306,Teclado para computadora de uso diario,2144.61,75,2025-05-08 00:00:00,2025-06-12 00:00:00
4259,SKU-04259,Mouse Microsoft 5648,Mouse óptico para computadora,1572.32,77,2025-05-23 00:00:00,2025-07-24 00:00:00
4260,SKU-04260,Memoria USB SanDisk 6663,Memoria USB para almacenamiento y transferencia de archivos,467.17,132,2025-05-09 00:00:00,2025-09-12 00:00:00
4261,SKU-04261,Disco SSD Crucial 1353,Unidad SSD para almacenamiento de datos,2390.68,51,2025-02-28 00:00:00,2025-08-07 00:00:00
4262,SKU-04262,Mouse Genius 965,Mouse óptico para computadora,864.03,81,2025-07-25 00:00:00,2025-09-22 00:00:00
4263,SKU-04263,Laptop Dell 9328,Equipo portátil para trabajo y estudio,23644.93,4,2025-06-13 00:00:00,2025-10-28 00:00:00
4264,SKU-04264,Memoria USB PNY 2582,Memoria USB para almacenamiento y transferencia de archivos,1298.52,41,2026-07-13 00:00:00,2026-09-21 00:00:00
4265,SKU-04265,Teclado Microsoft 3422,Teclado para computadora de uso diario,2918.24,95,2026-05-28 00:00:00,2026-09-21 00:00:00
4266,SKU-04266,Teclado HP 2137,Teclado para computadora de uso diario,2329.84,11,2026-02-03 00:00:00,2026-02-23 00:00:00
4267,SKU-04267,Cable USB Amazon Basics 5310,Cable USB para conexión y transferencia de datos,1245.39,148,2026-08-19 00:00:00,2026-09-21 00:00:00
4268,SKU-04268,Webcam Trust 3329,Cámara web para videollamadas,1895.21,36,2025-01-04 00:00:00,2025-01-20 00:00:00
4269,SKU-04269,Webcam HP 1728,Cámara web para videollamadas,849.05,11,2026-08-04 00:00:00,2026-09-21 00:00:00
4270,SKU-04270,Router TP-Link 3376,Router inalámbrico para conexión de red,3223.94,95,2025-01-27 00:00:00,2025-07-23 00:00:00
4271,SKU-04271,Laptop Dell 9848,Equipo portátil para trabajo y estudio,7824.68,24,2025-06-22 00:00:00,2025-09-02 00:00:00
4272,SKU-04272,Laptop HP 4497,Equipo portátil para trabajo y estudio,7691.92,30,2025-07-28 00:00:00,2025-12-01 00:00:00
4273,SKU-04273,Memoria USB PNY 599,Memoria USB para almacenamiento y transferencia de archivos,382.45,91,2025-07-08 00:00:00,2025-08-17 00:00:00
4274,SKU-04274,Mouse HP 920,Mouse óptico para computadora,2346.43,31,2025-01-15 00:00:00,2025-09-10 00:00:00
4275,SKU-04275,Monitor AOC 1382,Monitor para computadora de alta resolución,2628.35,11,2025-12-11 00:00:00,2026-08-02 00:00:00
4276,SKU-04276,Router Huawei 2025,Router inalámbrico para conexión de red,1748.38,54,2026-07-13 00:00:00,2026-09-21 00:00:00
4277,SKU-04277,Webcam HP 1473,Cámara web para videollamadas,1264.02,74,2025-08-26 00:00:00,2025-11-30 00:00:00
4278,SKU-04278,Webcam Logitech 609,Cámara web para videollamadas,1308.37,99,2025-02-26 00:00:00,2025-08-21 00:00:00
4279,SKU-04279,Disco SSD Western Digital 6034,Unidad SSD para almacenamiento de datos,1764.19,28,2025-04-23 00:00:00,2025-07-09 00:00:00
4280,SKU-04280,Router TP-Link 6261,Router inalámbrico para conexión de red,2367.31,62,2025-09-17 00:00:00,2026-01-12 00:00:00
4281,SKU-04281,Router Huawei 989,Router inalámbrico para conexión de red,893.05,26,2025-07-10 00:00:00,2025-07-21 00:00:00
4282,SKU-04282,Memoria USB ADATA 7508,Memoria USB para almacenamiento y transferencia de archivos,352.05,24,2026-08-20 00:00:00,2026-09-09 00:00:00
4283,SKU-04283,Laptop Dell 9696,Equipo portátil para trabajo y estudio,19354.85,23,2025-11-01 00:00:00,2026-02-03 00:00:00
4284,SKU-04284,Memoria USB ADATA 131,Memoria USB para almacenamiento y transferencia de archivos,316.2,141,2025-06-29 00:00:00,2025-09-14 00:00:00
4285,SKU-04285,Teclado Redragon 281,Teclado para computadora de uso diario,2349.65,49,2025-08-23 00:00:00,2025-11-16 00:00:00
4286,SKU-04286,Router D-Link 467,Router inalámbrico para conexión de red,2789.29,100,2025-07-04 00:00:00,2025-11-16 00:00:00
4287,SKU-04287,Cable USB Steren 1560,Cable USB para conexión y transferencia de datos,984.45,68,2025-07-12 00:00:00,2025-09-13 00:00:00
4288,SKU-04288,Audífonos JBL 9910,"Audífonos para música, llamadas y multimedia",3372.97,8,2025-03-25 00:00:00,2025-03-29 00:00:00
4289,SKU-04289,Disco SSD Crucial 9340,Unidad SSD para almacenamiento de datos,3956.29,74,2025-05-28 00:00:00,2025-12-30 00:00:00
4290,SKU-04290,Laptop Acer 3985,Equipo portátil para trabajo y estudio,16537.66,20,2025-01-13 00:00:00,2025-02-03 00:00:00
4291,SKU-04291,Mouse Microsoft 8012,Mouse óptico para computadora,2436.88,79,2025-03-20 00:00:00,2025-06-06 00:00:00
4292,SKU-04292,Memoria USB Kingston 633,Memoria USB para almacenamiento y transferencia de archivos,803.38,101,2025-01-29 00:00:00,2025-04-18 00:00:00
4293,SKU-04293,Router TP-Link 9575,Router inalámbrico para conexión de red,447.91,18,2025-12-06 00:00:00,2026-04-03 00:00:00
4294,SKU-04294,Audífonos Sony 4436,"Audífonos para música, llamadas y multimedia",2359.81,80,2025-01-27 00:00:00,2025-07-24 00:00:00
4295,SKU-04295,Monitor ASUS 9257,Monitor para computadora de alta resolución,4256.44,34,2026-02-15 00:00:00,2026-07-28 00:00:00
4296,SKU-04296,Memoria USB Kingston 3422,Memoria USB para almacenamiento y transferencia de archivos,1064.71,43,2025-09-04 00:00:00,2026-01-28 00:00:00
4297,SKU-04297,Monitor ASUS 5320,Monitor para computadora de alta resolución,10617.22,19,2026-05-12 00:00:00,2026-06-01 00:00:00
4298,SKU-04298,Laptop Lenovo 5482,Equipo portátil para trabajo y estudio,7727.45,24,2025-07-14 00:00:00,2025-12-23 00:00:00
4299,SKU-04299,Mouse Genius 4204,Mouse óptico para computadora,2916.44,30,2026-07-03 00:00:00,2026-09-21 00:00:00
4300,SKU-04300,Memoria USB Kingston 876,Memoria USB para almacenamiento y transferencia de archivos,870.09,43,2025-10-19 00:00:00,2026-04-26 00:00:00
4301,SKU-04301,Router D-Link 8056,Router inalámbrico para conexión de red,1968.47,99,2025-08-09 00:00:00,2026-03-09 00:00:00
4302,SKU-04302,Audífonos Sony 8868,"Audífonos para música, llamadas y multimedia",2106.81,69,2026-02-23 00:00:00,2026-08-04 00:00:00
4303,SKU-04303,Disco SSD ADATA 1321,Unidad SSD para almacenamiento de datos,871.65,50,2026-07-09 00:00:00,2026-09-21 00:00:00
4304,SKU-04304,Disco SSD Kingston 4793,Unidad SSD para almacenamiento de datos,2975.95,72,2026-05-01 00:00:00,2026-05-10 00:00:00
4305,SKU-04305,Memoria USB PNY 8678,Memoria USB para almacenamiento y transferencia de archivos,809.76,141,2025-08-07 00:00:00,2026-01-02 00:00:00
4306,SKU-04306,Memoria USB ADATA 5341,Memoria USB para almacenamiento y transferencia de archivos,1460.01,64,2025-08-08 00:00:00,2026-01-22 00:00:00
4307,SKU-04307,Laptop ASUS 8975,Equipo portátil para trabajo y estudio,10543.76,33,2026-08-03 00:00:00,2026-09-21 00:00:00
4308,SKU-04308,Memoria USB Verbatim 3420,Memoria USB para almacenamiento y transferencia de archivos,1712.22,33,2026-01-08 00:00:00,2026-01-14 00:00:00
4309,SKU-04309,Router Huawei 2656,Router inalámbrico para conexión de red,2359.16,21,2025-05-19 00:00:00,2025-08-31 00:00:00
4310,SKU-04310,Router Tenda 7840,Router inalámbrico para conexión de red,1701.5,59,2025-11-18 00:00:00,2026-06-02 00:00:00
4311,SKU-04311,Laptop ASUS 7458,Equipo portátil para trabajo y estudio,7451.8,10,2025-11-23 00:00:00,2026-01-14 00:00:00
4312,SKU-04312,Laptop ASUS 8490,Equipo portátil para trabajo y estudio,16523.79,5,2025-03-23 00:00:00,2025-11-08 00:00:00
4313,SKU-04313,Router Tenda 2576,Router inalámbrico para conexión de red,1379.28,14,2026-05-03 00:00:00,2026-09-21 00:00:00
4314,SKU-04314,Monitor LG 3141,Monitor para computadora de alta resolución,9324.07,21,2026-07-13 00:00:00,2026-09-21 00:00:00
4315,SKU-04315,Webcam AverMedia 5873,Cámara web para videollamadas,1382.41,37,2026-01-10 00:00:00,2026-02-05 00:00:00
4316,SKU-04316,Memoria USB Verbatim 7272,Memoria USB para almacenamiento y transferencia de archivos,1253.11,102,2025-05-14 00:00:00,2025-12-01 00:00:00
4317,SKU-04317,Teclado Logitech 7704,Teclado para computadora de uso diario,3303.13,43,2025-05-12 00:00:00,2025-06-29 00:00:00
4318,SKU-04318,Audífonos Sony 1080,"Audífonos para música, llamadas y multimedia",1838.02,36,2025-05-05 00:00:00,2025-07-15 00:00:00
4319,SKU-04319,Webcam HP 1124,Cámara web para videollamadas,1631.62,62,2025-12-09 00:00:00,2026-07-03 00:00:00
4320,SKU-04320,Teclado Redragon 4456,Teclado para computadora de uso diario,3349.03,8,2025-07-27 00:00:00,2026-01-15 00:00:00
4321,SKU-04321,Router Netgear 7766,Router inalámbrico para conexión de red,1978.68,65,2025-05-08 00:00:00,2025-12-13 00:00:00
4322,SKU-04322,Audífonos HyperX 8270,"Audífonos para música, llamadas y multimedia",1338.55,23,2025-01-20 00:00:00,2025-07-04 00:00:00
4323,SKU-04323,Disco SSD Crucial 655,Unidad SSD para almacenamiento de datos,1104.26,43,2025-05-25 00:00:00,2025-06-07 00:00:00
4324,SKU-04324,Router D-Link 2723,Router inalámbrico para conexión de red,3088.09,29,2025-02-12 00:00:00,2025-07-07 00:00:00
4325,SKU-04325,Disco SSD ADATA 9997,Unidad SSD para almacenamiento de datos,2272.36,33,2025-04-23 00:00:00,2025-06-22 00:00:00
4326,SKU-04326,Mouse Genius 3162,Mouse óptico para computadora,1166.52,77,2025-12-11 00:00:00,2026-06-12 00:00:00
4327,SKU-04327,Cable USB Steren 8133,Cable USB para conexión y transferencia de datos,193.8,60,2026-06-09 00:00:00,2026-09-21 00:00:00
4328,SKU-04328,Monitor Dell 9333,Monitor para computadora de alta resolución,9463.44,22,2025-06-02 00:00:00,2025-11-02 00:00:00
4329,SKU-04329,Teclado Microsoft 8170,Teclado para computadora de uso diario,433.09,25,2025-02-15 00:00:00,2025-07-01 00:00:00
4330,SKU-04330,Cable USB UGREEN 2097,Cable USB para conexión y transferencia de datos,997.17,116,2025-04-12 00:00:00,2025-09-14 00:00:00
4331,SKU-04331,Disco SSD ADATA 8586,Unidad SSD para almacenamiento de datos,3454.83,80,2026-06-07 00:00:00,2026-09-21 00:00:00
4332,SKU-04332,Disco SSD ADATA 1994,Unidad SSD para almacenamiento de datos,736.89,21,2026-02-14 00:00:00,2026-02-25 00:00:00
4333,SKU-04333,Audífonos Philips 7054,"Audífonos para música, llamadas y multimedia",3252.54,6,2026-02-25 00:00:00,2026-03-21 00:00:00
4334,SKU-04334,Teclado Genius 5324,Teclado para computadora de uso diario,1626.7,35,2026-07-28 00:00:00,2026-09-21 00:00:00
4335,SKU-04335,Webcam Microsoft 3258,Cámara web para videollamadas,599.33,74,2025-06-02 00:00:00,2025-09-27 00:00:00
4336,SKU-04336,Audífonos Philips 5814,"Audífonos para música, llamadas y multimedia",502.6,83,2025-08-31 00:00:00,2026-01-05 00:00:00
4337,SKU-04337,Audífonos Philips 3651,"Audífonos para música, llamadas y multimedia",3495.46,54,2025-12-28 00:00:00,2026-05-06 00:00:00
4338,SKU-04338,Cable USB Belkin 7825,Cable USB para conexión y transferencia de datos,698.62,93,2026-05-22 00:00:00,2026-09-21 00:00:00
4339,SKU-04339,Mouse Razer 6996,Mouse óptico para computadora,3367.66,89,2026-03-21 00:00:00,2026-09-21 00:00:00
4340,SKU-04340,Webcam HP 9093,Cámara web para videollamadas,2772.01,85,2025-12-05 00:00:00,2026-05-23 00:00:00
4341,SKU-04341,Mouse Microsoft 5424,Mouse óptico para computadora,654.45,58,2025-05-07 00:00:00,2025-11-07 00:00:00
4342,SKU-04342,Mouse Microsoft 822,Mouse óptico para computadora,1428.09,44,2025-01-15 00:00:00,2025-06-30 00:00:00
4343,SKU-04343,Laptop Lenovo 3125,Equipo portátil para trabajo y estudio,25862.86,9,2026-01-18 00:00:00,2026-08-19 00:00:00
4344,SKU-04344,Monitor Samsung 3010,Monitor para computadora de alta resolución,8763.27,50,2025-03-31 00:00:00,2025-10-01 00:00:00
4345,SKU-04345,Memoria USB SanDisk 871,Memoria USB para almacenamiento y transferencia de archivos,1553.88,69,2025-01-03 00:00:00,2025-04-18 00:00:00
4346,SKU-04346,Laptop Lenovo 2102,Equipo portátil para trabajo y estudio,15735.56,7,2026-07-11 00:00:00,2026-08-12 00:00:00
4347,SKU-04347,Memoria USB Kingston 3804,Memoria USB para almacenamiento y transferencia de archivos,1794.12,15,2025-01-25 00:00:00,2025-02-19 00:00:00
4348,SKU-04348,Monitor AOC 1669,Monitor para computadora de alta resolución,9546.63,34,2025-05-22 00:00:00,2025-11-02 00:00:00
4349,SKU-04349,Teclado Redragon 1897,Teclado para computadora de uso diario,2856.73,27,2026-04-08 00:00:00,2026-07-30 00:00:00
4350,SKU-04350,Mouse HP 6328,Mouse óptico para computadora,1381.37,89,2026-04-24 00:00:00,2026-05-08 00:00:00
4351,SKU-04351,Monitor Dell 6810,Monitor para computadora de alta resolución,7759.41,49,2026-04-12 00:00:00,2026-09-21 00:00:00
4352,SKU-04352,Disco SSD Western Digital 4499,Unidad SSD para almacenamiento de datos,1427.56,14,2025-09-01 00:00:00,2026-02-17 00:00:00
4353,SKU-04353,Cable USB UGREEN 7891,Cable USB para conexión y transferencia de datos,745.85,52,2026-05-31 00:00:00,2026-09-21 00:00:00
4354,SKU-04354,Router Netgear 1834,Router inalámbrico para conexión de red,2444.21,21,2025-09-12 00:00:00,2025-12-10 00:00:00
4355,SKU-04355,Cable USB Amazon Basics 6667,Cable USB para conexión y transferencia de datos,154.83,94,2026-06-17 00:00:00,2026-09-21 00:00:00
4356,SKU-04356,Mouse Genius 6822,Mouse óptico para computadora,2528.12,84,2026-08-23 00:00:00,2026-09-21 00:00:00
4357,SKU-04357,Memoria USB Verbatim 8670,Memoria USB para almacenamiento y transferencia de archivos,1282.97,14,2025-12-03 00:00:00,2026-08-09 00:00:00
4358,SKU-04358,Memoria USB Kingston 3959,Memoria USB para almacenamiento y transferencia de archivos,175.1,150,2025-02-14 00:00:00,2025-10-13 00:00:00
4359,SKU-04359,Cable USB Steren 4662,Cable USB para conexión y transferencia de datos,635.2,115,2026-08-21 00:00:00,2026-09-21 00:00:00
4360,SKU-04360,Teclado Redragon 3368,Teclado para computadora de uso diario,679.45,59,2025-05-06 00:00:00,2025-05-23 00:00:00
4361,SKU-04361,Mouse Razer 8017,Mouse óptico para computadora,1568.72,47,2026-07-15 00:00:00,2026-09-21 00:00:00
4362,SKU-04362,Memoria USB ADATA 4672,Memoria USB para almacenamiento y transferencia de archivos,1495.04,127,2026-03-25 00:00:00,2026-09-14 00:00:00
4363,SKU-04363,Cable USB Baseus 6979,Cable USB para conexión y transferencia de datos,707.3,91,2025-07-18 00:00:00,2026-03-05 00:00:00
4364,SKU-04364,Cable USB Amazon Basics 6684,Cable USB para conexión y transferencia de datos,1435.89,22,2026-06-10 00:00:00,2026-09-03 00:00:00
4365,SKU-04365,Memoria USB Kingston 4574,Memoria USB para almacenamiento y transferencia de archivos,1285.1,94,2026-08-14 00:00:00,2026-09-21 00:00:00
4366,SKU-04366,Audífonos Philips 2342,"Audífonos para música, llamadas y multimedia",1104.2,14,2025-01-03 00:00:00,2025-07-01 00:00:00
4367,SKU-04367,Webcam AverMedia 3895,Cámara web para videollamadas,1158.52,93,2026-04-24 00:00:00,2026-07-08 00:00:00
4368,SKU-04368,Webcam HP 3119,Cámara web para videollamadas,2498.06,13,2026-08-09 00:00:00,2026-09-21 00:00:00
4369,SKU-04369,Mouse Microsoft 1201,Mouse óptico para computadora,1447.11,90,2025-10-12 00:00:00,2026-02-16 00:00:00
4370,SKU-04370,Cable USB Baseus 9144,Cable USB para conexión y transferencia de datos,1538.88,12,2025-08-11 00:00:00,2026-04-13 00:00:00
4371,SKU-04371,Teclado Genius 6848,Teclado para computadora de uso diario,2110.67,100,2025-04-27 00:00:00,2025-04-28 00:00:00
4372,SKU-04372,Router Huawei 4991,Router inalámbrico para conexión de red,2766.47,37,2025-08-04 00:00:00,2025-11-30 00:00:00
4373,SKU-04373,Memoria USB SanDisk 6185,Memoria USB para almacenamiento y transferencia de archivos,1571.03,100,2026-05-23 00:00:00,2026-09-21 00:00:00
4374,SKU-04374,Teclado Genius 8502,Teclado para computadora de uso diario,820.82,16,2025-09-05 00:00:00,2025-11-02 00:00:00
4375,SKU-04375,Disco SSD Western Digital 8685,Unidad SSD para almacenamiento de datos,759.79,48,2026-01-13 00:00:00,2026-02-19 00:00:00
4376,SKU-04376,Webcam Logitech 4901,Cámara web para videollamadas,430.15,11,2026-03-04 00:00:00,2026-09-01 00:00:00
4377,SKU-04377,Monitor ASUS 9176,Monitor para computadora de alta resolución,11244.4,41,2025-06-16 00:00:00,2025-10-09 00:00:00
4378,SKU-04378,Monitor Dell 4068,Monitor para computadora de alta resolución,2897.71,43,2025-12-07 00:00:00,2026-06-01 00:00:00
4379,SKU-04379,Cable USB UGREEN 3192,Cable USB para conexión y transferencia de datos,303.11,60,2025-05-05 00:00:00,2025-08-17 00:00:00
4380,SKU-04380,Memoria USB PNY 6065,Memoria USB para almacenamiento y transferencia de archivos,822.08,47,2025-11-11 00:00:00,2025-12-07 00:00:00
4381,SKU-04381,Mouse Genius 5389,Mouse óptico para computadora,2282.31,96,2025-04-07 00:00:00,2025-08-04 00:00:00
4382,SKU-04382,Audífonos Sony 2280,"Audífonos para música, llamadas y multimedia",426.15,52,2025-05-01 00:00:00,2025-10-11 00:00:00
4383,SKU-04383,Cable USB Belkin 553,Cable USB para conexión y transferencia de datos,1668.29,133,2025-05-03 00:00:00,2025-07-30 00:00:00
4384,SKU-04384,Cable USB Amazon Basics 6084,Cable USB para conexión y transferencia de datos,994.46,43,2025-08-29 00:00:00,2026-04-02 00:00:00
4385,SKU-04385,Audífonos HyperX 3016,"Audífonos para música, llamadas y multimedia",530.52,7,2025-08-20 00:00:00,2026-04-13 00:00:00
4386,SKU-04386,Monitor Samsung 7114,Monitor para computadora de alta resolución,3243.55,39,2025-10-29 00:00:00,2026-05-24 00:00:00
4387,SKU-04387,Cable USB UGREEN 212,Cable USB para conexión y transferencia de datos,936.57,106,2025-09-24 00:00:00,2026-03-08 00:00:00
4388,SKU-04388,Audífonos JBL 5267,"Audífonos para música, llamadas y multimedia",3119.23,49,2025-12-10 00:00:00,2026-06-05 00:00:00
4389,SKU-04389,Memoria USB ADATA 6493,Memoria USB para almacenamiento y transferencia de archivos,1560.0,75,2025-07-21 00:00:00,2025-12-29 00:00:00
4390,SKU-04390,Memoria USB Verbatim 2719,Memoria USB para almacenamiento y transferencia de archivos,1755.79,86,2025-09-12 00:00:00,2025-10-14 00:00:00
4391,SKU-04391,Audífonos HyperX 4354,"Audífonos para música, llamadas y multimedia",1785.67,79,2025-02-23 00:00:00,2025-09-04 00:00:00
4392,SKU-04392,Audífonos HyperX 3320,"Audífonos para música, llamadas y multimedia",3313.5,27,2025-08-15 00:00:00,2025-11-12 00:00:00
4393,SKU-04393,Laptop ASUS 1094,Equipo portátil para trabajo y estudio,13442.05,4,2026-03-04 00:00:00,2026-06-25 00:00:00
4394,SKU-04394,Disco SSD Kingston 2192,Unidad SSD para almacenamiento de datos,3833.89,37,2025-01-12 00:00:00,2025-07-02 00:00:00
4395,SKU-04395,Memoria USB Verbatim 555,Memoria USB para almacenamiento y transferencia de archivos,1237.45,52,2026-06-08 00:00:00,2026-07-19 00:00:00
4396,SKU-04396,Monitor Dell 2398,Monitor para computadora de alta resolución,11844.34,39,2026-05-05 00:00:00,2026-08-07 00:00:00
4397,SKU-04397,Memoria USB ADATA 9728,Memoria USB para almacenamiento y transferencia de archivos,1782.75,104,2026-07-03 00:00:00,2026-09-21 00:00:00
4398,SKU-04398,Mouse HP 8190,Mouse óptico para computadora,2872.33,86,2025-11-05 00:00:00,2026-06-15 00:00:00
4399,SKU-04399,Laptop Acer 1704,Equipo portátil para trabajo y estudio,7091.64,2,2026-02-08 00:00:00,2026-09-08 00:00:00
4400,SKU-04400,Memoria USB Kingston 8461,Memoria USB para almacenamiento y transferencia de archivos,1016.31,52,2026-05-29 00:00:00,2026-06-14 00:00:00
4401,SKU-04401,Teclado Logitech 5208,Teclado para computadora de uso diario,1845.2,46,2025-05-21 00:00:00,2025-06-22 00:00:00
4402,SKU-04402,Webcam HP 4167,Cámara web para videollamadas,1244.64,53,2026-03-19 00:00:00,2026-04-17 00:00:00
4403,SKU-04403,Teclado Logitech 9470,Teclado para computadora de uso diario,3003.98,92,2025-06-08 00:00:00,2025-08-19 00:00:00
4404,SKU-04404,Teclado Redragon 9611,Teclado para computadora de uso diario,3301.84,18,2025-04-16 00:00:00,2025-11-17 00:00:00
4405,SKU-04405,Cable USB Belkin 875,Cable USB para conexión y transferencia de datos,404.25,29,2025-02-20 00:00:00,2025-06-21 00:00:00
4406,SKU-04406,Mouse Logitech 2134,Mouse óptico para computadora,2981.08,18,2025-02-01 00:00:00,2025-10-01 00:00:00
4407,SKU-04407,Laptop Acer 9384,Equipo portátil para trabajo y estudio,26112.45,7,2025-01-25 00:00:00,2025-03-30 00:00:00
4408,SKU-04408,Audífonos JBL 5856,"Audífonos para música, llamadas y multimedia",2375.43,92,2025-08-11 00:00:00,2026-04-03 00:00:00
4409,SKU-04409,Laptop ASUS 2722,Equipo portátil para trabajo y estudio,9017.8,8,2025-05-09 00:00:00,2025-09-19 00:00:00
4410,SKU-04410,Webcam Logitech 5126,Cámara web para videollamadas,1011.81,35,2025-05-15 00:00:00,2025-09-11 00:00:00
4411,SKU-04411,Laptop ASUS 1041,Equipo portátil para trabajo y estudio,20699.76,21,2025-11-01 00:00:00,2026-02-28 00:00:00
4412,SKU-04412,Disco SSD Crucial 392,Unidad SSD para almacenamiento de datos,3076.62,78,2026-07-28 00:00:00,2026-09-21 00:00:00
4413,SKU-04413,Audífonos Logitech 9585,"Audífonos para música, llamadas y multimedia",1717.2,30,2025-07-02 00:00:00,2025-10-27 00:00:00
4414,SKU-04414,Teclado Logitech 1903,Teclado para computadora de uso diario,2902.69,27,2025-06-14 00:00:00,2025-06-14 00:00:00
4415,SKU-04415,Monitor LG 8140,Monitor para computadora de alta resolución,9848.6,29,2026-03-08 00:00:00,2026-07-24 00:00:00
4416,SKU-04416,Audífonos HyperX 7425,"Audífonos para música, llamadas y multimedia",353.63,18,2026-05-08 00:00:00,2026-09-21 00:00:00
4417,SKU-04417,Cable USB Belkin 8826,Cable USB para conexión y transferencia de datos,1768.12,70,2025-07-26 00:00:00,2025-09-07 00:00:00
4418,SKU-04418,Webcam Trust 6140,Cámara web para videollamadas,1015.93,15,2026-08-08 00:00:00,2026-09-21 00:00:00
4419,SKU-04419,Disco SSD ADATA 2987,Unidad SSD para almacenamiento de datos,3264.23,74,2025-07-12 00:00:00,2025-12-14 00:00:00
4420,SKU-04420,Router Netgear 5474,Router inalámbrico para conexión de red,1688.3,90,2025-02-12 00:00:00,2025-07-14 00:00:00
4421,SKU-04421,Router Huawei 6390,Router inalámbrico para conexión de red,2691.94,87,2025-07-10 00:00:00,2025-09-15 00:00:00
4422,SKU-04422,Audífonos Logitech 3966,"Audífonos para música, llamadas y multimedia",1443.69,72,2025-01-18 00:00:00,2025-03-15 00:00:00
4423,SKU-04423,Webcam HP 8360,Cámara web para videollamadas,1012.83,87,2025-06-11 00:00:00,2026-01-21 00:00:00
4424,SKU-04424,Disco SSD ADATA 9573,Unidad SSD para almacenamiento de datos,2808.37,31,2025-10-02 00:00:00,2025-10-30 00:00:00
4425,SKU-04425,Mouse Razer 5270,Mouse óptico para computadora,1713.4,74,2026-03-10 00:00:00,2026-04-26 00:00:00
4426,SKU-04426,Memoria USB Verbatim 5406,Memoria USB para almacenamiento y transferencia de archivos,751.45,137,2026-03-10 00:00:00,2026-07-05 00:00:00
4427,SKU-04427,Router TP-Link 6061,Router inalámbrico para conexión de red,3114.49,12,2025-11-27 00:00:00,2026-06-27 00:00:00
4428,SKU-04428,Laptop Acer 8157,Equipo portátil para trabajo y estudio,21216.7,16,2026-05-09 00:00:00,2026-07-28 00:00:00
4429,SKU-04429,Router D-Link 5964,Router inalámbrico para conexión de red,2129.25,96,2026-08-22 00:00:00,2026-09-21 00:00:00
4430,SKU-04430,Memoria USB PNY 3108,Memoria USB para almacenamiento y transferencia de archivos,1195.74,88,2025-12-26 00:00:00,2026-02-08 00:00:00
4431,SKU-04431,Audífonos Philips 9798,"Audífonos para música, llamadas y multimedia",2259.93,54,2025-08-27 00:00:00,2025-12-13 00:00:00
4432,SKU-04432,Teclado Microsoft 5509,Teclado para computadora de uso diario,2132.98,51,2026-07-08 00:00:00,2026-09-21 00:00:00
4433,SKU-04433,Disco SSD ADATA 1114,Unidad SSD para almacenamiento de datos,3304.25,55,2026-07-03 00:00:00,2026-09-08 00:00:00
4434,SKU-04434,Webcam Trust 5546,Cámara web para videollamadas,537.11,44,2026-05-03 00:00:00,2026-09-21 00:00:00
4435,SKU-04435,Disco SSD Kingston 3504,Unidad SSD para almacenamiento de datos,3093.2,77,2025-01-18 00:00:00,2025-01-27 00:00:00
4436,SKU-04436,Memoria USB Verbatim 819,Memoria USB para almacenamiento y transferencia de archivos,545.2,73,2025-02-19 00:00:00,2025-09-17 00:00:00
4437,SKU-04437,Teclado Genius 1275,Teclado para computadora de uso diario,1040.7,24,2025-05-20 00:00:00,2025-05-20 00:00:00
4438,SKU-04438,Mouse Razer 4564,Mouse óptico para computadora,1456.53,22,2025-08-17 00:00:00,2025-10-12 00:00:00
4439,SKU-04439,Router Tenda 8331,Router inalámbrico para conexión de red,1917.04,54,2026-05-29 00:00:00,2026-09-21 00:00:00
4440,SKU-04440,Memoria USB Kingston 8747,Memoria USB para almacenamiento y transferencia de archivos,1332.56,67,2026-07-22 00:00:00,2026-09-21 00:00:00
4441,SKU-04441,Mouse Logitech 3944,Mouse óptico para computadora,2204.22,67,2025-09-16 00:00:00,2026-01-30 00:00:00
4442,SKU-04442,Memoria USB Kingston 9933,Memoria USB para almacenamiento y transferencia de archivos,916.6,122,2025-01-15 00:00:00,2025-08-25 00:00:00
4443,SKU-04443,Mouse Microsoft 2286,Mouse óptico para computadora,1366.1,35,2025-09-12 00:00:00,2026-03-16 00:00:00
4444,SKU-04444,Audífonos JBL 4290,"Audífonos para música, llamadas y multimedia",3163.03,10,2025-10-25 00:00:00,2025-12-05 00:00:00
4445,SKU-04445,Webcam Trust 1156,Cámara web para videollamadas,2820.96,44,2026-02-28 00:00:00,2026-05-11 00:00:00
4446,SKU-04446,Disco SSD Crucial 7195,Unidad SSD para almacenamiento de datos,2697.05,35,2025-01-27 00:00:00,2025-09-01 00:00:00
4447,SKU-04447,Webcam AverMedia 3231,Cámara web para videollamadas,771.19,54,2025-04-01 00:00:00,2025-11-25 00:00:00
4448,SKU-04448,Cable USB Amazon Basics 4523,Cable USB para conexión y transferencia de datos,921.79,115,2026-03-16 00:00:00,2026-04-07 00:00:00
4449,SKU-04449,Router Tenda 994,Router inalámbrico para conexión de red,1063.12,31,2025-01-01 00:00:00,2025-07-08 00:00:00
4450,SKU-04450,Monitor AOC 4536,Monitor para computadora de alta resolución,9400.29,40,2025-11-26 00:00:00,2026-02-02 00:00:00
4451,SKU-04451,Monitor LG 5765,Monitor para computadora de alta resolución,9711.97,20,2025-06-22 00:00:00,2026-02-18 00:00:00
4452,SKU-04452,Teclado HP 1231,Teclado para computadora de uso diario,1179.45,88,2025-03-20 00:00:00,2025-08-20 00:00:00
4453,SKU-04453,Router TP-Link 9673,Router inalámbrico para conexión de red,683.71,89,2026-02-23 00:00:00,2026-04-14 00:00:00
4454,SKU-04454,Teclado Genius 1600,Teclado para computadora de uso diario,3170.39,60,2025-07-24 00:00:00,2026-03-01 00:00:00
4455,SKU-04455,Webcam AverMedia 4769,Cámara web para videollamadas,2686.64,28,2025-05-30 00:00:00,2025-10-26 00:00:00
4456,SKU-04456,Webcam Microsoft 3143,Cámara web para videollamadas,2023.83,83,2026-06-22 00:00:00,2026-09-21 00:00:00
4457,SKU-04457,Cable USB Belkin 5490,Cable USB para conexión y transferencia de datos,203.0,139,2026-08-13 00:00:00,2026-08-27 00:00:00
4458,SKU-04458,Mouse Microsoft 2166,Mouse óptico para computadora,547.44,56,2025-04-29 00:00:00,2025-10-30 00:00:00
4459,SKU-04459,Memoria USB PNY 4411,Memoria USB para almacenamiento y transferencia de archivos,366.34,61,2025-07-20 00:00:00,2025-10-29 00:00:00
4460,SKU-04460,Monitor LG 2518,Monitor para computadora de alta resolución,10889.15,7,2026-03-22 00:00:00,2026-05-24 00:00:00
4461,SKU-04461,Memoria USB PNY 1617,Memoria USB para almacenamiento y transferencia de archivos,1262.26,88,2026-03-09 00:00:00,2026-07-11 00:00:00
4462,SKU-04462,Memoria USB ADATA 200,Memoria USB para almacenamiento y transferencia de archivos,1254.4,141,2025-03-12 00:00:00,2025-11-08 00:00:00
4463,SKU-04463,Audífonos HyperX 1775,"Audífonos para música, llamadas y multimedia",812.24,84,2025-05-29 00:00:00,2025-10-31 00:00:00
4464,SKU-04464,Router D-Link 3557,Router inalámbrico para conexión de red,1659.82,89,2025-04-05 00:00:00,2025-07-26 00:00:00
4465,SKU-04465,Teclado Microsoft 9489,Teclado para computadora de uso diario,2476.09,12,2025-11-15 00:00:00,2026-04-24 00:00:00
4466,SKU-04466,Cable USB Steren 4337,Cable USB para conexión y transferencia de datos,1292.46,89,2025-02-24 00:00:00,2025-08-13 00:00:00
4467,SKU-04467,Mouse Razer 8754,Mouse óptico para computadora,527.9,16,2025-11-04 00:00:00,2026-04-17 00:00:00
4468,SKU-04468,Cable USB Belkin 5742,Cable USB para conexión y transferencia de datos,1529.39,54,2026-02-04 00:00:00,2026-05-13 00:00:00
4469,SKU-04469,Mouse HP 797,Mouse óptico para computadora,2424.49,100,2025-08-12 00:00:00,2025-11-19 00:00:00
4470,SKU-04470,Webcam AverMedia 3579,Cámara web para videollamadas,538.47,75,2025-11-06 00:00:00,2026-05-30 00:00:00
4471,SKU-04471,Monitor Samsung 6290,Monitor para computadora de alta resolución,7150.26,4,2025-09-10 00:00:00,2025-12-26 00:00:00
4472,SKU-04472,Memoria USB Verbatim 7862,Memoria USB para almacenamiento y transferencia de archivos,1046.55,142,2025-05-02 00:00:00,2025-12-21 00:00:00
4473,SKU-04473,Mouse Razer 9436,Mouse óptico para computadora,601.12,87,2025-11-20 00:00:00,2026-02-10 00:00:00
4474,SKU-04474,Cable USB Steren 8937,Cable USB para conexión y transferencia de datos,1409.11,128,2025-05-17 00:00:00,2026-01-07 00:00:00
4475,SKU-04475,Cable USB Belkin 1120,Cable USB para conexión y transferencia de datos,1120.64,140,2026-02-25 00:00:00,2026-05-07 00:00:00
4476,SKU-04476,Webcam AverMedia 8657,Cámara web para videollamadas,2938.45,15,2025-08-28 00:00:00,2025-12-16 00:00:00
4477,SKU-04477,Laptop Acer 7945,Equipo portátil para trabajo y estudio,13406.19,18,2026-02-07 00:00:00,2026-09-21 00:00:00
4478,SKU-04478,Memoria USB ADATA 6162,Memoria USB para almacenamiento y transferencia de archivos,1263.05,140,2025-09-21 00:00:00,2026-01-24 00:00:00
4479,SKU-04479,Webcam Logitech 3733,Cámara web para videollamadas,2003.4,90,2025-07-12 00:00:00,2025-08-11 00:00:00
4480,SKU-04480,Mouse Genius 5702,Mouse óptico para computadora,2606.24,16,2026-08-03 00:00:00,2026-09-03 00:00:00
4481,SKU-04481,Memoria USB Verbatim 1117,Memoria USB para almacenamiento y transferencia de archivos,231.2,136,2026-06-02 00:00:00,2026-08-11 00:00:00
4482,SKU-04482,Disco SSD Kingston 1936,Unidad SSD para almacenamiento de datos,2600.43,50,2025-03-02 00:00:00,2025-03-13 00:00:00
4483,SKU-04483,Mouse Microsoft 4387,Mouse óptico para computadora,3482.23,8,2025-01-05 00:00:00,2025-05-17 00:00:00
4484,SKU-04484,Mouse Microsoft 4669,Mouse óptico para computadora,710.57,36,2026-06-12 00:00:00,2026-09-21 00:00:00
4485,SKU-04485,Mouse Genius 7376,Mouse óptico para computadora,358.98,47,2025-06-05 00:00:00,2025-10-07 00:00:00
4486,SKU-04486,Router Netgear 5752,Router inalámbrico para conexión de red,3350.87,66,2025-10-06 00:00:00,2026-06-03 00:00:00
4487,SKU-04487,Laptop HP 816,Equipo portátil para trabajo y estudio,26927.04,25,2025-08-13 00:00:00,2026-03-13 00:00:00
4488,SKU-04488,Disco SSD Kingston 6407,Unidad SSD para almacenamiento de datos,4484.62,76,2025-07-28 00:00:00,2025-10-04 00:00:00
4489,SKU-04489,Disco SSD Crucial 7480,Unidad SSD para almacenamiento de datos,1687.17,72,2025-02-19 00:00:00,2025-10-03 00:00:00
4490,SKU-04490,Webcam Microsoft 7118,Cámara web para videollamadas,2024.37,63,2026-03-18 00:00:00,2026-07-25 00:00:00
4491,SKU-04491,Monitor AOC 2727,Monitor para computadora de alta resolución,7802.62,19,2025-08-13 00:00:00,2025-10-10 00:00:00
4492,SKU-04492,Audífonos JBL 5657,"Audífonos para música, llamadas y multimedia",2375.72,99,2026-01-03 00:00:00,2026-05-02 00:00:00
4493,SKU-04493,Monitor Samsung 1760,Monitor para computadora de alta resolución,2615.7,7,2025-03-11 00:00:00,2025-04-20 00:00:00
4494,SKU-04494,Monitor LG 2978,Monitor para computadora de alta resolución,7742.74,44,2025-05-04 00:00:00,2025-11-30 00:00:00
4495,SKU-04495,Monitor LG 9992,Monitor para computadora de alta resolución,3156.46,32,2025-12-19 00:00:00,2026-05-17 00:00:00
4496,SKU-04496,Router Huawei 557,Router inalámbrico para conexión de red,808.15,35,2025-09-01 00:00:00,2026-02-24 00:00:00
4497,SKU-04497,Cable USB UGREEN 5168,Cable USB para conexión y transferencia de datos,1375.1,16,2025-08-04 00:00:00,2025-10-17 00:00:00
4498,SKU-04498,Router Huawei 3229,Router inalámbrico para conexión de red,2847.08,38,2026-08-23 00:00:00,2026-09-21 00:00:00
4499,SKU-04499,Mouse Logitech 6105,Mouse óptico para computadora,1960.03,20,2025-04-04 00:00:00,2025-08-10 00:00:00
4500,SKU-04500,Teclado Genius 520,Teclado para computadora de uso diario,2141.81,64,2025-12-06 00:00:00,2026-06-17 00:00:00
4501,SKU-04501,Mouse Genius 6240,Mouse óptico para computadora,2324.44,63,2025-01-17 00:00:00,2025-08-02 00:00:00
4502,SKU-04502,Mouse Genius 5761,Mouse óptico para computadora,1818.69,82,2026-01-14 00:00:00,2026-04-23 00:00:00
4503,SKU-04503,Audífonos JBL 7841,"Audífonos para música, llamadas y multimedia",2732.52,86,2026-04-18 00:00:00,2026-05-31 00:00:00
4504,SKU-04504,Audífonos JBL 6477,"Audífonos para música, llamadas y multimedia",3071.7,44,2026-06-03 00:00:00,2026-08-31 00:00:00
4505,SKU-04505,Webcam AverMedia 7555,Cámara web para videollamadas,2743.75,13,2025-10-30 00:00:00,2025-11-23 00:00:00
4506,SKU-04506,Memoria USB PNY 409,Memoria USB para almacenamiento y transferencia de archivos,1600.87,22,2026-06-12 00:00:00,2026-09-21 00:00:00
4507,SKU-04507,Memoria USB ADATA 5856,Memoria USB para almacenamiento y transferencia de archivos,1581.7,146,2025-02-28 00:00:00,2025-05-09 00:00:00
4508,SKU-04508,Webcam AverMedia 9701,Cámara web para videollamadas,3006.1,22,2026-04-15 00:00:00,2026-06-30 00:00:00
4509,SKU-04509,Laptop Acer 1098,Equipo portátil para trabajo y estudio,25227.07,20,2025-02-15 00:00:00,2025-09-25 00:00:00
4510,SKU-04510,Webcam Microsoft 2352,Cámara web para videollamadas,3302.34,48,2025-07-24 00:00:00,2025-11-09 00:00:00
4511,SKU-04511,Cable USB Amazon Basics 9961,Cable USB para conexión y transferencia de datos,181.18,88,2025-02-08 00:00:00,2025-03-17 00:00:00
4512,SKU-04512,Cable USB UGREEN 9302,Cable USB para conexión y transferencia de datos,951.34,88,2025-08-27 00:00:00,2025-10-10 00:00:00
4513,SKU-04513,Memoria USB PNY 4798,Memoria USB para almacenamiento y transferencia de archivos,559.92,67,2025-07-12 00:00:00,2026-02-10 00:00:00
4514,SKU-04514,Router Tenda 9910,Router inalámbrico para conexión de red,837.83,86,2025-09-21 00:00:00,2026-03-26 00:00:00
4515,SKU-04515,Disco SSD ADATA 4908,Unidad SSD para almacenamiento de datos,3042.5,13,2026-07-06 00:00:00,2026-09-21 00:00:00
4516,SKU-04516,Audífonos HyperX 5072,"Audífonos para música, llamadas y multimedia",3332.25,39,2026-02-03 00:00:00,2026-04-21 00:00:00
4517,SKU-04517,Memoria USB Kingston 3013,Memoria USB para almacenamiento y transferencia de archivos,1195.3,121,2025-06-29 00:00:00,2026-01-25 00:00:00
4518,SKU-04518,Disco SSD ADATA 1990,Unidad SSD para almacenamiento de datos,3498.94,15,2026-06-07 00:00:00,2026-08-30 00:00:00
4519,SKU-04519,Monitor ASUS 845,Monitor para computadora de alta resolución,11841.23,40,2025-12-10 00:00:00,2026-03-23 00:00:00
4520,SKU-04520,Cable USB Steren 1431,Cable USB para conexión y transferencia de datos,1695.88,114,2026-02-11 00:00:00,2026-03-01 00:00:00
4521,SKU-04521,Memoria USB SanDisk 2375,Memoria USB para almacenamiento y transferencia de archivos,1214.69,39,2026-03-08 00:00:00,2026-09-21 00:00:00
4522,SKU-04522,Memoria USB Verbatim 2342,Memoria USB para almacenamiento y transferencia de archivos,1388.34,74,2026-03-28 00:00:00,2026-09-06 00:00:00
4523,SKU-04523,Disco SSD Western Digital 7888,Unidad SSD para almacenamiento de datos,1456.19,14,2026-03-08 00:00:00,2026-09-21 00:00:00
4524,SKU-04524,Teclado Microsoft 8338,Teclado para computadora de uso diario,1432.43,96,2026-01-18 00:00:00,2026-04-20 00:00:00
4525,SKU-04525,Cable USB Baseus 7291,Cable USB para conexión y transferencia de datos,212.78,129,2025-06-09 00:00:00,2025-11-14 00:00:00
4526,SKU-04526,Router D-Link 492,Router inalámbrico para conexión de red,1544.28,94,2026-02-28 00:00:00,2026-08-26 00:00:00
4527,SKU-04527,Audífonos HyperX 6998,"Audífonos para música, llamadas y multimedia",2841.35,56,2025-03-16 00:00:00,2025-07-08 00:00:00
4528,SKU-04528,Laptop HP 5541,Equipo portátil para trabajo y estudio,21756.16,34,2025-05-25 00:00:00,2025-09-22 00:00:00
4529,SKU-04529,Router Netgear 9736,Router inalámbrico para conexión de red,1726.72,87,2025-06-19 00:00:00,2025-11-23 00:00:00
4530,SKU-04530,Mouse Logitech 2406,Mouse óptico para computadora,2829.4,25,2025-04-14 00:00:00,2025-09-22 00:00:00
4531,SKU-04531,Memoria USB Kingston 8266,Memoria USB para almacenamiento y transferencia de archivos,795.56,125,2025-01-18 00:00:00,2025-06-22 00:00:00
4532,SKU-04532,Cable USB Belkin 7406,Cable USB para conexión y transferencia de datos,844.2,35,2025-08-28 00:00:00,2026-01-25 00:00:00
4533,SKU-04533,Mouse Genius 4011,Mouse óptico para computadora,1229.68,55,2026-05-19 00:00:00,2026-09-21 00:00:00
4534,SKU-04534,Laptop ASUS 5525,Equipo portátil para trabajo y estudio,15398.95,32,2026-01-28 00:00:00,2026-06-04 00:00:00
4535,SKU-04535,Memoria USB PNY 9380,Memoria USB para almacenamiento y transferencia de archivos,1270.24,54,2025-02-17 00:00:00,2025-05-05 00:00:00
4536,SKU-04536,Audífonos JBL 9043,"Audífonos para música, llamadas y multimedia",2505.75,34,2025-02-16 00:00:00,2025-06-05 00:00:00
4537,SKU-04537,Webcam HP 4906,Cámara web para videollamadas,955.18,19,2026-08-13 00:00:00,2026-09-21 00:00:00
4538,SKU-04538,Teclado Logitech 364,Teclado para computadora de uso diario,1084.08,48,2025-06-10 00:00:00,2025-08-15 00:00:00
4539,SKU-04539,Teclado Redragon 5723,Teclado para computadora de uso diario,1962.89,50,2026-03-22 00:00:00,2026-04-09 00:00:00
4540,SKU-04540,Monitor ASUS 6021,Monitor para computadora de alta resolución,8678.8,19,2026-03-23 00:00:00,2026-09-05 00:00:00
4541,SKU-04541,Mouse HP 8339,Mouse óptico para computadora,2611.06,15,2025-06-04 00:00:00,2025-10-27 00:00:00
4542,SKU-04542,Memoria USB Verbatim 606,Memoria USB para almacenamiento y transferencia de archivos,1230.11,141,2026-02-14 00:00:00,2026-07-16 00:00:00
4543,SKU-04543,Teclado Genius 9138,Teclado para computadora de uso diario,2227.16,81,2025-05-05 00:00:00,2026-01-10 00:00:00
4544,SKU-04544,Disco SSD Crucial 4778,Unidad SSD para almacenamiento de datos,2321.89,13,2026-01-01 00:00:00,2026-01-09 00:00:00
4545,SKU-04545,Teclado Logitech 9718,Teclado para computadora de uso diario,3267.34,99,2025-05-15 00:00:00,2026-01-04 00:00:00
4546,SKU-04546,Mouse Genius 6326,Mouse óptico para computadora,1712.76,17,2025-12-03 00:00:00,2026-06-06 00:00:00
4547,SKU-04547,Memoria USB Verbatim 9288,Memoria USB para almacenamiento y transferencia de archivos,1145.56,66,2026-03-11 00:00:00,2026-09-21 00:00:00
4548,SKU-04548,Cable USB Steren 8921,Cable USB para conexión y transferencia de datos,1112.85,26,2026-05-01 00:00:00,2026-06-29 00:00:00
4549,SKU-04549,Cable USB Amazon Basics 3325,Cable USB para conexión y transferencia de datos,697.62,150,2025-04-20 00:00:00,2025-06-06 00:00:00
4550,SKU-04550,Teclado Microsoft 8864,Teclado para computadora de uso diario,2715.39,68,2025-08-20 00:00:00,2026-04-15 00:00:00
4551,SKU-04551,Webcam AverMedia 5374,Cámara web para videollamadas,476.43,64,2026-03-23 00:00:00,2026-08-30 00:00:00
4552,SKU-04552,Mouse Razer 4447,Mouse óptico para computadora,1453.73,17,2025-07-30 00:00:00,2025-12-11 00:00:00
4553,SKU-04553,Audífonos Philips 7298,"Audífonos para música, llamadas y multimedia",2994.31,97,2025-08-02 00:00:00,2025-09-28 00:00:00
4554,SKU-04554,Disco SSD Samsung 2433,Unidad SSD para almacenamiento de datos,2249.99,27,2025-03-08 00:00:00,2025-08-19 00:00:00
4555,SKU-04555,Cable USB Baseus 8942,Cable USB para conexión y transferencia de datos,1514.99,15,2025-05-30 00:00:00,2025-07-28 00:00:00
4556,SKU-04556,Disco SSD Western Digital 7355,Unidad SSD para almacenamiento de datos,2255.2,9,2025-05-28 00:00:00,2025-06-04 00:00:00
4557,SKU-04557,Router Huawei 9836,Router inalámbrico para conexión de red,2413.36,39,2026-01-03 00:00:00,2026-04-21 00:00:00
4558,SKU-04558,Memoria USB SanDisk 2262,Memoria USB para almacenamiento y transferencia de archivos,1579.01,24,2026-04-02 00:00:00,2026-07-30 00:00:00
4559,SKU-04559,Laptop Acer 862,Equipo portátil para trabajo y estudio,21620.71,2,2025-05-03 00:00:00,2025-08-26 00:00:00
4560,SKU-04560,Disco SSD Kingston 859,Unidad SSD para almacenamiento de datos,3877.07,37,2025-01-04 00:00:00,2025-01-20 00:00:00
4561,SKU-04561,Cable USB Amazon Basics 9321,Cable USB para conexión y transferencia de datos,302.01,27,2026-04-28 00:00:00,2026-07-02 00:00:00
4562,SKU-04562,Mouse Microsoft 6298,Mouse óptico para computadora,1889.13,67,2026-06-03 00:00:00,2026-09-21 00:00:00
4563,SKU-04563,Audífonos JBL 3889,"Audífonos para música, llamadas y multimedia",3106.95,5,2025-11-03 00:00:00,2026-04-09 00:00:00
4564,SKU-04564,Memoria USB PNY 4128,Memoria USB para almacenamiento y transferencia de archivos,342.28,57,2026-02-14 00:00:00,2026-09-21 00:00:00
4565,SKU-04565,Audífonos HyperX 4403,"Audífonos para música, llamadas y multimedia",462.54,47,2025-07-17 00:00:00,2025-08-10 00:00:00
4566,SKU-04566,Mouse Genius 3719,Mouse óptico para computadora,883.36,32,2025-01-27 00:00:00,2025-05-22 00:00:00
4567,SKU-04567,Laptop Acer 9560,Equipo portátil para trabajo y estudio,25014.77,33,2025-09-04 00:00:00,2026-01-10 00:00:00
4568,SKU-04568,Audífonos JBL 196,"Audífonos para música, llamadas y multimedia",2416.36,79,2025-10-09 00:00:00,2026-01-12 00:00:00
4569,SKU-04569,Audífonos JBL 4674,"Audífonos para música, llamadas y multimedia",3327.24,65,2025-02-24 00:00:00,2025-03-05 00:00:00
4570,SKU-04570,Mouse Logitech 7629,Mouse óptico para computadora,1453.82,69,2025-02-07 00:00:00,2025-02-21 00:00:00
4571,SKU-04571,Audífonos Philips 1713,"Audífonos para música, llamadas y multimedia",666.68,97,2026-02-20 00:00:00,2026-07-26 00:00:00
4572,SKU-04572,Monitor ASUS 330,Monitor para computadora de alta resolución,10898.65,26,2026-05-29 00:00:00,2026-09-21 00:00:00
4573,SKU-04573,Disco SSD Western Digital 614,Unidad SSD para almacenamiento de datos,4262.0,76,2025-04-05 00:00:00,2025-05-03 00:00:00
4574,SKU-04574,Cable USB Belkin 5788,Cable USB para conexión y transferencia de datos,828.78,10,2026-06-24 00:00:00,2026-09-21 00:00:00
4575,SKU-04575,Memoria USB Verbatim 963,Memoria USB para almacenamiento y transferencia de archivos,1757.69,57,2025-03-25 00:00:00,2025-08-08 00:00:00
4576,SKU-04576,Router Huawei 8902,Router inalámbrico para conexión de red,1435.28,54,2026-03-07 00:00:00,2026-09-21 00:00:00
4577,SKU-04577,Cable USB Baseus 8505,Cable USB para conexión y transferencia de datos,1308.37,81,2026-03-20 00:00:00,2026-09-21 00:00:00
4578,SKU-04578,Webcam HP 9337,Cámara web para videollamadas,3060.84,6,2026-03-26 00:00:00,2026-05-02 00:00:00
4579,SKU-04579,Teclado HP 4599,Teclado para computadora de uso diario,3043.39,73,2025-02-02 00:00:00,2025-05-29 00:00:00
4580,SKU-04580,Mouse Logitech 2747,Mouse óptico para computadora,902.28,17,2026-08-16 00:00:00,2026-09-21 00:00:00
4581,SKU-04581,Monitor Dell 2431,Monitor para computadora de alta resolución,9422.95,8,2025-07-12 00:00:00,2026-01-01 00:00:00
4582,SKU-04582,Audífonos Logitech 4280,"Audífonos para música, llamadas y multimedia",3301.92,52,2025-01-09 00:00:00,2025-09-03 00:00:00
4583,SKU-04583,Mouse Razer 2326,Mouse óptico para computadora,2772.14,38,2026-04-29 00:00:00,2026-08-24 00:00:00
4584,SKU-04584,Router TP-Link 3190,Router inalámbrico para conexión de red,1702.63,61,2025-11-24 00:00:00,2026-04-10 00:00:00
4585,SKU-04585,Webcam HP 6187,Cámara web para videollamadas,2219.38,75,2025-04-14 00:00:00,2025-08-29 00:00:00
4586,SKU-04586,Monitor LG 1303,Monitor para computadora de alta resolución,9801.41,39,2026-02-18 00:00:00,2026-09-02 00:00:00
4587,SKU-04587,Monitor Dell 6500,Monitor para computadora de alta resolución,5043.45,7,2025-11-06 00:00:00,2026-03-30 00:00:00
4588,SKU-04588,Webcam Trust 2688,Cámara web para videollamadas,1073.92,19,2026-08-02 00:00:00,2026-09-21 00:00:00
4589,SKU-04589,Cable USB Steren 3072,Cable USB para conexión y transferencia de datos,382.68,88,2025-08-25 00:00:00,2026-03-10 00:00:00
4590,SKU-04590,Monitor LG 8413,Monitor para computadora de alta resolución,5165.45,49,2025-03-08 00:00:00,2025-10-25 00:00:00
4591,SKU-04591,Teclado Redragon 4614,Teclado para computadora de uso diario,2425.85,56,2025-08-27 00:00:00,2026-01-29 00:00:00
4592,SKU-04592,Teclado Genius 1926,Teclado para computadora de uso diario,2156.97,26,2026-07-25 00:00:00,2026-09-21 00:00:00
4593,SKU-04593,Router Tenda 7953,Router inalámbrico para conexión de red,1691.24,34,2025-01-24 00:00:00,2025-05-03 00:00:00
4594,SKU-04594,Webcam HP 6340,Cámara web para videollamadas,2620.95,24,2025-08-16 00:00:00,2025-08-25 00:00:00
4595,SKU-04595,Monitor AOC 6550,Monitor para computadora de alta resolución,9359.79,45,2025-07-22 00:00:00,2025-08-24 00:00:00
4596,SKU-04596,Disco SSD Western Digital 9960,Unidad SSD para almacenamiento de datos,3304.67,16,2025-10-03 00:00:00,2026-04-19 00:00:00
4597,SKU-04597,Mouse Genius 4738,Mouse óptico para computadora,592.85,44,2026-07-08 00:00:00,2026-09-21 00:00:00
4598,SKU-04598,Disco SSD Crucial 4335,Unidad SSD para almacenamiento de datos,1795.42,68,2025-03-28 00:00:00,2025-07-04 00:00:00
4599,SKU-04599,Mouse HP 9612,Mouse óptico para computadora,3263.55,80,2025-01-17 00:00:00,2025-02-12 00:00:00
4600,SKU-04600,Memoria USB Kingston 5334,Memoria USB para almacenamiento y transferencia de archivos,803.84,27,2026-03-03 00:00:00,2026-07-02 00:00:00
4601,SKU-04601,Cable USB Baseus 2969,Cable USB para conexión y transferencia de datos,256.99,79,2025-06-09 00:00:00,2026-01-29 00:00:00
4602,SKU-04602,Monitor LG 3414,Monitor para computadora de alta resolución,11165.28,15,2026-08-11 00:00:00,2026-09-21 00:00:00
4603,SKU-04603,Laptop ASUS 9057,Equipo portátil para trabajo y estudio,23811.24,26,2025-10-16 00:00:00,2026-04-06 00:00:00
4604,SKU-04604,Audífonos Logitech 1389,"Audífonos para música, llamadas y multimedia",1571.03,21,2025-10-20 00:00:00,2026-05-08 00:00:00
4605,SKU-04605,Webcam Logitech 2431,Cámara web para videollamadas,3168.11,27,2025-06-01 00:00:00,2025-07-25 00:00:00
4606,SKU-04606,Router Netgear 4900,Router inalámbrico para conexión de red,1884.79,78,2025-05-21 00:00:00,2025-11-08 00:00:00
4607,SKU-04607,Disco SSD Crucial 3997,Unidad SSD para almacenamiento de datos,3945.5,39,2025-03-25 00:00:00,2025-06-20 00:00:00
4608,SKU-04608,Teclado Microsoft 3433,Teclado para computadora de uso diario,1988.85,63,2025-11-19 00:00:00,2026-03-16 00:00:00
4609,SKU-04609,Teclado HP 2936,Teclado para computadora de uso diario,3259.5,39,2025-11-05 00:00:00,2026-02-15 00:00:00
4610,SKU-04610,Disco SSD Kingston 3388,Unidad SSD para almacenamiento de datos,2701.32,40,2026-04-28 00:00:00,2026-09-13 00:00:00
4611,SKU-04611,Mouse Microsoft 3981,Mouse óptico para computadora,1407.1,38,2025-06-15 00:00:00,2025-09-20 00:00:00
4612,SKU-04612,Audífonos HyperX 8632,"Audífonos para música, llamadas y multimedia",2955.26,27,2025-02-15 00:00:00,2025-10-05 00:00:00
4613,SKU-04613,Router D-Link 1411,Router inalámbrico para conexión de red,2484.04,28,2025-01-26 00:00:00,2025-09-29 00:00:00
4614,SKU-04614,Router TP-Link 6619,Router inalámbrico para conexión de red,3292.59,32,2026-02-01 00:00:00,2026-02-21 00:00:00
4615,SKU-04615,Laptop HP 8981,Equipo portátil para trabajo y estudio,20879.64,12,2026-01-17 00:00:00,2026-04-01 00:00:00
4616,SKU-04616,Webcam Microsoft 7188,Cámara web para videollamadas,1942.17,18,2025-11-03 00:00:00,2025-12-14 00:00:00
4617,SKU-04617,Memoria USB Verbatim 4003,Memoria USB para almacenamiento y transferencia de archivos,1632.66,100,2026-05-30 00:00:00,2026-09-21 00:00:00
4618,SKU-04618,Monitor AOC 2586,Monitor para computadora de alta resolución,6713.03,24,2025-09-18 00:00:00,2026-03-16 00:00:00
4619,SKU-04619,Teclado HP 5920,Teclado para computadora de uso diario,1225.13,94,2026-05-03 00:00:00,2026-07-03 00:00:00
4620,SKU-04620,Monitor LG 3622,Monitor para computadora de alta resolución,11053.93,50,2025-05-04 00:00:00,2025-07-24 00:00:00
4621,SKU-04621,Laptop Acer 7854,Equipo portátil para trabajo y estudio,24998.87,18,2025-01-05 00:00:00,2025-05-13 00:00:00
4622,SKU-04622,Mouse Razer 9546,Mouse óptico para computadora,2528.11,18,2026-03-18 00:00:00,2026-07-25 00:00:00
4623,SKU-04623,Webcam Logitech 3199,Cámara web para videollamadas,874.7,25,2025-11-18 00:00:00,2026-01-17 00:00:00
4624,SKU-04624,Laptop Lenovo 6658,Equipo portátil para trabajo y estudio,10183.92,15,2026-05-21 00:00:00,2026-08-13 00:00:00
4625,SKU-04625,Disco SSD Crucial 6529,Unidad SSD para almacenamiento de datos,3083.15,72,2025-10-05 00:00:00,2026-04-09 00:00:00
4626,SKU-04626,Mouse HP 4511,Mouse óptico para computadora,1899.91,94,2025-10-18 00:00:00,2026-02-27 00:00:00
4627,SKU-04627,Teclado Redragon 5798,Teclado para computadora de uso diario,899.08,48,2026-05-18 00:00:00,2026-09-21 00:00:00
4628,SKU-04628,Router D-Link 6481,Router inalámbrico para conexión de red,3098.29,77,2025-07-06 00:00:00,2025-12-09 00:00:00
4629,SKU-04629,Cable USB Amazon Basics 2859,Cable USB para conexión y transferencia de datos,1638.34,55,2025-03-25 00:00:00,2025-08-30 00:00:00
4630,SKU-04630,Audífonos HyperX 9282,"Audífonos para música, llamadas y multimedia",1018.87,74,2025-03-01 00:00:00,2025-06-19 00:00:00
4631,SKU-04631,Cable USB Amazon Basics 1008,Cable USB para conexión y transferencia de datos,100.04,83,2025-07-15 00:00:00,2026-03-07 00:00:00
4632,SKU-04632,Laptop HP 3104,Equipo portátil para trabajo y estudio,24646.98,16,2026-07-03 00:00:00,2026-09-21 00:00:00
4633,SKU-04633,Router TP-Link 205,Router inalámbrico para conexión de red,3352.24,35,2025-01-19 00:00:00,2025-02-06 00:00:00
4634,SKU-04634,Audífonos Philips 6379,"Audífonos para música, llamadas y multimedia",429.21,30,2025-09-30 00:00:00,2026-02-01 00:00:00
4635,SKU-04635,Mouse HP 4345,Mouse óptico para computadora,1601.16,69,2025-06-16 00:00:00,2025-07-02 00:00:00
4636,SKU-04636,Monitor Dell 1225,Monitor para computadora de alta resolución,2876.72,33,2026-08-22 00:00:00,2026-09-21 00:00:00
4637,SKU-04637,Audífonos JBL 7010,"Audífonos para música, llamadas y multimedia",2605.88,87,2025-01-21 00:00:00,2025-08-06 00:00:00
4638,SKU-04638,Memoria USB PNY 2357,Memoria USB para almacenamiento y transferencia de archivos,1038.61,69,2026-06-06 00:00:00,2026-09-21 00:00:00
4639,SKU-04639,Webcam Logitech 3145,Cámara web para videollamadas,2292.04,19,2025-10-06 00:00:00,2026-05-03 00:00:00
4640,SKU-04640,Laptop Dell 8567,Equipo portátil para trabajo y estudio,24598.7,15,2026-06-23 00:00:00,2026-07-21 00:00:00
4641,SKU-04641,Cable USB Steren 9205,Cable USB para conexión y transferencia de datos,1681.85,139,2025-02-01 00:00:00,2025-07-12 00:00:00
4642,SKU-04642,Monitor LG 879,Monitor para computadora de alta resolución,9455.67,32,2026-07-17 00:00:00,2026-09-21 00:00:00
4643,SKU-04643,Audífonos Philips 4278,"Audífonos para música, llamadas y multimedia",1032.79,22,2026-02-20 00:00:00,2026-08-23 00:00:00
4644,SKU-04644,Teclado Genius 7756,Teclado para computadora de uso diario,1540.9,32,2025-03-17 00:00:00,2025-04-07 00:00:00
4645,SKU-04645,Router TP-Link 8716,Router inalámbrico para conexión de red,3193.7,34,2025-03-26 00:00:00,2025-10-30 00:00:00
4646,SKU-04646,Cable USB Belkin 2792,Cable USB para conexión y transferencia de datos,1460.7,55,2025-02-21 00:00:00,2025-03-29 00:00:00
4647,SKU-04647,Router Tenda 3441,Router inalámbrico para conexión de red,597.9,93,2025-03-10 00:00:00,2025-09-02 00:00:00
4648,SKU-04648,Webcam Logitech 3395,Cámara web para videollamadas,1199.48,88,2026-01-21 00:00:00,2026-05-05 00:00:00
4649,SKU-04649,Mouse Genius 6626,Mouse óptico para computadora,3450.89,65,2025-07-03 00:00:00,2025-12-09 00:00:00
4650,SKU-04650,Mouse Genius 7418,Mouse óptico para computadora,734.04,76,2026-01-13 00:00:00,2026-01-16 00:00:00
4651,SKU-04651,Teclado Genius 1031,Teclado para computadora de uso diario,2078.88,6,2026-04-03 00:00:00,2026-09-21 00:00:00
4652,SKU-04652,Audífonos Sony 2597,"Audífonos para música, llamadas y multimedia",644.28,58,2026-01-29 00:00:00,2026-07-13 00:00:00
4653,SKU-04653,Router TP-Link 3583,Router inalámbrico para conexión de red,729.05,31,2025-08-16 00:00:00,2026-03-08 00:00:00
4654,SKU-04654,Laptop ASUS 5088,Equipo portátil para trabajo y estudio,19168.26,6,2025-07-15 00:00:00,2025-08-19 00:00:00
4655,SKU-04655,Webcam Microsoft 4821,Cámara web para videollamadas,1527.98,67,2026-02-02 00:00:00,2026-08-16 00:00:00
4656,SKU-04656,Cable USB Steren 1221,Cable USB para conexión y transferencia de datos,1795.7,40,2026-03-16 00:00:00,2026-07-22 00:00:00
4657,SKU-04657,Teclado HP 8879,Teclado para computadora de uso diario,2753.16,21,2025-04-19 00:00:00,2025-05-16 00:00:00
4658,SKU-04658,Router Tenda 1065,Router inalámbrico para conexión de red,2796.64,15,2026-07-20 00:00:00,2026-09-21 00:00:00
4659,SKU-04659,Memoria USB PNY 455,Memoria USB para almacenamiento y transferencia de archivos,540.23,130,2026-03-20 00:00:00,2026-05-05 00:00:00
4660,SKU-04660,Mouse Logitech 4105,Mouse óptico para computadora,3159.21,61,2025-05-03 00:00:00,2025-10-17 00:00:00
4661,SKU-04661,Cable USB Baseus 473,Cable USB para conexión y transferencia de datos,1779.02,131,2025-01-19 00:00:00,2025-09-09 00:00:00
4662,SKU-04662,Audífonos Sony 3415,"Audífonos para música, llamadas y multimedia",2032.9,79,2025-08-09 00:00:00,2026-03-28 00:00:00
4663,SKU-04663,Laptop ASUS 300,Equipo portátil para trabajo y estudio,22099.4,32,2025-01-19 00:00:00,2025-05-23 00:00:00
4664,SKU-04664,Cable USB Amazon Basics 8460,Cable USB para conexión y transferencia de datos,515.9,99,2025-01-18 00:00:00,2025-07-14 00:00:00
4665,SKU-04665,Router D-Link 6971,Router inalámbrico para conexión de red,2557.41,92,2026-04-13 00:00:00,2026-09-21 00:00:00
4666,SKU-04666,Mouse Razer 4959,Mouse óptico para computadora,3373.69,24,2026-06-09 00:00:00,2026-09-21 00:00:00
4667,SKU-04667,Memoria USB SanDisk 1496,Memoria USB para almacenamiento y transferencia de archivos,171.35,89,2025-11-22 00:00:00,2026-01-12 00:00:00
4668,SKU-04668,Teclado Microsoft 7680,Teclado para computadora de uso diario,1002.77,98,2026-02-04 00:00:00,2026-02-27 00:00:00
4669,SKU-04669,Disco SSD Crucial 4242,Unidad SSD para almacenamiento de datos,1480.52,38,2026-05-18 00:00:00,2026-07-07 00:00:00
4670,SKU-04670,Teclado Genius 5102,Teclado para computadora de uso diario,2774.68,25,2025-01-26 00:00:00,2025-08-27 00:00:00
4671,SKU-04671,Laptop Acer 7665,Equipo portátil para trabajo y estudio,26294.3,21,2025-11-22 00:00:00,2026-05-27 00:00:00
4672,SKU-04672,Mouse Genius 9669,Mouse óptico para computadora,766.82,62,2025-06-14 00:00:00,2025-06-14 00:00:00
4673,SKU-04673,Laptop HP 8942,Equipo portátil para trabajo y estudio,8009.77,19,2025-05-23 00:00:00,2026-01-12 00:00:00
4674,SKU-04674,Disco SSD Crucial 4416,Unidad SSD para almacenamiento de datos,1959.37,69,2025-04-07 00:00:00,2025-04-16 00:00:00
4675,SKU-04675,Router D-Link 2666,Router inalámbrico para conexión de red,2227.98,96,2025-11-18 00:00:00,2026-01-25 00:00:00
4676,SKU-04676,Audífonos JBL 211,"Audífonos para música, llamadas y multimedia",428.44,16,2026-06-23 00:00:00,2026-09-09 00:00:00
4677,SKU-04677,Monitor Samsung 4800,Monitor para computadora de alta resolución,5960.12,27,2026-03-25 00:00:00,2026-09-21 00:00:00
4678,SKU-04678,Audífonos Sony 6112,"Audífonos para música, llamadas y multimedia",2179.41,78,2025-03-22 00:00:00,2025-06-24 00:00:00
4679,SKU-04679,Mouse Razer 6870,Mouse óptico para computadora,1200.01,54,2026-03-02 00:00:00,2026-09-21 00:00:00
4680,SKU-04680,Disco SSD Crucial 9831,Unidad SSD para almacenamiento de datos,4124.23,58,2025-10-12 00:00:00,2026-03-16 00:00:00
4681,SKU-04681,Teclado Redragon 8788,Teclado para computadora de uso diario,1384.77,59,2025-01-13 00:00:00,2025-05-31 00:00:00
4682,SKU-04682,Router TP-Link 3669,Router inalámbrico para conexión de red,2102.62,36,2025-12-27 00:00:00,2026-04-17 00:00:00
4683,SKU-04683,Audífonos Sony 2342,"Audífonos para música, llamadas y multimedia",2567.93,68,2025-12-21 00:00:00,2026-07-11 00:00:00
4684,SKU-04684,Mouse Logitech 5616,Mouse óptico para computadora,3253.17,99,2025-04-10 00:00:00,2025-05-30 00:00:00
4685,SKU-04685,Mouse HP 7054,Mouse óptico para computadora,819.28,45,2025-08-22 00:00:00,2025-10-29 00:00:00
4686,SKU-04686,Mouse Microsoft 7970,Mouse óptico para computadora,2674.73,62,2026-04-25 00:00:00,2026-09-21 00:00:00
4687,SKU-04687,Memoria USB PNY 771,Memoria USB para almacenamiento y transferencia de archivos,441.12,118,2026-06-16 00:00:00,2026-09-21 00:00:00
4688,SKU-04688,Cable USB Belkin 3477,Cable USB para conexión y transferencia de datos,1054.59,136,2025-11-14 00:00:00,2025-12-05 00:00:00
4689,SKU-04689,Router Huawei 2670,Router inalámbrico para conexión de red,3225.12,22,2025-07-21 00:00:00,2026-03-15 00:00:00
4690,SKU-04690,Router Netgear 1956,Router inalámbrico para conexión de red,550.25,16,2026-01-29 00:00:00,2026-07-19 00:00:00
4691,SKU-04691,Disco SSD Kingston 2506,Unidad SSD para almacenamiento de datos,3778.26,42,2025-05-25 00:00:00,2025-12-24 00:00:00
4692,SKU-04692,Teclado HP 2854,Teclado para computadora de uso diario,3297.37,67,2025-11-12 00:00:00,2026-02-06 00:00:00
4693,SKU-04693,Audífonos Sony 547,"Audífonos para música, llamadas y multimedia",1809.47,100,2025-10-21 00:00:00,2026-01-05 00:00:00
4694,SKU-04694,Memoria USB ADATA 2942,Memoria USB para almacenamiento y transferencia de archivos,863.69,140,2025-02-20 00:00:00,2025-07-04 00:00:00
4695,SKU-04695,Router Tenda 5692,Router inalámbrico para conexión de red,351.03,54,2026-01-08 00:00:00,2026-01-26 00:00:00
4696,SKU-04696,Audífonos JBL 8943,"Audífonos para música, llamadas y multimedia",2693.79,16,2025-01-06 00:00:00,2025-05-13 00:00:00
4697,SKU-04697,Disco SSD ADATA 2430,Unidad SSD para almacenamiento de datos,3395.25,37,2026-01-03 00:00:00,2026-04-26 00:00:00
4698,SKU-04698,Monitor Samsung 8358,Monitor para computadora de alta resolución,9645.15,41,2025-06-24 00:00:00,2025-08-02 00:00:00
4699,SKU-04699,Laptop ASUS 9884,Equipo portátil para trabajo y estudio,8603.9,32,2025-10-26 00:00:00,2026-01-29 00:00:00
4700,SKU-04700,Memoria USB SanDisk 1514,Memoria USB para almacenamiento y transferencia de archivos,1755.62,29,2025-12-23 00:00:00,2026-02-18 00:00:00
4701,SKU-04701,Disco SSD Kingston 959,Unidad SSD para almacenamiento de datos,839.46,56,2025-07-26 00:00:00,2026-03-06 00:00:00
4702,SKU-04702,Audífonos Philips 2842,"Audífonos para música, llamadas y multimedia",887.73,69,2025-07-29 00:00:00,2025-08-27 00:00:00
4703,SKU-04703,Webcam Microsoft 1022,Cámara web para videollamadas,857.1,24,2025-03-23 00:00:00,2025-11-06 00:00:00
4704,SKU-04704,Monitor LG 188,Monitor para computadora de alta resolución,4186.49,21,2025-02-20 00:00:00,2025-04-30 00:00:00
4705,SKU-04705,Monitor AOC 7156,Monitor para computadora de alta resolución,8092.25,31,2025-10-08 00:00:00,2025-11-14 00:00:00
4706,SKU-04706,Monitor LG 3090,Monitor para computadora de alta resolución,7023.61,33,2026-02-05 00:00:00,2026-09-15 00:00:00
4707,SKU-04707,Monitor ASUS 1732,Monitor para computadora de alta resolución,8754.56,44,2025-08-09 00:00:00,2025-08-24 00:00:00
4708,SKU-04708,Cable USB Belkin 9256,Cable USB para conexión y transferencia de datos,1114.3,140,2025-08-03 00:00:00,2025-10-01 00:00:00
4709,SKU-04709,Teclado Genius 8949,Teclado para computadora de uso diario,2885.65,64,2026-08-13 00:00:00,2026-09-01 00:00:00
4710,SKU-04710,Router Netgear 5622,Router inalámbrico para conexión de red,2177.44,25,2026-08-13 00:00:00,2026-09-21 00:00:00
4711,SKU-04711,Memoria USB SanDisk 3187,Memoria USB para almacenamiento y transferencia de archivos,955.61,142,2025-07-24 00:00:00,2025-08-02 00:00:00
4712,SKU-04712,Disco SSD Western Digital 9347,Unidad SSD para almacenamiento de datos,1344.28,29,2025-07-21 00:00:00,2026-03-13 00:00:00
4713,SKU-04713,Mouse Genius 9396,Mouse óptico para computadora,959.5,37,2026-06-11 00:00:00,2026-09-13 00:00:00
4714,SKU-04714,Router TP-Link 203,Router inalámbrico para conexión de red,991.75,97,2026-04-18 00:00:00,2026-08-16 00:00:00
4715,SKU-04715,Laptop Acer 7385,Equipo portátil para trabajo y estudio,10214.29,15,2025-05-24 00:00:00,2025-06-21 00:00:00
4716,SKU-04716,Teclado Redragon 1960,Teclado para computadora de uso diario,2095.54,94,2025-04-12 00:00:00,2025-04-12 00:00:00
4717,SKU-04717,Router Netgear 9024,Router inalámbrico para conexión de red,2912.51,90,2025-09-26 00:00:00,2025-11-10 00:00:00
4718,SKU-04718,Cable USB Amazon Basics 6752,Cable USB para conexión y transferencia de datos,445.74,15,2026-04-03 00:00:00,2026-04-21 00:00:00
4719,SKU-04719,Disco SSD Western Digital 4233,Unidad SSD para almacenamiento de datos,3840.77,37,2025-11-23 00:00:00,2026-04-30 00:00:00
4720,SKU-04720,Memoria USB Verbatim 3503,Memoria USB para almacenamiento y transferencia de archivos,1622.36,70,2025-09-29 00:00:00,2026-03-10 00:00:00
4721,SKU-04721,Webcam AverMedia 4902,Cámara web para videollamadas,1757.88,41,2025-05-31 00:00:00,2025-10-03 00:00:00
4722,SKU-04722,Memoria USB ADATA 162,Memoria USB para almacenamiento y transferencia de archivos,462.45,56,2026-02-14 00:00:00,2026-09-21 00:00:00
4723,SKU-04723,Mouse Razer 5245,Mouse óptico para computadora,2644.59,91,2026-02-05 00:00:00,2026-09-21 00:00:00
4724,SKU-04724,Webcam Trust 6501,Cámara web para videollamadas,1315.06,53,2026-03-18 00:00:00,2026-07-12 00:00:00
4725,SKU-04725,Laptop Lenovo 5977,Equipo portátil para trabajo y estudio,24325.08,5,2026-07-24 00:00:00,2026-09-12 00:00:00
4726,SKU-04726,Mouse HP 450,Mouse óptico para computadora,617.65,37,2025-11-19 00:00:00,2026-02-20 00:00:00
4727,SKU-04727,Laptop Lenovo 5030,Equipo portátil para trabajo y estudio,10697.48,27,2025-03-20 00:00:00,2025-07-14 00:00:00
4728,SKU-04728,Cable USB Amazon Basics 3970,Cable USB para conexión y transferencia de datos,848.37,77,2026-06-03 00:00:00,2026-09-21 00:00:00
4729,SKU-04729,Cable USB Steren 3747,Cable USB para conexión y transferencia de datos,1564.42,133,2025-10-23 00:00:00,2025-12-08 00:00:00
4730,SKU-04730,Disco SSD Samsung 9893,Unidad SSD para almacenamiento de datos,1578.23,67,2026-05-05 00:00:00,2026-09-21 00:00:00
4731,SKU-04731,Mouse HP 9183,Mouse óptico para computadora,2196.95,15,2025-06-05 00:00:00,2025-08-05 00:00:00
4732,SKU-04732,Router Tenda 3971,Router inalámbrico para conexión de red,1824.09,75,2026-03-15 00:00:00,2026-03-30 00:00:00
4733,SKU-04733,Cable USB UGREEN 4495,Cable USB para conexión y transferencia de datos,238.45,48,2025-02-12 00:00:00,2025-06-26 00:00:00
4734,SKU-04734,Disco SSD ADATA 7721,Unidad SSD para almacenamiento de datos,3663.33,56,2025-03-30 00:00:00,2025-11-06 00:00:00
4735,SKU-04735,Webcam Trust 6767,Cámara web para videollamadas,2439.64,13,2025-01-21 00:00:00,2025-03-16 00:00:00
4736,SKU-04736,Router Netgear 8716,Router inalámbrico para conexión de red,1673.44,36,2026-05-31 00:00:00,2026-08-31 00:00:00
4737,SKU-04737,Laptop Lenovo 2122,Equipo portátil para trabajo y estudio,9906.84,11,2025-09-14 00:00:00,2026-02-16 00:00:00
4738,SKU-04738,Teclado Genius 8366,Teclado para computadora de uso diario,3469.27,36,2025-07-17 00:00:00,2026-02-15 00:00:00
4739,SKU-04739,Audífonos Logitech 8003,"Audífonos para música, llamadas y multimedia",2483.91,44,2026-06-05 00:00:00,2026-06-05 00:00:00
4740,SKU-04740,Router Netgear 2264,Router inalámbrico para conexión de red,3385.74,68,2025-11-10 00:00:00,2025-11-12 00:00:00
4741,SKU-04741,Monitor AOC 2026,Monitor para computadora de alta resolución,8852.43,32,2025-10-04 00:00:00,2025-12-04 00:00:00
4742,SKU-04742,Laptop Dell 3768,Equipo portátil para trabajo y estudio,14882.73,29,2025-02-04 00:00:00,2025-06-07 00:00:00
4743,SKU-04743,Teclado HP 1706,Teclado para computadora de uso diario,395.22,33,2026-02-22 00:00:00,2026-07-25 00:00:00
4744,SKU-04744,Cable USB Belkin 7064,Cable USB para conexión y transferencia de datos,1183.52,105,2025-05-27 00:00:00,2025-08-21 00:00:00
4745,SKU-04745,Webcam AverMedia 6454,Cámara web para videollamadas,2070.37,13,2025-09-29 00:00:00,2026-02-25 00:00:00
4746,SKU-04746,Webcam HP 7393,Cámara web para videollamadas,1322.74,98,2025-08-17 00:00:00,2025-10-28 00:00:00
4747,SKU-04747,Disco SSD Samsung 214,Unidad SSD para almacenamiento de datos,1678.74,71,2026-06-12 00:00:00,2026-09-18 00:00:00
4748,SKU-04748,Teclado Microsoft 7151,Teclado para computadora de uso diario,447.45,51,2025-03-23 00:00:00,2025-06-18 00:00:00
4749,SKU-04749,Webcam Microsoft 1537,Cámara web para videollamadas,2102.17,67,2026-03-16 00:00:00,2026-04-28 00:00:00
4750,SKU-04750,Disco SSD ADATA 5802,Unidad SSD para almacenamiento de datos,1773.85,57,2026-07-20 00:00:00,2026-09-21 00:00:00
4751,SKU-04751,Router D-Link 7133,Router inalámbrico para conexión de red,2994.09,57,2025-08-18 00:00:00,2026-01-25 00:00:00
4752,SKU-04752,Webcam Microsoft 8086,Cámara web para videollamadas,1994.1,48,2025-03-26 00:00:00,2025-07-05 00:00:00
4753,SKU-04753,Teclado Logitech 6213,Teclado para computadora de uso diario,994.49,67,2026-06-01 00:00:00,2026-07-12 00:00:00
4754,SKU-04754,Audífonos Logitech 8436,"Audífonos para música, llamadas y multimedia",2942.16,65,2025-08-27 00:00:00,2025-12-16 00:00:00
4755,SKU-04755,Audífonos Logitech 5436,"Audífonos para música, llamadas y multimedia",1925.0,79,2026-04-15 00:00:00,2026-09-21 00:00:00
4756,SKU-04756,Audífonos HyperX 2907,"Audífonos para música, llamadas y multimedia",3407.73,16,2025-10-30 00:00:00,2026-06-07 00:00:00
4757,SKU-04757,Webcam Logitech 5165,Cámara web para videollamadas,1374.33,62,2025-09-26 00:00:00,2026-05-18 00:00:00
4758,SKU-04758,Router Tenda 2506,Router inalámbrico para conexión de red,374.62,22,2026-08-23 00:00:00,2026-09-21 00:00:00
4759,SKU-04759,Mouse Logitech 4999,Mouse óptico para computadora,3188.61,67,2025-04-05 00:00:00,2025-11-16 00:00:00
4760,SKU-04760,Laptop Acer 1907,Equipo portátil para trabajo y estudio,27382.35,23,2025-10-23 00:00:00,2026-03-22 00:00:00
4761,SKU-04761,Teclado Genius 8907,Teclado para computadora de uso diario,1680.13,39,2026-08-23 00:00:00,2026-09-21 00:00:00
4762,SKU-04762,Laptop HP 6394,Equipo portátil para trabajo y estudio,13289.23,24,2025-02-09 00:00:00,2025-07-27 00:00:00
4763,SKU-04763,Mouse Genius 4509,Mouse óptico para computadora,2802.75,97,2025-05-12 00:00:00,2025-10-22 00:00:00
4764,SKU-04764,Cable USB Steren 9851,Cable USB para conexión y transferencia de datos,1548.58,20,2025-12-25 00:00:00,2026-08-07 00:00:00
4765,SKU-04765,Webcam Microsoft 7469,Cámara web para videollamadas,2396.09,57,2026-03-07 00:00:00,2026-07-24 00:00:00
4766,SKU-04766,Router D-Link 7916,Router inalámbrico para conexión de red,2927.43,88,2025-06-22 00:00:00,2026-02-17 00:00:00
4767,SKU-04767,Cable USB Steren 6279,Cable USB para conexión y transferencia de datos,1622.64,108,2025-10-05 00:00:00,2026-04-05 00:00:00
4768,SKU-04768,Disco SSD Samsung 3731,Unidad SSD para almacenamiento de datos,3569.59,67,2026-06-23 00:00:00,2026-09-05 00:00:00
4769,SKU-04769,Audífonos JBL 5034,"Audífonos para música, llamadas y multimedia",649.68,99,2025-08-30 00:00:00,2026-05-01 00:00:00
4770,SKU-04770,Audífonos Logitech 1737,"Audífonos para música, llamadas y multimedia",2880.27,25,2026-02-21 00:00:00,2026-09-18 00:00:00
4771,SKU-04771,Teclado Genius 3364,Teclado para computadora de uso diario,2001.9,48,2025-07-02 00:00:00,2025-12-17 00:00:00
4772,SKU-04772,Disco SSD ADATA 3857,Unidad SSD para almacenamiento de datos,958.39,25,2025-08-24 00:00:00,2025-11-07 00:00:00
4773,SKU-04773,Audífonos Logitech 6872,"Audífonos para música, llamadas y multimedia",647.2,6,2025-06-18 00:00:00,2025-09-16 00:00:00
4774,SKU-04774,Disco SSD Kingston 684,Unidad SSD para almacenamiento de datos,2957.46,55,2026-05-26 00:00:00,2026-08-08 00:00:00
4775,SKU-04775,Monitor Dell 3392,Monitor para computadora de alta resolución,11898.18,14,2025-12-20 00:00:00,2026-07-27 00:00:00
4776,SKU-04776,Mouse Razer 8323,Mouse óptico para computadora,1787.77,23,2025-04-17 00:00:00,2025-12-21 00:00:00
4777,SKU-04777,Disco SSD Western Digital 113,Unidad SSD para almacenamiento de datos,2772.34,27,2025-09-24 00:00:00,2025-11-22 00:00:00
4778,SKU-04778,Webcam Trust 4939,Cámara web para videollamadas,2905.98,39,2026-05-09 00:00:00,2026-09-21 00:00:00
4779,SKU-04779,Disco SSD Crucial 6466,Unidad SSD para almacenamiento de datos,1544.26,54,2026-08-16 00:00:00,2026-09-21 00:00:00
4780,SKU-04780,Memoria USB Kingston 4755,Memoria USB para almacenamiento y transferencia de archivos,1155.84,90,2025-10-31 00:00:00,2026-05-25 00:00:00
4781,SKU-04781,Webcam Trust 9543,Cámara web para videollamadas,1172.54,39,2026-04-29 00:00:00,2026-07-07 00:00:00
4782,SKU-04782,Disco SSD ADATA 5444,Unidad SSD para almacenamiento de datos,1723.87,21,2026-08-16 00:00:00,2026-09-21 00:00:00
4783,SKU-04783,Teclado Logitech 5731,Teclado para computadora de uso diario,3152.42,45,2025-05-05 00:00:00,2025-05-23 00:00:00
4784,SKU-04784,Monitor LG 5737,Monitor para computadora de alta resolución,10689.1,28,2025-09-17 00:00:00,2025-11-29 00:00:00
4785,SKU-04785,Cable USB Amazon Basics 6877,Cable USB para conexión y transferencia de datos,1065.25,132,2025-01-12 00:00:00,2025-08-13 00:00:00
4786,SKU-04786,Router Netgear 5833,Router inalámbrico para conexión de red,2402.85,36,2026-07-07 00:00:00,2026-09-21 00:00:00
4787,SKU-04787,Router TP-Link 1576,Router inalámbrico para conexión de red,3387.85,88,2026-01-29 00:00:00,2026-03-18 00:00:00
4788,SKU-04788,Monitor AOC 9345,Monitor para computadora de alta resolución,8379.29,25,2025-09-29 00:00:00,2025-11-23 00:00:00
4789,SKU-04789,Mouse HP 3065,Mouse óptico para computadora,2792.29,81,2025-02-03 00:00:00,2025-06-12 00:00:00
4790,SKU-04790,Disco SSD Samsung 1379,Unidad SSD para almacenamiento de datos,4121.24,46,2025-12-14 00:00:00,2026-06-30 00:00:00
4791,SKU-04791,Disco SSD Western Digital 4548,Unidad SSD para almacenamiento de datos,4148.99,28,2026-03-01 00:00:00,2026-07-23 00:00:00
4792,SKU-04792,Webcam Trust 1542,Cámara web para videollamadas,2855.92,14,2025-03-18 00:00:00,2025-08-19 00:00:00
4793,SKU-04793,Cable USB Amazon Basics 6616,Cable USB para conexión y transferencia de datos,917.82,122,2026-08-22 00:00:00,2026-09-21 00:00:00
4794,SKU-04794,Teclado Microsoft 1006,Teclado para computadora de uso diario,1265.78,91,2025-12-02 00:00:00,2026-02-09 00:00:00
4795,SKU-04795,Mouse Genius 3317,Mouse óptico para computadora,831.75,78,2025-05-08 00:00:00,2025-06-18 00:00:00
4796,SKU-04796,Memoria USB PNY 7049,Memoria USB para almacenamiento y transferencia de archivos,982.53,148,2026-07-23 00:00:00,2026-09-21 00:00:00
4797,SKU-04797,Router Netgear 6609,Router inalámbrico para conexión de red,2599.75,14,2025-06-23 00:00:00,2026-02-18 00:00:00
4798,SKU-04798,Monitor AOC 8963,Monitor para computadora de alta resolución,10806.43,35,2026-03-15 00:00:00,2026-09-07 00:00:00
4799,SKU-04799,Monitor Samsung 2279,Monitor para computadora de alta resolución,4255.34,34,2026-08-12 00:00:00,2026-09-21 00:00:00
4800,SKU-04800,Disco SSD ADATA 6773,Unidad SSD para almacenamiento de datos,1511.02,73,2025-04-06 00:00:00,2025-07-25 00:00:00
4801,SKU-04801,Laptop Lenovo 8751,Equipo portátil para trabajo y estudio,12895.98,20,2025-04-18 00:00:00,2025-08-25 00:00:00
4802,SKU-04802,Cable USB UGREEN 5479,Cable USB para conexión y transferencia de datos,944.61,14,2026-01-12 00:00:00,2026-03-16 00:00:00
4803,SKU-04803,Webcam Logitech 991,Cámara web para videollamadas,2158.76,58,2026-06-27 00:00:00,2026-08-08 00:00:00
4804,SKU-04804,Disco SSD Crucial 5100,Unidad SSD para almacenamiento de datos,4238.0,30,2025-05-01 00:00:00,2025-07-13 00:00:00
4805,SKU-04805,Router Tenda 386,Router inalámbrico para conexión de red,2526.34,9,2026-05-27 00:00:00,2026-09-21 00:00:00
4806,SKU-04806,Router D-Link 5775,Router inalámbrico para conexión de red,1348.32,27,2025-03-02 00:00:00,2025-08-07 00:00:00
4807,SKU-04807,Teclado HP 5483,Teclado para computadora de uso diario,3396.3,9,2026-04-26 00:00:00,2026-08-28 00:00:00
4808,SKU-04808,Audífonos Philips 2744,"Audífonos para música, llamadas y multimedia",1888.05,11,2025-11-14 00:00:00,2025-11-17 00:00:00
4809,SKU-04809,Mouse Razer 9857,Mouse óptico para computadora,1339.39,87,2026-04-13 00:00:00,2026-06-23 00:00:00
4810,SKU-04810,Cable USB Belkin 2850,Cable USB para conexión y transferencia de datos,710.16,34,2025-12-23 00:00:00,2026-06-03 00:00:00
4811,SKU-04811,Router Huawei 8791,Router inalámbrico para conexión de red,3037.23,64,2026-07-20 00:00:00,2026-09-21 00:00:00
4812,SKU-04812,Mouse HP 6276,Mouse óptico para computadora,2800.14,18,2025-07-31 00:00:00,2025-10-16 00:00:00
4813,SKU-04813,Mouse Genius 338,Mouse óptico para computadora,569.97,17,2025-09-14 00:00:00,2026-02-24 00:00:00
4814,SKU-04814,Memoria USB Kingston 4862,Memoria USB para almacenamiento y transferencia de archivos,965.17,111,2025-09-12 00:00:00,2026-03-16 00:00:00
4815,SKU-04815,Webcam Logitech 5467,Cámara web para videollamadas,2639.46,53,2026-02-23 00:00:00,2026-06-20 00:00:00
4816,SKU-04816,Webcam Logitech 6363,Cámara web para videollamadas,2609.53,85,2025-11-04 00:00:00,2025-11-14 00:00:00
4817,SKU-04817,Teclado Microsoft 3658,Teclado para computadora de uso diario,3312.29,37,2025-02-04 00:00:00,2025-09-29 00:00:00
4818,SKU-04818,Memoria USB Kingston 1789,Memoria USB para almacenamiento y transferencia de archivos,906.94,115,2026-05-24 00:00:00,2026-09-21 00:00:00
4819,SKU-04819,Webcam Trust 2928,Cámara web para videollamadas,798.77,33,2026-07-19 00:00:00,2026-09-21 00:00:00
4820,SKU-04820,Audífonos Sony 9110,"Audífonos para música, llamadas y multimedia",2073.79,22,2025-09-03 00:00:00,2026-02-19 00:00:00
4821,SKU-04821,Cable USB Belkin 5479,Cable USB para conexión y transferencia de datos,606.12,120,2025-02-13 00:00:00,2025-08-18 00:00:00
4822,SKU-04822,Webcam HP 4581,Cámara web para videollamadas,1598.83,69,2025-04-24 00:00:00,2025-10-31 00:00:00
4823,SKU-04823,Cable USB Belkin 7984,Cable USB para conexión y transferencia de datos,1472.01,27,2026-02-17 00:00:00,2026-09-21 00:00:00
4824,SKU-04824,Router TP-Link 7207,Router inalámbrico para conexión de red,3395.62,69,2025-12-31 00:00:00,2026-08-29 00:00:00
4825,SKU-04825,Laptop ASUS 8078,Equipo portátil para trabajo y estudio,24267.73,7,2026-05-12 00:00:00,2026-09-21 00:00:00
4826,SKU-04826,Webcam Trust 9917,Cámara web para videollamadas,1355.11,98,2026-07-05 00:00:00,2026-09-11 00:00:00
4827,SKU-04827,Monitor Samsung 1723,Monitor para computadora de alta resolución,6014.33,30,2025-01-28 00:00:00,2025-08-24 00:00:00
4828,SKU-04828,Laptop Dell 8110,Equipo portátil para trabajo y estudio,11849.85,11,2026-03-17 00:00:00,2026-03-29 00:00:00
4829,SKU-04829,Cable USB Baseus 2339,Cable USB para conexión y transferencia de datos,877.4,27,2025-02-07 00:00:00,2025-06-07 00:00:00
4830,SKU-04830,Audífonos Philips 9320,"Audífonos para música, llamadas y multimedia",562.05,83,2025-06-24 00:00:00,2025-10-08 00:00:00
4831,SKU-04831,Mouse HP 2719,Mouse óptico para computadora,1268.78,56,2026-03-30 00:00:00,2026-04-08 00:00:00
4832,SKU-04832,Memoria USB PNY 7230,Memoria USB para almacenamiento y transferencia de archivos,783.05,69,2026-07-20 00:00:00,2026-09-21 00:00:00
4833,SKU-04833,Mouse Microsoft 4927,Mouse óptico para computadora,3159.0,42,2025-03-21 00:00:00,2025-06-27 00:00:00
4834,SKU-04834,Laptop Lenovo 4676,Equipo portátil para trabajo y estudio,19273.74,2,2025-01-01 00:00:00,2025-05-26 00:00:00
4835,SKU-04835,Laptop Acer 9947,Equipo portátil para trabajo y estudio,15527.34,4,2025-06-10 00:00:00,2025-09-10 00:00:00
4836,SKU-04836,Webcam Microsoft 8282,Cámara web para videollamadas,1495.2,87,2025-12-25 00:00:00,2026-05-06 00:00:00
4837,SKU-04837,Laptop Dell 3835,Equipo portátil para trabajo y estudio,27629.88,28,2026-01-30 00:00:00,2026-07-08 00:00:00
4838,SKU-04838,Memoria USB SanDisk 2255,Memoria USB para almacenamiento y transferencia de archivos,1113.26,77,2025-10-18 00:00:00,2026-01-09 00:00:00
4839,SKU-04839,Memoria USB PNY 6639,Memoria USB para almacenamiento y transferencia de archivos,202.61,149,2026-04-16 00:00:00,2026-04-21 00:00:00
4840,SKU-04840,Monitor AOC 4396,Monitor para computadora de alta resolución,5361.96,43,2025-12-01 00:00:00,2026-03-06 00:00:00
4841,SKU-04841,Webcam Logitech 5705,Cámara web para videollamadas,1940.21,64,2026-03-15 00:00:00,2026-06-09 00:00:00
4842,SKU-04842,Router TP-Link 3233,Router inalámbrico para conexión de red,3235.9,58,2026-01-22 00:00:00,2026-05-20 00:00:00
4843,SKU-04843,Audífonos Sony 8109,"Audífonos para música, llamadas y multimedia",1753.76,17,2025-11-05 00:00:00,2026-01-23 00:00:00
4844,SKU-04844,Mouse Razer 7973,Mouse óptico para computadora,3234.73,88,2025-12-13 00:00:00,2026-01-25 00:00:00
4845,SKU-04845,Disco SSD ADATA 9734,Unidad SSD para almacenamiento de datos,2744.57,15,2025-02-27 00:00:00,2025-05-23 00:00:00
4846,SKU-04846,Cable USB Steren 6572,Cable USB para conexión y transferencia de datos,781.71,12,2025-02-01 00:00:00,2025-03-20 00:00:00
4847,SKU-04847,Webcam Logitech 7736,Cámara web para videollamadas,1920.55,11,2026-04-03 00:00:00,2026-06-08 00:00:00
4848,SKU-04848,Laptop ASUS 964,Equipo portátil para trabajo y estudio,23659.3,5,2025-04-23 00:00:00,2025-05-01 00:00:00
4849,SKU-04849,Mouse Microsoft 1797,Mouse óptico para computadora,2608.76,28,2025-12-10 00:00:00,2026-06-03 00:00:00
4850,SKU-04850,Monitor LG 4559,Monitor para computadora de alta resolución,8245.36,21,2025-11-11 00:00:00,2026-05-08 00:00:00
4851,SKU-04851,Teclado Redragon 8570,Teclado para computadora de uso diario,2933.48,39,2026-04-20 00:00:00,2026-08-25 00:00:00
4852,SKU-04852,Teclado Logitech 664,Teclado para computadora de uso diario,1691.53,92,2026-03-14 00:00:00,2026-04-20 00:00:00
4853,SKU-04853,Router TP-Link 5965,Router inalámbrico para conexión de red,1863.87,80,2026-05-19 00:00:00,2026-09-21 00:00:00
4854,SKU-04854,Monitor Samsung 6022,Monitor para computadora de alta resolución,7722.39,4,2026-01-01 00:00:00,2026-07-23 00:00:00
4855,SKU-04855,Teclado Logitech 359,Teclado para computadora de uso diario,619.34,94,2025-09-18 00:00:00,2026-04-08 00:00:00
4856,SKU-04856,Mouse Razer 1375,Mouse óptico para computadora,501.82,10,2025-06-18 00:00:00,2025-09-24 00:00:00
4857,SKU-04857,Monitor AOC 6934,Monitor para computadora de alta resolución,8772.65,36,2025-03-10 00:00:00,2025-10-12 00:00:00
4858,SKU-04858,Webcam Microsoft 1485,Cámara web para videollamadas,2555.59,22,2025-03-15 00:00:00,2025-05-08 00:00:00
4859,SKU-04859,Mouse Logitech 5149,Mouse óptico para computadora,3076.97,18,2025-01-29 00:00:00,2025-03-03 00:00:00
4860,SKU-04860,Teclado Microsoft 8120,Teclado para computadora de uso diario,2105.69,66,2025-04-17 00:00:00,2025-09-28 00:00:00
4861,SKU-04861,Router D-Link 9520,Router inalámbrico para conexión de red,3466.34,76,2025-12-15 00:00:00,2026-03-19 00:00:00
4862,SKU-04862,Audífonos Philips 3259,"Audífonos para música, llamadas y multimedia",1979.94,27,2026-08-14 00:00:00,2026-09-18 00:00:00
4863,SKU-04863,Mouse Microsoft 2737,Mouse óptico para computadora,1853.23,59,2025-07-19 00:00:00,2025-09-25 00:00:00
4864,SKU-04864,Laptop Dell 8070,Equipo portátil para trabajo y estudio,16106.93,27,2025-12-22 00:00:00,2026-01-23 00:00:00
4865,SKU-04865,Audífonos Sony 2795,"Audífonos para música, llamadas y multimedia",2928.82,13,2025-07-08 00:00:00,2025-07-12 00:00:00
4866,SKU-04866,Laptop ASUS 8318,Equipo portátil para trabajo y estudio,16893.3,34,2025-04-08 00:00:00,2025-05-05 00:00:00
4867,SKU-04867,Laptop Acer 6215,Equipo portátil para trabajo y estudio,21467.18,25,2025-08-30 00:00:00,2026-03-03 00:00:00
4868,SKU-04868,Mouse Logitech 155,Mouse óptico para computadora,2396.15,96,2025-02-22 00:00:00,2025-03-22 00:00:00
4869,SKU-04869,Webcam Logitech 8434,Cámara web para videollamadas,3470.2,7,2025-05-27 00:00:00,2025-10-14 00:00:00
4870,SKU-04870,Webcam Logitech 1580,Cámara web para videollamadas,3307.19,78,2025-08-19 00:00:00,2026-02-14 00:00:00
4871,SKU-04871,Memoria USB Kingston 5316,Memoria USB para almacenamiento y transferencia de archivos,290.04,47,2026-06-26 00:00:00,2026-06-30 00:00:00
4872,SKU-04872,Teclado Logitech 3748,Teclado para computadora de uso diario,3293.37,70,2026-03-07 00:00:00,2026-06-11 00:00:00
4873,SKU-04873,Laptop ASUS 5370,Equipo portátil para trabajo y estudio,13228.16,13,2025-05-04 00:00:00,2025-09-12 00:00:00
4874,SKU-04874,Laptop Acer 4649,Equipo portátil para trabajo y estudio,14999.36,11,2025-02-15 00:00:00,2025-04-09 00:00:00
4875,SKU-04875,Teclado Logitech 7860,Teclado para computadora de uso diario,3319.41,22,2025-02-20 00:00:00,2025-08-13 00:00:00
4876,SKU-04876,Memoria USB SanDisk 6703,Memoria USB para almacenamiento y transferencia de archivos,367.39,56,2026-03-03 00:00:00,2026-04-21 00:00:00
4877,SKU-04877,Monitor LG 6426,Monitor para computadora de alta resolución,5946.12,6,2026-08-09 00:00:00,2026-09-21 00:00:00
4878,SKU-04878,Teclado Redragon 6617,Teclado para computadora de uso diario,855.96,36,2025-08-26 00:00:00,2026-04-16 00:00:00
4879,SKU-04879,Memoria USB Kingston 3170,Memoria USB para almacenamiento y transferencia de archivos,275.43,101,2025-01-30 00:00:00,2025-05-09 00:00:00
4880,SKU-04880,Cable USB Steren 6061,Cable USB para conexión y transferencia de datos,802.6,125,2026-01-25 00:00:00,2026-07-10 00:00:00
4881,SKU-04881,Webcam Logitech 5355,Cámara web para videollamadas,2403.32,72,2025-02-14 00:00:00,2025-05-02 00:00:00
4882,SKU-04882,Webcam AverMedia 2658,Cámara web para videollamadas,462.99,93,2026-05-25 00:00:00,2026-08-09 00:00:00
4883,SKU-04883,Memoria USB ADATA 6720,Memoria USB para almacenamiento y transferencia de archivos,834.12,92,2025-09-03 00:00:00,2025-10-13 00:00:00
4884,SKU-04884,Disco SSD ADATA 4336,Unidad SSD para almacenamiento de datos,4244.0,31,2025-09-07 00:00:00,2025-12-10 00:00:00
4885,SKU-04885,Mouse Razer 3484,Mouse óptico para computadora,1575.77,76,2025-03-28 00:00:00,2025-10-30 00:00:00
4886,SKU-04886,Memoria USB SanDisk 4786,Memoria USB para almacenamiento y transferencia de archivos,666.87,84,2026-03-29 00:00:00,2026-05-18 00:00:00
4887,SKU-04887,Router TP-Link 7546,Router inalámbrico para conexión de red,1590.9,90,2026-08-06 00:00:00,2026-09-21 00:00:00
4888,SKU-04888,Router Netgear 3348,Router inalámbrico para conexión de red,1248.97,18,2025-08-10 00:00:00,2026-02-11 00:00:00
4889,SKU-04889,Monitor ASUS 3520,Monitor para computadora de alta resolución,11176.79,26,2026-07-25 00:00:00,2026-08-28 00:00:00
4890,SKU-04890,Cable USB Belkin 1765,Cable USB para conexión y transferencia de datos,950.54,112,2025-02-16 00:00:00,2025-03-14 00:00:00
4891,SKU-04891,Laptop Lenovo 3763,Equipo portátil para trabajo y estudio,19731.16,21,2026-03-07 00:00:00,2026-09-05 00:00:00
4892,SKU-04892,Monitor AOC 1325,Monitor para computadora de alta resolución,9481.24,13,2025-02-04 00:00:00,2025-04-08 00:00:00
4893,SKU-04893,Cable USB Belkin 1963,Cable USB para conexión y transferencia de datos,1028.88,131,2025-06-01 00:00:00,2025-06-29 00:00:00
4894,SKU-04894,Disco SSD Western Digital 5641,Unidad SSD para almacenamiento de datos,1023.44,67,2025-03-05 00:00:00,2025-03-21 00:00:00
4895,SKU-04895,Mouse Logitech 6846,Mouse óptico para computadora,2616.41,8,2025-02-25 00:00:00,2025-07-27 00:00:00
4896,SKU-04896,Laptop HP 3169,Equipo portátil para trabajo y estudio,18757.48,29,2026-04-05 00:00:00,2026-06-09 00:00:00
4897,SKU-04897,Audífonos HyperX 832,"Audífonos para música, llamadas y multimedia",2628.01,75,2026-05-13 00:00:00,2026-09-21 00:00:00
4898,SKU-04898,Audífonos Philips 4690,"Audífonos para música, llamadas y multimedia",3275.37,24,2026-06-10 00:00:00,2026-09-21 00:00:00
4899,SKU-04899,Webcam AverMedia 5238,Cámara web para videollamadas,2622.76,58,2026-07-30 00:00:00,2026-09-21 00:00:00
4900,SKU-04900,Memoria USB SanDisk 9091,Memoria USB para almacenamiento y transferencia de archivos,764.56,69,2026-05-05 00:00:00,2026-05-19 00:00:00
4901,SKU-04901,Router Netgear 4330,Router inalámbrico para conexión de red,1639.8,44,2025-05-07 00:00:00,2025-10-03 00:00:00
4902,SKU-04902,Disco SSD ADATA 7654,Unidad SSD para almacenamiento de datos,828.46,21,2025-02-21 00:00:00,2025-03-06 00:00:00
4903,SKU-04903,Monitor LG 6867,Monitor para computadora de alta resolución,9654.35,45,2025-05-14 00:00:00,2025-08-10 00:00:00
4904,SKU-04904,Router D-Link 6170,Router inalámbrico para conexión de red,2536.91,80,2026-03-03 00:00:00,2026-04-01 00:00:00
4905,SKU-04905,Teclado Logitech 3634,Teclado para computadora de uso diario,2403.48,23,2025-08-02 00:00:00,2026-01-23 00:00:00
4906,SKU-04906,Audífonos Philips 8557,"Audífonos para música, llamadas y multimedia",570.93,97,2026-01-11 00:00:00,2026-07-09 00:00:00
4907,SKU-04907,Webcam Trust 8309,Cámara web para videollamadas,3192.06,53,2025-06-24 00:00:00,2026-01-13 00:00:00
4908,SKU-04908,Router Netgear 6204,Router inalámbrico para conexión de red,1791.7,72,2025-03-08 00:00:00,2025-06-04 00:00:00
4909,SKU-04909,Laptop Acer 4542,Equipo portátil para trabajo y estudio,13725.95,24,2026-02-21 00:00:00,2026-04-06 00:00:00
4910,SKU-04910,Audífonos Sony 7374,"Audífonos para música, llamadas y multimedia",995.19,18,2026-07-08 00:00:00,2026-08-26 00:00:00
4911,SKU-04911,Disco SSD ADATA 2708,Unidad SSD para almacenamiento de datos,3543.4,60,2025-09-14 00:00:00,2026-05-05 00:00:00
4912,SKU-04912,Webcam AverMedia 9211,Cámara web para videollamadas,870.08,66,2025-07-31 00:00:00,2025-12-13 00:00:00
4913,SKU-04913,Disco SSD ADATA 3745,Unidad SSD para almacenamiento de datos,2897.73,18,2026-03-03 00:00:00,2026-07-10 00:00:00
4914,SKU-04914,Monitor LG 5426,Monitor para computadora de alta resolución,5367.48,23,2026-02-11 00:00:00,2026-02-15 00:00:00
4915,SKU-04915,Memoria USB Kingston 8482,Memoria USB para almacenamiento y transferencia de archivos,145.83,106,2025-08-05 00:00:00,2026-03-11 00:00:00
4916,SKU-04916,Monitor Dell 9306,Monitor para computadora de alta resolución,4374.35,14,2025-09-22 00:00:00,2026-02-06 00:00:00
4917,SKU-04917,Webcam Logitech 2106,Cámara web para videollamadas,1436.28,40,2025-08-30 00:00:00,2025-10-30 00:00:00
4918,SKU-04918,Router Netgear 6410,Router inalámbrico para conexión de red,636.88,89,2025-03-15 00:00:00,2025-04-15 00:00:00
4919,SKU-04919,Disco SSD Western Digital 9744,Unidad SSD para almacenamiento de datos,1227.62,27,2025-01-29 00:00:00,2025-06-18 00:00:00
4920,SKU-04920,Cable USB Belkin 7319,Cable USB para conexión y transferencia de datos,1122.78,70,2026-07-29 00:00:00,2026-09-21 00:00:00
4921,SKU-04921,Teclado Genius 497,Teclado para computadora de uso diario,634.01,98,2026-07-21 00:00:00,2026-09-21 00:00:00
4922,SKU-04922,Monitor AOC 1136,Monitor para computadora de alta resolución,5510.1,27,2026-04-28 00:00:00,2026-06-01 00:00:00
4923,SKU-04923,Laptop Dell 6819,Equipo portátil para trabajo y estudio,27682.73,9,2026-02-12 00:00:00,2026-08-26 00:00:00
4924,SKU-04924,Webcam Microsoft 7776,Cámara web para videollamadas,2840.69,32,2025-01-12 00:00:00,2025-06-26 00:00:00
4925,SKU-04925,Audífonos HyperX 2365,"Audífonos para música, llamadas y multimedia",3380.4,76,2025-09-18 00:00:00,2026-04-12 00:00:00
4926,SKU-04926,Audífonos JBL 543,"Audífonos para música, llamadas y multimedia",2730.62,40,2026-05-21 00:00:00,2026-09-21 00:00:00
4927,SKU-04927,Monitor LG 198,Monitor para computadora de alta resolución,7618.33,35,2026-06-27 00:00:00,2026-07-01 00:00:00
4928,SKU-04928,Disco SSD ADATA 281,Unidad SSD para almacenamiento de datos,1535.86,48,2025-12-03 00:00:00,2026-05-17 00:00:00
4929,SKU-04929,Teclado HP 5748,Teclado para computadora de uso diario,2470.18,68,2025-08-16 00:00:00,2025-09-19 00:00:00
4930,SKU-04930,Mouse HP 9976,Mouse óptico para computadora,1184.25,75,2026-04-18 00:00:00,2026-06-04 00:00:00
4931,SKU-04931,Router Huawei 9644,Router inalámbrico para conexión de red,352.5,95,2026-05-11 00:00:00,2026-09-02 00:00:00
4932,SKU-04932,Monitor Dell 1403,Monitor para computadora de alta resolución,3542.49,13,2026-01-26 00:00:00,2026-07-12 00:00:00
4933,SKU-04933,Router D-Link 3101,Router inalámbrico para conexión de red,2088.59,96,2026-05-20 00:00:00,2026-05-24 00:00:00
4934,SKU-04934,Disco SSD ADATA 3474,Unidad SSD para almacenamiento de datos,3261.45,76,2025-03-12 00:00:00,2025-03-19 00:00:00
4935,SKU-04935,Memoria USB ADATA 7772,Memoria USB para almacenamiento y transferencia de archivos,586.93,61,2026-01-04 00:00:00,2026-02-27 00:00:00
4936,SKU-04936,Mouse Logitech 3788,Mouse óptico para computadora,778.83,33,2026-04-10 00:00:00,2026-07-16 00:00:00
4937,SKU-04937,Memoria USB SanDisk 9952,Memoria USB para almacenamiento y transferencia de archivos,634.97,119,2025-04-08 00:00:00,2025-04-19 00:00:00
4938,SKU-04938,Cable USB Belkin 7730,Cable USB para conexión y transferencia de datos,244.69,41,2025-03-02 00:00:00,2025-06-19 00:00:00
4939,SKU-04939,Disco SSD Crucial 9625,Unidad SSD para almacenamiento de datos,2242.75,46,2025-12-14 00:00:00,2026-07-05 00:00:00
4940,SKU-04940,Router D-Link 9037,Router inalámbrico para conexión de red,1175.82,35,2025-01-16 00:00:00,2025-08-21 00:00:00
4941,SKU-04941,Laptop Lenovo 1586,Equipo portátil para trabajo y estudio,18949.97,22,2025-10-01 00:00:00,2025-11-29 00:00:00
4942,SKU-04942,Disco SSD Kingston 8319,Unidad SSD para almacenamiento de datos,3641.41,63,2026-05-06 00:00:00,2026-08-27 00:00:00
4943,SKU-04943,Laptop HP 1666,Equipo portátil para trabajo y estudio,25499.67,27,2025-09-21 00:00:00,2025-10-27 00:00:00
4944,SKU-04944,Memoria USB Verbatim 9607,Memoria USB para almacenamiento y transferencia de archivos,379.22,88,2026-07-04 00:00:00,2026-09-21 00:00:00
4945,SKU-04945,Disco SSD Samsung 7789,Unidad SSD para almacenamiento de datos,3141.84,71,2025-11-20 00:00:00,2025-12-23 00:00:00
4946,SKU-04946,Monitor AOC 2408,Monitor para computadora de alta resolución,2817.02,45,2026-05-20 00:00:00,2026-09-19 00:00:00
4947,SKU-04947,Laptop ASUS 6647,Equipo portátil para trabajo y estudio,13484.39,12,2026-02-22 00:00:00,2026-09-21 00:00:00
4948,SKU-04948,Teclado Microsoft 4659,Teclado para computadora de uso diario,3281.54,78,2025-07-31 00:00:00,2025-10-23 00:00:00
4949,SKU-04949,Mouse Razer 2299,Mouse óptico para computadora,2630.99,33,2026-05-29 00:00:00,2026-08-15 00:00:00
4950,SKU-04950,Cable USB Baseus 5458,Cable USB para conexión y transferencia de datos,682.45,10,2025-09-01 00:00:00,2026-01-18 00:00:00
4951,SKU-04951,Cable USB UGREEN 7397,Cable USB para conexión y transferencia de datos,193.91,70,2026-06-29 00:00:00,2026-08-04 00:00:00
4952,SKU-04952,Memoria USB ADATA 3834,Memoria USB para almacenamiento y transferencia de archivos,1052.49,54,2025-12-22 00:00:00,2026-07-15 00:00:00
4953,SKU-04953,Teclado Genius 8421,Teclado para computadora de uso diario,2818.39,88,2025-10-28 00:00:00,2025-11-07 00:00:00
4954,SKU-04954,Mouse Razer 2023,Mouse óptico para computadora,793.41,99,2025-02-07 00:00:00,2025-05-04 00:00:00
4955,SKU-04955,Memoria USB Kingston 7686,Memoria USB para almacenamiento y transferencia de archivos,1511.31,79,2026-01-12 00:00:00,2026-01-28 00:00:00
4956,SKU-04956,Mouse Logitech 2769,Mouse óptico para computadora,1266.03,44,2026-07-06 00:00:00,2026-07-06 00:00:00
4957,SKU-04957,Teclado Logitech 3476,Teclado para computadora de uso diario,1125.18,6,2026-08-15 00:00:00,2026-09-13 00:00:00
4958,SKU-04958,Router Netgear 4393,Router inalámbrico para conexión de red,1587.63,79,2026-05-20 00:00:00,2026-09-21 00:00:00
4959,SKU-04959,Laptop Dell 4087,Equipo portátil para trabajo y estudio,15943.83,8,2026-02-06 00:00:00,2026-03-27 00:00:00
4960,SKU-04960,Cable USB Belkin 6033,Cable USB para conexión y transferencia de datos,1766.09,145,2025-04-10 00:00:00,2025-11-05 00:00:00
4961,SKU-04961,Laptop HP 424,Equipo portátil para trabajo y estudio,7025.94,33,2025-07-07 00:00:00,2025-09-13 00:00:00
4962,SKU-04962,Mouse Logitech 9310,Mouse óptico para computadora,2527.8,29,2026-03-10 00:00:00,2026-03-17 00:00:00
4963,SKU-04963,Webcam AverMedia 6973,Cámara web para videollamadas,3098.41,33,2026-01-14 00:00:00,2026-01-17 00:00:00
4964,SKU-04964,Monitor Samsung 356,Monitor para computadora de alta resolución,7948.69,20,2025-12-28 00:00:00,2026-08-25 00:00:00
4965,SKU-04965,Router TP-Link 6055,Router inalámbrico para conexión de red,590.24,61,2025-02-06 00:00:00,2025-03-18 00:00:00
4966,SKU-04966,Audífonos Sony 8888,"Audífonos para música, llamadas y multimedia",3107.2,71,2025-09-01 00:00:00,2026-02-02 00:00:00
4967,SKU-04967,Router D-Link 4156,Router inalámbrico para conexión de red,1318.28,96,2025-03-29 00:00:00,2025-08-05 00:00:00
4968,SKU-04968,Webcam HP 9157,Cámara web para videollamadas,2623.16,84,2025-10-06 00:00:00,2025-12-01 00:00:00
4969,SKU-04969,Disco SSD Western Digital 4194,Unidad SSD para almacenamiento de datos,3458.54,54,2025-01-20 00:00:00,2025-09-08 00:00:00
4970,SKU-04970,Monitor Samsung 7460,Monitor para computadora de alta resolución,9757.64,8,2025-01-20 00:00:00,2025-02-12 00:00:00
4971,SKU-04971,Disco SSD Samsung 1776,Unidad SSD para almacenamiento de datos,2537.98,43,2025-11-03 00:00:00,2026-02-19 00:00:00
4972,SKU-04972,Cable USB Steren 8904,Cable USB para conexión y transferencia de datos,1331.08,137,2025-11-12 00:00:00,2025-12-15 00:00:00
4973,SKU-04973,Webcam Microsoft 6480,Cámara web para videollamadas,1036.99,99,2025-12-02 00:00:00,2026-04-22 00:00:00
4974,SKU-04974,Webcam AverMedia 2131,Cámara web para videollamadas,2978.32,99,2025-04-25 00:00:00,2025-04-29 00:00:00
4975,SKU-04975,Router Tenda 8680,Router inalámbrico para conexión de red,1950.46,21,2025-04-15 00:00:00,2025-08-21 00:00:00
4976,SKU-04976,Laptop HP 5731,Equipo portátil para trabajo y estudio,10238.45,29,2026-04-03 00:00:00,2026-04-08 00:00:00
4977,SKU-04977,Laptop Lenovo 8342,Equipo portátil para trabajo y estudio,14315.31,30,2026-05-04 00:00:00,2026-08-15 00:00:00
4978,SKU-04978,Teclado Genius 2507,Teclado para computadora de uso diario,2282.63,12,2025-01-31 00:00:00,2025-09-07 00:00:00
4979,SKU-04979,Disco SSD Western Digital 4241,Unidad SSD para almacenamiento de datos,1826.16,58,2025-09-27 00:00:00,2025-12-29 00:00:00
4980,SKU-04980,Mouse Microsoft 3566,Mouse óptico para computadora,378.19,55,2026-04-08 00:00:00,2026-09-21 00:00:00
4981,SKU-04981,Monitor ASUS 4326,Monitor para computadora de alta resolución,3013.13,27,2025-04-05 00:00:00,2025-11-10 00:00:00
4982,SKU-04982,Audífonos Philips 1527,"Audífonos para música, llamadas y multimedia",597.83,89,2025-06-28 00:00:00,2026-01-15 00:00:00
4983,SKU-04983,Webcam HP 4093,Cámara web para videollamadas,589.63,79,2026-07-02 00:00:00,2026-09-21 00:00:00
4984,SKU-04984,Monitor Dell 8837,Monitor para computadora de alta resolución,2872.08,3,2025-02-28 00:00:00,2025-03-25 00:00:00
4985,SKU-04985,Router Huawei 7281,Router inalámbrico para conexión de red,2279.74,69,2025-08-29 00:00:00,2026-04-03 00:00:00
4986,SKU-04986,Router D-Link 6538,Router inalámbrico para conexión de red,921.39,66,2025-04-29 00:00:00,2025-10-23 00:00:00
4987,SKU-04987,Router TP-Link 9402,Router inalámbrico para conexión de red,1797.82,56,2025-10-08 00:00:00,2026-04-11 00:00:00
4988,SKU-04988,Webcam Trust 193,Cámara web para videollamadas,3034.66,69,2026-01-12 00:00:00,2026-03-17 00:00:00
4989,SKU-04989,Webcam Logitech 7535,Cámara web para videollamadas,2830.68,67,2025-09-03 00:00:00,2026-02-26 00:00:00
4990,SKU-04990,Monitor ASUS 8897,Monitor para computadora de alta resolución,11968.32,3,2025-09-09 00:00:00,2026-01-04 00:00:00
4991,SKU-04991,Memoria USB Kingston 7530,Memoria USB para almacenamiento y transferencia de archivos,414.3,75,2026-06-01 00:00:00,2026-07-07 00:00:00
4992,SKU-04992,Monitor Dell 5974,Monitor para computadora de alta resolución,8795.32,30,2026-03-09 00:00:00,2026-06-30 00:00:00
4993,SKU-04993,Laptop Lenovo 1783,Equipo portátil para trabajo y estudio,11429.38,14,2025-11-24 00:00:00,2026-02-26 00:00:00
4994,SKU-04994,Mouse HP 2090,Mouse óptico para computadora,1622.69,84,2025-07-27 00:00:00,2026-01-05 00:00:00
4995,SKU-04995,Teclado Genius 6067,Teclado para computadora de uso diario,843.94,40,2025-05-25 00:00:00,2025-06-15 00:00:00
4996,SKU-04996,Monitor AOC 7932,Monitor para computadora de alta resolución,3350.12,25,2026-05-08 00:00:00,2026-09-21 00:00:00
4997,SKU-04997,Webcam Trust 837,Cámara web para videollamadas,1267.24,44,2026-03-29 00:00:00,2026-09-21 00:00:00
4998,SKU-04998,Memoria USB Kingston 9248,Memoria USB para almacenamiento y transferencia de archivos,1779.96,101,2026-06-17 00:00:00,2026-09-21 00:00:00
4999,SKU-04999,Cable USB Baseus 3516,Cable USB para conexión y transferencia de datos,1150.73,60,2025-08-20 00:00:00,2026-03-17 00:00:00
5000,SKU-05000,Monitor Dell 6562,Monitor para computadora de alta resolución,8304.91,36,2025-12-21 00:00:00,2026-06-09 00:00:00
